spid,속력,가속력,골 결정력,슛 파워,중거리 슛,위치 선정,발리슛,페널티 킥,짧은 패스,시야,크로스,긴 패스,프리킥,커브,드리블,볼 컨트롤,민첩성,밸런스,반응 속도,대인 수비,태클,가로채기,헤더,슬라이딩 태클,몸싸움,스태미너,적극성,점프,침착성,GK 다이빙,GK 핸들링,GK 킥,GK 반응속도,GK 위치 선정
100000250,120,121,119,129,130,125,120,124,125,130,133,129,133,133,124,124,121,130,121,110,115,110,113,114,115,127,129,111,129,37,39,40,38,39
100000570,116,122,111,123,122,117,112,105,114,116,111,112,124,122,128,128,127,124,122,75,76,79,100,68,107,116,84,93,128,36,40,37,38,36
100001040,129,131,114,132,130,127,112,115,120,122,127,122,130,130,124,124,127,131,126,122,123,123,109,125,118,129,122,120,122,37,37,35,36,38
100001088,125,122,98,107,94,82,100,122,117,117,92,127,90,98,110,115,113,125,124,128,124,128,126,129,122,124,125,125,122,37,36,39,38,37
100001109,127,127,108,114,104,120,111,102,119,112,122,120,95,120,120,118,123,133,125,128,126,129,128,127,123,128,125,129,125,35,39,36,35,37
100001397,121,124,120,129,128,121,125,125,126,127,124,124,128,130,134,134,127,130,121,100,110,109,122,87,119,124,126,113,134,38,37,37,35,38
100001625,132,131,131,126,127,126,124,128,115,112,113,117,129,132,130,124,132,129,125,82,81,76,112,84,117,126,111,119,132,37,39,36,39,37
100004000,122,119,124,128,129,126,128,122,124,117,112,115,122,125,127,133,122,128,122,75,77,85,106,77,119,120,105,112,133,36,37,38,39,38
100005471,118,119,126,128,128,128,125,131,125,122,123,124,123,125,122,125,118,123,123,105,113,114,110,105,118,127,119,117,129,35,37,38,39,37
100006235,127,127,120,131,131,122,119,112,122,123,124,123,123,124,126,122,124,128,123,108,108,115,114,102,115,131,128,112,128,36,37,39,39,36
100007289,125,120,108,109,88,112,108,95,116,104,95,118,80,105,103,115,118,129,121,125,124,125,128,123,126,118,126,123,119,38,36,37,41,36
100009676,131,131,131,125,123,130,125,126,115,111,118,110,121,129,127,122,132,131,126,84,76,74,115,75,112,127,115,121,132,36,37,38,39,40
100020289,119,115,122,128,128,122,114,130,125,122,107,126,127,130,129,121,114,126,116,113,121,114,110,114,130,127,125,110,130,36,39,41,37,39
100028130,126,128,125,128,128,120,122,129,122,120,118,122,130,132,134,130,131,134,124,74,83,63,112,71,113,123,104,120,134,39,37,38,39,41
100031432,120,122,131,130,127,129,126,117,105,104,105,103,127,119,118,118,118,127,122,81,73,72,129,73,129,124,129,127,125,35,36,37,39,39
100037576,133,133,133,124,122,131,124,128,116,112,110,111,119,132,133,125,133,135,128,72,79,78,117,71,119,126,102,117,135,37,37,37,37,37
100045674,121,117,110,126,124,121,109,101,124,119,111,123,100,119,117,116,117,126,118,121,123,122,110,120,126,128,125,117,121,39,38,42,37,37
100054050,122,122,129,130,129,123,129,129,125,123,122,124,132,132,122,127,122,132,122,94,100,92,118,89,126,125,129,122,129,57,58,28,32,30
100166124,123,124,117,127,127,120,117,122,122,125,122,120,126,125,128,123,124,125,119,77,78,78,95,76,112,122,104,107,126,36,40,37,38,39
100166149,129,129,130,127,124,127,128,129,110,106,112,98,128,127,118,124,130,130,127,55,76,77,126,61,111,121,117,131,128,29,38,40,38,39
100168473,127,128,116,128,128,118,114,111,128,127,119,132,127,129,128,125,124,124,126,127,124,130,126,129,122,126,121,131,134,39,39,43,43,39
100190043,129,130,132,128,130,126,126,127,124,127,119,122,130,130,132,126,133,133,125,79,80,80,129,79,120,125,110,134,136,39,40,38,40,37
100190045,128,131,126,122,122,126,131,120,126,127,119,119,121,130,131,128,130,124,126,79,78,101,117,80,117,128,118,116,132,37,39,36,37,39
100190046,115,115,120,126,126,121,123,119,124,122,119,123,119,121,128,121,120,124,116,85,85,83,123,90,118,119,114,113,126,38,38,39,36,37
100191189,124,124,120,133,133,122,117,122,130,129,115,130,126,122,123,125,123,133,125,122,122,122,112,127,120,131,133,115,129,40,41,40,39,39
100191208,130,130,128,127,127,125,120,119,109,108,117,109,114,122,120,120,123,130,123,84,84,84,123,82,122,129,127,128,123,36,39,36,36,37
100214098,124,119,117,127,124,126,109,114,126,122,112,125,111,119,124,124,121,127,123,122,127,126,126,122,128,128,124,124,129,41,36,39,40,35
100214100,129,127,122,132,132,126,122,122,122,126,125,122,126,128,128,125,125,128,122,109,121,112,127,111,130,128,125,127,130,39,39,38,37,38
100214267,125,125,127,120,120,127,125,122,105,108,102,102,104,123,123,122,125,122,125,75,77,77,125,76,114,123,106,126,128,35,39,39,37,39
100247703,128,130,129,123,123,128,122,120,112,104,94,98,104,116,112,122,123,122,125,85,80,74,125,74,119,122,113,117,128,38,39,35,38,39
100248146,126,127,128,120,118,129,128,118,108,102,95,104,102,128,118,120,126,126,128,72,75,75,112,73,112,121,105,121,126,35,37,40,38,35
101000041,108,110,103,112,115,112,105,96,117,115,97,116,100,110,118,114,114,117,114,87,92,103,83,83,98,114,109,90,120,27,29,28,28,30
101000250,108,109,107,118,119,110,110,119,112,116,121,119,121,121,112,114,110,118,109,97,103,99,101,103,104,118,117,99,115,21,27,28,26,19
101000388,109,106,86,95,81,88,69,71,100,100,77,103,61,80,88,93,96,111,104,109,107,105,116,110,118,100,112,111,105,21,20,30,28,21
101000488,80,79,37,67,37,40,39,43,61,72,39,57,42,37,33,50,89,102,112,53,46,43,40,42,100,77,114,107,105,115,109,94,118,115
101001040,117,119,102,120,117,112,101,104,108,106,115,107,118,118,109,112,108,118,114,114,110,110,99,113,105,117,108,107,108,18,20,28,21,24
101001041,113,113,90,108,100,105,89,91,110,105,107,108,83,96,110,110,108,115,110,110,110,113,104,108,105,119,115,90,110,19,20,21,24,23
101001088,111,110,86,95,78,73,83,77,104,102,79,112,77,82,98,105,100,112,109,116,114,115,114,117,110,107,113,110,110,23,24,28,18,17
101001109,115,114,89,100,90,100,95,84,107,103,108,107,72,98,107,105,110,120,110,117,115,115,117,117,112,113,110,115,110,27,26,31,18,22
101001179,63,82,33,63,35,37,45,43,70,80,43,71,33,40,39,70,96,100,113,48,48,55,43,48,88,70,68,106,108,116,116,99,114,114
101001183,104,108,82,76,78,79,72,79,94,80,81,91,58,86,80,97,104,118,112,115,115,117,111,116,108,102,111,119,109,30,25,33,32,32
101001238,107,107,116,118,115,112,117,117,113,115,115,113,115,109,114,112,107,113,110,64,73,58,113,63,108,113,115,107,117,31,30,31,31,28
101001397,110,113,111,114,115,110,113,113,115,114,108,115,114,114,120,120,116,113,110,89,96,98,112,72,107,112,112,100,123,20,23,21,23,30
101001419,107,105,104,109,108,108,91,100,116,108,91,111,91,97,110,110,102,109,108,108,113,112,107,108,117,117,113,111,115,22,26,31,30,26
101001615,113,113,81,94,92,108,83,78,102,87,106,100,80,100,102,100,107,111,112,114,113,113,110,114,113,116,114,116,108,21,22,23,20,21
101001625,122,120,120,114,115,112,111,115,104,101,101,105,116,120,115,112,120,117,112,69,59,64,102,72,105,112,95,107,120,25,27,22,27,25
101005003,118,118,98,110,109,115,100,110,109,108,115,103,105,109,113,112,110,112,114,113,111,109,103,110,103,118,108,106,112,24,25,25,23,26
101005099,112,112,89,107,103,109,86,90,101,100,113,99,88,102,112,106,107,109,107,113,110,110,100,112,102,113,110,96,105,29,31,30,18,26
101005479,90,96,45,61,46,48,47,57,53,79,46,52,46,58,58,56,101,83,113,47,44,55,53,46,102,80,56,110,106,113,113,103,114,114
101006235,114,114,108,119,119,111,107,100,109,109,112,110,110,109,115,110,111,116,111,96,96,101,102,90,102,120,115,99,116,24,17,29,20,23
101007289,112,107,85,92,65,91,88,82,104,91,80,105,57,91,90,105,105,116,108,113,110,112,115,108,113,105,113,111,106,25,23,20,28,31
101009676,119,119,119,112,112,118,113,115,103,97,102,99,110,117,113,110,119,117,113,73,56,58,105,55,100,114,102,108,120,12,15,16,17,18
101010264,113,115,118,111,103,115,114,117,95,100,94,86,98,113,110,111,111,115,110,51,59,61,113,54,108,107,101,106,116,25,26,27,26,29
101020289,106,101,108,116,115,109,101,117,113,110,96,113,114,118,116,109,100,113,105,102,113,104,98,104,118,114,113,98,115,26,27,29,31,25
101028130,115,117,110,113,116,108,108,116,113,110,108,111,117,119,121,117,118,121,111,63,73,31,99,49,101,111,91,107,122,27,31,26,27,29
101034079,112,115,87,100,90,108,91,91,104,100,110,101,87,108,108,108,111,114,111,113,105,107,96,107,97,113,111,97,106,20,21,18,17,23
101037576,120,121,121,111,111,118,112,114,105,101,98,98,106,114,121,113,120,122,115,59,65,67,106,58,108,112,88,104,122,21,31,31,21,31
101039943,112,114,106,102,106,117,99,94,112,107,105,108,100,101,111,111,113,114,111,113,107,113,98,107,97,119,119,99,118,24,23,20,24,25
101041236,103,104,118,120,116,114,117,115,104,112,97,102,112,108,109,111,103,115,109,56,75,58,114,56,115,110,112,104,115,32,31,33,32,30
101045674,109,105,94,114,111,106,97,89,111,103,100,112,83,107,103,105,105,114,106,109,112,111,98,106,113,116,112,105,107,19,26,30,31,21
101048940,67,79,39,58,35,45,24,43,63,88,36,70,27,40,38,65,92,92,105,37,43,48,57,38,93,79,77,99,97,110,111,103,114,114
101049369,117,118,117,112,102,115,111,93,97,96,102,83,93,114,110,106,119,114,112,62,58,64,108,61,100,108,100,114,117,28,20,24,22,25
101051539,61,79,41,50,38,39,25,40,65,75,37,73,34,43,43,57,87,91,106,31,31,40,40,35,94,75,56,100,89,113,109,101,109,113
101054050,111,111,117,117,117,112,115,113,110,108,109,112,112,113,110,115,111,118,110,81,84,79,107,75,113,113,116,110,115,45,46,16,20,18
101121939,111,109,92,108,109,111,100,103,115,111,114,116,108,110,107,111,111,118,112,113,108,110,96,110,102,118,110,106,116,27,18,32,19,31
101138449,121,120,110,114,110,114,107,114,113,109,106,108,104,114,117,109,117,112,113,71,67,73,98,70,104,110,88,105,118,18,24,30,24,23
101140601,110,104,90,93,72,102,86,78,94,89,73,106,63,83,88,98,101,117,102,112,109,110,116,112,113,106,115,111,107,28,24,27,23,22
101156616,111,117,105,108,105,109,90,96,105,110,112,100,103,113,117,111,117,115,110,61,58,59,80,54,96,107,94,85,117,28,27,24,23,26
101161840,103,99,100,108,108,105,91,113,110,103,89,114,105,105,97,107,103,112,105,113,111,113,113,107,111,113,113,115,110,20,23,20,26,21
101166691,110,114,113,118,118,107,110,113,113,117,111,113,120,120,118,114,117,110,110,73,79,76,92,73,101,110,91,98,120,24,27,28,27,23
101166906,111,109,85,104,100,86,85,108,110,110,100,116,83,93,97,106,105,119,113,115,114,117,110,118,110,112,116,120,110,29,27,27,30,29
101167135,112,113,86,110,100,110,80,97,113,106,110,108,87,100,113,110,110,111,111,111,112,113,108,113,110,112,110,107,105,35,36,27,37,30
101167198,109,114,115,112,112,112,111,113,109,112,107,112,110,112,116,117,111,115,108,58,68,61,112,65,108,110,117,110,118,20,19,16,21,20
101167680,97,100,101,117,110,105,93,111,109,104,110,110,116,114,97,113,102,111,105,111,115,115,108,108,110,111,110,114,110,20,23,22,25,21
101173731,118,118,115,116,116,110,105,100,100,105,112,98,113,114,112,107,111,105,110,93,83,99,107,87,103,113,107,115,109,20,19,19,21,21
101176676,113,113,96,106,101,114,99,89,108,111,113,112,96,110,115,111,113,113,111,108,111,115,99,112,102,114,111,100,111,28,27,25,28,29
101182521,103,104,95,111,112,104,99,101,116,116,117,118,114,117,111,111,105,111,107,100,111,103,93,96,105,111,108,95,116,31,32,23,28,28
101190043,117,119,124,116,118,114,114,115,110,106,107,110,117,114,123,115,121,121,113,66,65,70,106,66,103,113,95,116,123,26,27,26,26,28
101190045,114,119,114,110,113,113,113,110,113,113,108,112,110,117,119,117,117,111,115,67,61,90,103,68,101,108,107,102,117,25,29,24,31,27
101190053,71,78,58,65,43,56,23,58,53,97,49,53,32,43,52,63,94,90,109,43,42,48,67,40,99,89,73,97,99,112,109,106,115,110
101191189,112,112,105,119,119,111,104,110,118,113,104,118,114,109,111,115,110,120,113,112,114,112,99,115,108,119,119,103,113,28,29,31,26,30
101192190,101,103,97,114,112,99,102,96,114,112,108,115,111,111,113,111,106,113,110,109,113,110,98,113,107,114,114,105,114,24,27,25,24,28
101214098,110,103,104,115,112,110,91,102,114,110,100,113,97,102,111,113,109,112,111,111,115,114,116,110,115,115,110,110,115,21,22,27,20,20
101214100,115,113,110,118,119,113,111,110,113,115,109,110,110,116,115,113,112,117,111,97,109,100,117,99,118,115,113,113,118,28,29,26,26,30
101222481,106,100,100,103,100,100,97,108,110,100,91,110,97,95,100,113,106,114,108,113,109,113,114,108,111,109,111,108,110,20,26,24,27,22
101226764,114,120,114,109,109,112,110,106,109,99,112,101,112,112,121,114,121,119,116,71,75,78,108,73,99,109,93,110,117,22,20,23,24,20
101238380,76,86,40,61,57,59,30,64,69,100,56,63,73,54,58,73,108,93,113,48,50,58,58,49,94,68,93,111,110,113,113,103,119,114
101247553,119,121,112,113,103,111,100,107,110,106,110,107,113,110,122,113,121,122,113,57,62,69,91,67,92,108,98,101,121,21,23,22,18,20
101254642,117,116,120,118,116,116,110,116,110,108,107,106,108,112,119,113,117,118,114,58,60,67,105,61,98,115,111,112,118,22,26,24,20,23
101268513,118,119,112,110,105,117,107,102,107,102,114,99,105,106,121,113,120,121,112,68,70,70,113,63,102,109,92,108,119,36,30,34,28,35
111005419,119,117,118,111,109,116,113,109,103,99,94,73,94,111,110,110,116,112,113,50,56,61,107,55,96,107,88,115,113,18,30,28,19,31
111013038,106,105,83,98,75,97,80,81,101,99,100,103,87,85,97,101,103,119,111,116,111,111,113,113,110,115,118,118,113,31,18,27,29,28
111020289,106,101,108,116,115,109,101,117,113,110,96,113,114,118,116,109,100,113,105,102,113,104,98,104,118,114,113,98,115,26,27,29,31,25
111051539,61,79,41,50,38,39,25,40,65,75,37,73,34,43,43,57,87,91,106,31,31,40,40,35,94,75,56,100,89,113,109,101,109,113
113021146,104,101,88,114,112,102,98,87,117,112,88,119,92,110,105,113,103,109,110,114,116,118,99,111,109,118,110,101,116,22,23,22,20,21
113034666,116,113,88,91,88,99,93,83,108,109,115,98,100,105,112,113,118,104,113,112,111,111,93,109,91,116,109,101,110,22,25,21,19,21
114007289,116,111,89,96,69,95,92,86,108,95,84,109,61,95,94,109,109,120,112,117,114,116,119,112,117,109,117,115,110,29,27,24,32,35
201167495,60,57,12,24,15,11,10,17,43,69,14,48,10,13,28,45,51,34,81,9,9,18,24,10,82,43,28,77,57,86,85,90,88,84
201192119,50,41,14,36,17,10,12,27,32,40,14,31,11,19,13,23,59,43,75,11,18,14,13,16,68,34,23,66,48,83,86,66,85,83
201193080,55,51,13,31,12,12,13,40,50,68,17,51,19,21,18,42,57,43,82,13,21,30,21,13,64,31,38,67,60,87,75,86,87,76
202019580,49,26,15,36,17,21,18,33,34,37,16,28,16,17,16,26,63,55,78,16,18,27,15,19,85,50,33,71,75,86,92,89,93,93
206005479,60,62,15,31,16,19,17,27,21,68,16,18,16,28,28,26,65,49,80,14,14,25,23,16,73,46,26,80,73,88,76,60,85,83
206024630,66,53,17,27,18,16,14,27,22,68,14,25,14,14,13,26,53,63,85,15,25,25,16,27,75,37,35,76,63,80,84,83,83,83
206048940,41,38,15,24,14,16,20,26,38,56,22,36,22,16,15,25,49,37,82,14,16,26,22,15,66,35,22,53,69,83,86,78,85,87
206167495,63,59,16,28,19,15,14,50,58,73,18,62,14,17,33,51,54,38,87,13,13,33,28,14,83,46,32,80,73,90,90,95,88,90
206167948,69,67,13,26,17,13,14,33,31,29,16,44,15,14,13,32,58,53,82,15,15,29,16,22,46,41,33,75,63,90,83,68,93,83
206177683,57,51,16,26,15,18,11,27,43,61,16,34,16,15,18,28,58,61,81,14,22,24,13,15,71,48,41,72,60,81,82,83,84,81
206186153,50,54,15,18,17,17,17,21,35,51,15,39,17,19,14,25,58,54,84,14,16,18,19,15,68,48,43,74,68,83,81,74,87,81
206188943,55,48,16,25,16,15,15,20,28,48,16,15,15,17,13,27,45,40,82,13,17,25,14,13,76,48,33,78,51,79,74,77,83,82
206192119,55,49,17,39,20,16,15,30,36,47,17,38,23,22,16,26,64,48,86,14,21,18,16,19,73,41,26,71,55,87,92,73,89,88
206192448,53,41,17,25,13,14,17,28,33,60,18,41,15,21,20,21,40,46,87,13,16,25,14,13,82,38,46,82,65,85,85,87,89,83
206193105,55,57,22,28,17,20,19,28,44,37,23,35,19,19,15,25,56,61,79,22,21,26,17,15,83,31,29,62,38,82,79,71,85,76
206199987,53,57,13,38,18,14,22,24,50,63,20,36,13,13,15,35,51,53,80,21,15,28,15,14,70,43,28,74,59,80,84,75,78,82
206203042,58,61,19,32,16,19,15,45,43,43,14,33,17,15,24,39,58,53,76,19,16,30,15,14,82,43,43,79,68,83,79,71,85,81
206203775,57,58,21,23,19,11,17,22,41,53,17,44,17,15,19,26,54,46,78,16,14,16,17,16,67,39,24,77,37,83,74,78,82,76
206206585,36,37,14,28,17,18,21,27,35,58,28,39,22,28,13,19,44,42,80,22,21,24,20,19,54,40,21,74,29,84,81,76,84,81
206210257,66,67,17,45,21,23,21,20,59,70,23,58,23,18,26,40,63,51,89,12,18,28,17,11,71,44,38,61,67,84,81,91,88,82
206212831,38,47,16,24,17,16,23,26,48,69,20,47,21,22,30,33,33,40,85,23,22,14,22,19,81,35,30,55,71,81,80,82,86,82
206215316,51,57,18,27,20,15,19,27,35,61,15,26,23,22,17,18,61,53,79,19,16,24,15,20,76,55,29,71,33,85,81,76,87,82
206230621,57,49,15,27,21,17,11,27,37,53,15,27,17,15,31,31,67,41,77,15,17,29,15,19,75,37,33,75,71,88,78,72,88,78
207000488,50,45,12,26,11,14,16,24,20,65,16,28,11,14,17,27,45,56,90,12,11,15,10,9,88,35,84,78,25,89,82,71,93,89
207000805,58,63,17,49,20,21,20,30,31,72,15,17,14,16,17,26,47,45,89,15,19,32,37,20,86,43,82,76,75,92,88,85,92,88
207051539,47,54,11,31,14,15,16,24,53,74,17,53,14,14,13,37,60,52,87,13,13,26,15,13,81,41,17,80,64,92,90,89,92,91
207167495,64,60,17,29,20,16,15,51,59,74,19,63,15,18,34,52,55,39,84,14,14,34,29,15,84,47,33,83,74,94,88,94,91,91
207190053,49,54,33,41,27,34,21,40,34,77,37,35,30,22,32,39,52,50,89,22,19,41,43,21,85,75,51,80,78,92,87,89,94,90
207192563,56,50,13,27,18,11,14,27,41,57,13,37,12,13,20,26,56,48,85,12,19,26,17,22,72,47,32,77,66,88,86,77,86,89
207210257,66,67,17,45,21,23,21,20,59,70,23,58,23,18,26,40,63,51,87,12,18,28,17,11,71,44,38,61,67,86,82,90,89,83
207212831,49,58,17,25,18,17,24,27,49,70,21,48,22,23,31,34,44,41,87,24,23,15,23,20,82,36,31,56,69,86,85,89,93,87
210192119,50,55,23,40,26,24,27,34,42,31,35,38,33,33,31,33,71,55,86,32,26,29,33,30,77,42,31,79,63,91,96,79,94,95
210230621,63,55,21,33,27,23,17,33,43,59,21,33,23,21,37,37,87,47,83,29,23,35,21,25,81,43,39,82,77,98,87,79,98,88
210230872,71,73,27,39,31,22,29,50,50,61,31,45,35,36,32,35,79,67,82,25,34,26,35,31,74,45,41,84,59,86,69,73,85,75
211020801,99,101,102,100,100,99,97,101,93,86,96,88,94,93,98,97,95,88,100,41,57,54,98,46,96,96,76,102,103,20,18,19,16,18
211231747,103,105,98,96,91,93,93,87,91,88,87,83,77,87,102,98,104,90,97,59,37,64,86,56,92,93,84,88,97,17,12,16,13,15
214001179,46,53,23,42,16,19,18,26,40,55,16,38,19,24,29,33,59,52,89,12,15,31,16,14,73,42,41,85,83,97,95,76,89,94
214005479,66,68,28,38,28,28,28,27,24,28,28,25,28,28,28,32,79,49,88,28,28,28,28,28,76,49,26,95,75,97,88,78,98,89
214024630,50,62,12,32,12,27,12,25,22,76,12,29,11,11,10,26,35,54,95,11,11,64,12,12,77,79,72,89,77,97,87,85,94,92
214048940,55,48,16,24,14,16,20,15,38,36,26,36,26,16,19,42,66,56,90,14,16,26,22,15,68,50,20,68,71,92,94,82,96,93
214167495,61,60,15,45,19,15,14,40,56,34,18,34,20,21,29,54,51,38,89,18,19,25,12,17,74,37,29,81,69,97,87,94,97,88
214167948,71,65,23,26,17,16,24,14,17,19,16,27,25,14,14,34,58,38,75,15,25,70,26,15,46,37,24,78,62,92,86,83,94,87
214192119,55,49,28,39,28,28,28,30,35,28,28,34,28,28,28,26,67,48,78,28,28,28,28,28,73,41,26,66,59,85,89,72,90,88
214212831,47,56,19,29,17,16,26,26,48,72,20,47,21,22,30,45,59,42,87,23,22,16,22,19,83,35,35,64,75,87,84,83,88,85
216000244,92,86,48,90,41,59,63,35,88,69,99,84,38,72,62,89,78,87,92,95,97,93,89,98,87,93,96,87,84,15,12,8,14,9
216000488,49,44,11,25,10,13,15,23,19,64,15,27,10,13,16,26,64,75,99,11,10,14,9,8,87,34,101,90,24,98,91,80,103,98
216167948,69,69,16,26,17,13,14,33,31,29,23,44,15,14,24,32,75,68,90,15,15,29,16,22,46,41,33,75,63,97,88,95,101,93
216190053,49,61,33,67,27,34,21,40,34,75,37,35,34,25,32,45,77,65,90,22,19,41,38,21,85,75,51,80,80,97,91,91,95,93
216192448,53,41,17,69,13,14,17,28,58,73,21,59,15,21,45,63,73,66,93,28,16,25,27,13,81,38,46,87,73,95,88,91,99,96
216192563,61,54,18,29,17,14,13,25,43,58,12,36,11,12,15,33,61,52,95,15,22,34,16,25,75,50,36,87,69,98,94,83,90,94
216199482,72,66,29,28,31,22,16,19,45,48,22,44,21,21,28,34,82,71,97,16,18,32,49,46,75,36,51,91,58,99,92,86,98,92
216230621,57,58,15,59,26,17,11,27,37,87,15,27,17,15,39,36,87,56,88,23,17,29,15,19,75,37,43,85,71,98,92,86,101,91
216234642,33,26,8,21,12,9,12,16,23,37,13,25,17,16,16,14,51,26,90,12,14,16,13,16,70,20,25,39,35,84,82,75,92,86
217199987,50,64,10,35,15,11,19,21,47,60,17,33,10,10,12,32,48,50,80,18,12,25,12,11,67,40,25,71,56,88,90,84,88,88
217200110,47,48,15,26,14,13,13,36,28,47,20,33,15,20,12,32,51,40,77,13,12,17,16,14,64,32,30,67,46,80,74,66,77,74
217210257,63,64,14,42,18,20,18,17,56,67,20,55,20,15,23,37,60,48,88,9,15,25,14,8,68,41,35,58,64,86,83,89,88,83
217212442,48,42,15,19,18,17,17,11,30,51,18,20,21,12,20,20,50,40,78,15,19,18,14,15,70,34,20,60,32,78,75,68,80,75
217212831,45,64,13,21,14,13,20,23,45,66,17,44,18,19,27,41,78,83,96,20,19,11,19,16,78,32,27,71,65,97,100,97,98,97
218199987,52,56,12,37,17,13,21,23,52,62,19,37,12,12,14,34,50,52,91,20,14,27,14,13,69,42,27,73,63,92,94,88,94,91
218200726,42,46,13,20,12,12,12,22,19,43,15,23,21,22,13,25,48,37,86,19,13,26,12,14,57,36,25,64,65,93,90,90,94,92
218215316,50,56,17,26,19,14,18,26,34,60,14,25,22,21,16,17,60,52,86,17,15,23,14,19,75,44,28,67,63,93,89,87,96,86
225136594,55,67,15,32,15,18,18,28,38,64,14,26,16,15,59,20,70,68,91,29,17,30,51,18,60,28,86,86,41,101,97,96,97,101
225165889,99,103,102,94,102,102,96,104,92,94,93,89,104,104,96,96,103,100,101,50,48,56,95,60,89,89,80,106,102,12,16,11,10,16
225212432,68,68,26,34,28,35,32,35,47,79,32,47,46,30,36,42,77,86,93,43,35,35,30,20,77,33,49,80,80,100,97,88,95,98
225233282,48,45,34,38,32,38,17,32,35,67,32,51,33,35,31,32,61,75,76,34,29,41,29,26,69,45,46,76,74,92,91,80,92,86
231024630,69,65,18,35,25,31,19,27,29,78,19,57,21,18,16,35,81,90,103,23,32,59,26,34,82,67,91,96,83,105,90,95,103,99
231164835,62,59,18,29,29,29,28,33,35,64,29,48,15,31,23,51,81,72,91,24,20,28,22,24,81,35,59,72,83,94,97,86,96,96
231173373,51,53,15,17,14,19,20,24,49,62,16,62,20,22,18,46,71,67,96,19,14,29,15,18,82,41,46,73,69,95,91,95,98,93
231173426,55,53,14,48,19,18,19,44,40,46,14,45,15,19,17,36,57,65,88,10,17,24,19,19,75,34,37,76,58,94,89,90,97,99
231176550,37,45,19,38,22,26,15,29,45,56,22,38,25,16,18,41,65,66,89,21,16,29,18,15,45,35,29,85,65,98,86,91,98,91
231176676,103,101,89,99,92,101,88,79,96,94,102,95,94,95,106,104,107,105,102,100,101,95,91,100,89,99,100,95,104,15,8,8,12,8
231193080,72,64,25,34,35,15,29,46,59,79,33,59,41,34,29,55,97,77,102,32,24,48,35,32,76,59,55,85,86,103,98,94,107,97
231199987,59,71,22,38,23,22,29,35,53,76,22,52,35,25,23,52,71,75,94,26,15,38,29,14,80,48,41,89,75,97,96,92,97,95
233192119,55,58,18,39,20,16,15,30,48,67,25,38,23,32,16,26,86,67,97,23,21,29,16,19,77,41,46,88,69,96,102,87,100,97
234051539,49,56,18,28,12,13,15,21,50,73,14,50,18,11,19,35,76,68,92,13,13,28,13,25,78,33,53,86,69,94,100,90,98,104
234140233,53,50,15,59,14,19,19,19,34,51,18,35,20,17,13,21,78,65,96,24,13,26,22,15,59,37,22,78,60,90,83,88,100,93
234167495,75,77,36,28,39,45,26,50,76,83,48,81,15,47,68,78,76,68,98,20,13,33,28,46,86,66,62,90,83,103,96,99,101,96
234173373,47,50,17,17,14,14,20,19,42,58,14,51,16,15,15,43,70,61,92,17,14,24,15,18,78,38,36,66,65,90,88,93,96,90
234182494,73,63,19,28,13,28,13,34,47,65,18,50,25,17,28,30,85,75,90,26,19,26,15,19,75,48,35,93,56,97,90,90,98,96
234190044,78,87,58,83,74,66,68,79,95,85,78,95,70,75,72,95,92,100,95,105,103,99,95,103,95,99,90,93,99,18,18,15,12,15
234190053,49,56,46,41,33,45,21,40,34,75,37,39,30,22,32,36,79,72,96,22,19,41,38,26,85,75,51,89,77,98,92,94,104,95
234192119,55,51,25,39,20,16,15,30,36,47,17,38,23,22,29,26,77,59,94,23,21,18,37,19,73,41,26,85,69,94,99,85,98,96
234199987,53,57,13,38,18,14,22,24,53,63,20,38,13,13,15,38,61,67,87,21,15,28,15,14,70,43,28,78,64,89,90,86,90,88
237000240,91,89,89,89,96,93,82,83,105,102,85,98,87,93,95,102,92,100,96,96,98,103,93,99,101,107,105,88,98,13,15,15,10,11
237001040,108,107,93,111,107,97,92,95,102,96,100,96,109,108,99,101,96,109,102,98,99,100,93,101,96,108,98,100,95,13,10,14,10,14
237001179,56,67,26,56,29,36,46,45,59,76,34,57,33,32,40,56,91,95,99,29,29,39,32,36,81,49,65,96,95,104,102,88,106,105
237005003,102,105,75,77,78,92,68,98,95,98,100,88,78,48,98,98,99,106,98,93,93,92,89,96,84,105,95,93,96,15,10,17,15,11
237051539,44,66,36,34,25,56,26,33,59,74,29,59,25,36,32,48,79,79,95,23,20,46,25,24,80,56,59,88,79,100,102,95,105,110
237190053,64,69,45,68,35,47,21,46,43,83,39,45,34,33,43,54,85,79,99,29,34,43,49,36,89,79,66,89,89,103,98,99,108,100
237192119,64,63,28,44,32,29,32,35,46,59,28,47,38,34,34,41,89,81,102,32,29,35,41,36,78,49,52,89,72,101,105,87,105,103
237193105,64,67,29,37,22,25,29,35,56,57,29,46,26,32,19,34,76,81,92,27,29,36,32,29,86,46,49,89,75,101,95,88,102,95
237199987,69,68,33,49,28,28,40,24,70,71,32,56,37,38,32,56,76,81,93,28,28,49,28,28,83,64,46,89,79,97,94,92,94,92
237210257,72,74,28,73,29,29,28,26,66,86,41,79,38,34,54,71,88,80,99,38,29,36,38,35,78,55,61,89,85,99,97,102,102,98
237212831,70,71,29,37,32,22,23,38,59,69,31,71,29,37,38,52,89,77,98,29,22,14,22,31,81,35,48,86,84,98,101,96,100,102
239238570,68,68,25,44,28,28,35,18,74,75,32,77,18,25,44,48,86,82,89,25,32,33,21,45,78,48,59,70,66,101,98,95,98,90
239244723,97,95,102,100,101,99,97,101,88,85,85,78,95,95,92,94,92,104,89,54,44,35,105,34,105,98,93,89,101,12,15,12,22,18
241212831,72,69,29,67,31,25,36,41,56,80,32,75,31,43,38,49,90,78,99,35,29,29,32,32,89,45,56,88,89,97,100,95,100,104
242186153,54,54,22,24,21,19,19,22,38,49,18,45,25,24,18,29,74,66,88,24,19,22,22,20,69,52,41,80,64,91,87,79,93,92
242192119,62,53,27,46,30,27,21,37,46,55,26,41,29,27,25,33,76,75,88,33,32,24,25,30,76,44,35,74,72,86,91,77,89,87
242212831,60,60,23,25,23,24,33,30,50,74,30,66,26,36,37,49,80,77,91,22,25,22,23,23,80,39,48,60,81,92,94,90,97,96
246173373,47,50,23,20,20,24,27,27,44,60,20,60,17,27,25,43,73,66,93,25,22,30,20,16,77,57,65,87,71,98,94,92,103,96
246186569,57,57,21,33,23,20,30,30,52,49,23,48,27,22,20,34,71,62,98,26,32,27,19,22,60,44,40,82,56,98,92,83,104,98
246193105,66,63,27,40,25,24,27,40,56,60,27,46,26,34,23,34,78,83,97,30,33,30,18,29,86,43,35,87,70,104,96,92,100,98
246199987,63,65,29,35,24,28,47,24,64,70,36,52,26,40,34,65,80,77,98,36,30,29,26,33,75,54,47,88,58,99,95,93,97,94
246203757,96,100,95,95,89,99,86,96,84,90,70,73,73,86,90,97,84,80,94,63,36,47,99,36,95,81,92,107,93,23,12,11,25,13
246211990,54,54,30,54,33,26,25,32,42,54,33,38,29,30,30,47,79,53,100,30,26,35,30,22,77,47,40,89,65,101,90,84,103,93
247191924,63,67,23,43,36,24,30,20,42,53,25,47,36,37,28,46,69,81,81,24,47,33,54,36,93,36,56,87,74,100,104,99,100,103
251001179,57,71,25,43,22,32,31,37,44,72,21,59,16,29,30,48,93,96,100,20,13,34,24,14,77,50,64,97,79,105,104,91,108,107
251048940,59,59,20,46,31,28,23,42,52,69,31,46,29,29,24,48,77,59,95,34,26,46,26,25,82,57,35,76,76,98,102,93,106,103
251051539,58,63,37,46,34,34,14,36,60,69,33,68,30,39,37,53,83,87,98,27,27,36,36,31,90,61,51,94,81,99,101,96,109,110
251139068,104,109,99,110,109,101,95,92,105,98,100,93,101,108,112,110,110,98,97,57,24,41,81,21,89,96,86,68,96,8,10,13,7,7
251164835,63,64,19,34,27,33,26,37,36,66,28,56,21,21,25,59,88,79,97,23,21,26,24,20,83,31,67,89,86,99,95,96,103,101
251166906,96,94,74,81,81,68,74,80,97,91,84,100,67,67,89,97,93,106,92,99,97,102,99,101,94,91,105,108,94,11,12,14,11,16
251167495,83,71,31,65,46,48,33,57,77,81,46,79,22,41,65,77,94,87,104,31,34,53,48,48,86,59,66,87,83,101,100,100,106,105
251167948,77,68,16,30,19,17,21,46,56,35,24,51,14,13,17,46,81,73,103,35,21,71,27,24,52,48,46,88,71,104,99,97,107,103
251186153,48,53,14,17,16,14,16,16,33,49,14,37,16,19,13,24,62,53,83,18,15,17,18,14,66,46,44,72,67,82,81,73,85,83
251192119,69,64,33,54,26,34,21,39,45,64,27,58,31,32,31,47,88,85,97,32,31,23,48,29,73,46,61,78,68,96,101,88,100,95
252000241,95,97,89,88,91,95,89,95,103,102,101,101,98,106,99,104,93,89,90,67,78,79,75,67,77,91,79,81,104,15,10,15,17,14
252001179,59,68,24,53,30,39,46,45,45,77,25,64,26,36,36,59,96,93,104,33,33,37,29,35,80,53,71,97,93,106,105,97,106,106
252002147,51,47,16,15,22,13,19,26,48,46,19,39,15,18,21,40,59,64,93,20,17,26,18,21,81,65,55,73,66,97,98,100,102,102
252005003,107,107,70,79,84,98,76,95,96,96,106,90,75,58,103,101,101,109,104,103,103,104,86,107,89,108,98,96,96,13,17,12,12,10
252019580,64,48,19,59,29,27,21,36,49,59,16,46,29,19,14,36,79,89,91,9,29,35,16,25,86,75,76,85,81,99,102,95,103,106
252048940,58,64,14,24,14,29,20,35,48,73,14,36,22,12,11,38,85,65,96,14,16,44,33,22,80,51,63,81,90,104,105,95,109,107
252155862,103,97,96,100,86,102,93,105,101,99,87,106,94,91,93,99,99,107,101,107,105,103,106,106,105,98,110,109,106,17,11,12,11,15
252162835,64,70,22,47,27,22,26,37,53,59,22,58,29,24,25,33,81,76,100,29,19,35,16,24,82,54,46,95,85,104,103,92,103,105
252164240,101,98,68,93,79,84,83,82,105,104,79,108,85,97,95,103,96,109,102,107,105,107,106,101,104,92,104,110,106,10,17,10,10,12
252167495,75,73,36,71,36,33,29,50,58,76,49,76,26,42,59,78,95,89,106,25,13,41,52,40,87,56,74,89,86,104,104,104,107,107
252178005,58,53,28,41,28,28,29,35,34,75,28,58,28,28,28,28,73,75,96,28,28,27,28,28,81,52,46,89,67,101,100,96,104,102
252195479,101,105,74,89,89,96,71,101,93,81,103,87,89,83,88,98,99,102,94,92,95,89,81,94,85,106,92,86,97,15,14,12,11,15
253163587,69,66,24,45,29,44,20,34,62,69,39,75,26,26,22,62,93,74,102,28,15,27,26,27,75,37,82,94,75,103,100,98,108,102
253167495,69,63,21,38,24,20,17,56,69,77,16,83,16,22,38,48,60,35,98,22,21,35,31,16,85,50,36,85,69,96,93,98,96,92
253177683,60,62,22,38,24,31,18,37,53,68,26,57,27,27,26,38,80,77,96,22,25,28,19,20,77,53,63,86,73,99,103,99,98,102
253192119,67,68,30,53,23,33,20,35,43,60,26,56,31,28,28,46,85,83,98,30,30,31,45,28,81,49,62,85,72,99,105,92,103,99
253204935,57,61,24,38,28,24,27,60,62,81,19,75,18,25,22,59,89,77,106,30,27,38,20,31,80,51,62,91,76,104,99,103,108,101
253212419,93,80,52,72,58,64,48,58,81,69,84,87,51,69,80,82,69,59,89,97,95,88,98,92,101,89,101,86,85,12,15,18,19,12
253220814,96,92,63,81,61,69,48,51,87,64,88,76,46,70,76,88,81,80,92,92,89,87,92,89,83,89,92,95,83,15,13,13,15,19
253230621,79,65,26,66,35,33,24,36,56,94,41,71,40,42,51,73,96,76,101,34,37,36,23,25,92,54,64,97,100,108,102,100,110,103
253230869,58,58,16,24,17,19,23,28,46,49,18,43,17,22,14,15,69,77,100,15,22,29,25,20,83,56,55,76,43,105,98,86,108,101
253241671,61,63,22,28,15,18,16,22,59,67,19,63,17,20,27,34,72,51,95,31,26,27,21,29,82,40,34,71,71,97,95,91,101,96
254048940,60,59,6,49,25,32,24,33,55,76,21,59,32,33,25,46,87,74,98,29,29,43,39,32,84,64,66,88,91,107,105,97,109,107
256005479,69,73,15,38,13,15,32,24,26,70,15,15,16,25,24,41,91,64,101,15,40,33,20,31,82,52,23,98,68,106,104,94,107,105
256048940,63,65,23,35,28,32,26,41,53,77,27,55,28,28,35,42,86,67,97,25,22,51,35,25,84,59,66,86,91,108,107,96,108,106
256051539,60,68,38,49,37,38,21,41,63,78,34,69,33,42,40,54,84,88,99,33,32,39,37,35,93,63,57,93,83,105,104,97,106,111
256139068,105,107,95,100,100,100,94,89,100,100,97,92,94,104,107,106,108,97,99,61,28,48,84,26,93,94,92,76,93,9,12,15,13,11
256167495,79,70,34,63,43,41,32,53,75,74,45,82,24,38,58,75,93,90,107,23,40,50,63,63,92,62,72,98,84,105,106,103,106,107
256176676,108,105,92,105,95,108,93,83,103,101,107,106,95,102,109,108,108,109,108,105,105,107,95,108,97,106,106,97,106,15,16,22,18,21
256186153,65,73,29,33,34,25,32,30,57,66,23,68,28,29,22,39,88,76,100,33,34,29,27,27,78,58,59,91,78,105,103,94,103,104
256186569,59,61,22,35,26,22,33,35,57,51,24,50,29,24,23,35,75,63,102,29,35,28,21,24,63,46,42,85,58,99,102,89,98,103
256190778,56,69,22,36,27,26,30,43,48,69,27,48,24,25,27,43,68,51,99,25,28,30,29,27,74,53,26,80,70,99,103,96,99,103
256192448,64,62,35,35,31,22,33,35,73,81,43,80,43,39,57,48,91,81,103,32,29,43,26,30,78,50,53,95,79,103,103,106,106,106
256193082,106,108,81,97,96,103,93,89,100,97,101,98,96,103,101,95,106,104,105,101,101,99,84,104,96,106,99,92,101,22,17,21,20,23
256193105,68,68,32,43,26,27,33,44,59,62,28,44,31,38,27,36,77,84,99,33,35,37,35,34,89,50,50,88,74,102,100,90,99,97
256210257,89,82,28,84,37,41,42,62,81,97,53,96,53,59,62,87,96,90,104,49,45,62,47,49,92,67,79,95,95,105,104,107,106,106
256234396,113,110,93,97,90,92,85,97,98,95,105,85,84,92,108,103,109,110,105,99,100,101,88,100,99,108,101,103,100,15,20,15,15,13
259188377,110,108,67,95,78,90,76,82,103,97,101,104,90,98,101,105,99,103,106,103,105,100,102,107,103,109,106,107,104,19,20,19,20,17
259232656,114,111,96,104,100,104,91,77,102,93,104,95,96,100,108,100,102,107,108,103,106,103,102,106,105,108,105,103,99,19,13,15,11,10
260186153,53,63,13,26,22,16,19,23,51,59,16,60,20,22,15,31,80,69,92,21,21,19,21,19,70,50,59,86,70,98,95,86,98,96
260188377,108,107,82,100,82,102,86,86,99,95,92,102,90,95,94,98,98,104,103,93,99,95,92,97,98,104,97,101,100,22,23,24,23,22
260203775,54,55,20,21,18,13,16,20,38,50,16,41,16,14,18,24,52,44,73,13,13,15,16,15,64,36,22,73,40,80,68,74,80,73
260205452,108,106,60,89,85,82,73,59,96,80,76,105,63,63,88,93,92,103,105,106,104,98,107,98,106,100,110,101,102,15,13,13,12,14
260216267,106,109,81,94,86,103,76,76,102,101,108,100,92,103,103,100,103,105,107,102,104,103,92,103,97,110,104,93,100,22,19,21,23,20
260228618,109,107,84,91,84,106,79,72,103,95,98,99,61,96,103,97,104,108,108,102,106,100,100,106,97,109,99,105,94,17,25,18,20,19
260231281,107,107,83,102,95,106,85,78,105,106,112,110,108,111,101,104,107,105,106,103,106,105,88,105,93,106,102,90,104,21,20,19,20,18
260238074,111,105,86,107,100,102,86,81,99,99,108,101,97,105,102,105,99,110,106,100,107,97,98,100,109,108,104,103,95,13,17,12,16,18
260243952,33,42,13,25,16,15,15,23,28,63,18,29,18,17,14,23,71,47,78,26,17,22,15,14,64,33,25,60,59,73,75,74,80,75
261044897,70,78,32,44,35,38,39,44,53,72,32,47,45,34,41,42,89,79,100,41,36,43,32,36,90,61,49,95,71,107,100,93,107,103
264190941,59,53,21,25,28,26,22,29,39,65,20,49,27,24,27,36,77,71,98,27,21,25,28,31,76,51,57,87,69,103,99,85,106,100
264209658,105,104,102,103,105,106,86,92,106,101,90,106,93,101,98,105,98,106,104,100,103,102,98,94,108,108,109,97,104,16,17,18,18,15
264210385,63,64,23,22,17,23,23,61,60,75,28,58,36,29,36,58,71,69,99,41,28,41,35,34,80,50,51,90,75,105,102,98,106,104
264230621,80,67,27,68,37,36,25,39,57,93,42,74,41,44,48,74,98,79,100,37,38,38,25,29,94,56,69,96,102,109,103,98,111,104
265186153,68,72,33,36,33,25,26,29,66,69,26,73,34,33,27,43,89,79,104,31,33,26,28,33,79,63,61,100,81,109,105,96,105,108
265192119,71,70,32,58,35,35,31,51,42,62,24,50,32,30,30,42,88,88,103,37,37,36,32,39,80,57,63,96,81,108,104,92,105,106
265210514,105,104,79,98,99,104,86,81,100,97,109,103,103,107,106,98,106,94,103,100,104,103,88,100,82,103,89,94,101,15,12,16,13,14
265225116,60,59,29,33,39,32,23,33,41,31,27,34,33,32,28,34,53,60,99,22,33,31,31,24,77,41,44,87,84,100,95,92,104,103
265228413,67,68,29,36,42,22,31,35,52,54,26,42,25,26,32,31,70,68,99,23,33,34,32,33,78,48,47,84,69,102,99,96,105,100
265232656,111,110,91,102,93,100,86,72,99,89,106,83,86,99,106,99,103,102,106,101,104,100,98,103,103,106,104,96,98,16,15,17,17,17
265233306,67,65,23,37,20,32,27,30,51,62,28,59,24,27,31,46,90,78,103,29,28,25,27,28,84,47,44,88,80,103,102,96,107,105
265234102,55,59,25,39,24,16,33,22,54,54,20,64,22,23,22,34,60,67,95,19,36,41,33,32,82,59,39,95,81,106,104,98,101,100
265235212,112,112,99,103,96,111,86,73,108,105,108,96,84,98,109,105,107,103,110,102,105,104,93,106,102,112,99,102,105,16,14,16,16,14
267219789,111,112,89,95,81,108,65,60,108,99,110,106,55,103,99,98,103,106,109,103,106,105,94,106,91,112,103,99,102,13,17,14,19,16
267239580,104,104,85,92,79,97,54,66,95,87,69,97,28,68,95,92,97,105,107,110,109,111,107,108,109,99,109,105,103,16,18,16,17,18
268001040,112,113,94,115,110,105,93,96,107,93,109,102,113,111,105,107,104,112,108,106,104,105,94,107,99,111,103,103,101,15,15,16,15,16
268001109,110,108,83,94,83,94,86,76,102,98,102,103,64,85,100,102,103,112,108,112,109,109,111,112,107,109,104,109,106,15,17,14,14,15
268001668,101,102,80,80,73,82,58,60,109,100,84,106,58,83,100,104,104,113,107,111,109,110,81,107,101,111,112,105,106,17,17,13,17,16
268005003,111,112,85,105,96,110,91,94,105,101,110,96,95,101,104,106,103,107,106,107,107,105,95,107,97,110,107,94,102,15,18,16,17,16
268005479,84,83,31,37,22,34,33,38,39,68,33,40,33,38,37,47,98,75,107,34,38,41,40,35,85,70,64,103,98,110,109,95,110,106
268010535,100,103,99,103,102,103,92,101,115,110,109,113,112,112,109,114,110,112,105,95,91,95,73,83,91,111,104,78,114,18,15,15,14,18
268028130,108,113,105,101,110,102,105,110,106,105,103,106,109,110,116,113,113,115,106,43,47,33,83,39,97,107,81,98,115,15,18,17,18,16
268034079,109,113,80,97,84,103,85,85,103,90,106,98,83,103,107,106,109,110,108,109,103,105,93,106,92,110,107,96,103,17,16,17,17,17
268037576,115,116,115,103,101,113,108,102,99,94,92,93,93,107,116,108,115,116,111,52,49,46,100,51,102,106,85,100,116,18,14,14,17,17
268048940,61,67,26,48,29,36,23,40,55,81,28,59,24,33,34,57,87,83,100,33,33,45,34,31,88,64,68,92,92,107,108,97,109,109
268121939,106,105,79,103,96,107,95,83,107,107,113,107,100,101,101,108,107,111,107,110,105,107,91,107,92,111,104,101,108,16,15,18,18,17
270181458,107,108,103,108,101,108,104,97,106,105,111,99,97,109,110,106,102,104,104,91,78,91,105,75,101,99,97,105,103,18,20,17,17,18
270193105,71,66,33,45,32,31,36,48,63,69,35,51,34,41,29,40,84,88,100,38,41,42,37,36,94,49,48,93,78,105,100,94,101,100
270205452,111,109,72,101,100,88,72,64,102,87,85,108,70,74,99,99,99,103,108,106,108,103,110,102,107,103,115,106,103,17,20,21,18,17
270215223,64,71,22,37,32,29,21,38,50,58,27,49,28,32,32,44,76,77,104,33,34,41,25,28,93,56,51,91,77,103,100,97,104,100
270221087,66,58,35,32,28,32,31,38,49,75,38,53,36,35,31,28,52,69,100,33,36,34,32,28,66,58,52,84,78,101,99,100,103,101
270232756,109,106,59,70,70,62,61,55,101,72,80,95,63,65,92,94,100,99,105,105,108,107,105,103,105,100,102,108,98,18,20,15,14,17
270233267,70,68,31,36,30,32,30,34,46,64,33,55,33,35,32,42,68,73,101,32,35,36,32,29,85,53,51,94,74,102,100,103,97,98
270233934,72,79,30,60,33,20,40,31,81,79,32,85,29,40,36,66,84,85,106,36,34,31,36,35,85,65,67,108,84,105,99,103,104,100
270234577,63,60,36,46,34,34,36,36,54,67,34,51,37,38,34,46,63,69,100,34,33,35,35,27,82,54,53,88,75,103,99,93,104,104
270236480,96,94,85,103,100,90,88,80,103,99,86,100,96,82,105,101,96,103,101,105,106,106,85,100,98,106,102,99,98,22,19,18,19,22
270238074,111,107,88,109,103,104,89,82,103,100,110,101,99,108,104,106,100,111,106,102,109,99,100,101,109,109,105,103,96,17,21,16,20,22
270239301,100,103,81,94,78,80,83,79,104,94,83,108,77,85,97,103,99,103,103,105,104,104,104,105,97,100,106,109,104,16,15,17,17,15
270263781,105,103,88,91,90,101,88,82,102,97,105,94,88,100,103,102,102,103,104,96,104,97,98,99,98,102,103,89,102,17,17,16,17,15
272039943,106,109,101,96,98,112,105,84,106,103,97,92,80,93,107,108,107,110,106,98,88,105,86,84,83,113,108,89,112,16,22,16,16,21
272167948,74,73,23,28,23,15,16,45,58,43,25,70,23,25,21,51,88,83,105,38,15,61,33,23,60,46,59,98,75,110,106,100,112,107
272188377,111,109,76,97,82,89,75,87,108,99,96,108,88,97,103,105,100,104,108,107,108,103,108,108,105,107,107,109,106,15,15,19,15,18
272220814,108,108,80,93,79,100,71,73,101,93,111,84,74,96,100,97,107,103,108,105,108,102,108,109,96,108,109,110,95,13,16,15,13,17
272226851,106,100,89,108,109,101,106,74,106,93,107,103,83,96,96,105,101,102,105,107,106,105,109,110,104,107,103,106,108,14,16,18,18,16
272241684,101,100,106,101,99,107,108,104,96,98,89,82,103,103,102,105,99,100,103,44,25,44,103,51,98,97,83,99,107,18,15,19,17,14
273193165,107,107,85,94,92,94,91,91,102,95,111,99,93,104,107,98,108,110,104,92,91,91,87,90,73,106,94,86,107,16,13,15,15,19
273202811,72,73,26,30,31,21,23,47,63,82,32,70,27,32,24,47,71,69,97,20,31,30,33,32,80,52,71,77,68,105,103,99,104,102
274001040,113,115,98,116,112,106,98,100,105,95,110,103,114,110,104,108,105,113,110,107,106,106,93,108,101,112,105,102,100,14,14,17,16,18
274005479,85,85,28,41,24,36,34,40,42,75,35,44,36,40,38,48,97,76,106,35,40,43,41,36,87,72,61,104,99,111,110,97,109,109
274161840,100,96,102,102,90,100,95,102,107,95,85,109,102,97,93,104,97,107,102,110,108,110,111,105,108,107,111,110,108,18,15,17,14,17
274192119,70,77,41,61,43,43,34,54,60,77,35,60,45,39,42,53,96,90,103,43,34,38,53,44,89,62,68,101,91,111,107,96,107,107
274204963,108,109,78,92,78,108,78,63,105,100,108,105,70,97,106,99,107,109,108,107,107,107,91,108,96,111,107,98,98,16,17,17,17,21
276256769,98,97,83,91,80,96,84,75,101,91,102,95,77,93,100,96,100,100,96,98,99,99,86,97,90,102,93,97,95,15,15,15,19,15
277232000,102,109,110,100,107,109,107,92,97,107,100,87,86,107,106,106,109,106,108,61,45,39,97,47,82,100,110,87,107,14,15,17,15,14
280167495,77,71,32,63,36,37,28,55,78,84,44,84,25,42,62,80,87,85,103,34,33,47,47,51,87,60,70,91,91,102,102,101,105,102
280177683,66,61,25,36,26,29,23,36,56,68,30,47,31,31,32,41,69,72,91,26,30,32,27,26,80,56,55,83,71,89,91,91,96,92
280210257,90,87,39,84,42,45,41,45,85,102,52,95,45,50,62,92,101,91,110,55,50,59,51,52,95,70,80,102,98,109,108,116,112,114
280215698,71,65,41,39,40,26,35,36,61,70,36,64,43,36,47,51,79,91,105,31,42,49,47,37,94,51,50,97,73,103,97,99,108,103
280229984,109,110,84,105,90,107,92,76,104,102,112,96,101,108,102,103,105,105,106,102,108,100,95,104,97,112,107,100,99,18,16,23,18,15
280230621,70,61,22,58,29,24,22,31,45,84,23,56,28,30,41,60,89,64,94,28,33,32,21,25,85,47,56,91,92,102,95,92,104,99
283000244,105,105,81,96,60,97,77,56,101,88,109,96,66,99,95,101,100,107,107,109,106,108,100,108,98,109,107,101,98,15,14,18,14,17
283002147,58,60,22,47,22,24,32,34,56,62,27,63,27,21,22,44,63,68,103,22,36,39,25,33,88,55,63,85,73,105,101,101,106,105
283005479,88,92,30,54,27,35,35,41,48,77,36,51,37,38,40,50,99,81,110,37,41,48,41,43,88,76,54,106,102,111,113,100,113,113
283034079,110,114,82,95,87,106,88,93,102,96,108,96,84,105,107,107,110,111,109,111,104,106,91,107,95,111,108,95,104,13,16,13,15,15
283121939,109,107,78,102,100,110,92,95,114,108,115,114,105,107,106,110,109,114,110,112,107,110,93,111,95,113,108,98,112,16,15,14,14,13
283167495,83,90,33,70,41,43,33,59,76,88,52,90,34,51,70,86,95,94,110,68,32,58,53,48,88,65,87,103,102,110,108,110,113,108
283183277,110,114,106,106,99,104,97,116,104,106,113,104,110,112,115,108,116,114,108,50,53,47,81,48,88,108,80,83,113,17,18,14,14,14
283186153,69,74,30,51,31,36,33,25,64,68,27,78,36,38,26,50,84,77,103,35,35,29,38,34,81,67,67,101,83,110,104,106,106,109
283192448,68,68,36,46,33,32,35,36,79,86,39,84,44,40,52,56,93,86,107,36,34,41,32,31,86,56,64,100,90,109,105,108,111,107
283197445,109,108,87,107,106,103,90,103,110,105,111,108,108,108,109,109,103,106,110,108,110,106,103,110,100,106,106,106,110,17,15,18,13,19
283199564,105,102,84,93,92,103,78,85,109,102,106,105,88,106,108,105,100,101,103,103,107,105,89,106,93,110,102,79,106,14,14,17,18,13
283202126,106,107,115,113,113,110,111,115,108,110,98,111,105,113,110,110,103,111,107,78,59,57,113,57,110,110,100,105,112,15,15,13,17,16
283211101,60,62,26,63,23,19,35,30,53,54,26,37,21,26,25,38,80,75,99,36,29,30,33,29,73,77,50,95,85,103,101,95,101,101
283212151,62,63,34,61,46,35,27,37,54,63,26,48,38,30,30,37,61,73,102,59,34,30,31,38,89,59,46,88,81,103,100,99,104,101
283214098,108,102,103,111,110,112,90,93,112,106,102,111,87,98,109,111,106,109,108,102,111,109,112,107,112,113,105,108,111,18,13,16,17,14
283222481,103,101,102,102,94,103,96,113,108,95,83,105,93,92,98,113,102,110,106,108,108,110,110,106,107,108,109,105,108,18,16,16,14,16
283224251,68,73,29,59,23,15,30,30,55,37,32,39,31,29,26,27,53,80,100,36,32,26,33,28,92,52,81,87,54,103,102,83,102,95
283230621,71,72,25,71,39,36,20,36,60,88,34,73,36,37,42,67,95,80,107,35,36,38,25,28,95,56,71,100,93,111,106,103,111,109
283230869,62,71,26,60,25,26,33,36,63,70,28,59,36,32,24,32,70,81,101,35,36,38,33,34,85,59,57,87,78,104,99,98,107,108
283231281,106,109,87,108,110,107,86,87,105,107,116,112,109,114,100,105,107,107,107,104,107,107,95,106,90,113,99,94,106,17,18,17,16,17
284001179,48,58,24,44,23,30,28,31,43,67,24,54,23,25,31,49,75,78,96,22,23,28,26,23,73,38,45,88,94,99,98,88,97,106
284178603,99,98,96,96,82,98,86,85,108,103,88,109,77,97,99,107,95,110,100,107,107,108,112,107,108,95,105,107,108,25,17,20,17,15
284188943,64,55,23,54,25,21,29,25,41,59,22,36,30,27,23,42,74,83,98,23,28,38,27,26,84,57,47,89,80,98,100,92,104,100
284190456,103,105,81,100,89,94,74,73,103,96,106,95,76,93,101,103,102,102,102,101,102,103,95,105,93,100,101,97,102,16,18,20,15,21
284191189,107,106,103,112,112,109,99,107,112,108,97,115,107,102,108,112,105,112,109,109,108,107,95,110,104,112,113,100,108,22,13,21,15,18
284200696,55,48,21,57,27,31,26,32,57,46,32,47,25,37,35,36,73,74,93,42,30,34,43,31,94,54,50,84,69,96,98,96,99,96
284201153,108,108,111,107,94,111,106,84,99,93,88,91,73,101,104,106,103,98,104,61,33,44,110,34,102,103,100,103,97,15,18,17,19,17
284204963,109,108,77,93,77,109,77,64,106,103,110,102,69,99,105,103,106,110,106,108,108,109,92,106,98,112,108,96,97,18,19,21,21,14
284214100,111,109,107,112,109,108,104,97,109,108,99,104,106,108,109,109,102,109,103,88,93,93,112,89,113,108,108,108,109,16,21,18,17,18
284216065,53,55,25,38,35,30,29,39,51,58,29,40,26,31,34,36,72,74,94,43,35,40,36,31,84,57,39,87,77,94,97,89,98,99
284216189,106,107,83,105,93,101,80,78,102,99,102,91,84,101,100,102,104,109,101,98,101,101,94,100,110,111,108,105,103,15,16,12,14,15
284225152,100,96,105,102,101,107,107,99,99,97,88,94,99,98,97,104,96,98,99,60,55,56,97,58,106,100,100,102,104,13,20,16,13,16
284226268,103,103,84,95,101,106,100,98,104,93,111,103,107,110,104,105,104,107,103,100,103,98,89,101,86,105,106,85,87,16,15,20,13,13
284250893,103,107,89,109,105,97,91,88,106,104,103,100,105,106,105,106,106,103,102,101,98,102,91,95,102,105,100,97,102,19,13,11,14,17
289000250,108,108,105,115,114,111,106,109,111,117,120,118,120,119,111,112,109,114,107,93,95,94,99,93,101,115,111,96,113,18,20,17,16,21
289001040,116,116,100,118,115,107,99,103,106,99,114,103,115,115,106,110,107,114,113,109,107,109,96,111,103,114,109,105,103,14,19,15,18,19
289001041,108,110,93,101,88,96,84,87,107,101,106,104,82,90,111,108,105,110,106,109,109,111,102,106,103,117,112,89,108,17,17,21,22,21
289001109,114,112,85,97,86,98,88,78,106,99,107,106,66,94,106,104,105,116,111,116,113,114,112,116,108,112,107,111,107,21,18,18,19,21
289001183,101,109,69,74,63,63,67,70,94,87,78,91,61,83,82,98,105,117,111,116,115,118,113,115,109,103,113,118,104,18,15,21,18,20
289001397,108,109,109,110,114,109,109,113,116,113,110,113,111,113,119,119,113,114,108,81,85,88,111,68,107,107,106,97,122,16,14,21,13,18
289005003,113,114,88,106,100,112,94,98,106,104,113,100,96,106,109,110,108,111,110,112,110,110,101,109,102,117,107,104,107,20,21,17,15,20
289005479,86,89,33,52,26,39,38,45,47,78,39,49,38,41,47,53,98,82,112,43,42,47,43,41,91,78,57,109,104,112,111,102,113,111
289005589,113,115,101,110,108,111,99,109,109,112,114,106,111,116,116,113,114,112,106,65,66,73,93,63,104,112,102,94,114,14,13,17,18,17
289009676,118,118,120,109,113,119,111,111,100,92,99,93,112,110,111,111,118,116,114,65,54,57,102,53,101,110,101,105,119,14,15,18,20,22
289013038,105,104,82,96,73,99,78,79,104,98,97,102,83,86,96,99,104,118,112,114,112,110,112,115,112,113,116,115,112,21,14,21,14,18
289019580,62,47,24,56,28,34,31,37,49,56,22,47,29,25,22,39,78,90,95,22,31,38,21,33,94,68,77,88,92,99,105,99,106,107
289020801,117,116,115,117,116,117,108,118,107,105,105,103,113,111,118,111,111,111,113,46,52,50,112,45,104,109,104,120,118,15,18,20,18,19
289034079,111,113,81,96,88,104,86,89,101,97,109,95,83,104,105,107,109,112,110,112,102,107,93,109,94,112,106,96,102,21,17,21,15,16
289039943,111,113,104,98,100,117,95,87,113,108,101,104,88,96,110,110,111,113,111,111,104,111,93,105,95,118,119,94,113,18,22,17,18,21
289045197,98,97,92,111,112,100,98,109,114,112,108,118,112,109,98,117,98,112,108,104,106,111,102,104,103,111,110,98,116,17,19,20,21,22
289048940,65,71,29,51,33,39,25,42,59,83,32,64,29,36,37,58,90,86,103,34,36,47,43,35,91,74,72,97,94,109,109,99,112,111
289051539,63,72,36,49,35,37,23,38,64,77,35,73,35,41,42,55,85,93,105,33,33,38,39,33,92,69,54,99,87,112,110,101,110,111
289107715,108,106,84,107,99,93,88,79,107,87,84,104,87,85,100,102,102,110,103,113,114,113,112,112,114,111,113,111,104,18,21,18,20,21
289121939,110,110,87,105,102,108,99,100,116,112,113,115,101,107,108,111,112,117,109,113,109,111,99,112,98,116,107,103,114,19,20,14,15,20
289138161,103,101,84,105,107,91,87,107,109,109,87,111,102,99,98,107,97,105,104,109,110,112,106,105,107,106,107,108,112,17,13,17,19,18
289140053,102,104,102,110,106,105,98,100,107,105,98,107,95,97,103,106,100,111,108,103,104,103,106,96,107,114,107,108,104,17,18,22,19,21
289164240,108,104,78,98,83,94,89,86,111,109,84,114,86,101,98,109,100,113,106,113,111,113,111,109,110,98,109,116,112,19,21,15,21,18
289166124,109,112,108,114,114,109,106,110,113,111,113,110,114,112,115,115,111,112,108,61,67,67,83,60,99,110,94,97,114,19,21,19,14,15
289167948,78,74,33,34,30,23,24,46,60,44,28,68,28,27,27,53,90,84,108,43,23,64,36,31,65,54,63,101,77,112,107,101,115,109
289176550,62,63,37,62,38,40,38,46,66,74,37,69,41,38,40,60,88,84,104,37,38,46,41,39,78,61,45,102,85,108,107,108,110,109
289181458,110,110,111,112,109,112,107,103,106,103,108,98,103,115,109,111,110,109,109,92,69,77,108,73,103,112,101,106,109,16,18,20,15,20
289182494,80,73,37,48,28,39,27,43,65,73,34,64,35,31,45,43,91,89,105,36,34,40,35,38,94,63,56,106,85,104,106,99,108,110
289190053,72,76,54,67,41,55,29,55,54,94,51,55,38,45,50,61,93,89,110,40,41,50,63,41,96,86,74,95,100,113,106,105,116,109
289192119,75,76,44,63,46,44,38,53,59,79,42,62,47,43,43,53,97,94,108,48,44,41,45,47,89,60,72,102,94,112,111,99,111,109
289194765,113,116,116,110,109,117,111,111,108,107,109,107,110,116,112,114,117,108,115,71,76,73,107,73,98,112,98,112,114,18,15,19,19,15
289200104,114,115,113,110,110,113,103,94,102,106,107,96,104,113,110,103,108,108,111,64,54,54,89,53,98,109,88,90,108,18,19,21,14,13
290200104,117,117,119,112,116,115,108,95,106,108,114,95,106,117,110,106,111,108,111,64,56,59,87,54,97,110,87,92,109,22,19,18,17,15
290235805,115,116,109,108,106,112,103,95,105,105,104,98,91,111,112,108,114,105,108,90,73,49,83,60,95,107,96,87,108,15,17,19,17,21
290238794,117,118,112,106,104,113,96,92,109,112,109,104,91,109,117,104,119,110,109,59,63,47,94,53,91,106,89,102,108,14,17,17,22,18
290239085,115,113,121,117,101,118,112,114,101,95,73,77,92,109,102,106,102,113,108,56,53,55,111,44,116,103,106,104,115,15,22,18,16,20
291199304,109,105,92,106,105,97,92,88,106,102,102,113,99,102,99,106,99,103,107,112,112,111,112,114,107,111,112,110,104,17,18,18,18,17
291199339,60,70,24,63,23,24,28,54,65,90,27,100,28,28,35,60,83,79,106,48,38,41,40,41,80,60,70,100,92,106,105,104,109,109
291200759,109,110,95,104,94,109,102,95,107,103,96,103,81,96,110,109,108,106,109,103,110,103,88,104,102,109,106,99,103,17,16,15,16,16
291205988,110,111,83,103,91,109,89,80,111,106,112,109,96,112,102,106,102,111,106,110,112,111,109,109,107,110,112,112,101,16,15,16,16,16
291206591,113,112,94,93,94,110,92,90,108,113,111,99,95,109,110,106,113,93,110,100,108,103,98,106,92,110,108,102,107,16,18,16,16,16
291209846,109,107,87,103,103,109,79,80,102,109,112,100,103,109,102,104,101,106,106,103,105,102,88,106,100,112,107,93,105,14,18,14,17,15
291211738,49,71,24,70,29,27,27,26,64,61,27,72,30,27,26,37,72,79,107,28,26,25,34,28,85,71,60,87,92,108,103,103,111,109
291212198,105,105,107,112,112,115,116,114,115,119,114,117,112,112,112,112,107,107,110,97,103,93,87,97,97,117,111,94,113,17,17,18,17,17
291216266,110,110,83,97,82,110,77,82,103,98,110,105,86,103,108,103,105,102,108,105,111,111,109,111,100,111,111,111,105,14,18,14,13,17
291216267,109,113,77,100,89,111,81,80,108,111,116,98,108,110,102,106,105,108,109,108,108,106,98,108,98,111,108,100,107,16,16,13,17,16
291220697,107,111,111,113,112,110,102,91,113,114,112,111,114,116,114,110,114,106,111,83,78,57,75,75,92,108,107,84,111,16,16,16,17,17
291220901,63,84,28,68,34,25,35,53,83,83,35,88,55,39,32,63,85,81,108,64,37,24,35,37,80,77,59,95,92,108,110,110,110,108
291221342,110,112,88,93,85,103,64,70,102,96,109,93,76,103,106,102,107,111,104,105,110,104,110,109,100,111,113,109,103,13,17,17,18,16
291227928,106,107,77,97,83,103,77,70,104,89,97,93,63,89,106,100,107,104,106,99,107,102,96,105,93,106,106,102,102,19,17,17,16,17
291231281,110,110,93,111,113,108,90,88,113,116,117,117,111,116,111,106,110,108,109,109,111,111,102,111,96,117,106,99,107,17,18,17,17,17
291231591,108,111,79,100,89,102,82,77,105,108,111,100,99,105,113,107,107,110,105,107,112,106,89,112,95,112,113,96,100,17,17,16,15,17
291231936,108,106,89,99,78,108,99,67,111,101,103,108,70,95,103,104,100,100,109,108,111,111,105,108,101,115,108,108,105,15,14,15,17,17
291232487,101,101,97,110,111,108,97,90,110,102,95,110,89,104,106,105,100,110,108,110,109,109,108,111,97,112,110,113,105,17,16,16,17,14
291232756,112,112,83,92,83,81,85,78,109,94,85,112,73,83,93,105,103,110,110,112,110,107,112,110,107,109,112,114,107,18,16,17,18,18
291236772,118,115,108,118,115,108,109,110,112,117,116,114,112,115,117,110,115,106,108,68,81,55,91,68,100,110,106,100,115,16,16,16,17,17
291237329,110,106,97,105,97,113,97,90,110,108,108,108,85,106,109,107,108,106,109,96,108,106,101,90,96,111,107,104,108,14,17,15,15,15
291237942,110,112,84,94,76,108,87,95,109,99,111,93,75,108,103,102,110,109,108,105,111,109,103,109,108,111,112,105,100,17,16,17,16,16
291239807,106,108,106,103,98,109,94,93,107,106,92,109,93,97,108,107,106,107,106,96,107,99,92,100,97,109,106,96,108,18,18,15,15,14
291239837,102,107,102,108,108,108,100,116,114,112,106,114,111,110,114,111,107,111,108,105,110,96,104,98,99,114,112,100,112,16,16,17,18,18
291240709,109,112,103,104,99,111,95,85,102,100,110,100,86,105,104,101,108,111,110,105,109,108,98,107,103,110,105,103,105,15,15,16,14,15
291241629,104,107,80,93,93,106,85,88,106,104,108,106,97,104,106,102,106,102,105,104,102,104,96,102,92,109,106,99,107,17,16,15,15,15
291243014,110,112,107,107,102,110,105,109,105,111,114,97,102,112,113,109,112,110,109,59,67,57,90,60,102,112,96,98,110,16,17,18,18,16
291243812,113,115,112,107,111,111,96,111,111,103,111,96,111,111,116,110,117,113,112,52,55,51,93,53,88,111,80,100,115,16,18,17,17,16
291246606,113,113,89,105,104,108,80,77,106,95,109,95,88,108,108,104,110,110,107,100,108,104,89,104,94,112,105,94,103,14,17,15,14,14
291258648,111,105,104,108,102,110,99,76,108,100,108,97,84,106,108,97,100,108,105,110,110,105,110,111,111,115,113,106,102,15,15,18,17,15
291259583,110,111,92,105,100,108,90,89,107,102,107,105,88,105,111,107,109,96,107,105,107,107,97,107,108,112,107,102,103,15,17,15,17,15
291261865,109,109,89,102,101,107,74,79,106,103,108,89,84,105,105,105,109,105,103,103,106,103,94,106,95,107,107,95,103,17,17,15,17,17
291262621,61,89,26,69,30,31,30,28,43,53,32,37,38,28,28,50,68,69,105,32,40,41,31,33,93,83,55,98,52,107,103,98,109,106
291264453,113,106,84,88,82,99,85,79,102,86,99,101,77,90,103,101,94,99,103,106,108,106,108,110,109,109,110,100,106,17,16,16,17,16
293191655,48,49,15,23,23,22,21,24,48,68,24,58,34,29,21,38,52,83,96,23,28,38,18,24,74,58,40,92,75,99,96,92,97,95
293212432,62,72,24,32,27,25,31,34,41,68,24,34,28,28,25,28,73,73,96,32,31,30,29,29,74,52,33,79,76,96,92,85,98,91
294255919,48,27,17,17,17,18,14,21,25,54,20,31,18,23,18,38,54,61,77,18,18,18,16,34,45,41,31,71,61,90,88,83,94,94
300073580,43,43,8,53,8,8,10,16,38,44,14,43,15,14,19,29,37,25,63,11,11,12,15,12,56,20,24,59,65,70,70,70,69,68
300079028,14,30,11,45,12,8,19,22,37,47,23,20,15,14,15,16,32,20,54,12,12,11,13,14,59,29,18,51,33,49,57,59,59,55
300167495,34,28,14,63,17,13,12,46,56,63,16,62,12,15,29,42,48,34,75,18,11,29,25,12,74,41,28,66,62,75,75,83,73,79
300177683,51,45,14,59,13,16,10,24,45,59,14,38,14,13,22,29,53,54,75,11,20,21,11,15,63,43,36,63,51,76,75,78,81,80
300186569,38,39,13,44,12,10,14,22,33,40,15,29,16,13,14,22,35,37,67,17,19,15,10,15,59,28,25,56,43,68,64,58,70,67
300191655,35,35,13,48,20,17,15,13,43,58,15,25,13,17,14,25,36,54,66,16,19,25,12,13,44,33,27,55,56,67,62,63,69,67
300192119,49,40,15,53,18,14,13,27,32,51,15,34,20,19,14,23,59,43,81,20,19,16,14,17,65,36,23,63,61,78,82,70,83,81
300192129,45,48,14,50,13,16,12,14,44,33,12,31,12,20,15,24,53,43,67,18,14,23,14,16,67,31,24,64,47,63,63,65,63,65
300192448,45,39,15,60,11,12,15,25,58,65,19,59,13,19,21,29,35,41,76,25,14,22,12,11,69,34,41,64,65,76,76,80,75,77
300193105,51,52,19,52,15,18,17,25,45,55,20,51,17,17,16,22,54,54,68,14,19,23,15,13,73,36,26,69,59,72,69,68,72,70
300199987,45,48,11,50,16,12,19,21,40,51,18,30,11,11,13,29,43,44,69,19,13,25,13,12,61,34,25,62,57,71,70,65,71,70
300203841,44,47,15,48,16,14,15,22,40,47,12,49,13,14,16,25,35,40,72,19,16,23,12,15,69,34,35,66,59,75,74,63,75,71
300204935,44,53,19,61,14,19,20,45,55,64,18,57,17,19,20,40,55,51,75,21,20,26,19,13,67,38,43,69,60,77,72,81,80,75
300205812,40,38,12,51,12,13,17,22,27,43,14,21,13,13,16,22,45,43,65,20,12,17,16,19,56,32,21,58,60,73,69,67,75,72
300206585,40,36,12,58,11,11,11,23,56,56,14,56,16,20,20,32,43,36,71,20,18,20,16,19,51,34,20,56,58,71,72,75,75,71
300210257,59,59,15,63,19,20,19,60,60,65,20,63,20,37,29,43,56,45,73,28,16,27,15,10,72,42,36,72,65,74,75,83,75,76
300211738,35,28,17,56,12,15,15,23,51,51,15,52,13,19,13,33,33,36,68,16,14,13,12,20,67,27,31,59,58,73,70,74,74,70
300212831,46,56,14,60,15,14,20,23,56,61,18,54,19,19,27,40,38,35,80,16,19,12,28,17,72,31,27,75,61,79,78,79,82,83
300215698,58,60,16,59,20,16,17,16,59,60,19,57,17,36,29,38,60,52,79,23,19,25,18,20,76,37,34,75,63,77,77,78,81,77
300216065,36,45,19,52,18,19,13,21,51,54,14,49,21,29,19,22,51,54,63,26,18,28,19,14,61,35,23,62,60,69,67,68,70,73
300217141,43,43,20,45,19,20,13,24,25,54,19,31,17,18,18,16,30,48,56,19,12,18,18,14,57,32,34,58,34,60,60,59,60,61
300219836,43,43,14,45,18,19,19,25,22,40,16,20,16,20,17,15,50,27,65,14,15,20,20,14,64,37,22,62,46,67,64,59,70,64
300220901,55,59,19,60,15,16,20,26,58,63,13,62,16,19,19,41,63,43,77,27,15,12,20,14,36,30,28,59,63,79,77,80,80,78
300223885,43,46,19,59,19,11,14,17,51,60,16,45,20,20,26,39,33,54,73,23,15,20,14,14,68,37,23,65,62,75,69,77,75,71
300228789,60,51,13,55,13,13,13,18,49,51,14,47,14,14,20,43,43,34,73,20,18,16,16,16,71,38,34,69,51,75,73,72,75,74
300230621,51,47,13,51,19,15,10,24,38,56,13,36,15,13,27,29,53,36,80,21,15,26,13,17,69,39,29,67,51,83,76,67,83,80
300230670,35,31,12,51,14,13,16,19,40,59,19,38,20,22,19,15,35,27,72,11,19,25,14,15,75,36,34,63,42,72,71,67,71,71
300235840,53,51,11,55,19,11,12,18,47,60,14,47,15,18,29,34,51,51,64,21,17,16,12,13,63,35,26,64,52,75,72,73,78,76
300237678,76,64,28,43,30,42,27,39,72,59,36,70,27,47,63,69,51,42,77,79,79,76,76,78,83,69,77,76,74,11,9,11,16,11
300240091,46,51,8,56,7,14,9,14,53,63,12,51,11,15,22,39,52,36,74,23,12,16,12,14,56,36,28,62,58,75,73,74,77,75
300243675,43,35,11,50,10,10,10,13,26,33,12,25,14,13,13,18,35,40,63,15,12,9,11,11,61,31,25,57,48,71,64,65,69,67
300259532,42,45,8,56,11,8,9,19,48,59,14,46,13,13,18,27,55,40,71,9,14,14,13,15,55,34,29,60,55,77,77,74,79,77
300263673,39,45,11,54,13,6,15,27,43,61,14,41,15,17,13,18,37,34,67,11,11,10,12,18,50,37,24,55,33,69,68,71,71,69
300263887,32,30,7,57,18,10,10,16,36,40,11,48,13,13,10,20,29,35,60,10,15,15,14,11,48,24,27,51,40,72,67,75,71,70
300269161,18,21,10,45,10,8,13,19,21,24,13,29,13,16,11,13,26,46,63,9,15,11,13,16,38,19,22,40,22,64,65,59,66,67
300269626,41,38,12,51,12,12,12,14,44,47,12,47,13,13,20,43,43,33,71,20,16,16,14,18,67,35,27,62,58,74,72,67,75,71
300277669,28,24,8,45,11,7,8,18,28,44,14,17,15,14,8,15,36,24,59,10,13,14,11,14,60,19,20,51,26,60,59,59,63,61
323174543,51,54,14,58,18,17,12,23,55,65,13,57,36,25,22,31,59,58,67,16,19,23,19,19,62,37,38,67,59,72,74,76,74,73
324213951,48,51,11,50,14,10,11,19,27,16,12,21,10,13,11,20,53,25,71,15,11,12,13,10,73,40,22,61,39,68,67,65,70,68
504251157,42,35,25,33,25,23,24,30,40,47,26,39,29,28,27,26,50,56,61,25,30,28,27,28,74,41,39,68,41,66,69,61,72,69
507238570,44,41,35,36,34,35,34,33,32,68,30,43,31,29,33,36,47,41,76,40,31,29,36,30,55,39,40,47,71,80,76,77,80,79
508186153,57,61,26,29,28,28,28,32,44,58,26,48,28,30,25,35,64,61,88,33,27,29,30,26,73,56,51,79,73,92,88,80,94,93
510212432,66,68,38,38,34,32,38,38,46,78,31,42,35,38,32,38,49,69,86,47,38,37,36,36,51,47,38,71,78,89,85,75,94,86
511202811,69,71,33,74,33,29,30,56,63,77,38,71,36,38,30,50,62,62,90,28,36,30,42,36,81,54,51,72,72,94,92,91,94,92
511224987,54,58,34,66,36,33,31,38,49,68,37,39,30,30,33,38,52,58,81,38,38,38,34,37,68,43,43,68,74,87,84,82,89,84
511234102,53,57,36,68,35,28,34,33,41,52,31,43,33,34,33,35,58,55,76,30,36,32,34,33,71,48,39,72,58,89,80,84,90,85
515204935,66,75,41,83,36,41,42,67,77,86,40,79,39,41,38,62,75,73,93,43,42,46,41,35,89,62,65,91,82,98,94,103,102,96
517167948,72,73,33,71,37,33,39,60,71,76,38,73,35,38,36,50,68,74,91,46,36,47,33,41,59,52,52,73,73,94,92,86,93,93
517177683,75,69,38,83,37,40,34,48,67,83,38,60,38,37,46,53,77,78,100,35,44,45,35,39,87,67,60,87,75,100,99,102,106,104
517185122,64,62,33,74,35,34,33,46,56,64,39,52,34,41,41,47,61,62,97,47,39,45,45,42,90,57,55,89,65,98,98,90,99,102
517192119,71,62,37,75,40,36,35,49,54,64,37,56,42,41,36,45,81,65,103,42,41,38,36,39,87,58,45,85,83,100,104,92,105,103
517192563,69,72,32,74,36,30,32,44,68,71,32,66,31,32,38,55,69,63,92,48,37,46,35,40,86,63,48,86,80,95,94,91,96,95
517193080,63,64,34,70,33,31,34,48,58,63,38,57,39,41,39,51,76,58,98,36,40,41,39,36,56,49,36,73,63,98,92,86,100,97
517193698,62,58,35,78,37,34,35,45,56,65,38,52,35,36,42,41,66,64,98,39,42,44,40,38,87,60,54,84,72,99,98,95,99,97
517200389,73,63,35,78,36,35,37,35,64,85,37,61,38,37,36,52,82,68,101,50,38,47,39,42,95,63,58,90,86,101,106,95,103,102
517202811,75,73,39,80,39,35,36,63,79,84,44,77,42,44,46,63,73,68,97,47,42,43,48,42,94,60,60,95,86,98,97,97,100,100
517204883,78,68,33,78,33,34,36,38,67,67,33,65,36,37,37,57,59,73,94,35,37,41,38,35,94,57,48,89,83,94,96,96,96,96
517211738,57,50,39,78,34,37,37,45,73,70,37,74,35,41,35,55,55,58,90,38,36,35,34,42,89,49,53,81,80,95,92,96,96,92
517212831,67,77,35,81,36,35,41,44,77,82,39,75,40,40,48,61,59,56,101,37,40,33,49,38,93,52,48,96,82,100,99,100,103,104
517215316,71,74,38,78,40,35,39,46,57,85,35,69,42,41,37,38,76,69,95,38,36,43,35,40,89,62,48,89,79,97,93,96,98,97
517215698,80,82,38,81,42,38,39,38,81,82,41,79,39,58,51,60,78,74,100,45,41,47,40,42,98,59,56,97,85,99,98,100,103,99
517223885,64,67,40,80,40,32,35,38,72,81,37,66,41,41,47,60,54,75,96,44,36,41,35,35,89,58,44,87,85,96,91,98,96,93
517224003,69,65,39,74,37,36,39,53,46,57,42,43,43,43,38,49,65,65,93,38,40,35,37,41,84,62,47,83,72,95,94,91,96,93
517224987,60,64,40,78,42,39,37,44,79,81,43,74,36,36,39,44,58,64,91,44,45,44,45,44,74,49,49,82,85,98,95,96,99,98
517227127,65,64,36,78,34,34,38,46,57,64,35,50,40,37,41,48,87,60,94,37,40,42,36,41,89,62,55,86,73,98,94,96,99,99
517228618,100,99,81,86,81,92,69,68,93,90,90,91,65,89,90,90,94,95,96,92,96,95,87,95,99,100,96,102,92,31,39,33,33,33
517230621,73,69,35,72,41,37,32,46,57,78,35,55,37,35,49,51,75,58,102,43,37,48,35,39,91,61,51,89,73,105,98,87,105,102
517230869,69,67,37,75,36,37,40,46,58,67,39,55,37,42,35,39,57,66,97,34,41,48,41,35,92,64,50,90,60,99,96,92,100,99
517230872,75,80,39,78,43,35,41,59,64,74,43,64,46,47,50,51,85,75,97,37,48,38,46,43,81,55,51,91,69,98,98,95,102,99
517232656,108,105,90,103,92,98,98,92,99,93,101,89,92,98,100,101,100,90,100,94,101,96,94,94,98,104,100,107,98,37,35,33,33,33
517233306,74,73,33,76,30,32,29,39,65,73,37,67,33,36,36,56,79,74,97,38,37,34,36,37,81,53,56,86,78,97,94,93,97,96
517234396,108,110,82,91,82,94,78,74,100,94,101,89,65,90,101,101,100,99,102,90,91,96,91,90,92,96,90,110,95,35,35,31,38,30
517235840,75,73,33,77,41,33,34,40,69,82,36,69,37,40,51,56,73,73,86,43,39,38,34,35,85,57,48,86,74,97,94,95,100,98
517240091,69,74,31,78,30,37,32,37,76,86,35,74,34,38,45,62,75,59,98,46,35,39,35,37,79,59,51,85,81,99,95,95,100,97
517246139,58,54,30,76,32,29,29,40,54,59,33,75,35,35,35,43,68,70,91,33,33,30,34,34,73,49,40,73,58,91,89,93,94,91
517251752,65,71,33,73,32,31,33,39,58,66,35,55,37,38,37,40,58,58,96,33,33,33,35,34,72,61,45,81,65,99,95,89,101,96
517254803,47,41,33,72,32,30,32,34,60,51,37,59,34,35,38,41,60,49,89,31,38,38,37,35,95,50,50,81,57,95,93,88,93,95
517259532,64,67,30,76,33,30,31,41,67,73,36,68,35,35,40,49,77,62,93,31,36,36,35,37,77,56,51,81,77,97,97,93,101,98
518070419,105,107,98,103,103,106,98,99,106,102,95,104,100,96,107,105,104,96,106,99,105,102,103,99,120,118,104,118,94,52,53,55,56,53
518070428,106,115,105,97,96,103,94,94,92,85,74,77,81,86,97,92,99,96,90,57,63,59,96,59,121,110,82,121,94,55,51,49,47,49
518077320,122,123,94,101,85,97,87,86,88,91,88,83,84,87,98,97,123,121,92,67,65,69,73,62,102,123,91,100,90,53,49,48,50,49
518199231,113,110,84,93,89,94,90,88,95,91,101,91,90,94,96,95,107,107,100,96,98,96,91,100,111,108,113,110,93,53,51,57,52,51
518200601,102,92,96,106,105,101,103,103,104,103,106,103,111,106,102,103,105,108,102,93,94,100,90,91,102,107,98,97,106,50,52,52,48,52
518210941,83,83,59,87,59,54,56,64,69,81,55,67,56,53,57,64,99,91,101,56,59,62,57,55,96,62,64,99,96,107,108,102,111,107
518212839,85,82,57,82,54,56,58,64,67,87,60,58,55,59,60,65,69,89,87,54,59,62,53,55,99,64,65,95,64,97,100,94,97,97
518221759,86,86,59,87,54,52,53,61,71,68,57,61,58,59,57,60,78,91,102,62,59,63,57,54,92,66,59,97,94,103,103,101,104,105
518222702,90,79,76,77,65,89,74,68,91,87,68,91,63,61,83,81,76,102,89,94,100,101,94,99,107,111,97,98,87,52,55,54,50,52
518229343,110,112,95,107,99,107,101,100,107,97,107,99,101,99,107,107,108,123,107,99,105,107,96,101,104,111,107,109,98,53,51,49,50,51
518232065,81,81,58,86,57,59,58,59,80,89,54,67,53,54,54,59,88,92,96,53,57,59,59,64,82,80,79,87,96,105,104,100,105,100
518232857,112,116,96,98,92,101,91,86,93,94,99,91,86,89,100,99,114,101,99,93,92,91,92,93,101,117,93,109,91,56,48,53,49,51
518232865,114,115,100,92,91,93,91,89,100,90,92,85,75,75,96,97,112,112,94,92,103,95,91,99,103,122,90,109,99,51,55,52,49,48
518233280,111,110,68,80,75,86,75,76,94,91,91,92,86,85,97,98,109,103,97,93,96,97,83,95,100,115,90,100,100,51,56,53,51,53
518233286,64,67,56,84,59,59,58,55,63,87,52,65,54,56,57,55,72,73,103,54,52,53,55,53,95,75,68,91,70,107,103,99,105,100
518234328,69,72,57,80,58,55,59,57,63,90,54,55,56,54,52,59,62,70,86,54,54,56,56,55,91,62,67,86,72,94,90,92,97,94
518238570,67,64,58,87,57,58,57,56,55,91,53,66,54,52,56,59,70,64,106,63,54,52,59,53,78,62,63,83,94,110,104,102,110,107
518243064,110,110,92,94,97,98,80,82,103,99,85,100,91,93,99,100,115,109,99,80,91,91,80,83,100,117,93,98,91,51,54,55,52,51
518252150,97,91,91,112,106,81,92,93,105,101,102,101,105,96,93,96,82,91,97,102,102,100,100,100,113,102,106,115,99,53,51,54,51,51
518255035,114,113,75,91,73,96,68,73,95,91,100,88,72,84,98,95,107,107,95,97,98,97,82,96,105,113,93,100,89,53,53,51,49,53
518259325,118,122,94,104,99,100,100,95,91,97,90,94,97,99,103,100,115,111,96,87,88,83,81,83,107,114,93,106,99,55,49,55,49,49
518260474,103,101,90,102,102,99,83,82,106,102,89,103,83,83,98,104,98,99,104,99,107,106,100,101,112,120,105,110,98,54,51,55,54,56
518261078,112,112,85,92,89,94,84,94,93,83,94,85,83,88,99,96,111,110,100,95,96,98,83,92,98,112,74,100,94,53,50,50,54,51
518261122,107,107,68,91,67,90,69,74,95,83,100,88,70,96,94,99,106,104,99,95,96,96,88,95,103,106,96,102,96,54,55,53,54,51
518261128,116,114,89,98,94,99,84,79,106,91,84,105,77,76,103,99,113,98,101,99,101,103,106,97,112,114,105,121,95,52,51,51,49,53
518269093,108,110,84,91,83,95,84,76,85,79,98,69,83,85,103,97,108,105,98,92,99,95,74,92,102,118,88,96,89,51,51,52,55,50
518272988,94,96,85,89,85,85,78,86,107,105,81,104,89,75,99,99,105,108,99,85,94,97,79,85,106,113,99,93,86,48,52,48,49,53
518273460,115,114,93,104,103,103,98,96,100,99,102,97,105,102,106,103,112,112,103,77,79,80,91,75,111,117,81,106,99,49,50,51,48,51
518273633,120,116,62,76,61,69,65,75,91,79,79,70,68,67,78,89,108,96,98,99,99,97,103,95,111,109,99,119,83,55,51,53,49,51
801005099,114,113,86,103,101,112,88,91,102,103,116,100,91,106,113,105,108,110,110,114,111,113,102,114,105,112,111,99,108,17,17,19,18,20
801006235,116,116,110,120,120,113,103,101,111,113,116,111,115,110,116,112,114,120,113,100,100,103,100,93,105,119,116,102,117,16,16,16,20,19
802000194,114,114,109,107,106,110,102,92,109,106,109,99,100,107,114,106,112,96,110,58,63,52,96,54,96,112,94,98,112,15,15,16,16,17
802000250,108,108,101,116,114,112,105,107,111,116,120,117,120,120,111,111,108,113,108,95,98,95,100,101,100,116,114,97,114,17,16,15,15,17
802000388,110,108,97,98,83,99,77,73,102,102,80,106,63,83,89,94,98,113,106,110,111,110,117,112,117,105,113,114,106,17,16,17,17,18
802001041,115,115,87,111,107,108,93,92,108,108,113,105,86,102,113,112,112,118,112,113,112,112,106,112,106,120,117,93,113,16,16,14,14,14
802001088,108,106,90,93,73,80,87,74,103,105,78,114,75,83,97,103,98,111,108,114,112,116,113,114,109,102,114,111,111,15,14,17,16,15
802001109,115,115,92,99,88,106,93,83,108,105,110,108,69,100,108,104,109,118,112,116,114,116,116,116,110,114,113,116,109,18,17,16,19,17
802001620,105,105,90,113,108,105,96,95,113,107,110,113,105,110,108,110,110,113,107,110,110,110,105,112,109,113,114,107,110,17,15,17,15,17
802005454,111,113,83,98,88,109,87,109,109,94,110,109,80,105,103,107,104,110,111,110,107,110,90,112,101,109,110,95,106,17,16,16,18,17
802005471,106,106,114,116,117,114,111,114,114,114,110,114,114,111,108,111,104,110,111,88,94,92,99,83,103,114,101,100,111,19,18,18,16,16
802005479,89,95,34,60,30,41,39,47,52,79,43,55,36,48,43,54,100,85,113,45,43,53,50,44,93,81,58,111,107,113,114,101,114,113
802010535,104,107,96,106,111,105,96,110,117,117,116,117,116,116,116,117,116,119,110,98,102,103,73,93,95,116,108,89,118,18,16,16,16,18
802013038,104,106,86,97,74,96,83,82,103,96,93,104,85,87,93,98,101,117,111,114,111,113,114,114,111,114,116,117,111,17,17,17,18,18
802048940,68,80,33,60,34,43,27,46,64,87,37,68,30,41,36,63,93,90,108,38,40,49,47,36,94,80,79,100,98,113,110,102,115,113
802051539,65,75,35,51,37,38,26,36,66,78,36,75,36,36,41,56,89,92,108,34,35,37,38,36,90,73,53,101,89,114,108,102,111,114
802054050,110,110,116,113,111,113,114,114,105,106,102,111,111,112,111,110,110,116,109,74,82,70,112,69,112,112,114,109,114,17,17,18,16,15
802121939,111,110,83,107,101,112,93,97,115,112,117,115,107,112,109,112,112,118,111,114,109,112,96,114,99,115,110,105,112,17,19,18,18,17
802138956,104,103,92,106,88,95,98,83,110,103,94,115,80,96,99,101,99,115,106,114,114,114,114,114,115,112,115,114,110,16,16,15,16,17
802161840,104,102,96,112,103,108,93,115,112,107,92,116,104,108,99,108,105,113,107,115,112,116,115,110,112,115,115,117,112,18,17,17,18,17
802166906,110,108,81,100,95,82,83,103,111,111,93,117,81,95,98,105,103,120,111,116,113,118,111,117,109,111,117,119,111,17,17,17,18,17
802167495,88,94,34,73,43,44,34,63,80,97,48,99,36,54,63,87,99,97,112,73,38,63,60,60,94,73,90,109,101,112,111,109,116,114
802167948,80,78,34,35,32,24,28,44,58,46,31,63,30,30,28,51,92,87,110,48,28,58,34,33,68,58,67,103,80,113,108,98,114,112
802177003,103,105,93,113,112,106,106,103,118,115,113,118,105,115,116,113,119,117,112,93,101,103,90,93,92,113,100,94,119,17,17,16,16,17
802182494,79,76,34,45,27,37,28,39,68,75,33,73,34,33,43,48,90,88,106,33,36,38,34,34,92,66,55,107,83,110,105,100,109,105
802182521,104,104,96,112,113,107,100,103,117,117,119,119,115,117,112,112,107,112,107,100,112,103,91,93,105,112,103,94,117,18,17,16,18,16
802189332,114,115,92,97,97,113,92,90,111,103,110,107,93,110,110,110,114,113,111,108,108,113,90,111,98,112,110,100,112,17,18,17,17,17
802190043,116,118,120,117,119,112,112,114,109,109,103,109,114,114,120,114,120,119,112,65,63,69,108,62,105,111,92,115,120,18,18,19,18,18
802191189,111,111,109,118,118,113,103,115,116,113,103,116,113,108,113,111,110,118,113,111,113,111,96,113,107,115,118,100,115,17,17,16,16,16
802192448,69,72,38,47,35,33,36,37,81,91,40,83,47,43,59,58,99,89,111,38,38,46,34,37,87,61,66,103,93,110,107,110,114,112
802193698,56,67,23,64,27,31,28,34,49,65,25,56,34,27,34,47,66,75,107,26,35,30,40,26,88,71,51,95,81,108,107,99,109,109
802193747,104,103,101,110,100,113,89,91,112,116,115,112,108,113,109,109,104,115,108,108,111,108,95,105,109,117,108,93,108,17,17,18,16,18
802199564,108,106,87,98,96,108,84,90,112,105,108,109,93,108,111,107,105,105,106,106,111,108,93,110,97,112,104,89,110,18,19,17,17,18
802200389,76,79,33,56,40,34,32,34,61,80,34,59,34,41,36,54,105,95,111,58,36,47,34,39,95,70,60,102,100,109,115,99,114,113
802200724,110,108,89,101,70,101,86,78,109,92,96,103,102,92,91,102,100,108,108,109,110,109,109,111,108,106,108,110,100,17,16,18,16,18
802201535,112,110,89,93,83,88,81,76,110,97,63,114,85,84,97,103,104,108,108,113,110,110,116,111,110,110,110,113,111,17,17,14,17,18
802204963,112,114,84,98,80,113,82,78,111,105,112,111,77,103,109,104,110,112,112,110,111,111,99,110,100,114,112,102,102,18,18,18,18,14
802208830,114,115,115,111,100,116,112,114,96,97,99,86,90,110,104,106,103,110,114,78,81,52,104,84,98,113,110,95,105,18,17,16,17,18
802209846,108,110,89,108,109,108,87,84,103,112,114,97,104,112,103,102,103,108,107,104,109,105,89,109,101,113,108,94,106,16,18,16,16,15
802210603,103,103,77,99,93,104,83,81,101,104,106,92,93,104,102,98,103,104,102,98,99,101,86,102,85,106,99,96,95,18,18,18,17,17
802226764,116,120,118,108,110,116,112,110,105,96,110,98,108,115,120,113,120,118,116,68,73,74,106,71,96,112,91,111,118,16,17,17,15,18
802247703,117,117,117,114,112,114,114,110,97,89,75,79,92,106,97,111,111,107,113,64,61,57,112,54,107,111,100,104,114,17,16,17,16,16
804243585,73,76,41,83,54,50,43,56,82,93,44,85,46,48,46,58,87,79,97,54,51,50,47,46,86,56,55,108,75,102,96,102,104,99
804261299,104,105,94,95,99,100,91,88,105,102,100,102,99,100,103,102,106,103,99,94,96,96,95,91,97,106,97,99,103,13,15,20,13,17
804262621,67,80,28,73,28,30,29,33,47,53,35,33,32,27,33,46,63,67,100,27,36,34,32,32,95,75,50,96,50,103,100,94,104,103
804263063,53,62,45,83,47,43,44,55,83,89,49,82,48,50,47,49,68,74,97,43,53,49,54,47,91,61,63,83,64,100,96,98,102,99
804263578,111,113,84,86,85,96,83,73,112,104,108,94,76,95,109,107,114,103,108,102,106,104,94,108,94,109,99,90,100,14,17,17,22,18
804263620,105,106,83,94,93,93,88,91,111,101,83,101,85,98,103,109,108,107,103,101,105,102,97,98,105,107,105,99,107,13,13,11,18,16
804270086,107,105,66,81,66,82,63,64,111,88,67,106,56,85,81,104,84,100,98,110,110,108,105,105,109,105,101,108,106,21,20,19,19,15
806191655,49,56,21,56,25,24,23,27,58,73,28,68,36,33,22,32,75,80,100,29,31,40,23,26,77,60,42,93,77,105,100,102,102,104
806212432,57,77,28,57,31,32,29,34,63,77,28,62,38,30,32,50,90,84,104,42,32,34,33,29,77,63,41,87,97,106,103,94,106,103
806266323,46,39,22,54,27,24,16,25,50,65,28,62,35,30,23,31,56,50,89,35,29,26,36,27,70,49,60,88,56,96,96,87,93,95
810184392,105,105,73,89,79,107,74,73,106,91,107,94,68,104,97,106,102,102,106,107,108,99,99,108,93,105,105,99,105,17,16,16,16,15
810192448,61,64,33,49,31,30,35,29,74,87,41,81,43,33,53,52,91,84,101,33,32,39,32,32,86,51,65,95,84,105,105,100,107,106
810205452,115,113,79,109,97,94,80,75,112,95,88,114,80,85,99,104,101,109,111,113,114,110,115,112,114,111,116,112,107,19,20,20,20,17
810206585,66,70,34,67,37,38,33,47,66,70,37,68,32,38,31,46,82,78,102,38,34,40,36,32,83,50,48,95,76,105,102,99,106,99
810210257,82,80,28,78,35,38,38,55,79,95,45,90,33,52,55,79,94,85,101,47,42,55,43,47,89,60,78,94,91,104,103,102,104,102
810225375,110,110,88,98,90,97,84,82,106,100,101,100,71,96,101,104,100,101,106,110,110,112,95,112,99,112,113,103,105,17,17,17,17,17
811000194,116,116,102,111,110,113,105,95,113,113,111,100,101,111,116,109,114,98,113,60,61,55,95,53,100,116,95,100,114,23,25,26,26,23
811005454,114,115,90,103,90,112,90,106,111,101,111,111,84,108,106,108,106,113,113,113,110,111,99,114,102,112,113,101,108,25,24,25,23,24
811139869,103,103,111,120,120,113,110,108,116,118,116,118,118,119,110,114,110,113,112,79,76,79,83,70,98,109,93,89,115,24,26,26,25,24
811184943,114,113,100,103,97,110,97,93,110,105,101,104,92,107,110,106,107,111,113,113,110,113,91,113,105,116,114,101,110,25,27,24,24,25
811274967,113,108,99,118,114,113,110,100,110,105,112,104,111,110,102,109,100,99,109,108,112,108,97,112,108,115,110,96,105,24,26,25,23,27
813001040,118,119,100,121,116,110,103,103,107,107,116,109,118,119,108,110,109,119,116,111,109,111,100,115,106,115,111,110,107,14,20,17,18,20
813009676,119,120,121,110,111,119,112,112,104,95,100,96,109,112,113,113,118,118,114,70,55,56,103,58,99,112,103,107,120,13,18,14,19,19
813020289,106,104,107,118,116,107,99,114,114,111,95,112,113,114,117,109,101,114,104,103,112,103,98,101,117,115,112,96,114,21,21,14,15,19
813028130,114,118,113,113,116,107,110,115,113,111,107,110,119,118,123,119,118,121,114,58,63,43,96,48,104,113,90,106,120,18,21,21,22,17
813051257,99,98,109,107,100,112,110,105,106,100,85,80,84,93,102,106,93,105,104,63,57,61,115,55,106,103,97,104,109,18,20,15,19,15
813214101,115,118,108,104,105,107,101,109,104,103,106,101,105,106,118,110,117,115,113,61,53,55,95,52,97,104,97,87,112,14,19,21,16,19
813222481,105,102,100,104,97,103,95,107,111,101,87,109,93,94,101,111,103,113,107,111,109,111,114,109,110,108,107,109,109,16,19,21,14,14
813226764,116,122,120,107,108,114,109,108,107,98,111,98,107,111,122,112,121,119,118,73,74,77,109,72,98,114,95,113,119,19,18,17,21,16
814000027,114,114,107,110,109,115,105,94,112,112,110,102,105,113,117,113,118,116,114,71,71,73,93,63,97,108,103,101,117,18,18,21,15,22
814000250,105,106,104,113,115,110,106,113,113,116,119,117,119,120,109,113,106,113,105,93,96,93,97,98,100,113,113,96,115,19,21,14,16,22
814000388,116,111,91,99,89,95,78,75,105,102,79,107,67,88,92,98,101,117,111,115,114,112,120,117,122,107,118,119,109,21,17,21,18,14
814001114,111,116,117,109,108,115,110,116,114,112,108,109,114,119,120,118,117,118,113,60,58,56,99,56,94,105,88,93,120,14,21,16,18,17
814001419,111,107,103,111,111,112,94,100,117,110,91,112,91,100,112,114,103,112,108,111,114,115,110,111,118,119,117,111,117,19,17,17,21,22
814001625,115,115,117,111,111,114,111,110,105,102,107,103,110,118,114,113,115,113,108,63,64,61,102,65,103,106,92,103,119,20,15,14,19,18
814005471,109,110,117,119,120,118,114,122,119,116,114,118,114,116,112,118,109,113,114,98,104,104,103,94,108,118,107,105,119,20,22,22,15,16
814005589,119,118,109,115,113,116,105,113,113,115,122,108,118,121,119,116,118,118,112,80,74,78,98,73,107,118,108,99,119,18,18,19,20,19
814007512,112,113,116,111,105,116,111,109,99,103,100,83,91,100,108,112,111,113,111,57,59,58,116,58,107,106,93,114,116,21,14,13,21,18
814020801,111,111,118,116,116,119,113,120,106,105,104,100,108,110,110,112,106,111,109,52,51,45,113,44,104,103,105,118,120,14,17,21,20,21
814034079,118,120,91,104,95,112,96,98,109,105,115,105,94,113,113,113,116,118,116,118,110,114,101,115,102,118,114,104,110,22,18,21,15,16
814037576,120,121,121,112,109,119,115,110,106,99,96,96,102,114,121,115,119,121,116,57,59,54,106,53,107,109,85,104,121,14,21,20,18,17
814039943,115,116,104,101,101,118,100,97,114,113,105,105,93,102,114,111,114,117,116,113,107,116,97,110,103,121,121,101,117,18,21,18,20,21
814107715,101,98,72,100,89,87,77,73,101,81,73,101,74,74,92,94,92,107,94,111,108,105,104,105,113,101,107,109,96,15,18,13,15,21
814121939,111,111,89,105,104,113,95,99,114,111,116,113,99,113,108,111,112,117,114,115,108,111,98,114,101,117,110,104,117,19,21,18,15,21
814138449,121,121,110,113,110,114,109,112,112,113,106,108,104,112,116,113,117,112,113,68,68,66,97,65,106,112,90,105,117,16,21,20,17,16
814143001,113,115,117,114,114,114,109,107,111,111,99,102,104,110,116,109,112,119,114,63,74,63,102,70,111,113,116,98,113,19,14,18,18,13
814155355,111,115,104,93,93,110,90,96,111,114,112,102,97,112,114,111,116,110,113,84,88,86,99,78,93,106,107,101,114,15,17,17,17,19
814158023,111,112,113,115,117,115,112,109,119,118,110,116,112,121,122,117,110,121,110,47,48,48,92,44,93,99,78,88,123,18,19,23,18,21
814165153,104,104,116,111,105,116,112,113,113,112,97,104,104,111,112,116,103,111,105,58,50,59,113,43,108,103,93,106,120,21,20,19,17,18
814165889,109,110,102,106,108,110,106,110,108,107,99,94,109,113,104,107,107,107,104,53,54,57,107,58,107,98,93,112,105,19,20,17,15,21
814167198,112,114,117,115,115,116,116,114,111,113,107,111,111,114,115,118,112,116,111,62,68,64,114,66,111,111,118,111,120,21,21,16,15,20
814180283,102,98,106,115,115,103,93,104,115,114,108,116,112,112,103,111,99,106,101,96,103,100,95,93,109,111,105,95,114,19,16,13,18,14
814188545,112,113,122,114,111,120,118,121,109,106,96,100,109,116,110,117,112,121,113,59,63,58,115,43,116,107,107,116,121,21,16,20,20,18
814189332,108,108,92,93,91,112,88,87,114,103,109,100,90,106,102,113,107,111,107,107,109,107,93,107,95,109,102,104,111,17,20,18,17,14
814190045,112,115,112,107,111,112,114,107,114,113,105,108,109,116,117,116,114,110,114,63,58,78,103,61,101,108,103,99,115,14,21,15,21,18
814190871,117,120,115,109,110,115,108,117,114,117,109,108,114,115,120,117,120,110,115,60,58,57,89,53,94,105,93,95,119,17,18,22,19,21
814198861,105,107,90,105,103,98,83,92,114,98,95,115,93,106,105,114,112,114,114,107,112,111,102,103,102,111,113,106,111,21,18,14,21,19
814200145,103,102,102,107,105,99,94,88,112,105,88,113,97,95,102,109,101,112,109,113,113,113,114,114,113,112,116,111,111,18,20,21,18,15
814204485,109,110,111,111,111,112,101,108,112,112,114,111,111,114,110,112,113,109,106,64,63,62,85,54,95,103,97,93,111,21,15,19,13,16
814208128,105,105,107,117,119,107,102,117,118,118,119,118,117,119,107,114,108,109,110,95,103,98,87,91,101,114,102,87,113,14,21,17,18,13
814209499,96,100,85,104,95,93,75,93,112,104,100,114,91,100,103,109,92,108,104,109,112,111,105,111,106,107,112,104,109,19,16,14,13,14
814212622,108,108,98,112,114,106,94,94,118,114,119,118,111,114,107,115,110,112,110,108,112,113,100,108,103,120,115,104,114,19,22,18,21,22
814215914,109,110,91,98,94,103,84,93,108,103,95,106,86,94,108,109,111,114,112,113,114,113,86,108,98,114,115,104,109,19,18,14,15,14
814223197,105,105,111,115,108,113,104,108,105,96,88,86,108,106,107,108,106,103,107,57,59,54,112,54,110,107,101,111,107,13,19,14,18,17
814226161,119,117,111,109,111,115,102,97,114,112,110,110,96,106,115,113,113,114,113,107,113,110,100,105,108,119,112,100,113,19,14,16,18,17
814226851,110,108,98,110,107,103,110,78,110,96,111,109,87,106,98,109,103,108,108,114,112,110,115,113,110,111,105,113,110,16,14,21,19,13
814230938,103,103,102,105,106,104,91,108,114,105,94,114,83,96,109,111,96,108,109,107,110,109,98,103,112,114,111,100,112,15,16,19,16,20
814231747,123,123,121,116,109,118,111,107,109,109,103,96,95,116,119,114,120,112,118,52,57,53,98,55,106,109,87,103,118,21,15,15,14,19
814232104,117,118,107,107,103,113,94,91,105,105,110,102,88,103,111,106,117,107,113,84,78,78,93,68,96,110,102,97,94,14,14,17,16,19
814232656,117,117,89,105,94,99,93,90,104,100,106,96,93,98,108,106,108,104,111,109,109,106,105,112,106,108,108,103,101,19,18,16,16,15
814235805,121,121,111,111,109,117,106,96,109,108,110,101,93,116,118,111,120,112,115,89,79,58,88,63,103,114,104,92,113,15,18,19,15,21
814237086,114,113,88,93,83,97,74,73,108,93,86,108,74,81,102,104,105,113,109,114,114,116,112,110,116,106,116,112,106,20,14,17,18,21
814239085,119,115,122,120,104,122,116,115,105,99,76,79,93,111,107,108,107,116,112,57,55,54,115,51,119,106,111,108,116,14,20,20,16,18
814239580,110,107,101,98,78,102,64,73,106,92,71,101,50,77,94,94,100,113,109,115,114,114,115,115,115,103,116,112,107,18,21,19,14,14
814243780,109,109,103,111,104,105,97,104,114,114,116,110,113,118,112,116,116,119,106,73,75,71,86,56,99,105,108,93,116,14,18,17,19,13
815199987,64,69,23,59,24,28,33,29,61,59,29,53,28,26,25,55,79,75,97,37,32,35,26,28,81,53,44,89,76,99,99,93,99,100
818164240,111,109,91,102,90,100,92,90,116,114,92,120,90,107,102,110,105,117,111,117,115,117,117,114,112,112,114,119,117,21,21,22,23,21
818165153,110,109,120,115,111,118,119,120,115,118,99,114,106,118,117,117,109,117,111,75,60,58,118,55,111,111,96,112,120,21,21,21,19,21
818167495,90,93,36,75,45,48,38,61,85,98,50,98,40,58,73,88,98,98,115,76,43,68,61,63,97,76,93,110,103,116,116,113,116,117
818177003,105,109,100,114,115,109,109,100,120,120,112,120,107,118,121,118,121,120,112,101,100,102,94,102,95,115,102,96,123,20,19,19,19,18
820156519,108,108,101,111,113,108,89,94,116,112,108,115,100,107,110,114,101,109,110,109,113,110,103,100,103,117,114,99,108,15,19,21,21,15
820210897,113,110,88,103,73,97,72,74,112,93,91,106,63,89,103,107,105,103,111,112,114,111,111,115,115,111,113,118,107,19,18,21,16,14
820231936,112,111,92,103,83,115,101,74,117,107,109,111,73,101,105,109,107,108,115,114,117,115,111,115,109,118,112,114,113,19,19,21,15,14
820234378,115,111,105,116,119,106,103,102,122,115,108,121,103,116,115,115,106,118,114,114,117,120,116,115,115,122,118,112,117,17,19,21,17,15
820253163,115,110,94,93,73,107,78,65,114,98,93,109,66,96,100,107,104,107,112,114,116,110,115,114,116,110,115,116,108,18,20,14,14,17
820269087,114,111,90,87,74,91,83,74,112,90,84,111,68,82,92,108,97,102,109,111,113,115,110,113,110,106,110,112,108,19,16,14,19,21
820270086,112,111,71,88,68,91,69,71,116,95,75,113,63,92,93,111,89,108,105,115,118,115,113,112,116,111,106,114,113,19,19,14,16,16
821001040,116,117,91,119,114,108,97,99,108,106,114,112,114,117,107,108,108,118,115,112,110,109,97,113,105,116,112,109,105,16,16,18,21,21
821001041,114,116,83,112,90,110,90,90,109,107,112,103,87,100,112,111,111,117,113,114,113,113,107,111,105,118,116,95,112,18,21,22,20,21
821007512,116,118,120,116,112,118,115,116,103,101,100,85,95,116,110,112,115,115,116,54,57,59,118,54,109,112,92,117,117,16,16,18,19,19
821010535,105,109,103,108,108,110,98,113,119,116,115,116,117,118,117,118,116,117,112,95,99,100,75,92,95,118,105,90,117,21,18,20,18,20
821013038,107,108,81,95,71,100,80,78,100,93,99,100,79,83,95,97,102,116,112,115,112,112,113,115,109,112,115,116,109,20,20,21,18,18
821025924,109,109,89,103,99,110,89,98,112,99,109,98,99,103,105,107,102,106,107,109,109,109,106,110,96,111,104,96,105,20,20,21,21,18
821037576,121,122,120,112,112,120,113,109,105,98,97,95,100,115,122,114,120,121,117,56,57,53,105,50,105,111,84,103,120,18,18,17,19,18
821143001,115,119,122,116,117,118,118,110,110,108,96,96,106,115,117,113,116,120,116,67,76,59,107,60,110,117,120,103,118,20,20,21,19,21
821180283,100,99,89,112,107,105,91,107,112,109,107,110,102,110,107,107,100,107,103,99,105,103,94,95,107,110,111,97,107,20,19,19,20,19
821206113,117,119,117,114,108,119,103,93,109,106,108,92,115,118,117,114,119,116,117,62,57,56,83,54,100,114,95,88,114,18,20,21,19,18
821231943,110,111,116,112,101,117,109,95,103,97,97,89,89,101,112,109,109,109,114,67,67,69,115,59,106,112,115,112,103,20,20,21,22,21
821240915,111,110,79,107,99,109,79,78,107,99,109,91,89,107,107,107,107,100,108,103,108,107,104,107,97,106,102,106,97,20,20,18,20,21
821245037,107,107,75,91,80,83,75,78,112,98,77,112,69,78,91,107,107,102,110,113,112,112,106,110,107,110,111,108,102,15,21,21,19,19
821251854,108,113,95,100,100,113,90,93,118,114,102,114,93,108,117,117,117,112,115,103,108,103,84,97,91,118,108,93,116,18,18,20,18,20
825000246,106,105,113,120,121,117,108,103,119,118,112,121,109,108,112,119,108,117,111,88,91,95,101,90,105,117,116,107,120,16,19,15,18,21
825000250,112,112,107,118,119,115,108,111,114,120,124,121,123,124,116,113,111,118,111,94,103,100,103,101,103,119,115,101,116,18,22,14,16,22
825001040,120,121,101,123,119,115,103,105,110,111,120,112,119,119,113,114,113,120,118,112,114,111,100,117,109,118,114,112,110,16,21,18,22,22
825001041,116,116,88,113,107,108,92,93,113,108,111,110,89,104,113,114,112,118,113,114,115,116,107,112,109,121,118,94,113,17,18,22,22,20
825001075,115,116,114,114,116,117,109,115,114,111,116,107,119,121,118,115,116,108,114,63,63,64,100,63,100,112,101,101,119,23,19,17,21,14
825001088,114,113,88,96,83,75,85,85,107,106,82,116,80,87,101,108,103,115,112,119,114,118,117,120,114,110,116,115,114,19,17,22,22,20
825001109,118,116,91,101,92,101,94,88,112,104,112,110,73,104,109,109,111,122,114,121,117,119,118,119,112,115,117,118,114,23,15,21,23,24
825001397,112,114,110,117,120,112,119,112,117,116,113,112,115,117,122,123,116,118,112,85,88,97,110,73,110,114,111,102,123,21,18,22,19,21
825003622,112,112,90,92,71,102,80,81,107,93,85,102,80,88,94,103,107,113,112,118,116,116,115,120,107,110,119,118,105,22,18,18,21,20
825005003,115,114,88,108,101,113,94,96,107,105,116,98,101,110,109,111,106,112,110,112,113,109,101,108,102,114,108,102,112,21,21,17,15,19
825005471,108,109,114,118,119,118,113,118,118,114,113,117,114,114,111,115,108,113,113,92,98,103,100,87,107,118,107,104,117,18,21,21,14,16
825005479,90,99,43,63,37,45,43,50,60,80,47,59,47,56,49,57,102,92,115,52,48,56,53,50,97,83,63,112,111,113,114,104,117,116
825005661,111,111,117,115,106,119,118,112,108,105,92,95,100,105,109,116,110,114,114,62,63,60,121,59,112,110,103,119,118,13,15,17,20,19
825007289,116,112,88,98,70,97,90,86,110,95,86,111,64,95,96,108,108,119,112,119,116,115,119,116,116,110,117,115,112,21,19,18,18,20
825007763,103,104,95,118,117,107,93,117,119,119,117,120,121,119,115,120,109,113,108,100,101,108,91,93,99,117,98,91,122,20,21,18,18,15
825010535,107,111,103,110,112,111,99,111,121,120,119,118,119,119,117,121,120,122,114,100,104,105,82,96,98,118,112,94,123,19,21,23,21,20
825013038,111,113,89,101,81,103,87,87,108,103,102,110,88,93,98,104,107,123,115,120,117,117,118,119,114,118,122,122,117,16,11,17,12,13
825013128,118,120,120,114,113,120,117,118,103,99,94,92,114,117,111,111,116,117,114,57,54,60,116,55,108,111,103,116,119,22,20,21,18,22
825013743,110,112,112,122,122,116,112,113,118,117,115,119,114,116,112,114,108,114,112,103,107,102,112,107,109,117,117,109,112,19,20,18,18,15
825020289,110,106,103,120,119,106,102,114,116,113,94,115,113,114,118,114,103,116,109,112,118,111,107,110,121,114,117,101,115,19,21,15,17,19
825020801,121,121,120,120,121,120,117,121,110,111,114,106,118,117,120,115,119,118,116,55,56,54,118,50,109,114,106,123,123,22,21,21,20,23
825026709,105,105,84,109,97,86,78,78,108,97,91,112,91,98,97,108,96,108,111,118,116,115,112,118,116,111,116,114,111,22,18,18,20,14
825028130,118,119,115,116,118,110,111,119,115,115,110,110,121,123,124,120,120,124,115,63,64,55,101,53,105,114,94,109,123,15,19,17,21,16
825034079,117,120,88,103,93,112,94,98,111,104,113,105,90,113,114,113,117,117,115,118,111,114,100,115,101,118,116,103,112,21,18,20,15,16
825039943,112,113,104,101,98,116,98,94,114,111,108,103,93,100,112,111,112,117,112,112,107,114,97,109,100,120,120,99,115,18,23,17,22,21
825045197,104,103,97,116,111,103,101,111,119,117,112,119,113,114,102,119,103,116,109,107,109,115,108,106,108,113,111,103,119,18,18,21,22,22
825045661,113,116,121,112,112,121,117,113,108,113,103,96,104,118,115,119,114,115,115,68,66,64,120,59,103,113,93,115,120,18,18,21,21,19
825048940,70,82,39,64,40,47,35,51,65,92,43,73,34,45,41,68,94,94,112,43,45,54,53,42,97,82,83,106,105,114,113,106,118,116
825049369,118,118,117,113,107,119,111,99,95,103,103,84,94,113,113,108,117,111,114,62,63,63,114,63,103,110,101,112,113,21,21,16,18,14
825051539,64,78,45,58,40,43,33,43,71,83,43,78,44,45,44,64,92,97,111,42,42,43,43,41,100,78,67,107,103,118,114,105,113,119
825107715,114,112,91,110,101,100,92,81,111,92,87,107,89,92,105,108,105,115,108,118,115,118,118,116,119,111,118,115,109,17,17,18,19,21
825121944,110,108,103,117,117,109,101,105,116,115,112,118,110,113,111,114,108,115,108,108,113,116,105,109,108,117,118,103,116,21,22,18,17,18
825138412,111,107,97,114,109,109,103,119,115,113,116,114,109,113,107,112,103,117,111,110,114,108,101,106,106,116,116,101,116,22,21,22,15,19
825138449,123,123,115,118,117,117,112,118,115,115,107,109,107,117,119,114,119,114,115,72,68,72,98,66,107,114,95,107,120,15,23,23,15,16
825139869,106,106,112,121,122,113,110,109,119,121,117,118,118,119,113,116,111,114,113,80,80,82,84,80,100,110,97,93,116,13,21,21,18,17
825140601,111,109,96,98,70,106,88,77,98,96,73,109,67,85,89,105,105,120,107,118,115,118,121,118,117,111,120,116,110,23,15,22,18,17
825142754,106,106,82,103,87,88,83,86,114,105,89,117,91,97,102,113,103,117,112,118,116,118,104,116,110,115,116,113,111,20,21,20,16,18
825143001,111,116,116,114,112,114,110,106,109,106,101,98,108,111,115,110,113,118,114,65,75,63,103,65,108,111,114,104,113,21,18,17,21,16
825156616,116,120,108,113,113,111,96,97,111,114,116,105,105,116,120,115,119,118,114,63,62,69,86,61,99,111,99,91,120,21,16,18,21,16
825158023,117,119,119,118,117,115,114,111,117,117,111,117,118,122,123,117,121,123,116,51,53,52,100,50,98,111,89,96,123,19,24,25,20,21
825161840,108,105,106,114,109,110,98,116,114,109,97,119,112,110,101,109,107,117,109,117,116,116,119,115,114,113,117,118,114,24,19,22,14,15
825167680,104,104,105,120,118,107,96,116,113,109,111,116,120,117,100,113,105,115,109,114,117,118,111,112,112,113,116,117,113,18,19,17,24,15
825173731,120,122,115,118,117,116,113,108,112,112,113,111,114,118,118,113,115,112,115,83,86,86,114,82,109,111,105,115,116,21,22,17,15,15
825176580,113,114,121,113,111,123,116,114,112,109,104,101,111,117,110,115,112,119,114,73,66,66,114,63,112,111,113,108,119,22,17,14,21,19
825177003,108,110,96,114,115,110,107,108,121,121,114,122,110,117,119,121,122,120,113,100,101,106,92,100,96,117,105,99,122,21,17,15,18,22
825184432,107,107,90,99,88,103,87,92,112,103,112,108,86,107,107,109,106,117,111,119,115,114,112,113,108,113,120,115,109,22,16,18,13,14
825184943,115,117,104,108,104,114,99,98,111,109,103,107,90,108,110,111,111,113,116,114,114,116,101,113,107,120,118,106,111,21,16,17,18,20
825188377,116,113,75,103,83,99,80,89,113,104,107,108,94,106,106,109,108,109,112,109,113,106,109,111,111,113,109,112,111,19,15,21,18,21
825188545,113,113,124,116,113,122,116,119,109,108,97,100,108,116,109,116,111,122,113,61,62,60,118,46,116,110,104,115,120,24,15,22,20,19
825189332,118,118,93,97,98,116,93,92,115,104,115,106,97,111,109,113,116,114,113,107,112,115,93,112,100,118,111,108,111,18,20,17,18,14
825189505,115,117,111,106,112,116,100,99,113,111,106,103,100,116,114,113,116,116,113,71,71,75,91,64,94,106,96,97,111,13,16,18,14,21
825189511,109,106,89,96,93,104,82,94,122,117,93,121,98,106,113,117,106,115,113,114,114,121,112,112,107,118,112,104,120,16,18,21,23,20
825190045,118,120,117,111,112,116,116,111,116,116,108,110,112,117,120,119,119,113,117,66,66,78,109,64,106,113,107,105,120,17,23,15,24,22
825190048,115,119,124,118,102,124,120,112,109,108,94,92,101,112,105,115,120,119,119,63,64,64,117,57,105,118,102,118,123,21,24,13,15,21
825192119,75,78,48,67,52,48,41,59,62,81,45,63,51,45,47,54,97,97,112,49,46,43,44,50,95,64,76,103,100,118,112,102,116,113
825192448,75,73,43,51,45,41,42,46,91,97,45,98,51,46,67,67,101,93,114,46,43,48,36,39,95,66,67,105,97,112,112,116,118,113
825192985,110,109,109,116,120,113,105,107,117,120,118,117,112,119,109,116,109,114,110,88,93,88,87,84,103,108,106,95,118,21,19,15,20,18
825197445,116,114,95,114,115,108,93,110,116,111,115,115,114,112,110,112,109,111,116,116,116,118,108,115,108,112,111,112,113,15,17,23,21,22
825199564,109,108,88,97,98,109,84,88,113,111,110,108,94,110,110,111,106,108,109,105,112,112,96,108,99,116,106,91,111,19,21,18,18,21
825200145,108,107,95,113,113,105,105,97,114,107,92,118,97,98,109,113,106,118,113,114,117,116,114,116,114,116,119,112,115,16,17,22,20,19
825200159,81,84,49,73,48,44,46,47,82,94,46,95,47,46,55,69,91,89,110,57,51,56,58,54,98,70,74,107,93,107,105,113,115,111
825200724,113,112,91,103,71,104,85,82,113,94,96,104,93,95,93,104,103,112,112,114,114,113,112,115,113,110,113,114,104,19,14,18,16,22
825201153,110,111,113,110,102,113,108,94,103,97,96,92,80,104,107,107,105,104,108,62,53,53,114,52,109,105,96,113,108,17,19,18,21,18
825203376,115,112,95,104,85,103,91,83,111,100,85,116,84,86,101,105,105,118,107,118,115,116,119,111,118,108,112,115,113,22,16,20,18,19
825203574,108,105,93,103,93,107,84,81,117,105,94,114,72,93,103,115,108,113,111,115,115,112,115,112,109,107,111,113,114,16,21,19,18,19
825204963,117,117,86,102,84,116,86,80,116,110,118,112,80,110,113,109,114,116,116,114,115,117,104,114,107,118,115,106,108,19,19,21,22,16
825205452,117,116,85,111,101,97,83,73,112,99,91,116,80,87,95,103,104,112,112,114,115,109,117,113,116,112,118,114,109,21,22,18,16,18
825206585,73,76,45,73,47,48,42,58,80,78,49,80,44,45,41,56,93,89,110,46,44,49,44,42,90,64,54,103,88,112,110,112,116,109
825208722,116,119,116,110,105,117,107,97,110,109,103,99,97,110,118,108,117,118,117,72,68,57,107,65,104,111,106,112,111,18,20,22,22,16
825208920,112,110,88,92,87,91,85,80,113,99,92,111,88,94,95,108,108,114,108,115,114,111,114,112,111,106,113,118,107,21,17,14,19,22
825209331,118,119,119,111,113,117,108,113,111,113,105,100,98,115,116,111,119,119,118,58,69,67,92,63,103,111,97,97,114,21,22,18,21,18
825210257,91,89,40,83,44,49,43,58,93,104,54,103,45,51,54,94,101,93,113,55,53,63,55,56,99,74,87,103,102,113,111,116,114,116
825210514,113,114,90,111,112,110,89,88,115,110,115,112,100,114,112,112,112,108,112,108,112,111,103,107,94,112,106,106,114,18,18,21,21,22
825210736,112,116,93,112,108,106,87,86,113,107,111,104,103,101,114,113,114,111,112,111,110,109,98,111,102,114,101,106,112,14,18,14,17,13
825212188,117,120,112,115,101,119,112,116,106,98,95,83,92,99,111,108,115,108,118,62,50,58,104,51,105,108,94,102,103,18,19,16,18,21
825212831,75,83,38,70,40,41,43,48,74,91,40,88,47,51,50,69,101,94,112,43,44,43,42,44,101,61,68,99,103,112,113,110,115,116
825213661,112,107,83,94,86,92,85,78,114,101,89,111,84,89,94,108,101,110,107,114,112,115,113,113,112,107,113,111,109,21,21,19,18,16
825214098,113,108,100,116,116,116,99,102,116,112,102,114,99,109,113,113,111,117,112,113,116,118,116,114,117,120,116,113,117,16,18,21,21,19
825214100,115,116,113,119,116,113,110,106,111,112,111,107,110,112,114,114,112,114,110,88,101,91,117,91,116,114,109,114,115,17,21,21,18,22
825216267,115,117,85,106,96,112,83,86,112,113,118,106,108,114,108,110,111,111,112,114,114,110,104,112,104,117,114,104,113,18,15,18,20,15
825222000,111,114,108,109,105,114,111,104,114,114,108,106,104,112,119,117,117,107,112,63,64,60,95,59,105,111,92,94,117,19,21,17,22,14
825225100,115,112,73,73,72,84,69,60,111,88,96,106,67,74,103,105,106,110,112,110,111,112,112,114,109,110,108,113,103,16,21,21,17,19
825226851,110,108,90,109,102,102,103,80,112,98,111,109,83,104,101,109,106,109,111,116,115,113,114,113,110,109,107,116,110,14,17,22,21,18
825228618,117,115,90,97,92,112,85,78,114,102,108,105,73,104,113,105,114,115,114,112,115,111,105,111,109,117,109,113,106,16,22,18,20,20
825229237,114,109,93,97,82,94,85,81,114,100,81,115,79,83,99,111,101,106,111,114,113,112,108,114,114,105,111,111,108,18,19,21,19,14
825229984,115,114,92,110,94,112,96,86,110,110,116,107,106,113,109,111,108,110,111,111,112,112,102,112,104,117,112,108,110,13,16,19,18,14
825231281,111,113,92,114,112,111,97,91,114,116,120,118,112,118,111,109,111,108,111,111,114,115,102,113,99,117,106,103,112,22,21,21,18,16
825231410,112,115,106,106,104,109,93,90,113,107,103,102,93,108,115,114,118,114,113,72,60,54,71,56,93,105,83,95,112,22,19,20,16,19
825231866,105,103,95,113,115,102,88,95,119,114,87,121,89,113,112,117,100,116,108,110,117,111,114,108,115,115,113,110,118,21,18,15,18,22
825232656,115,116,92,107,96,103,93,95,109,106,111,97,96,102,110,104,107,105,109,107,110,105,108,108,108,111,108,106,103,20,18,17,17,16
825233064,111,114,110,113,111,114,103,105,116,113,113,113,111,114,113,111,113,114,113,86,98,96,89,82,95,114,106,95,113,16,18,19,19,13
825234642,67,71,33,44,33,33,34,38,52,72,41,54,30,35,34,43,98,85,113,36,38,34,40,36,96,55,76,93,92,113,111,98,116,114
825235790,114,114,110,110,105,118,109,103,116,114,102,109,92,111,111,112,113,107,114,76,83,72,115,80,104,112,110,113,108,13,16,19,19,18
825238074,117,116,94,116,110,109,97,97,113,107,118,108,107,116,110,113,109,118,114,110,118,106,106,108,117,115,115,110,109,18,22,18,21,21
825238794,122,123,118,112,108,118,100,99,112,113,110,104,96,113,119,111,121,111,114,61,62,55,96,58,97,111,95,102,112,16,19,18,21,19
825239053,117,116,102,117,117,114,105,93,116,111,101,114,95,111,113,113,110,111,115,105,110,109,99,102,105,117,109,99,112,15,19,15,19,21
825239085,119,114,123,119,105,119,115,116,104,99,78,81,94,112,107,109,107,116,111,61,59,60,118,48,117,107,107,107,116,18,22,22,16,19
825239818,112,107,86,98,89,93,84,81,115,105,86,117,73,100,97,110,104,116,110,118,115,111,116,115,117,112,114,114,113,17,19,21,21,17
825240130,116,112,86,89,69,95,74,85,109,93,92,111,73,91,101,106,104,106,110,110,115,116,117,115,112,110,113,117,104,19,16,21,20,19
825242519,118,120,118,118,116,115,114,115,104,106,101,99,108,111,118,112,118,116,117,64,64,63,108,59,100,110,96,110,117,18,14,16,21,21
825243812,114,117,114,111,107,116,101,107,114,107,110,96,108,111,115,114,118,112,115,55,55,55,96,56,91,112,83,101,113,20,19,20,15,19
825246606,114,115,80,103,101,108,85,80,110,99,113,105,89,111,107,107,114,108,111,103,108,108,90,106,96,108,108,97,103,18,16,19,19,16
825247699,116,118,116,114,113,119,113,112,114,114,101,99,111,116,116,115,116,115,117,57,59,58,112,58,104,114,103,103,120,17,21,18,22,18
825247703,119,120,119,113,113,119,114,110,103,98,84,88,96,108,107,116,115,111,115,68,67,63,114,59,109,112,100,107,118,21,17,19,17,15
825252371,113,114,115,112,109,117,104,98,118,114,106,116,94,110,115,115,114,116,113,104,107,106,109,105,108,120,113,111,118,21,21,18,16,16
825261593,106,106,83,90,74,92,76,76,104,88,79,95,73,85,85,100,99,112,111,118,115,115,114,116,113,109,117,115,109,16,20,21,16,23
825271574,113,114,89,93,87,106,85,84,114,112,106,105,85,98,110,112,113,107,113,107,110,107,97,107,97,109,106,100,110,18,16,17,19,19
826188377,115,116,83,110,90,114,86,93,112,103,114,112,88,110,113,112,104,112,113,110,115,110,111,114,112,112,110,114,112,20,19,20,18,21
826190765,100,102,100,114,116,110,103,104,119,121,120,116,110,114,114,112,107,104,114,104,110,103,93,103,102,120,114,103,114,21,21,23,19,22
826190815,104,104,87,105,101,107,99,83,115,109,108,113,93,110,107,108,102,109,109,114,114,110,111,112,106,114,112,107,113,22,21,19,21,19
826192563,58,67,24,70,33,30,23,56,75,81,22,55,21,22,24,54,90,83,111,38,37,41,21,31,88,61,75,92,86,112,107,101,115,112
826200389,72,74,30,58,35,34,35,33,59,82,33,61,33,39,34,50,103,93,109,60,36,46,33,37,96,68,63,102,98,111,112,96,113,112
826204935,61,68,28,73,34,29,31,58,73,93,26,83,28,28,25,63,93,85,110,38,33,43,26,38,90,63,77,95,88,112,105,103,116,113
826205186,73,80,25,64,24,18,26,51,72,78,36,67,34,46,33,44,98,83,113,36,44,24,27,34,88,65,63,100,94,116,112,100,116,115
826206591,116,116,96,101,98,115,95,91,112,116,117,103,96,113,116,110,116,103,115,108,113,111,108,114,99,118,114,110,113,20,18,21,18,15
826209658,112,112,105,114,114,118,104,93,117,115,104,115,96,105,109,115,107,114,114,101,115,114,114,105,116,115,114,109,115,20,19,18,22,21
826210514,114,117,93,114,112,117,97,92,116,117,116,116,109,118,118,112,115,112,116,110,117,113,108,114,102,115,115,112,114,22,21,20,22,22
826210676,45,70,24,67,27,28,26,42,58,58,26,49,25,29,24,41,76,77,109,39,24,31,26,39,88,71,78,91,77,110,108,98,111,112
826210736,110,111,86,111,109,110,82,83,111,100,109,104,103,110,106,109,109,109,109,107,110,110,99,110,97,114,107,106,110,15,19,21,21,20
826212194,112,112,108,113,110,116,106,86,117,119,119,114,114,117,113,112,116,112,115,67,85,75,84,63,103,114,94,91,112,20,21,19,22,21
826212198,109,109,112,119,118,118,119,119,118,122,119,120,113,117,111,117,111,110,115,96,106,96,103,103,99,121,118,99,114,20,21,22,19,19
826212622,110,109,91,115,115,110,100,93,118,120,120,119,112,115,108,116,113,115,113,113,118,113,101,116,105,115,115,105,114,18,20,18,21,23
826217870,109,111,86,98,93,111,94,82,112,106,109,113,88,102,104,110,107,109,109,108,111,108,103,110,101,115,108,111,108,21,18,21,20,18
826221671,104,109,103,100,106,113,102,80,111,110,101,99,93,104,109,111,111,109,110,81,82,90,110,81,90,112,112,99,109,18,21,19,21,18
826222501,110,108,87,100,91,112,90,91,109,104,111,103,88,102,102,109,104,105,110,111,111,110,102,111,100,111,110,106,104,18,22,21,20,20
826223697,108,110,100,110,104,113,99,83,106,102,112,106,91,105,105,109,103,101,111,108,112,111,112,111,105,115,110,112,111,19,18,21,21,21
826225539,116,112,119,114,108,117,114,113,109,104,89,88,88,100,116,107,108,104,113,70,63,63,117,57,115,117,115,115,110,22,18,20,15,18
826226753,80,83,38,73,47,36,36,33,77,84,39,73,50,48,48,64,100,94,112,41,43,39,36,42,95,65,78,103,92,114,106,107,116,110
826227928,112,112,80,100,87,108,78,73,108,88,103,97,73,93,113,109,112,110,110,105,111,108,97,108,98,114,111,105,110,19,19,22,17,21
826228579,112,112,86,99,88,114,83,78,112,106,113,99,87,107,113,112,111,109,113,112,114,113,95,113,108,115,112,109,112,21,19,18,21,17
826229391,98,96,97,114,110,100,88,87,114,102,99,115,88,100,102,111,96,107,110,115,115,117,115,117,114,116,117,114,109,15,21,21,20,21
826229906,115,117,113,110,110,114,104,94,110,113,113,98,102,110,118,112,117,116,113,53,53,51,90,52,93,111,88,99,110,15,19,18,17,18
826232488,115,110,98,108,114,104,88,77,114,98,73,111,71,88,89,105,107,114,114,111,116,116,117,117,114,114,117,117,114,15,20,22,21,21
826233731,118,116,120,115,109,120,113,118,105,99,85,88,89,107,118,117,115,109,115,58,57,56,109,52,113,115,91,117,115,23,22,22,14,20
826234574,112,110,88,105,110,110,82,83,110,102,112,110,85,112,112,107,111,107,110,108,111,110,107,113,104,115,113,111,110,18,19,21,19,18
826235790,114,114,115,111,103,119,114,109,115,114,102,104,89,110,111,115,113,109,114,83,88,70,119,86,103,116,116,114,114,21,21,22,18,23
826235794,115,118,114,115,118,113,96,113,113,113,118,100,115,115,120,115,120,118,115,70,77,70,93,73,102,113,103,103,118,20,20,18,21,15
826236703,119,118,91,110,98,116,91,82,114,118,122,111,110,117,110,111,113,114,114,112,116,111,98,111,109,120,111,104,110,21,15,21,19,21
826238216,110,110,101,114,115,115,109,93,116,115,115,115,98,115,116,113,110,109,116,107,112,111,91,115,99,122,119,93,115,16,19,18,22,22
826240243,116,115,116,113,103,116,110,110,113,113,100,98,96,106,116,111,115,106,113,70,61,60,103,55,105,114,103,110,114,21,20,18,16,15
826240947,114,116,86,88,83,105,78,83,102,95,111,89,83,102,109,106,113,112,112,113,111,110,99,114,98,114,113,105,106,22,18,15,18,21
826241084,119,119,108,113,107,113,109,83,113,115,107,110,83,108,118,114,118,108,114,59,65,51,99,60,95,115,105,113,113,20,16,18,21,18
826241925,116,117,109,109,101,118,107,92,115,116,116,99,95,108,118,112,117,110,115,60,78,66,81,63,94,115,91,87,116,18,17,21,19,19
826242453,114,106,95,88,74,96,84,63,104,89,74,104,69,81,96,105,106,102,112,113,114,112,116,115,115,113,112,112,109,20,19,18,21,22
826242964,123,120,113,111,115,115,96,109,110,117,118,105,105,118,118,113,117,105,115,70,76,65,87,69,95,118,111,93,113,18,21,15,22,22
826243576,116,115,94,116,110,116,96,83,110,115,119,111,103,118,113,111,113,109,111,111,116,112,96,113,96,118,110,98,113,18,21,18,20,20
826243812,115,120,118,113,110,116,107,109,117,113,110,99,110,117,121,112,121,118,116,55,63,61,83,56,95,115,85,99,117,22,21,21,18,21
826247229,115,114,85,91,90,110,81,84,110,112,116,110,86,110,112,105,103,100,108,106,113,108,99,110,105,115,103,105,109,21,21,22,19,21
826247635,118,119,116,118,117,116,116,106,116,117,113,116,116,118,122,114,120,116,116,70,73,70,102,70,103,118,106,106,116,22,18,21,21,19
826247649,111,99,90,91,72,87,81,76,102,88,77,111,67,82,88,99,92,99,109,114,113,113,113,115,113,112,110,113,104,16,15,18,21,21
826252042,114,115,112,110,99,111,102,113,105,103,96,97,73,103,114,110,116,99,110,65,68,61,113,57,100,108,83,110,107,15,19,20,21,21
826252483,112,112,93,112,106,108,89,83,109,113,118,106,112,115,112,108,110,100,110,90,110,81,99,91,98,114,105,105,112,18,21,18,14,21
826256516,121,123,104,111,105,115,97,95,111,119,119,93,95,113,120,115,122,115,115,66,71,55,98,58,102,113,105,102,114,22,20,21,19,21
826257279,111,117,98,113,110,113,104,99,114,117,120,113,113,116,116,114,115,115,113,80,89,81,88,79,100,114,107,97,115,19,22,21,22,21
826259584,111,111,76,106,88,111,86,75,109,104,112,99,88,109,110,108,101,100,109,109,111,106,107,111,109,110,107,109,109,22,21,22,21,19
826259694,111,110,89,109,108,108,79,75,109,98,108,109,82,100,108,108,108,98,107,106,110,106,94,109,102,113,105,100,108,14,18,18,20,15
827001040,119,121,95,122,117,115,104,105,110,111,117,114,115,118,114,114,113,119,116,113,112,112,98,116,107,119,114,112,110,24,26,27,23,24
827001109,114,114,90,98,91,96,94,85,109,101,109,110,73,103,109,106,109,119,111,118,113,118,118,118,111,112,116,118,114,20,20,18,21,21
827001114,111,117,120,115,113,117,116,119,115,112,109,111,116,118,120,116,119,117,114,59,57,57,96,55,99,109,91,91,120,26,27,24,23,25
827001397,113,117,112,120,119,113,118,114,117,118,117,114,117,120,123,123,120,121,115,88,91,97,113,71,109,117,114,105,125,24,24,24,24,28
827001615,113,112,80,92,89,107,81,75,103,86,104,97,81,99,101,101,106,110,111,115,112,114,111,113,112,117,113,115,107,20,21,20,21,22
827001625,121,121,120,117,115,116,115,117,108,108,114,102,115,119,117,110,121,116,114,68,58,63,109,67,104,115,93,108,119,22,22,21,24,23
827004000,112,112,119,118,119,115,119,114,114,103,96,100,114,116,117,119,112,117,114,55,62,64,103,58,107,114,93,102,120,20,18,19,18,20
827005419,121,121,120,115,115,121,116,112,104,98,93,70,93,115,113,113,121,115,118,52,53,59,115,53,98,109,96,117,119,23,25,24,26,26
827005471,109,109,116,119,119,117,116,116,116,116,114,116,116,115,112,114,109,114,114,90,97,97,102,88,106,118,106,102,115,18,21,18,22,20
827005589,120,120,108,118,118,114,107,116,111,117,123,106,117,123,121,117,119,117,114,83,85,80,97,75,108,119,113,100,121,23,25,24,25,23
827006235,118,118,111,121,121,114,108,103,114,117,119,115,116,113,117,115,117,121,114,101,101,104,101,95,106,120,119,103,120,23,24,23,25,24
827007763,100,102,91,117,116,102,91,112,115,117,117,118,116,117,114,116,109,111,108,96,101,106,90,86,97,116,101,87,118,22,21,20,18,19
827009676,118,119,120,113,110,120,117,113,105,96,98,95,108,116,115,111,119,118,116,68,57,57,104,56,100,111,100,109,120,20,20,21,23,22
827013128,120,120,122,117,116,120,117,117,102,99,97,91,116,119,113,113,119,116,117,53,49,59,119,47,108,113,103,118,119,24,23,23,24,25
827028130,117,120,112,119,119,109,113,120,116,116,110,109,120,121,125,120,121,123,114,61,61,53,103,50,103,114,93,110,124,24,25,26,25,25
827037576,123,124,124,115,115,122,116,119,106,99,99,99,108,120,124,117,123,124,120,58,61,59,107,54,107,115,89,106,124,24,24,25,27,24
827045661,112,114,120,111,111,120,118,110,100,109,102,91,104,114,114,116,112,114,115,67,61,61,120,56,100,114,91,114,120,20,21,23,19,22
827048940,63,76,28,53,31,38,24,43,60,80,33,63,26,34,30,56,88,85,105,35,35,46,49,33,90,73,73,105,93,109,105,97,110,110
827121939,110,108,84,107,98,103,93,96,116,113,112,116,99,111,107,111,108,116,109,112,110,112,98,112,98,114,111,104,113,21,20,20,19,18
827135455,110,109,98,110,109,113,109,85,104,108,112,109,96,105,107,103,102,101,106,105,108,110,96,108,107,111,107,99,105,21,21,21,22,22
827138449,123,123,113,118,117,115,113,118,115,115,108,109,108,117,119,114,119,115,116,70,70,69,99,68,107,115,93,108,120,24,24,25,23,26
827156616,115,121,109,114,112,112,98,98,110,115,117,101,106,117,120,114,120,119,115,65,63,63,84,58,98,110,100,85,120,20,20,18,19,18
827166124,111,115,110,118,118,111,108,108,115,116,114,115,112,116,119,117,115,114,110,63,68,69,85,63,101,112,93,98,117,20,21,22,19,18
827183277,111,117,111,110,103,106,102,114,105,111,114,113,106,114,119,110,117,118,112,50,54,53,93,47,96,112,80,89,119,22,20,21,20,19
827190045,121,123,121,116,118,120,119,115,117,115,111,113,113,121,121,119,120,113,118,69,63,78,110,65,105,116,108,109,123,20,20,20,23,21
827190053,73,81,56,68,42,53,33,56,56,95,50,58,40,46,51,64,95,91,111,44,43,53,64,42,98,87,78,98,102,116,113,104,116,114
827191189,114,115,112,123,121,114,110,117,120,117,105,121,114,111,114,117,115,122,114,114,117,116,100,117,111,120,120,105,117,26,26,28,27,27
827192181,114,114,123,121,118,122,121,122,111,105,101,101,113,119,114,118,116,118,116,62,57,70,123,54,114,115,100,120,124,24,26,27,25,25
827214098,111,105,99,118,114,113,103,98,115,110,98,115,98,106,113,112,108,114,110,110,116,116,115,111,116,117,114,112,114,20,20,21,15,21
827214100,119,119,117,121,118,117,116,111,116,117,114,111,111,116,116,115,116,116,114,90,108,98,117,93,116,116,110,116,119,26,27,28,28,27
827214101,117,121,109,108,108,113,105,110,107,108,110,105,108,113,121,110,121,114,117,63,55,54,93,55,98,108,101,91,113,20,20,20,19,21
827214649,113,109,116,115,114,116,114,117,107,103,108,92,113,116,114,113,111,110,113,83,88,79,110,75,107,108,98,110,115,18,17,22,19,19
827222000,111,114,110,109,110,116,116,109,114,114,110,109,106,114,119,118,117,109,114,63,63,63,95,54,104,114,92,94,119,20,20,21,19,18
827242519,122,123,122,121,118,119,119,116,108,110,103,104,113,113,120,113,122,120,119,66,65,62,110,60,103,114,98,115,120,26,24,27,28,26
827247699,114,114,117,114,115,116,114,110,114,115,114,103,114,117,116,112,114,114,115,58,57,59,110,58,101,114,100,103,119,20,21,21,21,18
827247703,117,117,116,114,111,115,113,105,101,96,73,83,90,105,98,111,111,107,114,66,60,58,111,55,107,112,98,103,113,20,21,15,22,21
828020801,121,121,123,123,123,119,123,123,108,113,119,108,120,119,120,115,120,118,118,63,63,53,118,52,110,118,102,125,123,26,27,28,27,28
828158023,119,122,123,121,121,113,118,120,115,115,113,120,120,125,125,118,125,126,118,54,55,55,118,52,100,118,93,100,126,28,23,21,24,23
828165153,109,109,120,115,113,117,119,120,117,118,99,112,105,118,118,115,109,117,112,73,62,58,119,56,112,115,97,110,118,25,24,25,27,25
828167495,90,95,35,74,44,45,35,64,83,100,49,102,38,55,66,90,100,100,115,76,43,66,63,63,95,76,93,110,104,115,112,110,119,115
828167948,74,73,24,29,24,18,19,43,60,45,24,67,24,23,19,48,88,85,107,40,18,62,31,25,60,48,62,99,73,109,105,99,112,108
828177003,105,110,99,115,117,108,111,103,120,121,110,120,110,118,121,118,121,121,113,100,102,103,90,103,94,113,101,93,123,24,25,23,24,25
828188545,110,110,121,115,115,119,117,119,106,107,100,99,108,114,109,113,110,119,112,60,62,59,117,46,113,109,98,114,119,20,20,21,21,18
828188567,116,116,113,106,100,115,111,108,98,96,98,82,98,108,104,108,111,100,110,54,58,59,105,53,98,105,82,111,106,20,20,15,14,21
828190871,116,120,109,111,108,111,110,114,110,116,115,109,115,117,121,116,120,109,114,65,58,53,92,53,91,112,99,93,120,21,22,21,19,20
828192119,74,77,42,63,45,41,36,48,61,80,41,61,46,43,40,50,93,93,110,48,46,38,38,43,90,62,69,101,94,113,109,98,112,113
828194765,116,118,116,113,113,114,114,113,110,110,107,108,113,118,116,115,118,113,114,70,75,69,101,76,98,113,100,110,118,16,20,18,18,19
828202811,75,76,27,33,34,28,29,51,65,84,33,70,30,33,24,47,73,73,105,24,33,33,40,36,81,54,76,83,73,107,105,100,107,106
828203376,115,111,95,101,86,103,92,93,109,98,78,116,88,86,100,103,108,118,110,118,116,115,116,109,116,115,113,113,113,20,22,18,17,19
828205452,109,108,85,104,104,91,70,63,104,92,85,106,73,75,91,93,96,104,104,106,106,100,110,101,108,104,110,104,101,20,18,15,18,14
828209981,53,70,26,60,28,33,32,36,75,85,26,84,35,24,32,26,78,65,106,33,34,27,29,30,88,77,50,84,90,106,106,100,109,109
828212831,74,81,32,68,33,33,35,43,73,85,38,86,39,48,45,63,98,88,109,42,39,41,36,45,95,61,68,94,100,109,110,103,110,113
828215698,68,65,34,38,39,34,32,33,62,73,33,68,39,51,46,46,84,93,107,33,44,44,38,35,90,56,45,98,75,104,100,98,108,104
828226753,73,78,38,67,39,31,33,33,72,80,35,71,45,47,48,62,95,90,103,35,35,31,33,34,90,60,73,100,85,106,99,100,108,101
828230621,71,73,23,70,38,37,22,37,61,87,33,72,34,35,40,63,96,79,108,34,38,35,23,30,94,58,70,100,94,112,107,100,112,107
828231747,119,121,119,113,113,115,113,110,107,106,106,97,93,116,118,111,118,114,115,51,53,52,99,51,104,110,83,100,115,20,21,18,15,21
828237086,106,104,86,87,81,91,70,71,99,90,88,105,73,78,92,93,95,104,102,106,107,106,106,104,107,103,106,104,95,16,15,14,15,14
828238794,115,117,110,108,110,113,99,92,108,110,103,96,90,110,116,106,116,105,111,57,57,50,90,55,91,109,89,96,108,20,18,21,15,21
828252371,106,107,102,108,107,109,98,93,110,105,98,110,90,105,111,107,108,109,107,100,105,103,100,103,99,112,109,105,112,15,18,19,18,20
829000330,107,109,114,112,113,112,112,110,106,111,105,92,90,113,113,110,111,110,110,70,63,57,111,52,100,112,100,100,113,20,19,16,17,17
829001075,114,117,105,114,114,114,106,122,114,115,119,106,116,120,119,116,117,110,114,65,64,63,104,64,99,114,102,102,119,22,22,18,20,22
829001179,65,83,33,60,33,38,43,40,65,70,36,63,20,38,36,61,98,96,114,50,43,51,40,47,83,63,69,107,106,114,116,98,113,116
829001183,104,111,80,73,80,80,71,73,93,82,76,90,63,84,81,96,105,117,112,117,114,117,112,117,109,107,114,120,107,21,20,19,20,20
829001397,112,116,106,119,119,116,117,112,114,119,119,113,117,119,122,122,119,120,113,86,90,95,110,69,108,116,111,104,124,22,18,22,21,21
829001419,111,108,96,112,111,112,94,99,117,111,92,117,93,102,116,114,104,114,110,109,116,114,112,115,120,118,119,114,117,15,21,18,22,23
829001551,116,117,113,113,111,116,116,99,108,100,106,93,100,111,113,112,116,114,114,61,58,60,88,53,93,113,92,85,111,20,19,18,19,19
829001615,110,112,77,90,88,102,78,73,100,83,100,103,78,95,100,100,103,110,109,114,111,113,110,111,112,107,113,113,105,18,19,17,18,18
829001620,108,108,100,115,114,109,102,96,116,109,114,117,110,115,114,113,114,116,113,114,115,115,106,117,114,115,116,102,115,22,20,19,16,18
829005003,120,120,89,111,107,117,96,100,110,104,118,102,106,112,114,113,114,114,116,114,114,114,104,114,104,115,112,109,114,19,18,21,22,18
829005099,114,114,96,106,102,115,90,89,104,105,115,102,90,108,112,107,109,112,109,115,113,114,102,116,106,113,113,98,110,18,19,20,19,19
829010535,104,109,96,110,111,112,104,109,120,117,117,116,115,118,117,119,118,120,112,98,102,103,80,91,97,117,109,89,119,18,22,18,22,22
829013038,109,111,88,97,79,100,91,83,107,98,101,109,85,91,101,100,104,120,114,117,115,117,116,117,113,116,119,120,114,21,19,18,22,22
829013743,111,113,106,121,119,110,110,123,119,118,123,122,118,122,113,116,109,116,113,113,116,116,113,118,112,119,119,111,116,18,22,18,22,21
829020801,120,120,122,121,120,120,119,122,104,115,117,104,119,117,119,113,119,117,117,60,60,51,120,50,107,119,103,124,120,20,21,18,24,23
829021146,103,100,89,114,115,103,97,87,116,109,88,117,92,108,106,114,102,108,109,113,116,116,96,111,108,116,109,99,116,22,22,18,20,21
829034079,117,119,89,101,90,114,93,94,110,101,113,102,91,111,114,111,116,116,114,116,110,113,98,116,100,116,115,102,111,20,18,21,19,19
829045197,105,105,95,117,109,106,102,115,118,119,116,122,115,117,105,116,105,117,111,109,113,117,115,112,109,118,115,105,114,22,21,18,18,21
829045674,110,108,101,113,113,112,98,90,113,105,98,111,88,107,106,111,104,113,108,111,114,111,100,107,114,110,114,107,111,21,20,21,18,21
829054050,114,114,121,119,120,116,118,120,113,114,109,119,116,120,114,116,113,119,114,77,83,73,118,71,116,117,117,112,118,21,18,22,20,21
829107715,112,111,96,111,109,102,94,80,109,90,83,108,86,94,104,104,104,114,109,116,116,116,116,116,117,112,116,114,110,22,19,21,22,22
829138449,118,120,110,114,115,114,111,115,113,117,110,111,106,115,116,110,116,109,113,62,62,61,92,58,103,109,88,101,113,19,18,21,16,18
829140601,110,108,87,96,71,104,86,75,96,93,70,110,66,83,90,104,104,119,108,117,115,117,119,117,117,110,119,115,111,18,21,20,21,19
829142754,105,105,79,104,88,87,82,83,115,108,88,117,88,98,98,108,103,118,111,116,116,116,108,115,109,113,114,111,113,19,21,21,18,18
829156616,114,119,108,113,113,110,95,103,110,115,117,98,110,116,119,110,119,115,113,62,58,60,83,56,96,110,98,83,118,18,19,20,21,22
829158023,118,121,122,120,122,117,117,121,113,114,112,118,119,124,124,114,124,124,117,53,51,51,102,49,99,118,90,98,124,22,24,23,21,21
829167198,109,112,113,113,112,113,115,115,109,110,105,109,109,110,115,115,110,115,109,56,70,59,114,51,108,109,120,112,117,18,19,18,19,19
829173731,123,123,115,119,115,117,110,109,109,113,116,105,115,117,119,111,116,109,116,81,83,75,116,79,107,116,93,120,115,21,21,21,22,18
829176580,115,116,123,119,121,121,120,110,107,115,119,100,120,121,117,112,115,122,119,70,70,63,119,58,110,119,120,111,121,30,24,23,37,38
829177413,102,102,97,110,112,100,94,95,117,110,99,114,92,102,112,109,103,112,111,111,115,113,112,113,112,114,109,109,109,21,21,20,20,20
829183711,109,105,102,113,113,110,102,93,114,113,104,116,102,110,105,111,103,112,111,107,114,111,102,114,107,118,113,101,109,18,20,22,21,21
829184941,117,120,119,117,117,118,109,101,108,113,112,99,116,119,117,115,120,120,118,68,78,70,92,63,102,119,118,99,116,22,18,21,18,20
829188350,114,114,117,114,114,118,117,117,114,117,114,112,112,117,115,112,115,107,114,67,70,63,89,63,97,113,111,96,115,22,21,18,18,15
829189117,63,71,23,58,27,28,28,35,57,63,28,49,28,31,24,39,79,73,110,38,34,41,30,29,94,59,53,102,63,112,108,99,113,107
829189505,117,118,114,108,103,118,102,98,110,110,113,99,98,115,113,115,118,115,116,68,68,68,88,63,95,110,100,98,110,18,18,21,18,21
829189511,103,101,87,102,102,100,92,91,118,113,95,117,96,102,114,112,104,112,111,110,113,112,113,114,102,113,111,103,116,18,21,21,19,18
829189805,103,97,118,115,102,118,116,110,108,103,96,91,93,99,105,112,98,100,110,74,78,53,121,57,116,115,103,113,113,17,21,18,22,22
829190871,118,122,112,113,109,116,113,116,111,118,117,112,116,119,123,116,122,112,116,64,60,55,96,56,93,115,100,96,122,19,21,18,22,22
829192119,76,79,47,68,54,50,40,58,64,80,46,61,50,47,46,56,98,96,114,50,48,46,48,49,96,68,73,104,102,116,115,101,116,116
829192448,71,73,39,48,38,36,37,40,88,93,42,90,49,44,58,60,100,90,111,40,51,47,35,36,92,63,63,104,96,113,108,111,115,112
829192505,116,113,117,118,110,116,114,118,103,102,90,93,89,110,108,107,105,113,110,58,68,50,117,51,121,114,109,111,110,21,18,22,21,21
829199564,113,111,81,99,95,111,86,89,112,113,112,111,96,111,114,110,108,107,111,107,114,113,101,111,100,111,107,95,109,18,15,22,21,21
829199987,75,80,29,48,27,33,43,33,70,70,38,57,35,40,35,63,89,88,110,51,41,50,35,40,87,63,58,98,88,111,109,104,111,110
829202652,116,119,112,109,111,113,108,98,111,113,103,99,90,111,120,113,119,120,116,66,69,61,90,58,96,112,99,96,110,22,21,18,22,22
829203376,118,114,97,106,91,106,94,95,113,102,80,119,90,90,102,106,110,120,113,120,118,117,119,115,119,118,116,117,117,18,22,18,22,22
829204883,76,74,35,73,36,34,40,44,77,78,32,84,38,44,42,64,81,87,109,45,40,43,43,44,97,67,66,94,92,109,109,109,111,111
829204963,115,117,80,93,78,116,82,75,114,99,113,103,80,108,111,108,113,115,115,111,114,116,93,116,101,115,117,98,114,21,21,18,18,21
829207865,111,111,89,90,76,100,82,78,113,106,91,116,73,91,97,109,107,112,112,115,115,112,115,114,106,108,110,117,113,21,21,20,18,19
829208333,112,103,91,110,110,93,99,104,111,99,93,112,89,100,107,108,102,109,107,107,112,108,105,112,110,106,112,109,109,21,18,15,19,18
829208618,112,114,92,103,99,108,90,93,110,106,112,110,93,107,113,108,114,110,111,109,109,108,89,111,92,106,111,95,109,22,21,18,18,15
829208722,119,119,119,112,102,118,115,100,111,104,107,101,99,112,119,109,118,119,118,73,73,58,115,70,104,118,114,117,114,22,22,21,22,20
829209331,119,121,120,115,111,118,116,119,111,116,113,102,100,118,119,109,119,120,118,58,68,63,85,61,105,117,96,98,113,19,22,18,22,22
829209889,110,112,99,114,112,114,99,85,113,115,116,107,108,114,113,113,116,113,114,110,115,113,91,113,96,111,102,92,113,17,18,22,21,21
829212831,73,84,36,68,38,40,41,46,77,90,38,89,48,50,51,70,100,93,111,46,46,47,43,43,100,65,73,100,103,113,114,108,113,118
829216267,115,117,81,105,94,116,86,85,113,115,117,113,105,113,110,108,110,110,113,111,115,110,98,115,102,120,113,102,114,20,19,18,22,18
829216352,106,103,93,108,105,104,94,92,116,108,108,118,99,108,115,113,106,108,112,113,113,113,93,116,106,118,115,95,115,17,18,20,21,21
829220651,114,114,88,112,101,113,94,83,109,114,116,110,106,114,114,102,113,113,111,109,113,113,95,111,96,116,109,104,107,21,18,20,22,21
829220834,109,109,102,113,110,108,98,85,109,106,110,108,103,112,111,107,108,104,108,63,65,63,90,52,96,105,83,94,106,20,19,18,18,20
829220901,64,86,30,70,33,28,36,54,84,86,36,84,58,42,33,64,88,87,111,61,38,28,37,38,85,76,58,97,93,111,113,109,113,112
829222665,110,110,109,115,114,112,114,114,117,119,115,116,114,116,117,113,117,117,115,93,98,94,84,90,100,119,114,90,115,19,18,21,18,19
829226753,77,81,34,68,43,34,35,34,74,83,37,79,45,43,43,60,98,90,109,38,38,42,33,40,91,60,77,100,88,110,110,109,112,107
829227813,103,106,87,105,98,105,104,83,110,107,106,108,97,107,105,108,106,107,109,105,111,107,105,108,97,103,105,107,107,18,18,20,18,17
829228618,114,114,87,96,89,113,80,81,113,96,107,108,71,106,112,104,110,110,112,110,112,110,98,113,106,107,108,110,106,20,20,16,17,15
829229237,112,106,87,99,77,90,81,74,112,103,83,114,73,81,98,106,101,103,110,111,113,112,110,112,110,107,107,110,107,19,18,16,18,17
829231281,114,116,94,117,116,115,98,92,113,118,120,119,114,119,109,109,116,109,114,110,117,117,102,117,99,116,111,104,114,19,21,21,20,20
829231936,110,109,94,103,85,113,101,73,113,102,113,110,75,100,105,105,103,107,112,112,113,111,113,111,107,116,111,112,107,18,21,19,21,21
829233049,118,121,115,112,98,118,117,99,115,118,116,105,99,115,120,111,120,115,116,67,62,64,79,58,94,115,89,85,115,21,15,18,22,22
829233096,111,112,98,105,90,114,86,73,105,97,111,92,77,103,104,106,100,112,112,107,113,107,112,110,109,110,109,113,105,15,16,18,20,17
829234378,113,106,104,115,116,109,104,97,118,114,117,116,99,117,112,114,103,117,111,112,117,114,110,114,114,120,111,111,115,21,21,18,18,22
829235407,103,105,83,97,93,95,82,80,107,102,95,107,86,97,100,104,105,106,103,103,107,107,99,105,105,103,110,95,102,20,20,15,16,15
829237985,113,103,84,91,73,86,82,73,110,95,80,112,74,87,105,101,96,92,107,112,112,110,113,111,113,110,110,114,106,17,18,17,18,16
829242516,116,116,114,114,112,112,102,103,109,116,120,97,103,117,117,109,113,107,112,62,60,58,97,54,103,106,92,102,113,21,20,20,18,19
829246669,117,119,114,113,114,116,104,119,111,117,117,101,104,118,116,111,117,119,115,94,98,85,93,90,99,118,102,96,114,19,18,22,22,21
829247819,112,107,97,102,102,102,84,75,110,103,99,115,70,90,93,104,98,103,108,113,113,112,114,118,113,107,112,114,108,16,17,17,18,18
829252371,113,115,111,115,116,117,105,95,117,116,105,118,100,112,119,112,116,117,115,107,113,111,112,107,107,119,116,111,116,18,22,18,21,22
829274967,112,111,104,119,115,114,112,100,112,100,111,110,112,112,107,108,102,105,110,113,113,115,111,113,112,117,112,106,107,19,18,17,18,18
830070418,111,114,113,111,106,113,107,105,108,102,107,90,93,101,115,111,114,113,112,68,71,68,112,67,114,109,104,113,106,14,18,16,20,15
830071106,117,118,114,113,106,115,106,104,109,107,109,97,99,110,117,112,117,111,116,77,82,80,96,75,101,112,109,98,111,21,18,17,18,20
830230921,113,114,96,112,106,103,97,96,113,110,113,111,102,112,112,114,111,110,112,110,111,113,95,108,107,112,103,105,111,15,19,18,15,16
830232000,108,114,113,106,108,114,110,103,109,113,107,94,93,111,112,110,114,110,114,65,56,53,104,55,90,107,114,95,111,20,21,15,21,19
830232065,69,69,45,60,47,48,47,44,74,71,44,70,45,44,51,56,89,93,104,47,55,54,50,53,92,75,72,99,89,110,112,103,110,108
830232595,110,111,97,111,111,110,95,95,114,111,100,112,106,102,112,114,113,116,110,106,113,114,96,105,105,117,117,99,114,20,18,16,19,19
830233011,113,112,112,114,110,112,106,111,108,106,107,87,84,94,113,113,113,114,111,72,70,72,111,68,112,116,107,113,109,18,21,19,22,16
830245054,115,116,114,116,119,111,94,101,117,117,114,114,115,114,114,115,115,116,110,96,94,94,98,90,107,115,109,103,115,19,21,18,16,18
830260474,109,105,91,98,81,88,90,89,114,107,91,111,77,89,96,109,104,110,105,112,114,114,106,113,114,116,115,110,106,19,18,21,16,21
830261128,114,112,90,104,101,100,93,85,112,103,93,108,85,94,108,105,110,103,108,109,111,114,114,109,112,108,112,110,105,17,15,18,15,20
830263845,112,109,80,94,81,104,80,78,109,99,104,110,85,100,96,106,103,110,109,113,113,114,108,112,106,112,114,109,109,15,17,16,21,19
830266751,108,107,93,109,110,112,96,93,116,116,99,115,97,99,111,113,112,111,111,99,106,113,94,86,96,114,114,97,114,21,18,18,16,20
831209331,123,125,124,120,114,125,122,123,117,122,122,101,103,123,122,117,123,126,125,66,71,65,101,67,111,121,101,101,124,22,22,21,21,22
832202126,112,112,124,122,121,122,119,122,114,119,98,118,111,120,111,118,108,119,113,68,65,63,122,61,116,115,103,110,121,22,22,21,22,24
832226268,115,117,102,110,116,118,113,99,117,117,121,115,112,119,106,115,117,117,116,112,116,114,100,113,103,115,113,105,110,22,21,20,21,21
832239818,114,109,77,99,85,89,80,80,117,107,90,117,75,99,96,110,107,117,115,115,117,116,116,117,118,113,115,115,116,22,23,20,22,21
834074462,110,109,73,91,88,98,76,75,104,101,104,96,83,99,100,105,101,107,105,105,106,111,100,106,108,104,108,103,99,18,19,22,17,21
834177683,68,78,42,71,45,36,35,43,70,75,43,77,38,40,39,51,85,91,117,38,48,45,38,39,91,81,79,99,88,116,117,113,122,119
834190941,70,68,36,39,37,39,36,44,54,72,37,60,45,44,39,50,84,79,112,41,39,43,39,44,87,64,71,98,84,114,111,102,116,113
834192119,79,77,47,66,50,47,41,55,56,79,45,60,49,48,47,56,95,96,115,49,47,46,45,50,96,71,76,106,101,117,115,103,119,118
834192366,104,103,84,99,88,84,82,80,113,95,84,120,71,92,89,109,97,112,109,115,117,118,119,118,114,110,117,118,112,28,23,24,26,26
834202126,112,111,121,121,118,121,117,122,114,116,103,116,105,117,110,116,107,119,111,65,65,66,119,58,114,115,105,108,121,18,20,23,22,24
834205452,109,109,86,102,89,88,76,66,108,90,81,109,76,79,90,100,98,107,106,106,110,105,112,109,110,109,112,110,102,21,21,17,14,17
834207865,115,113,86,91,78,99,89,79,117,107,93,117,68,94,99,112,108,114,114,118,118,114,118,116,109,114,113,118,115,24,26,28,28,27
834208128,110,108,106,118,117,105,103,119,120,117,119,120,115,119,106,116,108,110,112,109,112,113,93,109,104,113,113,94,115,22,27,24,24,21
834210035,115,116,109,118,117,116,96,97,117,120,121,107,121,122,112,113,115,114,115,108,116,113,97,114,96,121,105,95,112,19,25,23,23,20
834210257,82,80,30,76,36,39,37,48,78,92,39,91,34,45,44,82,93,85,104,48,41,52,43,46,91,64,77,95,93,103,103,105,106,107
834212622,113,111,92,116,117,112,98,93,120,121,123,120,111,118,110,119,113,116,114,114,119,115,106,114,108,120,115,105,119,24,28,22,28,27
834212831,77,84,39,71,38,40,42,46,81,92,40,89,39,52,52,71,101,94,116,42,47,43,46,45,104,64,71,103,106,115,113,114,118,117
834220901,72,86,37,72,43,37,41,57,90,92,42,91,56,49,45,66,91,94,116,65,45,38,45,46,93,78,65,106,99,116,117,116,119,116
834223686,75,75,45,77,44,47,43,47,81,73,43,76,47,45,51,64,77,86,107,43,44,48,51,37,102,70,60,104,86,109,108,104,109,109
834224196,113,112,102,101,95,112,98,109,109,98,113,103,94,103,108,109,105,107,111,110,115,114,113,117,109,109,112,116,109,16,22,25,23,17
834225193,106,106,103,109,105,111,90,95,114,110,103,112,99,110,113,113,103,104,113,110,114,112,115,111,108,111,111,112,109,26,29,26,28,28
834225375,114,115,98,106,95,108,91,85,114,112,104,101,74,102,109,111,107,108,113,113,112,115,106,113,104,112,113,107,110,20,23,23,22,24
834226271,111,110,97,112,116,115,101,97,119,120,110,116,97,114,115,119,112,109,116,99,111,106,98,103,102,114,106,96,116,30,29,25,27,27
834226851,109,108,92,109,103,101,106,78,112,98,104,108,81,100,101,108,105,108,109,113,114,113,113,115,109,108,107,113,111,24,23,26,25,23
834229558,117,111,85,94,75,88,66,74,114,110,82,115,65,84,104,107,101,115,110,113,116,116,114,112,119,113,117,117,110,23,22,23,24,26
834230621,76,78,39,76,41,41,32,39,67,84,41,72,42,41,46,73,99,86,116,48,43,45,45,35,103,65,76,107,105,117,115,103,120,116
834230899,118,120,117,117,113,115,107,103,111,111,116,96,92,107,119,115,119,121,116,63,60,56,102,57,102,112,100,105,114,23,25,21,17,23
834231443,122,124,106,116,109,117,109,105,116,122,121,113,106,120,122,117,123,109,119,69,67,61,85,63,98,114,102,94,114,29,29,32,32,30
834231747,121,121,117,116,110,117,112,109,108,107,104,99,94,116,116,114,117,112,118,52,54,54,101,51,105,110,85,99,112,26,19,21,21,24
834232223,111,112,85,107,102,108,80,89,110,108,114,107,101,112,108,109,111,108,109,109,112,113,93,109,104,110,111,107,105,19,22,19,20,22
834232580,110,107,94,93,79,101,76,69,116,103,84,110,73,92,93,107,102,113,112,115,115,112,118,116,115,113,114,115,108,26,21,26,22,24
834234378,114,108,102,115,115,103,98,98,118,111,113,117,99,114,113,116,104,117,112,112,118,117,113,115,114,120,116,113,117,26,28,30,27,24
834234396,123,123,95,110,99,114,94,95,117,114,113,103,94,108,119,114,122,115,119,113,114,111,99,114,112,120,114,113,113,21,23,18,25,19
834235790,112,114,112,111,104,119,110,104,116,114,100,102,85,110,110,113,111,109,114,76,84,71,117,76,104,116,113,114,111,19,21,24,25,23
834235840,71,74,39,76,48,39,41,47,74,72,42,63,44,51,50,53,77,81,105,51,44,45,48,41,100,66,56,99,86,109,108,107,111,111
834236772,115,113,106,114,112,109,108,108,111,111,110,111,109,112,113,109,112,104,108,67,77,60,88,65,99,110,102,98,112,20,20,23,17,21
834238794,123,123,116,115,109,120,108,108,110,113,113,104,95,116,121,113,121,112,118,58,61,54,95,55,101,113,94,99,114,21,24,23,23,23
834241637,103,101,86,104,99,99,76,79,110,103,85,109,79,99,102,105,104,106,107,108,111,110,108,107,108,107,111,109,105,24,23,26,22,25
834241651,118,119,119,118,109,118,114,117,110,112,96,97,96,104,114,107,109,113,113,61,62,59,113,58,120,119,112,117,117,23,22,23,18,25
834246139,67,63,39,68,37,40,38,40,73,71,43,80,43,43,42,64,82,84,107,42,43,39,44,44,87,60,64,91,86,106,104,108,109,107
834246191,116,116,118,118,110,118,111,101,113,113,109,106,112,115,113,114,115,115,117,78,73,71,104,67,99,112,113,109,113,19,23,21,19,24
834246669,120,123,117,115,115,118,106,120,118,119,122,102,106,122,120,116,119,122,119,98,104,93,97,95,103,120,104,99,117,20,23,25,26,23
834246863,114,114,102,113,107,109,94,94,114,113,97,110,96,107,110,112,110,112,110,110,112,113,112,99,113,110,108,112,111,19,22,24,20,24
834247819,113,109,90,94,81,101,86,79,114,103,94,119,71,91,94,108,99,108,109,114,117,115,113,120,115,113,115,114,109,23,22,19,23,24
834247827,116,120,115,113,114,115,99,109,117,115,116,111,105,116,120,116,122,118,115,78,80,74,99,72,99,113,110,99,113,24,26,24,25,25
834251805,113,114,86,93,75,101,76,75,115,100,104,100,68,85,113,115,110,112,112,116,115,115,109,113,112,114,114,114,113,22,21,23,25,26
834251854,116,117,107,111,109,118,99,98,124,121,109,121,100,113,124,121,122,121,120,105,111,106,93,105,99,122,116,100,123,31,26,30,28,28
834252145,124,125,101,112,102,115,92,85,119,114,117,110,95,111,115,110,121,115,120,116,120,118,107,119,110,118,112,110,111,26,28,27,29,29
834253124,118,116,99,108,104,116,93,103,120,115,108,115,95,108,116,113,111,109,114,103,108,106,93,107,105,114,110,101,113,22,21,25,24,23
834256196,116,116,75,85,72,81,74,74,114,88,80,106,76,80,92,108,104,111,113,119,118,119,116,112,118,113,117,119,115,27,29,28,26,28
834256790,117,119,113,112,113,116,108,95,118,118,102,108,90,109,122,116,121,118,116,82,94,82,103,78,101,111,97,100,120,21,25,23,27,23
834263578,113,114,82,90,85,108,83,75,113,101,109,97,78,100,111,108,112,105,111,106,110,108,95,111,95,106,106,101,104,20,23,22,25,25
834263781,112,113,93,99,102,109,94,93,112,112,111,108,99,109,113,113,113,112,112,107,111,111,109,112,104,112,112,101,108,21,21,19,20,19
834265450,116,119,108,111,111,113,99,95,114,116,112,101,93,116,118,112,116,108,115,64,68,61,95,61,106,112,103,103,113,20,25,20,22,21
834266032,119,121,116,117,107,113,106,95,111,110,109,99,92,116,120,115,120,115,115,68,66,69,96,67,105,110,98,107,110,19,18,25,21,20
834266096,112,111,76,85,74,87,74,75,113,99,82,108,69,75,99,107,97,101,105,111,111,112,107,111,112,111,113,111,106,22,21,17,23,19
834268889,113,114,98,101,86,114,84,81,116,114,115,111,86,110,112,113,113,111,115,111,115,116,97,111,99,114,111,109,110,20,21,24,25,22
834272600,106,108,103,106,104,114,92,94,117,115,95,116,94,107,112,118,112,110,114,114,114,113,107,112,102,119,114,107,114,22,24,22,22,19
834272834,117,117,103,113,109,113,107,104,121,118,105,120,102,114,117,118,120,118,120,111,119,114,109,109,104,118,114,109,121,29,28,26,30,31
834277179,111,114,109,114,114,116,99,93,114,116,107,110,94,108,112,116,115,116,115,86,91,84,95,81,94,109,102,98,112,23,26,23,22,23
835005740,112,105,86,101,82,93,94,80,107,93,87,97,80,86,100,93,102,115,112,117,119,118,120,119,124,114,119,116,112,24,27,23,23,25
835028765,119,120,99,118,114,119,104,98,119,121,123,110,119,120,121,117,122,120,117,99,101,102,92,95,106,121,110,107,120,26,27,24,22,23
835047390,111,105,96,106,91,104,91,116,119,109,96,116,84,101,116,116,110,118,117,116,120,120,117,116,113,116,113,111,119,24,24,23,24,24
835135455,121,119,105,122,121,123,115,91,115,119,123,121,102,118,118,112,113,113,118,117,120,120,102,119,117,123,118,110,116,23,28,25,27,24
835137186,117,107,79,99,82,97,80,90,116,96,99,118,81,83,110,109,101,109,115,117,115,118,117,117,115,116,115,115,118,23,23,23,23,25
835138123,110,107,96,120,117,117,111,95,120,112,107,121,101,107,107,117,108,121,119,112,121,122,87,112,107,120,116,94,118,24,26,26,23,26
835162895,112,113,108,119,119,119,118,116,123,126,122,123,118,121,115,119,118,114,118,87,99,92,93,81,101,119,103,100,118,25,26,24,24,25
835170890,113,113,100,110,106,118,102,93,118,112,94,118,92,100,117,114,114,116,117,113,118,121,106,116,110,123,114,113,114,24,23,23,27,23
835171877,109,110,119,120,118,120,111,99,118,121,120,121,110,119,119,116,111,111,117,99,104,97,114,86,107,122,114,110,119,21,19,24,25,23
835183277,118,124,118,118,110,112,108,121,113,120,121,120,113,121,126,115,124,126,120,57,60,58,99,55,102,120,87,97,126,23,22,21,21,21
835188428,117,118,118,113,109,117,113,110,105,106,91,95,100,114,116,113,115,113,113,61,65,62,113,58,102,116,97,106,113,21,21,23,23,23
836000250,112,112,110,118,120,116,108,110,114,119,123,120,123,124,114,114,111,116,111,96,103,101,106,101,102,119,115,102,115,21,22,21,19,21
836001109,116,116,88,99,90,109,93,84,111,106,111,109,72,101,112,108,111,119,115,119,116,118,117,118,111,115,116,117,113,21,19,18,21,18
836001397,111,115,108,117,117,116,114,110,116,116,116,113,116,118,119,120,117,119,112,87,90,96,110,72,107,117,111,103,123,21,20,19,18,21
836001419,111,109,95,114,113,113,93,100,118,112,92,116,94,106,117,116,105,113,110,110,116,116,109,116,119,118,119,114,118,17,19,18,22,22
836004000,112,112,117,117,118,114,118,111,115,117,104,103,113,116,118,120,114,117,114,57,64,66,102,59,108,115,95,102,121,19,18,19,18,20
836005419,123,123,123,117,118,123,118,113,108,102,97,75,95,117,119,117,122,118,120,54,55,61,119,56,100,112,101,119,122,21,19,21,20,22
836005479,89,99,44,65,37,45,43,50,60,80,48,60,48,56,49,57,102,91,116,53,49,57,54,52,96,84,62,113,110,114,115,106,117,116
836005680,115,116,119,117,115,120,120,114,103,95,99,97,102,109,107,115,114,118,115,62,60,55,119,64,113,111,103,119,118,21,18,19,19,21
836007289,114,110,84,94,69,96,89,82,109,93,84,108,61,94,98,107,107,116,110,117,114,114,117,114,112,109,115,114,110,19,18,19,17,18
836013743,112,112,110,121,121,118,111,112,119,118,119,120,115,117,114,116,113,113,115,111,112,112,114,112,108,118,118,111,114,18,19,21,19,16
836020801,119,119,116,118,119,117,115,110,107,109,116,104,117,115,119,113,118,115,115,53,54,50,117,48,106,113,105,121,118,21,19,18,17,21
836034079,118,120,89,103,94,113,93,95,110,103,114,104,91,112,115,114,117,116,116,117,111,114,99,116,100,117,115,103,111,18,19,20,16,17
836037576,125,125,125,117,117,123,119,121,109,102,102,100,109,119,126,120,124,126,121,60,63,62,108,55,108,116,92,108,126,19,21,21,22,20
836045661,116,118,122,115,114,122,121,112,116,120,113,97,107,118,119,119,117,117,119,71,67,66,121,61,104,117,96,119,123,21,19,21,22,21
836049369,121,122,121,114,111,121,117,113,99,104,106,88,96,115,118,112,122,112,118,63,65,64,118,64,101,114,103,117,121,21,22,20,21,18
836050752,111,111,81,91,81,84,77,77,108,89,80,103,72,84,96,103,96,109,108,114,114,111,113,113,112,105,113,111,108,17,18,19,18,17
836054050,115,115,119,118,119,117,116,112,116,115,110,117,114,118,116,115,115,117,115,76,85,76,115,73,117,117,118,113,118,21,19,21,20,19
836158023,120,123,122,121,119,115,119,117,118,119,114,120,119,125,125,120,125,125,118,54,55,55,116,53,100,117,93,103,125,21,22,21,20,22
836165153,111,110,121,116,114,118,115,111,115,116,104,104,113,116,118,116,110,116,112,69,61,59,115,54,110,110,95,108,119,16,14,8,10,8
836167495,90,94,34,72,42,44,33,62,82,99,46,97,37,53,65,83,101,96,114,72,42,64,62,61,92,75,89,111,103,116,111,108,118,115
836167948,85,86,35,36,35,27,29,48,62,49,32,65,31,31,31,52,95,89,113,49,31,63,37,38,70,60,71,105,81,115,110,101,116,114
836168473,119,120,110,121,121,112,104,106,120,119,109,120,119,118,121,118,118,114,118,119,120,122,118,119,113,118,112,122,120,21,19,19,21,22
836173731,122,124,116,118,116,118,115,109,111,114,117,107,115,118,119,112,117,111,117,92,93,99,117,85,107,117,98,121,114,21,21,21,22,19
836183277,117,123,119,113,108,114,105,119,113,117,118,115,117,118,123,111,122,122,117,55,60,65,97,53,97,116,86,93,123,21,22,17,18,19
836188350,113,113,114,115,115,117,116,105,112,116,113,109,109,115,114,110,114,106,113,83,93,100,88,72,91,112,112,95,114,19,21,18,17,15
836188377,116,115,82,109,103,106,81,90,110,102,111,114,109,110,111,111,109,109,112,109,115,110,109,113,109,111,107,111,109,17,18,17,16,21
836189511,108,105,88,94,91,103,81,93,120,117,92,119,97,105,113,116,105,114,112,113,116,120,111,113,103,116,111,103,119,16,18,19,21,19
836190045,122,123,122,117,116,120,119,113,119,120,111,115,114,121,122,120,122,115,118,69,67,80,110,66,104,117,109,109,123,21,21,20,22,20
836190048,117,121,125,119,104,125,123,114,110,109,97,94,101,115,108,119,122,121,121,63,65,65,120,56,104,118,102,121,123,21,22,21,22,20
836191695,118,120,118,115,110,119,115,107,109,110,109,87,102,117,118,116,120,117,118,59,59,65,111,56,93,113,95,110,119,21,21,18,19,20
836192181,115,114,124,121,120,121,119,123,112,110,102,108,112,118,114,117,115,117,115,63,59,72,122,56,113,113,101,121,123,21,22,22,21,21
836192985,109,109,112,116,118,112,109,105,116,119,119,119,114,118,113,116,110,111,110,88,95,92,91,84,99,107,107,92,118,20,18,16,19,16
836197445,117,116,94,115,116,109,92,109,117,112,116,116,115,113,113,114,112,111,117,115,117,116,109,116,107,113,111,113,115,17,18,19,20,21
836200104,118,118,114,116,116,112,110,98,109,108,114,106,106,117,116,113,113,111,117,70,72,73,89,63,98,112,90,92,111,18,19,19,18,17
836202126,111,111,122,119,118,119,114,121,113,114,106,115,106,117,112,115,110,119,111,68,73,63,119,62,113,111,106,107,120,19,21,20,20,22
836214098,111,107,109,116,115,114,97,99,114,111,102,112,97,103,114,112,110,113,111,109,114,114,115,110,115,118,112,111,113,18,19,18,20,17
836214100,118,119,115,120,117,118,115,111,117,118,116,112,117,117,117,115,115,115,115,91,108,101,117,94,118,116,111,115,119,22,22,21,22,21
836227796,117,117,113,112,111,115,107,102,111,110,110,103,95,110,115,110,116,115,113,69,71,65,104,68,99,111,102,105,112,18,21,18,19,20
836228702,108,107,93,98,101,104,97,86,114,113,104,115,91,110,114,114,111,114,111,106,111,110,107,107,100,114,108,109,115,15,17,15,16,18
836230025,114,118,121,120,121,119,110,117,120,120,118,120,114,121,119,117,119,115,115,96,103,104,108,85,105,123,120,107,121,21,22,18,18,20
836230621,71,74,32,74,39,39,27,35,67,85,39,74,40,41,46,71,97,86,113,48,41,41,44,34,98,66,76,105,103,117,113,101,116,117
836231281,115,115,96,117,117,114,96,91,115,118,121,120,117,120,108,110,113,109,113,110,114,116,103,114,100,116,108,103,113,21,20,20,19,18
836231443,119,120,107,112,105,110,106,101,110,117,117,109,104,115,120,116,121,103,115,71,73,75,80,62,91,107,96,91,112,18,19,20,21,21
836231677,116,116,111,113,113,112,102,106,103,105,104,100,108,110,114,109,113,110,110,59,63,61,105,53,102,109,93,104,111,16,15,19,20,13
836231747,126,126,125,120,116,123,119,111,113,110,107,102,99,122,122,118,122,117,122,56,61,56,103,58,106,115,91,103,120,21,21,20,22,22
836231866,105,104,92,114,110,103,85,94,117,109,82,119,85,103,107,115,100,113,106,108,116,113,115,108,112,116,114,109,116,18,19,18,17,16
836233049,119,122,118,114,99,119,116,100,116,119,116,106,101,116,120,113,120,116,117,66,63,63,79,59,93,116,88,84,117,10,14,13,16,14
836233064,114,116,111,115,114,115,104,108,117,117,116,114,115,116,115,113,115,116,115,88,102,98,90,83,96,116,110,96,114,19,20,20,21,16
836233731,113,111,114,110,105,114,110,107,101,96,88,84,107,104,113,111,111,105,109,54,53,50,108,47,107,109,88,112,111,16,18,19,19,19
836234378,111,103,91,111,112,101,99,93,114,109,103,114,99,110,112,110,101,112,108,108,114,112,109,112,109,116,112,108,111,16,15,18,19,16
836234396,123,123,98,111,99,115,94,94,115,115,115,104,92,104,120,115,123,115,119,116,116,110,102,113,110,118,112,112,111,19,20,19,21,18
836235243,109,103,95,107,106,96,81,73,111,100,84,112,82,91,98,105,99,114,107,113,113,109,115,114,113,102,116,113,106,19,18,17,16,21
836237678,113,107,83,78,64,77,66,74,108,86,72,107,64,70,103,104,101,110,107,110,115,111,116,110,116,103,113,111,107,16,15,17,19,17
836237692,112,117,113,115,114,113,107,95,114,113,115,107,101,115,115,113,117,117,113,73,69,69,87,65,94,110,93,94,115,18,17,17,20,17
836238794,122,122,119,111,108,119,101,100,113,115,111,106,95,112,119,110,120,111,115,60,63,56,94,57,97,110,95,103,113,16,18,19,20,18
836239085,121,116,124,122,107,124,119,110,107,102,79,83,96,114,109,111,111,117,114,61,60,61,114,51,118,109,111,109,118,21,22,21,16,20
836243780,109,110,104,110,104,106,96,103,114,113,115,109,112,117,113,113,113,118,107,74,80,73,87,55,98,104,109,92,115,16,18,19,19,19
836245367,117,117,114,113,113,115,105,102,116,117,113,111,105,117,116,111,119,116,116,76,80,71,99,69,103,111,110,98,114,18,20,14,18,14
836246669,119,122,116,114,115,117,103,114,116,117,119,101,100,120,117,114,118,121,117,98,102,92,96,95,101,117,102,99,117,18,19,19,20,16
836247827,115,115,96,111,109,108,92,96,111,115,117,112,108,114,115,109,116,111,112,94,93,78,80,86,94,113,109,87,108,17,19,17,17,18
836248695,111,106,72,81,73,91,75,64,107,90,76,107,73,77,100,98,98,104,105,109,112,113,113,110,108,103,109,113,103,18,19,16,18,16
836251517,110,108,88,103,93,101,88,89,111,103,93,111,88,94,112,109,100,105,108,108,112,110,110,111,113,109,112,111,108,18,18,16,16,14
836252145,114,116,84,104,91,100,85,77,111,106,106,98,83,99,106,105,111,104,111,107,114,108,96,107,102,110,101,99,100,16,18,18,20,22
836252371,117,117,119,116,114,120,108,101,121,116,107,119,98,114,121,117,118,119,118,106,111,111,113,108,109,123,115,114,120,19,18,18,16,18
836256630,116,117,115,115,116,119,108,105,118,119,115,116,105,114,120,117,120,117,119,86,81,76,75,81,92,116,100,91,118,21,21,19,18,19
836256790,118,118,117,112,115,117,109,95,117,117,103,109,90,110,121,116,120,118,115,84,93,79,107,80,99,112,98,101,119,9,12,11,14,11
836257534,119,118,120,116,115,120,106,122,118,120,111,113,110,116,118,117,117,117,116,78,80,76,92,70,99,113,94,104,120,18,17,19,18,20
836260592,114,110,110,109,108,109,107,102,104,99,94,92,94,101,109,109,107,101,102,76,69,65,111,63,111,105,103,111,109,18,16,15,16,21
836266127,110,112,84,103,103,102,86,90,111,110,114,106,108,111,107,110,111,110,108,106,110,106,101,108,95,111,100,98,108,18,16,15,16,15
836270409,116,117,113,108,107,113,101,97,111,110,114,98,91,110,116,110,116,110,111,62,74,63,84,62,94,110,93,94,108,15,20,15,18,16
836272834,113,114,99,108,101,108,100,96,117,114,107,116,96,108,113,115,116,113,116,108,113,107,102,107,100,113,110,103,116,18,19,16,21,22
836277643,117,122,109,117,118,115,102,93,114,119,118,101,103,121,121,115,123,118,118,70,73,59,82,73,93,116,109,94,118,18,20,18,19,20
839000250,114,116,112,122,121,118,111,113,118,124,128,124,128,128,118,116,116,119,116,102,106,104,103,106,107,123,121,104,121,28,29,27,26,25
839001605,119,119,113,117,119,112,107,107,117,120,119,117,112,124,121,117,119,117,117,67,82,81,97,64,105,117,97,104,122,24,25,28,27,26
839005589,124,124,110,122,122,116,109,119,113,121,127,109,121,126,124,119,122,121,118,85,87,84,100,77,111,121,115,102,124,27,27,29,28,29
839013128,122,123,125,120,120,124,120,120,104,101,99,93,120,122,115,115,122,120,120,56,54,61,124,51,110,117,105,122,123,28,28,29,25,24
839039943,119,119,111,108,107,122,108,100,120,120,110,111,100,108,120,118,119,122,119,118,113,120,103,113,105,127,127,105,123,23,26,28,26,27
839045661,114,117,121,115,118,122,117,117,111,114,107,99,112,120,117,120,116,117,117,71,67,66,119,61,104,116,95,118,122,25,26,25,25,23
839049072,114,114,123,124,123,122,117,121,112,115,107,99,117,121,112,117,113,115,117,63,61,63,107,54,107,117,103,111,121,23,25,27,25,23
839052241,119,120,121,116,112,121,116,110,101,99,100,94,106,113,111,114,116,111,115,67,77,69,121,73,107,116,106,116,121,23,23,25,24,23
839156616,119,124,110,117,119,114,103,100,111,117,120,110,110,120,124,117,124,121,117,67,68,65,88,63,102,115,104,93,117,25,27,23,24,23
839191695,119,121,120,115,110,120,117,107,115,117,107,87,103,117,120,117,121,117,118,60,63,66,110,57,97,115,97,112,120,23,23,24,24,23
839200104,123,123,123,120,120,122,118,110,112,114,119,99,116,123,121,113,119,118,121,64,62,59,95,59,105,119,98,96,118,26,24,25,25,24
839204485,113,115,113,117,117,115,117,117,115,116,118,110,112,119,119,115,116,114,115,67,69,70,95,61,99,113,100,95,115,19,23,24,19,23
839215914,117,120,93,110,110,107,90,93,119,97,94,120,93,104,120,114,120,123,120,120,119,121,95,119,106,122,122,105,117,26,24,25,24,24
839226764,121,126,122,114,113,120,116,113,110,102,113,102,114,119,126,119,126,121,121,73,78,78,115,76,102,118,96,118,124,24,26,26,25,25
839238616,119,120,105,115,108,115,100,101,116,113,119,107,99,115,119,117,116,117,116,67,67,63,100,64,102,114,95,99,117,20,20,20,23,21
839241084,121,122,112,116,110,118,116,90,116,111,108,112,88,110,119,118,121,112,118,64,70,59,109,64,98,114,110,116,117,26,27,27,27,23
839246669,121,122,118,115,115,117,106,118,117,120,120,105,105,121,118,113,120,122,117,98,103,88,99,97,102,120,107,99,117,25,24,24,24,23
839247699,117,118,121,117,117,121,117,107,117,117,110,100,112,117,117,114,117,117,119,61,61,63,111,60,103,118,102,105,122,24,24,24,24,23
839268513,121,122,122,113,107,120,117,104,109,108,113,98,107,110,123,115,122,125,115,67,73,73,114,64,105,116,97,110,124,25,24,24,24,23
840001041,120,119,94,119,114,112,104,96,116,112,117,113,91,108,116,117,116,122,118,117,117,118,110,116,113,125,123,99,116,20,20,22,23,23
840001075,116,117,114,117,118,119,109,115,116,114,118,107,121,122,121,117,120,112,117,67,66,66,103,67,102,114,105,103,120,21,20,18,23,18
840001088,115,115,88,97,83,81,87,84,109,106,83,116,80,90,100,108,105,118,114,120,117,120,119,121,115,112,119,118,113,18,20,22,22,20
840001114,114,118,121,115,113,119,115,121,117,115,111,112,116,120,124,120,120,121,116,67,63,63,101,64,102,109,95,96,124,19,24,21,21,20
840001179,66,79,35,59,37,38,43,43,69,73,39,66,33,36,39,64,100,98,114,49,46,53,40,47,85,68,69,105,108,116,114,99,116,115
840001183,109,113,84,84,77,96,77,79,101,93,83,97,67,90,86,101,109,122,117,120,118,121,121,121,112,110,121,124,111,18,17,23,22,21
840001201,113,119,119,117,117,118,112,117,116,111,111,107,120,120,123,118,122,123,119,72,77,64,96,63,98,112,96,95,120,23,23,22,19,19
840001397,112,116,108,117,117,114,115,112,117,117,115,113,117,119,122,123,118,120,115,85,88,95,111,73,110,118,112,104,124,21,21,25,20,22
840001419,113,110,98,114,113,114,96,101,119,113,94,117,96,104,117,115,108,116,113,113,119,118,113,115,121,120,120,115,121,17,17,15,21,20
840001615,118,118,85,96,93,112,84,81,108,91,108,105,86,102,105,105,111,117,117,120,118,118,117,120,118,119,119,121,112,20,16,15,20,20
840001620,109,110,100,117,115,112,101,99,119,112,115,118,109,116,114,116,114,118,113,115,116,116,109,115,116,118,117,108,118,18,19,19,17,21
840001625,124,124,122,117,115,120,114,115,111,109,109,104,116,122,119,115,123,119,118,66,62,64,107,67,107,115,97,109,123,20,21,18,18,19
840003622,114,115,92,93,75,107,82,82,109,94,86,103,81,90,95,107,110,118,117,121,118,118,117,122,113,112,122,120,109,22,19,14,19,17
840004000,117,116,119,120,120,120,121,119,118,116,104,106,116,120,121,125,116,122,117,63,67,69,105,64,112,116,98,106,126,22,24,20,24,21
840005419,122,123,121,115,113,123,116,112,109,103,97,76,93,115,116,117,122,115,119,56,58,58,114,54,98,112,97,117,120,17,22,21,19,20
840005467,111,108,88,98,71,95,78,80,112,95,109,108,72,97,93,108,97,113,119,117,117,118,116,119,113,118,114,112,108,24,23,21,23,22
840005471,109,110,115,121,121,119,115,120,119,116,114,118,116,117,113,119,109,115,114,97,104,104,102,92,108,117,108,106,119,19,21,21,16,18
840005679,115,112,118,116,111,121,115,114,115,113,104,102,100,114,119,122,116,112,118,64,69,65,113,60,111,113,99,109,119,21,23,17,16,22
840006235,119,120,111,121,121,116,109,104,116,118,117,116,116,116,119,118,117,121,116,93,100,105,105,95,108,123,120,105,121,20,21,23,15,18
840007518,108,108,104,121,120,116,115,115,122,122,116,121,119,119,115,121,109,114,113,106,102,104,104,95,110,115,115,98,121,19,21,20,22,20
840013743,112,112,115,123,122,118,112,112,120,119,117,122,114,117,114,118,112,114,114,105,108,104,109,108,109,118,119,107,114,20,23,22,20,15
840013940,105,102,118,119,115,120,118,108,113,97,85,93,94,101,102,117,97,110,113,69,73,71,124,65,124,110,114,119,111,44,45,43,42,46
840031432,112,113,121,120,115,121,117,108,100,100,93,93,112,110,107,112,109,117,111,64,63,63,121,62,121,114,118,117,116,23,23,21,24,20
840037576,123,124,123,116,114,122,114,117,108,102,98,98,108,118,124,117,123,125,120,57,62,64,108,54,107,113,91,107,125,19,21,23,21,18
840048940,71,80,42,66,41,47,36,48,69,89,46,72,40,47,43,66,95,98,111,46,44,49,56,46,97,83,85,107,111,117,113,105,116,116
840049369,122,124,123,118,113,122,115,104,101,105,106,90,97,118,118,112,122,114,120,66,68,67,120,67,107,114,106,118,121,22,23,19,21,19
840138412,115,116,107,117,117,116,107,123,121,117,123,117,113,119,116,117,112,122,117,113,115,116,111,111,112,123,122,107,120,23,21,21,19,19
840152908,112,113,97,111,108,111,102,97,116,112,120,109,110,119,113,116,110,107,112,113,113,113,98,112,106,112,112,101,101,22,15,22,20,21
840178562,110,109,107,114,116,113,98,108,123,123,117,121,116,116,119,121,113,117,116,104,101,101,86,100,105,113,111,90,114,25,20,20,23,21
840183277,120,124,114,113,108,114,108,120,114,119,117,118,111,119,127,117,123,124,120,58,60,59,96,53,102,113,89,93,125,23,24,19,22,21
840184392,114,115,91,98,88,112,83,79,113,100,114,107,76,110,107,115,111,114,115,118,119,117,112,118,105,113,114,109,116,20,22,21,20,24
840184432,112,109,90,99,93,111,92,96,116,106,112,112,91,104,103,113,110,118,116,118,116,119,112,117,109,118,120,117,113,25,22,23,19,19
840184943,119,120,107,111,111,117,104,101,115,112,108,113,95,112,115,114,115,116,119,120,118,119,107,117,111,124,121,109,116,22,19,21,22,24
840188567,124,125,123,115,110,123,119,114,107,106,107,88,106,114,114,116,119,109,118,58,65,66,112,59,108,113,91,113,118,20,21,24,22,21
840189505,119,120,116,112,115,119,104,102,114,115,115,108,102,119,118,115,119,119,118,72,75,72,90,68,96,111,100,100,115,18,19,19,16,21
840189881,114,110,90,78,68,94,78,77,105,94,81,96,60,83,89,103,103,115,111,117,118,113,119,120,117,106,118,116,112,20,22,22,21,23
840190042,124,124,118,118,113,116,113,123,116,120,112,111,123,122,127,121,124,127,120,64,75,84,97,67,113,114,117,119,125,23,22,21,23,20
840190456,116,116,90,108,105,106,88,84,114,107,112,104,84,104,111,110,115,113,114,114,114,116,106,115,106,118,114,107,112,15,17,20,16,20
840190815,114,111,101,112,107,109,103,100,120,113,118,119,103,116,106,116,107,113,114,117,118,119,113,118,112,114,112,111,117,23,21,21,19,25
840191189,116,116,114,124,123,116,108,117,123,121,107,122,117,114,116,117,114,123,116,114,114,114,103,115,112,120,122,107,118,24,20,23,20,22
840191208,126,126,121,120,117,119,110,112,108,106,109,103,107,113,116,115,116,125,118,74,75,74,117,73,118,123,121,123,115,22,19,21,24,21
840191695,120,123,121,115,113,122,117,109,110,111,108,89,104,119,122,119,123,119,121,63,63,68,113,59,97,115,101,112,122,16,22,18,18,19
840192119,77,80,50,67,54,53,44,56,63,78,46,61,51,48,47,54,101,95,116,51,48,47,45,48,94,67,73,105,103,119,115,104,117,117
840192190,107,107,100,116,115,106,104,102,119,118,111,119,113,114,116,116,108,117,116,111,115,115,103,119,110,115,118,111,120,19,22,23,19,21
840192883,115,116,112,113,111,118,111,106,119,118,113,114,108,117,120,117,119,116,114,83,88,92,97,84,98,118,103,100,115,19,23,24,20,18
840193080,90,83,43,54,51,42,42,61,73,87,46,71,54,48,45,65,111,94,116,50,45,59,51,46,91,75,68,102,100,118,113,106,120,115
840193198,103,103,101,119,117,100,98,95,117,108,97,112,108,111,102,113,98,106,109,116,117,118,118,114,118,114,117,116,111,19,21,18,22,25
840193747,109,109,107,116,107,118,98,100,121,122,122,117,113,118,116,118,112,119,117,113,114,115,99,109,114,123,118,100,118,22,20,14,20,16
840194765,121,122,121,119,119,123,118,112,117,116,116,116,113,121,120,119,123,116,120,78,81,73,112,74,105,118,107,113,122,22,17,21,21,18
840199189,111,110,109,119,119,113,103,111,119,115,111,119,114,114,119,117,111,119,113,94,106,98,108,104,116,116,115,108,118,21,22,22,20,19
840200389,85,77,38,62,43,40,38,70,68,85,41,67,41,44,39,57,110,98,114,58,44,50,40,45,103,78,73,107,108,114,118,104,119,116
840200746,109,105,111,114,114,111,97,88,116,111,97,116,94,111,110,112,108,110,110,109,110,114,103,108,113,119,119,106,114,24,19,20,20,22
840202651,112,116,107,112,120,114,103,104,118,116,118,111,114,119,118,116,117,114,116,71,64,58,90,65,93,108,85,93,114,23,21,21,18,15
840202884,119,119,89,103,91,108,88,94,108,104,117,105,78,108,116,108,111,105,113,111,113,112,105,111,98,115,109,104,107,16,19,17,21,23
840204970,116,118,116,118,114,113,107,103,114,114,114,111,108,117,118,111,119,106,115,68,72,67,102,67,101,111,93,108,111,16,21,23,18,21
840205566,118,119,98,117,112,114,94,93,118,112,118,113,94,114,113,114,118,115,119,111,117,116,105,115,98,118,116,112,111,20,24,19,21,20
840205988,116,115,83,107,94,112,92,84,114,112,118,109,98,114,111,111,108,115,111,114,115,112,113,111,113,113,111,111,112,19,21,21,20,16
840206585,73,72,45,70,44,47,44,62,80,81,48,80,48,49,44,59,93,91,112,49,47,51,48,44,90,63,56,106,87,112,111,112,116,112
840207410,113,114,96,110,109,111,104,95,121,113,102,119,101,112,121,119,119,120,116,106,109,109,93,102,104,118,115,103,119,21,19,17,18,18
840208004,104,104,88,96,83,99,78,76,113,99,113,115,68,91,105,109,102,108,116,115,116,119,113,118,110,116,117,114,111,20,23,19,23,22
840208268,95,100,103,116,108,111,104,103,118,115,102,118,98,106,111,114,101,104,112,114,115,115,121,112,115,116,115,117,114,18,21,18,19,18
840208333,115,111,102,118,115,105,95,110,117,106,98,119,97,107,118,115,108,116,112,113,118,118,115,115,119,115,118,113,118,22,20,16,18,22
840208421,113,114,106,118,118,117,108,114,118,112,109,118,107,116,119,118,116,118,118,114,116,119,116,113,107,122,121,118,119,18,21,22,20,20
840208574,118,120,104,118,113,115,103,107,117,116,123,110,117,122,119,116,118,115,118,110,112,111,102,110,104,121,111,105,116,19,22,19,18,18
840209297,111,112,101,108,107,111,99,96,117,110,101,118,105,107,111,115,118,116,117,111,110,116,89,105,98,121,118,111,112,19,22,24,21,19
840210035,115,117,110,119,118,117,94,97,116,118,122,109,121,122,113,113,116,113,117,108,116,113,98,112,96,117,103,98,114,20,21,24,23,19
840210736,117,118,89,115,111,112,91,88,118,113,116,106,106,110,116,115,116,116,115,113,115,116,103,114,104,116,108,109,113,18,24,22,22,20
840211575,111,105,101,114,103,109,96,92,120,118,98,118,96,117,119,115,111,109,114,102,108,107,103,97,114,115,111,103,115,23,22,19,21,24
840212198,112,111,113,120,121,118,119,122,121,124,119,120,118,119,115,117,114,111,117,95,104,97,95,96,101,122,118,99,118,20,22,23,22,17
840213331,111,103,77,88,69,78,74,69,112,91,72,112,64,73,91,102,95,109,109,113,115,111,116,112,117,110,114,114,107,24,21,20,23,22
840213661,114,110,88,99,88,93,91,78,118,105,90,118,86,93,98,109,103,111,111,117,117,118,117,116,114,108,113,116,115,23,23,21,22,19
840214997,119,120,111,113,112,120,110,98,113,114,110,100,97,114,120,115,119,116,119,76,78,71,98,68,99,111,107,100,116,18,18,19,22,16
840215316,73,75,40,68,42,41,38,75,55,78,33,50,42,44,42,44,83,81,112,44,43,48,42,44,93,71,55,98,89,113,110,107,115,114
840216266,116,118,91,103,96,112,87,85,114,106,113,114,94,114,111,113,113,111,113,118,117,117,111,119,108,114,115,116,114,17,23,19,18,15
840216460,110,109,82,104,84,99,87,75,108,98,77,115,73,75,99,106,108,117,111,119,118,121,118,117,116,110,119,121,109,19,19,17,22,21
840220814,117,115,88,103,89,109,81,77,113,101,111,99,82,104,112,111,113,113,118,117,117,115,115,116,107,114,117,117,107,23,19,22,22,24
840222481,110,107,101,106,103,107,101,108,116,107,94,111,99,98,103,112,108,118,111,117,118,115,120,116,117,112,113,114,114,19,21,23,18,19
840224490,112,112,88,94,94,109,84,81,107,98,111,102,81,107,104,112,105,108,110,110,111,109,106,109,108,114,105,107,106,23,22,22,20,18
840225782,119,120,104,105,103,107,99,103,113,108,112,111,77,105,117,113,116,110,119,110,113,116,108,118,100,116,117,109,112,24,22,20,23,23
840226753,80,83,43,73,48,41,40,37,83,93,40,88,49,49,51,73,101,95,114,44,50,47,40,43,99,66,77,105,95,114,109,114,117,112
840228251,113,114,110,112,114,118,103,115,116,122,121,115,121,121,116,115,114,111,115,100,104,105,104,94,101,117,107,102,113,21,18,19,19,23
840228302,117,116,105,113,110,112,96,98,110,109,116,106,94,114,112,109,111,109,112,112,113,114,108,113,109,114,107,107,106,21,19,21,24,20
840229752,113,111,101,108,109,110,103,90,116,114,98,114,96,105,114,116,110,114,113,109,112,117,107,111,110,120,113,109,113,19,24,22,21,20
840229880,118,119,82,98,84,103,79,85,110,94,100,95,79,94,111,111,111,116,108,115,118,118,98,122,104,117,117,97,108,22,23,19,19,18
840230899,120,121,119,116,113,116,108,105,110,110,111,96,94,111,120,116,119,121,117,63,60,58,103,59,105,112,102,108,116,23,22,21,19,24
840231521,111,112,104,111,112,113,96,98,119,114,100,116,87,104,112,118,116,115,113,110,114,112,101,112,106,120,115,107,118,24,20,20,21,18
840231677,120,121,117,118,115,117,106,113,110,110,108,106,116,114,118,112,118,110,117,59,58,60,104,55,104,109,93,107,114,22,19,24,23,20
840232730,112,113,112,109,110,116,103,109,119,117,111,111,108,113,115,114,115,109,115,78,86,73,93,73,99,116,95,100,114,19,21,22,21,17
840235243,108,103,92,102,98,97,77,72,113,99,84,113,78,93,98,109,99,116,109,115,118,114,117,116,117,106,118,116,110,19,17,19,18,21
840235410,116,118,119,116,111,120,111,103,112,106,94,91,93,106,112,115,111,114,119,68,69,70,123,63,111,113,109,121,111,21,21,23,24,19
840236987,108,104,80,98,92,94,66,93,111,106,91,109,82,98,110,112,106,111,110,112,115,117,111,110,108,111,114,110,109,21,24,21,23,19
840237221,112,111,87,93,85,101,83,87,117,101,110,112,87,101,113,113,113,109,115,117,120,119,118,119,110,115,115,114,111,19,24,17,22,22
840240679,109,109,107,113,118,114,100,112,118,117,114,117,111,114,109,117,106,112,113,106,108,106,104,102,110,117,115,110,114,21,15,19,18,18
840241486,116,116,81,84,72,97,72,73,116,102,92,114,71,93,105,110,111,116,114,116,119,113,117,117,111,111,113,123,111,20,18,16,22,24
840242948,74,68,46,80,44,46,45,47,78,76,45,79,45,58,53,71,77,80,109,46,50,53,47,45,94,69,68,99,100,114,114,116,116,115
840245279,119,116,96,104,94,110,78,74,111,110,111,104,88,106,113,110,116,110,113,112,114,116,108,111,100,114,105,98,110,17,21,19,21,19
840247263,113,110,93,104,82,87,74,99,116,98,79,115,68,90,107,108,100,107,111,114,117,113,117,115,115,112,113,113,111,19,18,21,21,19
840250955,114,113,83,89,80,93,77,84,113,95,112,105,70,103,109,108,109,112,111,114,114,112,109,112,112,112,111,108,103,22,19,21,23,19
840253149,120,121,112,98,94,117,81,84,110,111,116,92,84,108,116,110,120,116,117,109,111,108,93,110,99,117,109,107,108,19,19,16,21,21
840255106,109,109,89,93,75,83,67,70,109,91,71,100,69,80,94,109,100,111,107,116,119,115,113,114,118,106,118,118,112,17,15,19,18,17
840256630,117,117,115,113,113,120,108,103,120,120,114,112,101,115,119,116,120,116,117,87,86,76,86,83,97,116,101,93,118,23,21,24,18,18
840257540,122,122,103,109,104,114,97,90,109,108,111,102,85,107,119,114,120,113,120,113,118,119,103,113,100,121,111,110,107,21,22,23,20,23
840259584,117,115,97,112,94,119,95,84,117,112,121,109,97,119,115,116,109,110,115,113,117,116,117,116,115,120,113,114,112,17,21,20,17,21
840261593,109,109,93,94,79,98,79,78,108,93,82,99,72,87,89,103,102,115,114,121,117,119,118,121,118,114,123,118,110,19,21,22,20,23
840262113,114,116,89,108,106,110,91,89,111,106,114,108,97,110,113,111,113,106,114,105,108,113,97,104,95,113,104,95,105,23,18,20,24,21
840266866,110,109,102,111,108,117,98,85,117,116,102,116,89,103,114,114,110,114,114,112,116,115,112,114,111,120,117,111,113,22,17,18,18,17
844020801,118,118,123,122,121,124,122,126,112,110,108,102,121,117,119,117,113,116,116,56,61,58,121,54,112,116,103,123,121,25,24,25,26,26
844162328,61,73,31,59,34,34,33,43,64,85,33,83,34,34,38,66,72,88,115,38,38,34,41,45,88,60,70,93,85,116,119,108,115,121
844184111,105,104,119,119,103,120,116,116,111,86,84,104,91,92,107,117,103,102,115,64,74,54,123,54,121,112,114,119,117,24,23,23,22,22
844192366,108,108,100,102,89,96,86,80,119,105,83,122,75,94,98,112,101,114,113,121,119,120,123,119,118,116,118,120,118,24,23,22,24,23
844202126,115,115,126,124,123,124,122,128,118,121,104,121,113,124,116,122,111,122,117,67,67,63,125,64,119,117,105,115,123,26,25,23,23,24
844205452,118,118,86,113,103,101,83,84,116,98,88,120,83,93,101,110,106,117,115,117,120,115,119,119,119,116,122,118,115,22,25,23,24,23
844209331,124,126,128,120,112,127,122,129,116,124,125,102,104,125,124,117,124,127,125,66,74,64,102,67,113,125,104,101,125,24,25,27,25,26
844210514,117,120,94,116,114,119,99,93,120,120,121,119,114,121,120,117,118,114,119,114,117,117,109,117,106,117,117,114,118,23,22,22,24,23
844212401,116,117,93,97,85,106,95,85,114,93,101,111,75,91,107,110,117,113,117,114,119,119,113,118,112,116,118,118,111,24,22,23,25,23
844220502,120,121,114,117,116,119,110,119,119,120,121,114,99,119,122,120,121,120,119,104,94,100,109,93,106,120,114,110,119,24,23,25,22,23
844224232,118,120,101,123,121,121,122,101,123,122,121,123,106,120,121,122,122,122,120,108,116,103,107,117,108,122,120,108,121,25,24,23,27,22
844229261,117,113,99,118,107,110,80,117,119,111,99,117,81,104,118,117,104,107,117,117,121,117,117,117,119,117,117,117,117,24,23,23,24,25
844229558,122,117,93,99,86,99,79,76,122,119,84,122,70,90,106,114,108,117,116,119,122,122,120,115,122,114,119,121,116,24,24,22,25,28
844231281,119,118,97,121,120,119,102,100,120,122,124,124,119,127,115,119,118,113,117,118,122,120,107,118,107,119,116,108,119,25,27,26,27,29
844231747,128,128,125,123,124,126,121,126,115,109,109,112,111,124,125,121,125,118,124,60,65,57,101,61,111,120,97,104,120,25,24,25,24,24
844232580,117,112,97,102,87,110,87,79,121,106,87,117,82,99,99,113,107,116,118,119,121,118,122,122,120,119,120,119,119,26,23,24,24,23
844233096,120,122,103,110,93,123,90,81,115,107,119,102,80,109,113,114,110,116,119,117,120,117,121,120,118,120,122,122,115,22,22,23,24,24
844233306,72,73,24,42,24,34,33,35,58,65,32,62,31,30,33,48,97,84,117,55,35,33,33,37,91,64,71,99,86,117,115,105,120,116
844233419,126,128,118,123,124,123,117,123,122,123,124,122,120,125,126,119,125,118,122,79,89,74,111,77,106,122,115,113,123,25,24,26,23,26
844233731,124,121,126,122,121,124,122,123,111,111,91,91,97,114,123,119,121,114,121,65,62,60,122,60,118,119,101,119,120,25,26,24,25,24
844237086,120,121,96,97,91,101,82,80,117,100,92,121,76,90,103,110,111,119,116,117,123,122,121,117,122,118,122,121,111,24,24,25,23,25
844237238,113,111,121,123,120,124,122,98,122,117,107,122,98,112,120,117,111,117,119,114,123,117,121,115,120,124,122,114,115,25,24,23,24,23
844239093,120,121,101,114,108,121,100,92,115,120,123,105,113,123,114,113,118,113,118,115,120,121,108,117,104,119,111,112,113,27,29,25,29,27
844239837,113,114,106,119,119,119,108,113,121,119,119,119,114,118,118,119,118,118,117,113,120,112,115,116,109,122,121,110,120,25,25,23,23,23
844240243,122,121,121,121,124,119,114,113,119,120,116,112,109,122,121,119,121,113,119,77,69,70,104,64,110,119,114,117,117,23,23,26,24,23
844241852,125,125,104,113,105,122,100,84,115,119,121,103,74,110,119,115,123,119,118,64,59,60,82,60,99,114,93,96,118,26,24,23,23,22
844243241,108,106,91,103,90,99,94,84,113,94,94,103,90,101,90,104,102,113,116,119,122,120,122,118,123,114,118,119,115,24,23,25,27,26
844243715,119,114,94,101,76,100,80,82,118,102,82,119,76,98,112,111,104,116,115,120,122,117,119,120,120,118,117,121,116,23,26,23,23,24
844243854,115,112,89,103,86,102,87,78,110,103,96,110,83,98,102,108,105,112,114,117,118,116,116,115,116,113,119,117,106,23,22,23,24,23
844245367,119,122,116,119,121,119,116,106,121,122,120,121,111,120,121,116,124,119,121,79,90,76,100,73,104,116,114,105,116,24,24,23,25,24
844247103,113,112,98,108,102,109,82,89,117,107,106,116,102,106,114,115,110,107,116,116,118,114,117,120,117,119,115,118,116,25,24,22,23,22
844247257,117,117,100,100,81,108,84,85,114,90,81,113,79,85,98,112,107,110,116,114,119,120,119,121,115,117,115,117,112,24,23,23,25,24
844247819,115,112,87,100,87,99,88,81,117,104,109,120,89,107,107,112,102,110,112,118,119,117,119,121,117,113,119,119,113,23,25,23,24,23
844251615,118,117,89,106,87,118,94,78,117,114,119,107,94,116,111,116,114,112,116,116,118,115,117,115,113,116,113,116,116,21,21,22,24,23
844251854,118,120,103,114,112,119,104,99,125,125,111,125,102,117,125,121,125,124,123,108,116,111,93,109,103,125,118,101,122,25,25,24,23,25
844253149,125,125,107,107,99,121,93,90,114,112,120,96,94,114,115,115,125,120,122,113,118,111,95,118,102,119,112,109,114,24,23,22,21,21
844255009,113,117,111,116,109,121,107,119,118,117,118,117,105,112,115,116,116,113,117,110,112,111,108,117,103,117,117,109,115,22,21,25,23,23
844256079,118,121,91,114,108,108,108,93,120,113,98,120,93,100,118,116,121,120,119,118,120,119,110,121,115,121,122,115,117,24,24,23,25,23
844256196,119,118,80,90,82,94,78,82,114,89,88,109,80,84,92,108,108,116,118,120,122,121,118,118,118,116,119,121,118,26,24,23,25,24
844256197,121,119,89,97,79,103,94,74,118,99,109,115,76,101,104,109,116,113,119,118,119,120,119,119,116,119,121,120,115,24,24,23,25,23
844256516,124,126,108,115,108,118,102,98,115,117,122,96,100,119,122,118,124,120,118,70,72,60,103,62,104,114,102,108,116,24,24,24,25,23
844256630,120,120,117,118,115,120,120,115,121,123,121,113,110,118,126,120,123,120,121,90,92,83,90,88,99,117,110,94,121,24,28,26,24,28
844256790,121,123,121,118,121,122,118,99,121,122,105,111,100,114,127,121,125,121,122,87,95,78,114,81,103,117,110,111,124,24,27,26,25,24
844257179,114,114,96,95,73,106,84,80,117,107,75,118,75,83,94,112,108,105,113,117,119,118,117,116,115,112,116,116,111,24,24,23,25,23
844257534,120,120,118,119,119,122,108,121,121,123,120,121,119,122,120,116,120,116,119,77,82,74,99,71,100,121,95,106,121,23,24,23,24,24
844258437,120,117,120,117,108,123,117,103,108,95,87,90,89,101,114,115,109,102,115,67,67,59,118,54,114,114,111,115,117,21,21,21,22,22
844258444,123,121,121,119,110,121,116,101,114,112,107,100,89,108,121,116,114,122,116,77,87,69,121,69,121,121,122,122,117,25,27,27,29,29
844263578,120,122,87,99,91,118,89,81,120,111,119,102,88,107,121,115,121,113,118,113,119,115,109,117,103,117,113,112,114,22,22,25,24,25
844272834,120,120,105,117,115,117,120,103,123,121,117,123,108,118,120,120,122,123,121,118,123,121,113,120,108,121,122,117,122,27,24,26,25,26
844272978,119,119,91,99,91,117,89,84,116,102,116,108,84,107,116,113,116,116,119,116,118,114,114,119,106,116,115,118,114,22,20,21,19,18
844277581,119,114,119,117,106,121,121,117,106,97,74,94,78,98,109,111,107,101,116,64,74,65,119,64,119,114,117,119,111,22,21,22,23,21
844277846,116,116,110,119,121,119,106,99,121,122,110,113,114,122,125,121,122,120,119,89,107,86,117,100,109,120,120,114,120,24,23,22,22,21
844278046,115,113,80,89,77,96,76,79,121,108,83,120,74,84,108,118,110,108,117,118,120,118,120,120,115,117,116,120,117,24,23,23,24,24
845000570,111,117,104,116,116,114,107,106,111,111,106,107,115,117,123,122,122,119,116,57,60,60,94,63,99,110,77,88,121,18,20,20,23,17
845001040,124,126,103,127,125,121,109,110,116,115,125,117,123,126,118,117,118,126,122,119,119,117,104,121,114,125,119,115,114,21,23,21,22,24
845001116,114,113,90,106,96,103,85,86,117,111,88,119,89,93,107,110,113,123,113,121,119,118,122,120,122,120,121,124,117,20,25,18,24,21
845001397,116,118,112,123,124,117,119,120,121,121,119,118,122,123,127,128,121,124,117,93,94,100,115,77,113,119,117,108,128,23,21,26,20,25
845001419,115,111,100,113,111,115,97,103,121,114,94,118,95,103,118,118,108,119,115,115,121,118,117,115,123,120,120,117,119,23,22,20,23,25
845001615,120,121,93,101,98,115,91,84,110,95,114,108,92,111,108,107,113,120,119,123,122,120,119,123,120,125,120,121,116,16,11,10,17,18
845001620,109,111,98,118,116,111,103,99,118,110,113,119,108,115,114,114,114,119,114,114,116,118,110,116,117,119,118,109,116,19,21,21,25,22
845001625,126,128,124,119,119,123,118,119,114,111,109,106,120,125,124,119,126,121,122,71,68,68,109,69,110,119,101,113,123,23,25,21,24,23
845003622,108,110,85,88,70,103,78,77,108,90,83,103,75,86,90,105,102,113,110,117,118,116,114,116,106,106,117,115,107,24,26,21,21,19
845004231,118,118,123,122,119,121,119,118,120,119,119,113,119,122,122,122,119,113,118,66,68,66,112,65,111,114,97,107,121,22,21,25,21,24
845005003,123,123,97,116,112,122,99,106,114,112,123,106,109,117,116,116,117,119,119,117,117,116,109,117,109,122,115,113,117,23,24,20,19,24
845005454,120,120,92,106,94,116,93,111,116,103,116,115,89,113,111,114,113,118,120,120,118,116,100,117,107,121,121,103,116,24,21,20,22,20
845005479,93,101,45,64,39,50,48,54,65,83,50,64,49,57,54,60,105,97,120,55,50,59,58,53,100,86,66,116,114,116,117,109,121,120
845007743,119,121,121,116,112,119,110,120,117,117,110,108,111,113,116,118,116,113,117,71,62,69,111,66,102,117,106,107,118,23,20,22,24,21
845009676,122,124,124,116,115,125,116,116,111,106,103,99,113,118,118,119,124,122,120,70,61,63,108,60,105,117,106,112,124,20,23,24,25,25
845010535,110,113,106,113,113,116,103,116,126,124,121,123,121,123,121,125,122,124,117,100,106,107,83,97,102,121,113,95,126,19,22,25,23,20
845013038,114,114,91,102,84,105,91,87,110,103,103,110,87,94,99,105,109,124,117,122,118,118,120,122,116,119,124,124,117,16,11,17,12,13
845016254,78,84,43,77,78,44,41,46,65,77,36,75,44,45,38,47,87,90,113,50,45,43,44,47,101,68,85,108,95,116,115,104,116,114
845016619,117,117,105,106,98,105,101,103,109,98,97,106,95,94,96,104,113,120,116,122,119,121,120,121,116,118,120,122,110,21,23,25,19,25
845020289,113,109,113,121,122,114,106,119,122,118,103,120,118,120,121,118,108,121,111,109,118,111,108,109,124,120,120,105,120,26,27,21,21,25
845025924,116,117,95,112,108,116,98,103,119,105,118,108,105,110,112,115,109,115,115,117,119,118,113,116,106,120,113,103,113,25,23,21,25,20
845037576,125,127,127,118,115,126,117,117,110,106,102,103,111,121,126,121,124,128,122,63,64,64,111,59,113,117,94,109,128,18,24,24,21,19
845039386,120,122,119,109,105,118,106,103,114,113,115,102,106,112,119,115,119,113,119,101,104,99,100,98,103,117,108,106,115,25,19,20,24,20
845045197,109,109,103,121,117,111,106,119,125,123,117,126,119,120,108,124,109,121,115,111,115,121,115,112,113,120,117,108,124,20,21,23,23,23
845049369,124,125,122,118,111,124,117,103,101,101,104,91,96,117,116,113,123,115,121,65,69,65,117,67,108,113,105,117,119,24,23,19,20,22
845051412,112,113,118,115,108,119,122,106,112,107,98,103,94,105,110,113,115,118,117,88,75,73,122,72,114,114,117,121,111,26,24,20,19,20
845135455,119,119,104,119,118,121,114,91,113,118,122,119,100,116,118,112,113,113,117,115,119,119,104,118,118,121,116,108,116,23,20,20,25,22
845140233,77,79,43,73,44,43,45,52,68,85,40,71,44,47,48,58,100,93,118,52,46,51,50,49,99,76,72,108,106,117,118,109,121,118
845158023,121,126,123,120,121,123,119,122,121,119,114,120,123,125,127,120,126,126,121,58,59,60,103,54,103,116,93,104,127,21,24,26,22,24
845162347,107,108,97,115,111,114,106,112,120,114,113,119,115,117,113,117,112,115,112,103,103,101,98,100,95,116,108,105,118,21,25,25,20,22
845162895,111,111,109,116,111,122,113,117,124,124,117,122,114,120,113,122,115,114,122,83,94,92,96,82,102,116,106,102,119,19,23,21,24,23
845167680,107,108,109,123,123,110,101,120,117,111,113,120,123,120,103,116,108,120,114,119,122,121,114,115,118,117,119,120,116,18,21,20,25,19
845168473,121,121,107,121,120,113,107,106,124,122,110,124,118,120,120,121,118,117,119,120,119,123,122,120,116,119,115,124,124,25,27,21,21,24
845170733,123,124,116,110,99,118,105,93,114,112,112,97,96,111,121,117,121,113,119,63,63,66,93,60,100,117,95,101,112,24,18,22,21,22
845176580,117,118,126,119,115,126,120,117,111,115,110,103,115,121,118,117,117,123,121,71,72,68,120,65,115,118,120,114,123,20,18,23,25,22
845177553,112,112,95,113,113,108,107,104,113,115,117,112,108,111,113,114,115,110,112,113,114,115,101,110,99,117,107,103,116,25,20,22,23,21
845183898,115,118,111,111,116,117,107,111,116,119,119,111,113,121,120,116,121,110,113,61,65,65,83,68,95,112,101,98,120,23,20,24,23,24
845184941,121,124,121,119,119,120,113,108,113,118,119,110,115,123,125,119,123,124,122,69,75,74,102,65,108,121,118,108,117,21,22,25,25,24
845188428,119,119,112,112,107,116,111,108,106,107,88,90,97,112,118,114,116,112,115,62,64,63,111,60,104,112,98,110,114,22,25,23,22,20
845189332,121,122,103,104,100,119,97,95,120,110,118,113,100,114,115,118,120,120,120,113,117,121,99,118,104,121,114,111,115,21,25,22,22,19
845190048,117,122,128,119,107,126,123,115,111,111,97,97,104,116,112,120,123,122,122,64,65,65,121,60,111,121,103,123,125,22,24,18,19,22
845192181,117,117,127,122,119,123,125,123,112,108,105,103,113,119,116,119,117,121,119,65,61,72,124,60,118,116,104,122,127,20,22,22,23,25
845192190,110,109,105,119,118,105,107,103,120,118,114,122,118,117,117,118,111,118,117,115,118,116,106,118,113,118,121,112,122,21,18,24,24,19
845192366,106,103,86,101,91,87,84,94,113,99,83,119,73,95,93,109,101,114,112,116,118,118,119,120,115,111,119,120,114,25,18,21,23,24
845198219,117,120,115,118,120,116,111,117,113,117,116,118,115,122,119,116,121,120,116,74,63,62,85,62,93,114,91,89,119,21,18,25,23,22
845199005,84,80,47,63,54,49,50,53,80,102,58,86,47,66,56,74,93,98,111,54,59,58,50,57,102,88,76,112,102,113,114,118,117,116
845200145,110,109,103,115,112,105,101,97,120,107,93,119,97,100,107,117,108,118,117,117,119,120,121,117,118,118,119,117,116,24,21,26,21,22
845200888,107,106,88,102,93,97,86,91,113,108,91,112,84,96,106,108,104,112,107,110,113,113,113,110,115,112,114,111,110,22,20,26,24,23
845201024,113,109,95,98,68,84,84,85,113,96,77,114,64,78,108,109,104,117,109,119,120,114,118,119,123,109,119,116,114,20,24,20,17,25
845202811,84,85,35,43,41,39,33,60,75,93,39,81,35,38,35,52,80,80,118,33,44,43,46,39,94,65,78,93,92,120,117,113,121,121
845204485,117,120,115,117,115,117,109,108,118,114,116,115,117,122,123,119,122,116,119,75,73,71,96,62,101,113,104,97,119,23,22,24,19,22
845204838,114,110,122,119,106,122,117,114,110,103,95,98,91,103,114,115,112,115,112,78,73,75,119,64,118,114,109,108,117,20,20,21,23,25
845204963,118,118,97,105,87,119,89,87,119,111,117,114,85,112,112,114,117,119,118,116,119,117,106,116,107,121,116,110,115,19,21,25,24,18
845205347,115,117,113,118,117,119,99,100,119,118,105,113,98,102,114,117,117,117,119,107,109,108,108,105,106,116,116,111,117,25,22,22,19,24
845207439,105,107,97,117,112,113,99,113,121,120,113,119,102,116,110,118,109,111,114,109,115,117,100,111,110,115,117,107,119,22,26,19,23,22
845207865,116,115,88,93,76,99,86,83,118,106,98,118,69,93,99,114,109,119,118,119,118,119,119,119,113,116,115,121,117,21,20,22,26,23
845208722,123,123,122,117,109,123,118,108,116,115,111,105,101,117,124,114,122,123,123,75,69,64,112,70,108,119,116,117,116,21,20,22,25,20
845210736,117,116,87,112,110,110,86,88,118,103,114,103,102,106,113,114,112,114,114,114,115,112,102,113,103,116,105,109,113,21,24,21,23,20
845211256,118,117,93,102,92,110,83,84,114,105,112,114,77,103,104,112,114,117,114,117,117,116,112,115,104,119,118,119,111,22,20,20,25,24
845212218,113,109,89,99,87,97,84,78,122,109,98,120,98,108,100,115,105,114,113,117,118,118,120,118,116,111,118,117,118,23,22,18,18,25
845212616,116,116,107,116,117,119,104,101,121,119,113,121,110,114,119,119,115,114,116,85,109,106,89,96,113,121,120,99,116,23,22,22,25,20
845212831,79,87,42,74,45,44,45,52,83,94,43,95,51,53,54,75,103,100,119,46,50,45,49,47,107,67,74,103,107,117,117,117,119,122
845214098,117,113,103,120,118,118,105,107,119,115,105,119,103,111,116,117,114,122,117,119,121,121,121,118,122,122,121,119,122,19,21,22,24,21
845214100,122,121,114,123,121,121,114,113,118,119,117,113,115,119,120,119,118,120,118,95,111,102,120,100,122,120,116,120,121,20,25,24,23,24
845216320,109,112,109,114,117,113,97,107,117,112,104,116,92,109,116,113,109,118,114,101,107,107,104,93,118,118,113,105,114,22,21,22,23,23
845216451,113,114,102,111,107,109,86,98,121,117,115,121,110,115,111,119,119,120,119,111,114,117,94,105,103,118,112,104,117,24,23,20,22,20
845217714,117,119,104,109,107,115,99,98,113,112,114,104,83,112,112,113,117,117,114,87,88,80,89,74,94,118,101,97,103,24,18,17,22,22
845217870,118,119,98,104,100,115,95,89,115,106,116,115,95,107,109,115,113,115,119,119,120,117,118,115,108,121,112,117,108,21,24,22,21,23
845222077,106,105,105,116,116,107,98,93,121,118,101,119,101,112,110,116,102,112,112,112,118,112,107,113,110,118,113,108,117,21,22,19,24,23
845222481,113,110,105,108,103,110,101,108,118,107,95,116,100,100,104,117,110,122,113,121,121,119,123,120,120,116,119,119,118,25,27,27,21,23
845224232,115,116,103,113,111,116,108,104,121,118,111,117,105,114,118,119,118,119,119,107,112,105,98,108,106,122,118,105,119,23,18,24,24,22
845225508,117,111,75,89,76,83,78,93,113,96,83,107,75,83,107,106,103,107,115,116,118,120,116,117,119,112,118,118,105,24,25,24,21,22
845226035,117,118,118,119,106,119,113,104,106,105,103,101,91,106,111,109,112,112,113,67,68,63,116,62,118,113,102,116,108,25,22,21,21,25
845226110,120,121,111,114,109,114,103,114,116,115,111,99,97,114,114,115,121,111,116,59,68,58,100,59,103,108,83,107,109,24,27,24,21,19
845226271,112,112,111,114,119,116,104,100,121,121,117,122,100,118,121,120,115,109,117,100,110,109,106,104,103,117,108,100,120,25,23,18,22,21
845226807,114,115,105,114,113,115,98,98,116,114,108,117,97,113,113,115,116,107,113,99,108,109,108,104,100,115,112,115,114,21,20,20,19,24
845230621,78,78,35,75,43,46,33,44,70,88,45,76,43,47,52,75,104,93,120,54,48,49,48,41,107,72,78,111,111,120,117,107,123,122
845230666,119,120,120,114,105,120,112,112,115,117,113,97,93,116,121,116,121,119,118,75,71,66,111,59,106,114,116,115,113,24,21,19,25,25
845230767,115,116,104,120,120,117,107,114,120,109,106,116,108,107,122,117,116,123,122,112,115,114,100,112,117,122,122,116,114,18,25,19,23,24
845230869,77,83,43,68,38,43,44,48,80,83,44,81,45,45,38,51,83,94,118,48,50,51,48,49,103,74,66,102,88,117,116,113,121,121
845230938,110,109,113,111,109,110,97,122,121,113,102,119,91,101,116,119,105,116,115,113,119,119,110,110,120,120,119,111,118,22,24,25,21,24
845231138,121,123,118,118,109,120,111,103,111,109,107,98,111,116,121,118,122,120,121,91,81,73,107,79,116,120,101,116,108,20,21,21,20,22
845231478,117,121,125,118,108,123,117,112,108,108,97,105,87,115,113,118,119,122,121,78,74,70,118,65,118,115,119,119,118,24,22,21,25,21
845231866,113,112,101,122,122,110,93,102,127,121,96,127,94,116,118,123,107,123,113,117,123,116,120,114,121,123,121,115,124,23,22,20,22,24
845232120,120,120,103,108,103,111,92,99,111,102,119,101,87,109,111,113,117,116,115,117,114,113,103,113,112,121,110,111,110,19,18,21,21,23
845232488,118,115,93,87,84,98,89,77,114,98,75,114,74,88,94,107,111,119,117,116,121,119,122,120,118,115,123,121,117,18,20,24,25,23
845233084,116,118,95,103,98,113,96,84,113,110,115,108,85,109,108,111,114,107,114,113,112,114,100,111,98,117,109,108,109,25,21,21,23,18
845233267,82,80,45,54,48,52,51,53,66,71,50,71,47,54,51,59,88,90,115,47,51,48,55,49,103,75,72,108,100,117,115,113,117,115
845233486,108,104,80,84,66,76,70,71,118,81,71,112,69,73,84,109,94,112,105,119,118,114,120,117,119,115,115,120,112,20,23,24,21,24
845234642,69,73,38,47,35,38,37,43,58,77,43,65,36,42,43,50,103,91,118,38,41,40,42,40,99,57,81,99,95,116,115,107,119,117
845235173,106,106,97,113,111,108,93,94,114,107,100,113,94,101,114,114,105,112,112,109,119,117,117,110,118,115,114,115,113,20,23,24,20,19
845235805,123,124,119,117,116,120,109,102,115,114,113,107,100,120,122,117,123,117,119,90,82,62,91,69,107,113,104,95,116,22,20,23,23,25
845235844,116,114,95,109,106,99,101,100,120,108,100,114,78,103,105,113,110,114,113,114,118,119,118,116,117,118,119,116,113,20,24,22,19,20
845236403,114,112,81,100,78,95,70,63,114,98,86,114,64,87,101,113,104,110,107,114,116,114,118,117,116,113,113,116,115,24,22,20,23,23
845237255,118,115,97,93,69,94,78,83,113,101,69,106,64,74,107,109,116,97,113,116,115,113,119,111,118,120,116,117,109,24,20,22,21,19
845239231,120,119,94,108,99,112,91,86,118,111,119,109,94,115,112,118,117,121,117,117,121,118,108,113,100,122,118,112,111,26,20,22,24,23
845239301,116,116,96,106,93,96,95,91,120,111,98,119,91,101,110,114,112,116,116,118,121,118,118,118,111,115,121,122,120,19,24,25,21,25
845239837,113,113,109,116,114,117,107,120,122,120,112,119,115,117,119,120,116,119,117,112,118,107,113,108,107,122,121,109,121,20,21,22,22,24
845241707,110,109,88,110,107,110,91,91,115,111,97,113,93,97,111,113,103,104,112,111,113,113,106,108,114,118,112,112,112,21,19,19,22,24
845242179,77,79,41,61,46,44,46,51,67,75,42,70,47,43,47,52,86,94,115,46,48,47,51,50,106,73,73,110,90,115,110,109,116,113
845242332,111,112,100,110,108,114,97,101,117,114,97,112,105,114,113,117,116,118,112,110,116,115,100,107,102,120,116,109,115,23,23,16,21,19
845242769,117,115,97,89,87,103,84,90,111,99,112,105,84,103,106,113,113,112,112,114,114,111,103,113,100,118,106,107,113,22,24,23,18,20
845244260,114,117,120,115,112,118,112,101,120,120,116,118,111,115,120,120,121,117,118,70,73,77,95,72,100,112,97,99,117,25,22,22,21,20
845244349,109,108,88,100,94,103,83,77,109,93,95,100,78,95,93,104,101,105,114,116,117,117,115,114,112,114,116,114,108,22,24,20,23,22
845245152,114,114,118,117,110,120,104,109,113,111,98,104,86,110,114,117,112,116,110,68,65,64,114,62,116,108,114,115,118,19,24,23,23,19
845246191,117,119,118,116,111,119,111,107,114,116,109,111,107,117,114,116,118,119,117,78,73,68,104,67,99,117,116,110,115,20,22,21,18,22
845247090,111,116,102,117,111,113,105,110,122,121,109,120,107,116,114,118,116,115,115,112,113,115,105,111,111,120,118,106,121,21,19,20,23,21
845252802,118,117,90,106,88,103,90,86,112,97,107,108,74,103,112,113,113,113,113,112,117,115,114,116,115,113,115,116,110,24,21,21,20,23
845256516,123,125,112,113,108,117,99,98,117,122,118,100,97,117,122,118,123,117,119,68,64,61,101,61,104,114,103,108,114,21,22,22,25,24
845260779,120,122,115,114,109,116,108,102,115,119,119,107,96,115,121,117,121,117,118,70,68,69,96,65,97,112,100,98,116,21,25,19,23,25
845275049,115,116,119,118,115,119,113,119,120,119,109,110,121,120,122,120,122,107,118,58,64,64,113,62,104,114,101,111,121,22,22,25,24,19
845277643,119,123,111,118,119,117,103,95,118,121,121,103,103,121,123,117,124,118,119,71,73,64,86,70,95,117,109,94,120,22,25,20,20,23
846000250,116,116,113,122,122,120,112,113,120,124,128,125,128,128,118,117,117,120,116,103,107,107,106,107,107,123,121,105,120,22,22,22,21,20
846001551,122,122,120,119,118,121,123,107,115,110,112,102,105,115,118,118,122,119,120,71,67,68,96,63,99,114,98,93,117,19,18,21,21,20
846001845,117,119,121,116,111,124,116,102,108,97,95,94,91,115,109,117,117,112,117,67,66,69,117,65,102,112,97,113,120,18,20,17,22,22
846005471,110,110,116,120,120,120,114,123,119,117,115,119,115,118,112,118,109,114,115,102,107,107,103,99,109,117,112,105,118,20,20,20,18,17
846005661,113,113,120,118,110,122,118,113,110,107,95,96,101,108,110,116,111,115,115,63,63,63,124,59,113,112,106,122,121,16,18,19,21,20
846005740,111,106,83,98,81,95,92,78,109,96,86,99,81,87,99,95,103,116,110,117,118,118,120,120,123,113,121,115,111,21,22,19,20,19
846013743,115,115,116,124,124,120,114,115,121,122,122,123,115,121,117,119,115,117,116,113,118,116,119,117,111,121,122,113,117,21,18,20,20,20
846020289,113,110,112,122,122,113,105,116,120,118,99,120,117,119,120,118,107,119,112,109,117,113,113,111,121,117,119,107,118,21,19,19,20,19
846020801,120,120,122,121,121,124,121,122,112,113,110,106,119,118,120,116,118,118,116,55,58,55,124,51,111,116,107,125,122,21,22,21,20,22
846031432,115,115,124,122,116,122,121,115,100,107,95,96,113,112,113,113,112,121,116,68,67,66,125,65,123,117,121,119,120,21,22,22,21,22
846044897,82,82,45,58,50,52,48,56,66,82,44,59,57,46,51,55,102,93,114,53,49,55,44,50,93,71,65,107,93,119,115,105,118,116
846045197,109,109,103,119,116,109,103,112,122,121,115,123,116,118,108,118,109,118,116,112,116,119,114,113,110,119,116,108,117,21,19,20,22,21
846121939,113,112,89,107,104,115,90,96,119,117,118,113,103,113,110,115,113,119,114,113,111,115,99,115,99,116,111,107,117,19,21,15,16,17
846138412,110,110,101,111,111,113,104,117,114,114,117,113,108,114,106,111,106,118,112,111,113,109,103,106,107,118,117,102,114,18,19,21,16,17
846139720,108,106,91,106,101,101,84,89,113,109,86,120,89,90,102,112,103,116,112,118,118,118,118,119,118,114,115,116,115,18,19,19,20,19
846156616,115,118,107,111,110,109,97,97,111,116,115,102,103,115,118,116,117,116,114,61,64,66,84,60,99,109,98,88,119,18,21,16,18,17
846164835,82,82,45,79,51,48,48,53,65,91,46,86,44,50,47,53,88,78,109,46,46,48,43,45,99,59,75,101,95,112,112,105,112,110
846165153,116,115,124,118,117,123,120,121,121,120,102,114,108,118,118,120,115,121,117,76,70,78,120,60,113,116,105,112,124,21,22,19,21,17
846170890,108,108,93,105,102,113,95,88,112,107,89,113,86,95,112,110,110,111,112,109,114,115,102,112,104,117,109,107,109,18,19,17,17,16
846173731,124,125,119,120,118,119,113,110,113,115,114,112,118,119,121,113,118,112,118,84,84,84,117,83,110,118,106,119,116,21,19,18,18,19
846177003,111,113,101,117,118,111,110,108,122,122,117,125,111,118,121,122,123,122,115,104,106,112,93,105,97,118,106,99,124,21,19,16,19,20
846181291,116,116,111,113,111,120,111,104,118,113,99,117,98,111,117,117,117,117,117,105,113,108,115,100,106,120,115,117,117,18,19,18,16,19
846183277,119,123,117,115,109,113,111,120,115,120,119,117,112,120,126,116,123,125,121,57,59,59,97,54,102,117,88,95,126,22,21,21,22,22
846184943,120,119,113,110,110,118,103,102,116,115,113,114,96,111,118,117,116,115,119,118,119,118,106,116,110,124,120,108,115,21,18,20,21,22
846186345,111,112,87,110,105,111,92,95,112,117,118,106,114,118,107,108,112,108,111,105,113,114,110,114,97,117,107,109,109,18,19,21,16,18
846188545,114,115,123,116,112,124,118,116,114,108,98,100,110,117,113,114,113,121,115,60,64,60,121,47,116,116,108,117,122,21,20,21,19,20
846188567,123,123,122,113,108,121,117,114,108,105,108,86,104,113,117,117,118,108,118,57,63,64,110,56,107,111,89,110,117,19,19,22,19,18
846190460,111,110,111,117,118,114,104,108,119,121,121,118,118,121,115,117,111,108,110,89,93,82,89,62,101,112,104,96,118,21,15,16,18,19
846192119,77,79,48,67,54,51,42,56,63,78,46,61,49,46,48,55,101,96,115,51,48,47,46,48,96,67,73,105,103,118,115,102,118,116
846192505,115,113,116,115,108,117,109,108,101,103,86,92,90,109,111,105,106,112,110,56,61,49,114,50,119,110,108,108,114,18,19,18,16,17
846192985,112,113,112,121,122,115,108,109,123,124,123,121,115,123,111,121,112,116,114,90,99,95,91,88,106,112,109,97,121,21,18,16,17,16
846193080,83,76,37,47,46,36,33,53,68,81,39,73,48,40,38,59,105,88,110,44,39,54,47,38,85,71,63,97,94,113,108,105,114,106
846193747,106,106,104,112,104,115,93,95,116,116,117,114,108,115,112,115,107,117,112,111,111,111,94,107,111,120,112,95,113,18,19,21,16,15
846199564,115,113,100,103,103,115,90,91,116,114,114,111,97,113,117,115,113,111,116,109,116,115,101,113,104,115,109,96,114,22,15,18,19,17
846200104,118,119,116,115,116,117,111,102,108,106,112,93,109,118,118,109,115,112,115,68,66,59,89,60,101,114,93,90,114,18,19,21,19,18
846202811,77,77,28,34,32,29,28,54,69,78,33,69,32,32,27,43,76,73,113,26,34,38,39,36,88,54,75,89,86,114,113,105,116,114
846203376,120,117,98,108,90,107,93,88,114,106,78,120,87,89,100,109,112,121,116,122,119,119,123,115,122,116,116,119,118,18,19,21,20,20
846208722,120,122,118,114,106,121,111,101,112,113,108,107,102,114,121,110,120,120,121,74,77,66,113,70,107,119,115,116,115,22,21,20,21,19
846210514,116,117,93,114,114,116,97,92,116,117,117,116,109,117,117,113,116,114,116,112,118,115,111,116,102,116,115,113,115,18,19,21,20,15
846212831,77,84,39,73,39,39,43,49,83,95,39,98,35,53,51,69,102,95,113,44,45,41,43,45,101,63,70,100,104,114,111,114,115,117
846214997,118,118,115,110,108,117,109,95,109,113,109,96,93,110,117,112,116,115,115,73,75,67,94,68,96,108,107,99,116,18,19,18,17,15
846216267,117,117,83,110,101,116,85,85,113,115,118,108,107,114,110,110,112,113,115,113,117,110,102,115,106,121,115,104,114,18,19,21,20,20
846216460,105,104,79,95,78,94,81,71,107,95,73,113,70,71,93,104,103,111,108,114,113,112,114,113,111,107,112,115,105,18,19,18,16,18
846228618,116,117,88,98,90,114,81,79,115,104,109,109,72,106,114,106,115,113,115,114,113,110,103,114,108,114,110,114,107,19,18,18,19,21
846231281,118,117,96,119,118,115,99,95,119,121,123,120,118,123,113,115,116,112,116,115,116,118,106,118,103,119,111,108,116,22,21,21,20,19
846231677,117,118,111,114,114,113,101,109,105,107,104,99,112,110,114,109,114,108,111,58,59,57,109,51,102,108,91,106,110,19,16,21,18,17
846237238,105,100,103,111,108,109,94,90,113,106,98,110,89,103,112,110,102,108,108,111,113,109,109,111,111,114,114,103,107,18,19,18,16,19
846242519,123,124,123,122,121,121,120,121,109,111,107,105,117,115,123,117,123,122,122,67,68,65,114,63,107,115,102,116,121,19,18,19,21,21
846243812,116,121,119,113,110,118,110,108,118,113,114,99,110,116,118,116,122,117,117,58,66,75,106,61,92,117,86,103,118,19,19,21,18,19
846274967,114,114,106,119,117,114,116,102,114,108,118,109,116,113,113,113,106,108,113,112,113,111,107,113,114,118,113,105,109,21,18,19,18,18
848000027,118,121,110,118,118,119,111,95,118,115,115,105,104,118,123,120,124,121,120,73,70,72,94,65,99,115,100,103,122,24,25,26,25,25
848000041,116,117,110,121,123,120,112,104,124,123,104,124,106,116,126,123,122,124,123,94,98,110,89,92,106,123,116,96,126,23,25,23,24,25
848000240,110,110,103,112,114,120,101,95,119,114,98,121,101,105,111,116,110,122,118,117,122,120,110,122,120,120,125,113,114,23,28,26,24,23
848000246,110,110,114,125,126,120,123,102,125,123,115,126,113,113,116,124,111,123,115,94,99,101,107,110,111,120,123,111,125,25,23,26,24,23
848000388,117,115,96,106,94,101,84,81,106,110,88,116,73,93,98,102,108,121,114,118,120,116,123,121,126,115,123,123,116,28,26,27,26,25
848000488,84,82,41,73,40,40,41,43,64,75,41,60,44,40,40,54,94,98,118,57,43,47,43,44,104,80,120,113,102,121,116,101,123,119
848001041,121,120,93,116,109,117,102,94,122,113,114,119,93,109,117,118,117,124,119,119,121,120,109,119,115,127,122,102,119,26,23,25,24,23
848001238,115,115,124,126,123,118,123,126,121,121,109,122,122,118,122,121,114,118,119,70,81,66,117,74,116,120,121,111,123,24,24,25,23,23
848001397,115,118,110,123,122,116,120,118,120,122,123,117,119,122,126,126,121,123,118,90,93,95,117,73,111,120,115,110,126,25,23,26,24,23
848001419,117,115,99,115,115,117,100,104,123,115,95,122,97,107,122,120,113,120,116,116,123,118,115,120,125,125,123,118,123,25,23,23,24,23
848001605,120,120,115,118,119,115,104,113,118,120,121,116,114,125,123,118,120,118,117,67,74,76,100,63,108,118,99,108,121,24,28,25,24,26
848001625,131,128,127,123,123,124,120,126,113,112,116,104,123,126,126,118,128,123,121,70,66,66,111,68,111,122,103,115,126,22,23,25,24,23
848001668,112,115,84,101,92,104,84,88,118,108,98,115,83,96,119,115,115,125,118,121,121,121,88,122,113,122,123,112,118,24,25,23,26,25
848003622,110,116,90,98,82,110,84,84,112,96,85,108,82,91,93,106,106,116,118,118,117,119,118,121,108,112,119,118,108,25,23,22,24,23
848004000,114,113,116,118,118,118,120,113,119,119,115,108,113,120,121,126,118,121,115,61,65,65,100,62,110,114,97,104,126,25,27,28,28,26
848005471,115,115,121,124,124,122,121,124,121,121,124,121,123,122,118,121,115,120,120,98,103,102,105,96,112,123,113,110,124,25,25,26,24,23
848005589,117,118,99,117,117,116,108,118,117,121,125,117,119,124,122,119,118,117,115,82,88,81,96,73,107,117,107,98,123,25,23,25,24,26
848005740,113,108,88,103,85,94,95,83,108,94,90,101,83,90,101,95,103,118,115,118,122,119,121,121,126,117,123,119,113,25,26,25,27,25
848006975,120,121,118,114,110,122,104,100,118,114,118,109,105,116,121,114,121,120,120,93,88,90,96,93,110,120,118,108,119,24,24,23,25,23
848007289,118,114,83,100,74,97,99,86,109,98,87,112,68,96,96,110,111,121,113,119,120,118,121,120,122,113,121,118,113,25,25,28,24,26
848007512,118,121,121,119,113,123,121,113,104,102,102,83,96,111,114,116,118,119,119,60,64,62,120,58,113,115,98,121,120,23,25,23,24,23
848009676,126,127,127,121,117,126,121,121,110,107,102,101,114,123,124,121,127,126,123,71,63,61,110,61,107,123,108,115,125,26,28,26,24,23
848010535,111,115,103,117,117,113,106,115,127,126,123,129,120,124,124,124,124,126,118,102,105,110,86,99,104,120,115,96,123,25,23,25,24,23
848013038,113,113,90,101,83,107,90,86,110,101,102,108,86,93,103,106,110,125,118,121,119,119,121,121,116,121,123,124,118,24,23,25,24,23
848016619,116,117,87,103,91,103,100,94,107,93,95,102,88,93,94,105,111,121,117,121,120,119,119,120,114,114,119,122,111,23,26,25,24,23
848020801,125,125,129,126,124,124,123,128,100,117,124,100,124,122,125,117,125,122,122,74,73,62,127,60,112,123,110,128,125,25,23,25,23,24
848021146,107,104,97,117,117,117,102,90,121,118,117,120,93,114,109,117,106,113,114,117,119,119,103,115,112,117,115,104,117,23,26,23,23,25
848028130,123,125,117,124,123,116,118,128,119,122,123,119,125,127,130,125,128,129,122,68,73,58,107,64,109,120,99,114,130,23,25,23,24,23
848030110,110,107,119,115,106,119,124,110,119,117,96,94,100,114,119,125,114,114,117,64,64,61,118,54,106,115,101,114,125,24,22,22,24,23
848031432,116,116,122,123,117,124,121,109,109,109,99,96,113,112,111,114,112,121,115,66,68,64,124,64,122,115,120,121,119,28,26,25,24,23
848034079,121,124,93,108,99,120,98,96,113,106,119,111,99,116,120,118,122,122,121,121,113,118,101,121,105,121,120,109,119,24,23,25,23,27
848037576,125,124,125,120,120,125,120,120,113,108,110,100,104,123,125,120,122,126,120,66,68,63,113,58,112,120,98,113,127,24,23,23,23,25
848039943,117,119,106,106,103,123,102,99,119,114,110,107,96,106,118,116,117,118,119,117,106,117,98,116,104,120,124,103,118,23,25,26,24,25
848041236,113,112,121,124,119,121,123,110,103,102,102,102,111,112,121,118,116,118,116,62,77,59,119,65,117,114,120,113,120,24,23,26,24,23
848045674,118,113,97,120,118,118,100,93,122,116,100,120,90,114,114,116,113,121,116,114,122,117,102,116,123,124,120,113,116,24,26,23,27,25
848047390,113,108,97,109,95,107,93,114,120,112,97,119,87,104,119,118,113,119,118,118,121,121,120,120,115,119,118,113,120,25,23,26,24,23
848048940,72,86,44,67,43,49,37,50,68,91,44,74,43,46,44,69,96,101,116,45,46,55,54,47,100,84,84,110,113,121,118,108,121,119
848120274,120,120,124,122,117,125,122,122,109,115,123,109,116,122,116,122,119,120,120,70,62,61,105,58,102,117,98,99,122,25,23,25,24,23
848121939,119,119,88,114,107,121,101,100,121,120,125,123,113,119,117,120,119,123,119,119,117,119,106,117,106,123,116,112,121,24,25,23,25,23
848121944,115,113,110,124,121,117,108,106,121,120,119,124,119,122,120,119,114,122,114,116,119,118,120,118,115,123,124,110,118,25,23,26,24,23
848135455,122,120,99,121,119,123,113,90,116,118,122,120,101,117,119,111,115,113,118,118,121,118,103,120,118,122,119,111,115,24,25,26,25,25
848137186,119,109,88,100,84,103,99,93,118,99,107,120,83,88,114,113,106,113,118,119,118,121,120,121,118,118,117,118,117,23,25,25,24,24
848138956,111,110,90,106,89,98,84,84,114,100,100,121,88,102,102,110,106,121,112,121,121,122,121,122,122,113,120,121,118,24,23,26,24,23
848140601,116,113,99,102,81,109,96,83,102,93,77,114,73,89,95,103,111,123,112,120,122,120,123,122,122,116,122,121,116,23,27,25,24,24
848142754,109,110,85,108,92,90,88,88,120,110,96,116,92,102,103,116,107,122,116,121,121,121,116,121,115,118,119,115,110,21,23,26,24,28
848143001,118,120,123,122,123,121,120,119,120,112,116,106,110,120,121,118,118,123,119,70,82,66,108,71,116,120,119,107,116,26,23,25,24,23
848146562,114,115,100,116,116,117,109,125,123,122,122,122,116,122,125,124,124,125,119,99,106,107,83,93,98,122,111,93,125,23,25,24,24,23
848156616,120,127,113,120,118,121,111,104,113,121,123,110,113,123,126,120,126,126,120,68,68,68,90,65,103,116,106,93,126,25,26,25,24,23
848158023,123,128,126,122,123,120,120,125,120,120,115,120,123,126,130,119,129,130,123,60,63,69,105,56,103,122,94,106,126,26,23,25,24,23
848158625,105,105,90,100,86,94,83,89,119,118,89,123,86,90,110,113,106,111,115,119,122,119,120,116,121,116,118,116,119,25,23,25,24,23
848162895,113,112,118,118,113,122,119,114,122,122,113,122,113,119,116,118,118,113,119,85,96,90,91,80,102,118,101,101,116,24,26,25,24,23
848165153,115,115,126,120,113,124,126,115,120,121,98,108,108,120,120,118,115,122,119,73,67,63,123,59,115,116,99,113,123,23,23,25,24,23
848167495,93,100,38,78,48,48,38,65,88,103,52,108,43,58,70,93,106,105,119,80,50,68,64,66,102,79,99,113,110,120,118,113,123,121
848167948,88,94,38,53,39,35,38,50,63,55,38,70,34,40,33,56,98,93,115,54,44,61,38,46,83,75,75,108,92,117,114,105,120,116
848170890,114,114,99,112,110,117,100,95,120,114,99,119,93,103,119,116,115,119,117,115,120,117,102,115,111,120,117,112,117,25,28,25,24,26
848173210,113,116,108,119,119,119,120,106,119,118,118,123,103,118,119,119,118,113,117,110,115,118,95,115,106,120,121,101,119,24,28,27,26,24
848173731,128,128,123,123,122,123,113,108,110,120,123,108,118,121,122,115,121,113,120,96,92,84,123,92,112,115,103,125,121,23,26,25,24,23
848176580,118,118,128,121,113,128,122,121,113,117,101,101,113,120,117,119,118,127,123,75,73,65,123,66,116,122,118,115,126,25,23,26,24,23
848176676,120,120,96,112,110,120,102,92,119,120,123,121,102,116,122,119,121,120,120,118,119,119,102,120,110,120,117,105,122,23,25,26,24,23
848177003,109,112,96,117,118,116,110,107,121,120,117,123,110,117,122,119,121,122,117,98,102,100,93,102,96,116,103,99,118,25,25,22,24,23
848178509,106,102,120,120,118,119,120,112,117,112,96,97,98,115,104,119,99,118,116,74,84,63,123,61,121,112,118,120,115,23,27,23,24,25
848180216,120,114,101,117,117,120,106,83,117,108,119,111,92,113,119,114,110,117,116,117,119,117,101,117,116,124,117,102,112,22,25,26,24,23
848180930,113,112,126,122,120,126,122,104,110,111,104,104,96,117,114,115,112,118,118,78,68,63,128,53,120,121,108,120,121,23,23,22,24,23
848181783,111,109,123,121,107,124,123,105,108,101,95,99,87,110,113,121,109,120,119,80,83,77,125,95,121,119,122,123,120,26,23,26,24,25
848182521,111,111,99,120,120,114,111,109,123,122,124,124,114,123,120,119,114,119,116,109,120,114,100,104,112,122,114,104,121,23,27,26,24,23
848183277,120,126,119,119,113,120,111,120,116,121,118,123,112,122,128,116,127,128,123,58,63,62,98,58,103,122,91,100,126,23,23,22,24,22
848184941,120,125,120,121,120,120,121,102,112,120,121,109,122,123,126,120,125,126,121,73,81,80,105,67,107,124,123,113,120,23,26,25,24,23
848186345,115,120,83,118,103,120,93,96,116,121,124,108,118,122,119,116,116,119,118,116,121,120,118,117,103,120,119,118,120,23,25,27,24,26
848186942,112,111,118,118,120,120,116,113,122,119,118,119,112,120,120,119,116,118,118,102,105,106,103,90,106,116,108,99,123,25,26,26,24,25
848188350,117,117,115,117,117,120,118,104,117,119,119,115,117,120,120,117,117,109,117,68,75,67,93,66,100,115,113,98,118,25,26,25,24,23
848188377,124,122,85,114,102,119,90,92,117,106,112,118,99,107,118,115,114,115,117,115,119,116,118,119,114,119,117,120,117,28,25,26,24,25
848188545,116,117,128,123,116,124,122,126,110,110,103,102,121,123,121,118,116,124,120,64,68,63,127,60,119,121,102,121,126,23,25,23,24,23
848189505,123,124,120,116,116,124,106,100,120,114,117,114,100,120,121,116,123,120,121,73,79,74,91,70,99,116,107,101,117,21,23,23,24,24
848189511,110,109,89,100,94,106,89,95,123,121,103,125,100,109,121,119,109,117,116,116,121,121,120,121,108,121,116,109,124,23,23,24,23,23
848189513,108,108,100,115,115,110,99,126,120,122,124,124,119,119,121,119,108,113,113,106,121,118,99,115,109,121,120,98,117,23,25,26,24,25
848190042,123,125,117,122,121,115,120,124,117,120,114,116,126,127,128,123,126,128,121,72,92,81,105,73,114,117,116,123,129,25,28,26,26,28
848190941,74,73,36,40,39,39,37,44,54,73,37,60,36,46,39,50,86,81,114,43,45,45,39,44,91,71,71,99,86,116,116,102,117,114
848191202,107,106,90,115,110,101,99,96,119,117,102,120,97,108,117,115,97,113,114,115,120,119,117,111,118,120,118,108,115,25,26,25,24,23
848192119,78,79,43,66,46,51,40,58,58,73,45,55,47,49,46,55,96,94,117,49,47,47,46,47,95,68,73,107,105,121,117,101,119,119
848192318,113,115,103,113,108,121,110,102,120,123,121,112,97,113,123,119,120,121,119,83,90,88,100,80,98,118,120,99,114,22,25,28,24,26
848192505,122,117,123,120,116,120,121,124,116,121,110,99,92,116,116,116,108,120,117,62,83,53,120,58,126,120,117,116,118,25,25,26,24,23
848192638,114,107,99,120,119,122,113,92,117,112,118,109,118,120,121,116,109,116,115,117,122,120,121,119,116,124,117,118,114,24,23,22,24,24
848192985,118,117,115,127,125,118,112,113,124,127,127,124,123,127,123,122,117,121,120,98,110,98,96,99,108,123,116,100,123,23,25,26,24,23
848194765,117,120,117,118,117,121,119,117,119,117,117,115,110,119,119,115,121,112,118,73,75,66,108,68,98,118,105,108,118,28,26,23,24,25
848195365,113,116,98,114,118,114,99,92,117,115,107,117,104,118,119,117,119,118,118,101,113,119,96,104,100,116,118,104,116,24,22,22,24,23
848197445,122,122,96,122,120,122,96,111,119,117,123,121,116,119,120,118,119,116,120,119,119,119,110,120,111,119,116,116,120,24,23,23,23,25
848197781,115,116,98,116,120,119,106,105,122,121,119,118,109,121,123,119,120,122,119,73,78,74,96,65,100,117,103,102,118,25,23,26,24,26
848198176,109,106,87,101,81,92,80,79,119,101,87,119,78,92,102,115,99,111,114,119,120,120,119,115,116,115,117,117,119,28,26,21,24,23
848199503,109,108,98,123,121,111,102,102,123,121,100,124,113,123,113,118,105,113,114,114,118,114,114,119,118,120,119,107,118,23,25,26,24,25
848200104,124,123,118,120,120,122,121,106,112,116,116,99,110,123,121,116,119,114,120,65,63,60,94,60,102,116,95,98,116,26,25,22,24,23
848200145,111,111,101,114,111,111,103,96,119,110,99,123,96,103,114,116,110,119,119,119,121,121,120,121,119,124,121,120,118,23,25,26,24,23
848200389,87,80,40,63,45,41,40,41,69,86,43,68,43,45,40,58,111,100,118,59,46,48,41,47,102,82,74,108,111,118,119,105,122,120
848201305,112,112,82,94,84,94,81,81,117,94,85,117,74,90,105,105,104,106,117,117,117,120,121,121,115,114,117,119,115,24,25,23,25,27
848202126,115,115,126,125,125,123,123,124,111,115,100,115,110,123,117,118,110,120,117,63,68,60,121,67,116,120,106,116,118,25,26,28,24,23
848202335,107,105,93,118,113,97,92,93,119,110,96,121,101,109,103,113,102,111,114,110,121,117,119,121,119,120,118,117,108,25,26,23,24,25
848202652,123,126,122,118,117,123,118,113,120,120,110,102,97,120,125,118,126,127,121,71,78,73,93,68,101,120,102,101,120,23,26,23,24,25
848203376,123,119,99,113,94,109,103,95,121,111,82,124,88,96,98,110,114,123,119,123,122,121,126,122,126,123,118,123,125,23,23,25,24,23
848203574,112,110,99,106,94,112,96,86,118,103,95,113,82,96,110,116,110,114,114,116,117,115,119,120,113,112,116,118,112,27,26,25,24,23
848203747,123,119,91,110,110,117,92,84,115,94,113,101,81,104,117,116,116,118,118,114,116,120,96,120,101,113,115,110,113,25,23,25,23,24
848204485,118,121,116,118,119,116,112,106,119,116,120,112,114,121,122,118,121,117,118,73,71,70,104,63,100,115,95,99,120,24,25,26,25,25
848204639,108,104,86,93,83,99,83,83,114,99,83,119,84,94,98,107,102,106,115,119,118,120,121,117,117,119,117,117,113,24,28,26,24,23
848204923,115,117,114,120,118,120,114,97,117,114,118,113,102,113,119,118,114,109,117,88,94,107,118,85,105,120,111,107,116,25,26,23,24,28
848204963,119,121,90,106,86,120,89,88,119,112,119,119,85,112,117,110,117,120,119,117,118,118,105,117,108,121,120,110,112,26,27,23,26,25
848206113,122,123,119,119,120,123,110,96,115,119,119,101,110,121,123,116,122,120,120,73,74,68,86,60,103,117,99,93,120,25,22,22,24,23
848207791,118,117,117,118,102,118,116,98,114,110,94,88,88,98,111,114,108,105,116,83,85,78,121,63,114,113,120,117,112,24,24,25,27,25
848207993,115,111,86,110,96,109,86,86,113,102,105,107,76,99,101,107,102,113,113,115,118,115,116,117,119,111,117,116,106,23,26,25,24,23
848208165,107,108,88,96,86,102,83,79,114,99,93,114,76,93,96,106,93,106,110,118,118,118,119,119,117,114,117,118,116,25,28,26,24,23
848208418,123,123,108,115,118,120,102,98,118,120,122,105,113,118,122,114,121,104,118,71,74,68,98,73,102,116,110,101,115,23,26,25,24,26
848208448,116,115,113,124,124,120,103,111,120,126,126,116,120,123,123,120,120,112,120,63,70,84,89,64,100,120,96,100,120,24,22,22,24,23
848208722,125,125,124,119,113,125,120,105,115,118,114,107,100,122,125,115,124,124,124,77,75,63,113,73,110,122,122,120,119,24,25,25,25,23
848209331,124,125,124,118,112,124,118,123,117,120,119,100,102,122,124,115,123,125,122,63,70,61,108,63,110,122,100,99,122,23,25,22,24,23
848209499,108,110,94,119,118,105,89,97,119,111,101,119,93,104,112,116,107,118,114,117,119,118,117,119,114,117,117,111,118,24,25,26,27,25
848210035,119,122,116,124,121,124,100,100,122,123,125,113,122,125,117,114,121,119,122,115,122,117,98,117,101,124,112,100,119,23,26,25,24,23
848210257,88,94,40,79,45,44,49,51,84,102,44,102,51,53,56,93,104,99,118,54,55,51,48,54,100,76,92,104,106,120,118,115,120,119
848210324,115,114,107,114,118,119,107,99,119,121,122,119,112,115,118,118,114,112,118,84,90,84,85,74,102,115,100,94,119,25,23,26,24,25
848210406,115,117,100,115,115,117,101,101,120,122,122,118,107,119,119,119,119,112,117,91,105,102,87,91,96,118,101,95,119,24,25,23,25,22
848210514,120,121,95,119,118,121,98,95,119,119,119,118,113,122,121,116,120,116,120,116,120,120,108,118,104,118,118,115,120,24,23,23,24,24
848211110,117,122,118,121,124,117,120,126,121,121,124,121,121,125,125,118,124,125,122,63,68,63,93,63,101,120,99,102,119,23,25,28,25,26
848211688,120,121,84,107,105,117,98,92,117,112,118,107,98,117,119,117,120,117,118,115,115,118,100,120,102,119,117,105,117,23,24,23,24,22
848212188,125,125,124,120,103,124,119,120,104,109,109,94,100,108,116,116,119,115,124,73,78,74,122,63,109,119,105,119,119,25,22,22,23,23
848212190,116,105,89,102,98,94,86,81,111,96,88,117,74,86,97,106,97,105,110,114,115,115,116,118,121,111,114,110,105,28,25,26,24,23
848212242,104,100,99,116,115,107,96,94,116,110,104,112,103,110,104,113,99,112,111,116,118,114,111,113,116,113,115,113,116,23,25,26,24,23
848212622,117,113,99,119,123,114,104,93,124,123,124,124,114,122,116,116,117,116,119,116,121,116,106,117,109,121,119,109,119,28,23,26,24,25
848213331,119,107,95,98,75,99,103,75,117,100,76,117,71,78,96,107,97,114,114,117,121,116,121,116,122,116,117,117,115,25,26,25,24,23
848213345,123,123,101,110,104,117,101,94,114,113,116,102,96,113,123,116,121,112,118,63,74,62,102,63,100,110,99,109,115,23,26,25,24,23
848215914,119,122,90,110,109,110,96,93,121,109,96,122,94,106,122,114,122,125,122,120,121,124,98,120,109,124,121,108,118,25,23,26,24,26
848216267,122,123,91,111,105,122,93,92,117,120,125,121,112,123,115,115,119,119,119,117,118,117,110,121,106,127,119,109,120,25,23,26,24,25
848216352,110,108,95,118,119,106,96,94,120,119,120,122,106,116,118,117,111,115,118,118,116,120,98,122,110,120,119,101,119,27,25,26,24,25
848216393,107,108,98,121,117,114,104,98,119,119,117,120,107,114,117,119,110,118,117,103,117,103,102,110,111,120,117,104,119,23,25,22,24,23
848216435,113,113,91,107,107,108,97,94,120,109,97,120,95,108,119,118,118,120,118,114,122,115,92,114,104,123,117,102,119,25,26,25,24,23
848216549,119,114,122,119,105,121,119,110,105,97,93,95,97,109,107,113,100,106,115,60,67,60,123,58,120,111,109,117,117,24,22,23,26,25
848217870,118,120,96,115,113,120,100,86,119,113,118,119,96,110,108,114,116,116,119,118,121,117,113,119,110,125,121,120,116,23,24,25,23,25
848218667,115,119,98,113,118,118,100,99,121,119,117,117,102,119,121,120,121,119,119,81,84,86,92,68,90,112,98,93,119,25,22,23,24,26
848220440,112,112,85,94,86,95,78,74,118,102,87,118,73,102,98,115,106,118,115,116,119,117,117,116,114,115,119,116,114,22,23,26,24,23
848220697,115,118,105,121,122,118,105,98,120,120,121,119,119,122,122,118,122,108,119,88,89,64,83,80,97,119,118,94,119,23,26,25,24,22
848222492,124,126,116,120,119,121,107,91,113,120,124,100,110,122,124,113,125,114,121,64,70,64,102,63,102,119,101,104,116,24,23,25,26,25
848224232,116,117,100,118,117,118,117,102,119,119,119,119,104,117,120,115,117,117,117,106,113,107,96,109,106,122,117,103,117,25,23,25,24,23
848224411,121,123,107,121,121,121,100,99,114,118,119,102,99,119,123,115,120,114,119,54,64,64,98,64,102,117,110,102,116,24,23,25,25,26
848224425,117,117,91,115,104,115,93,86,114,108,116,115,95,112,116,114,108,107,113,113,117,112,104,116,108,112,111,110,114,23,22,22,24,23
848224490,113,113,86,99,96,115,85,89,114,100,115,105,83,109,110,110,107,109,113,111,116,111,108,115,111,113,114,110,109,23,25,23,24,25
848225100,117,117,80,84,80,91,81,74,114,95,102,116,74,82,106,111,110,115,116,114,117,117,117,116,113,112,114,118,113,25,23,26,24,23
848225116,78,76,40,63,48,43,39,45,68,74,38,68,38,41,38,48,74,81,115,47,46,47,46,45,98,78,63,103,93,117,115,104,118,117
848226161,122,121,115,121,121,121,108,100,120,120,121,119,99,119,121,117,119,120,119,113,121,108,104,110,114,125,122,109,118,26,25,23,23,24
848226754,111,112,96,117,116,110,116,96,117,115,109,117,110,114,118,115,116,116,115,112,116,111,103,115,102,112,116,104,113,23,25,23,24,23
848226851,114,115,99,120,119,119,119,83,119,105,122,119,92,115,110,111,113,115,117,118,120,120,120,120,115,120,119,120,119,24,25,25,25,23
848227236,112,115,96,111,110,112,102,94,120,115,104,119,98,107,120,117,116,118,117,111,120,118,113,113,119,121,118,117,114,24,25,26,24,23
848227535,112,113,89,110,105,115,95,95,121,120,118,118,100,107,120,119,114,108,115,105,120,117,103,106,103,117,120,104,118,28,25,26,24,23
848228618,120,120,91,108,96,118,86,84,117,101,116,117,82,112,119,113,117,116,117,114,119,115,109,117,111,115,113,116,117,23,22,22,23,21
848230666,117,120,119,113,103,121,110,104,113,109,102,103,90,113,120,115,120,116,118,77,83,63,118,62,102,111,117,113,115,25,28,26,24,25
848230938,111,111,106,114,107,118,99,118,120,114,101,118,90,103,120,118,107,121,116,111,121,116,108,111,121,118,118,110,117,23,27,25,24,28
848231281,119,120,97,121,122,120,99,96,117,123,128,124,121,125,117,115,119,114,119,117,121,120,102,118,104,122,114,106,119,22,23,25,24,23
848231478,117,120,122,119,119,122,119,119,106,106,93,101,86,116,119,114,119,123,120,80,73,69,120,63,117,117,121,120,120,25,23,22,24,23
848231521,113,115,99,115,113,116,99,118,120,119,99,119,92,111,118,118,117,117,115,115,118,118,105,120,107,117,117,108,119,28,26,25,24,23
848231866,109,108,96,120,118,108,95,103,122,119,97,123,98,114,120,116,108,118,112,113,121,119,121,110,118,120,119,115,117,26,25,28,24,26
848232293,125,124,125,119,106,124,120,119,109,105,102,89,83,105,111,113,115,112,118,68,66,62,125,53,120,119,120,123,117,23,28,26,24,23
848232363,114,107,95,93,78,107,84,85,118,100,93,119,81,99,105,109,104,110,117,118,122,118,118,114,121,118,117,115,114,27,23,22,24,27
848232756,120,119,84,99,87,92,89,83,117,99,91,118,80,94,101,113,110,117,117,117,121,119,117,120,114,118,115,120,118,21,22,23,24,28
848232805,119,116,87,104,88,114,79,78,111,97,116,116,76,103,106,111,109,113,117,116,116,119,118,120,112,114,116,118,112,24,26,25,22,23
848234396,127,127,96,114,98,122,99,96,119,116,121,105,94,110,122,114,125,118,120,117,121,118,107,121,112,118,116,119,116,27,23,25,24,25
848234742,120,120,111,117,117,117,117,92,118,118,115,100,102,119,119,117,118,109,118,73,77,64,99,74,102,113,97,101,118,23,27,23,24,25
848237086,120,120,93,98,90,102,84,79,116,98,100,121,75,89,104,109,110,119,117,119,124,120,122,119,121,120,120,120,114,21,22,23,22,24
848237383,111,107,82,98,85,110,80,78,118,108,117,121,82,107,114,107,107,114,115,117,120,119,119,118,114,120,119,117,117,25,26,23,24,25
848237692,118,123,114,120,115,119,118,102,120,116,113,108,105,118,122,118,124,120,119,71,70,65,90,63,97,113,98,95,119,23,25,26,24,25
848238794,125,126,121,120,120,124,113,119,111,115,114,107,99,121,125,115,126,115,121,61,65,57,102,59,103,114,96,101,119,23,25,23,24,24
848239053,122,122,100,123,120,119,102,99,120,118,109,121,106,115,118,118,117,116,118,112,116,116,106,113,113,123,117,106,120,24,25,28,24,26
848239085,127,121,126,122,120,125,122,121,108,104,89,90,98,120,112,114,113,120,121,61,65,61,120,62,124,119,111,120,122,26,25,23,24,25
848239818,117,113,90,101,94,97,89,86,120,114,92,122,82,100,99,110,110,120,116,122,120,119,120,122,123,119,119,117,119,25,28,26,24,26
848240716,115,115,89,101,86,114,81,80,114,100,113,111,81,107,105,109,113,103,114,111,115,114,111,115,108,111,115,109,107,23,24,23,24,25
848241096,117,117,102,118,113,114,94,97,118,118,119,120,117,117,119,117,115,119,118,115,120,116,97,117,109,122,120,99,119,25,21,22,24,23
848241390,114,117,107,116,107,117,94,110,119,116,119,101,94,110,119,116,121,107,118,82,83,72,84,84,97,110,110,94,115,23,26,25,24,23
848241721,123,123,119,119,120,120,112,99,110,117,120,106,99,119,124,119,119,118,119,64,68,65,106,58,117,118,105,109,118,23,25,25,24,26
848244263,109,104,87,98,97,86,81,75,119,107,86,121,70,94,99,107,102,103,115,119,120,117,119,118,119,116,116,119,119,25,27,26,24,25
848246875,116,111,84,96,75,94,74,73,114,95,87,111,70,80,111,107,102,111,109,115,116,116,115,115,114,110,114,116,108,25,26,26,24,23
848247263,115,111,86,103,83,88,82,96,117,100,84,117,72,93,110,109,102,110,113,117,121,115,118,116,116,113,117,116,108,23,25,23,24,23
848247635,122,123,117,121,120,121,117,121,118,121,119,117,116,122,123,116,123,119,120,70,75,70,107,70,104,119,109,110,117,24,28,23,26,25
848247679,117,117,120,117,106,121,109,120,115,109,102,101,100,109,119,117,117,120,116,63,64,58,117,57,119,111,111,119,119,23,25,26,24,23
848251470,113,111,114,116,109,118,113,106,118,118,110,113,98,114,119,116,114,108,116,71,85,67,120,69,111,113,101,115,112,25,23,24,24,24
848252371,120,120,121,123,120,124,111,110,121,120,104,121,96,115,122,118,120,122,120,110,118,116,120,114,112,123,119,115,120,25,23,26,24,23
848253149,126,126,116,106,98,122,95,92,115,116,121,97,90,116,122,114,126,121,123,114,116,112,97,116,103,121,113,111,115,23,25,26,24,25
848255654,118,118,86,97,88,100,77,84,117,92,112,109,76,96,104,109,109,113,116,115,120,113,116,117,112,115,113,118,112,25,23,26,24,23
848256630,119,120,118,119,120,121,115,110,122,122,117,110,108,119,124,120,124,120,122,88,88,76,89,84,99,119,108,95,120,26,25,26,24,23
848259584,112,112,82,105,90,114,90,78,113,109,114,104,91,114,110,111,104,102,110,112,115,110,110,113,107,111,109,112,110,23,24,23,24,23
848265695,116,120,108,118,118,114,108,104,118,118,119,108,117,120,120,114,120,116,116,70,73,68,95,69,98,111,98,106,116,24,23,25,25,23
850001040,119,120,101,122,117,112,100,103,114,100,116,109,120,118,112,114,111,119,115,113,111,112,101,114,106,118,110,110,108,22,22,23,22,23
850001109,119,117,92,103,92,103,95,85,111,107,111,112,73,94,109,111,112,121,117,121,118,118,120,121,116,118,113,118,115,24,26,23,23,24
850001116,113,111,91,102,93,100,73,86,117,112,90,120,87,92,104,110,113,120,114,118,115,116,121,116,119,118,118,119,114,25,26,27,23,24
850001397,113,115,111,109,114,113,115,115,117,117,109,117,113,115,121,123,117,119,112,87,87,94,109,76,110,112,108,103,123,22,22,25,23,27
850001419,110,110,101,111,107,114,93,100,118,110,90,114,91,95,112,116,105,111,113,111,117,115,113,108,119,116,117,114,114,22,21,23,25,25
850001620,108,108,97,115,112,106,98,92,115,108,105,116,100,112,114,114,114,115,111,114,115,111,108,115,116,119,118,103,114,23,23,24,22,25
850001625,124,124,123,116,117,118,115,119,108,104,100,103,118,123,119,116,121,116,117,67,63,65,103,62,108,116,96,102,123,22,23,24,21,21
850005003,119,120,93,113,104,118,99,102,113,109,118,104,103,109,112,114,111,115,114,115,115,113,103,115,105,118,115,102,110,23,26,24,25,24
850007289,115,110,82,96,66,93,88,87,108,93,75,110,62,85,92,110,107,120,112,120,114,117,120,114,118,112,117,115,115,24,23,25,25,23
850013743,113,113,110,122,122,117,108,111,119,116,113,120,116,112,112,117,108,114,116,101,105,104,111,99,112,118,115,106,114,24,26,24,24,26
850028130,115,120,112,108,117,109,112,117,113,112,110,113,116,117,123,120,120,122,113,50,54,40,90,46,104,114,88,105,122,22,25,24,25,23
850037576,125,126,125,113,111,123,118,112,109,104,102,103,103,117,126,118,125,126,121,62,59,56,110,61,112,116,95,110,126,28,24,24,27,27
850049369,121,123,122,114,114,120,116,96,102,98,101,86,91,115,111,111,123,118,117,58,57,56,115,58,102,112,97,115,120,25,24,23,21,22
850054050,117,116,120,121,119,116,113,111,116,112,103,109,115,117,115,118,114,122,116,83,84,75,111,71,119,116,119,116,115,23,24,26,26,25
850138449,123,123,113,114,116,115,105,116,115,113,105,110,105,115,119,113,119,113,115,64,59,64,96,57,107,114,87,105,120,23,25,25,23,23
850140601,116,111,100,103,69,106,88,81,107,102,74,118,65,84,93,110,110,122,111,121,118,120,123,120,120,113,122,118,116,25,30,27,29,27
850191189,112,113,112,118,118,115,105,117,118,114,107,118,116,108,112,114,111,118,114,115,115,114,100,115,108,115,119,105,115,25,24,20,24,21
850191208,119,119,116,116,113,113,105,109,102,100,104,96,102,106,113,109,111,118,113,70,69,68,115,68,113,118,113,117,107,20,23,23,24,21
850214098,114,108,104,116,110,113,93,99,117,113,99,118,101,101,114,117,113,116,114,114,117,115,120,113,119,119,116,116,116,26,23,26,27,22
850214100,116,114,113,117,115,114,110,101,114,113,104,110,116,117,117,115,110,117,112,91,102,93,118,91,117,114,113,114,117,24,24,23,22,23
850226764,120,126,121,114,114,118,116,112,114,105,115,107,116,118,127,120,126,123,121,77,81,84,114,79,105,115,99,111,123,28,26,29,30,26
851073078,115,119,90,110,103,108,87,89,116,115,99,114,90,99,117,117,118,117,118,114,117,121,113,112,100,124,115,118,117,17,17,16,16,15
851186146,119,113,116,115,104,118,113,112,112,107,108,104,111,108,117,117,115,108,115,86,78,70,112,73,113,109,114,115,115,16,18,18,20,18
851190765,102,103,98,114,115,112,102,103,120,120,119,116,111,116,114,115,108,107,116,107,113,104,98,106,105,121,115,105,116,22,22,22,20,22
851192638,109,105,91,114,109,115,103,111,118,110,116,116,113,117,109,115,103,115,111,116,117,116,117,114,113,116,114,111,113,18,16,22,19,21
851192816,100,96,91,90,78,98,73,89,106,91,101,109,89,96,93,106,97,101,107,116,116,112,117,116,117,111,116,118,103,18,19,21,18,18
851192883,113,115,109,112,112,117,109,107,121,118,111,119,106,116,119,118,115,115,112,84,101,100,103,94,99,118,107,101,118,18,20,21,18,17
851193474,106,108,96,113,114,110,80,89,116,109,98,116,89,95,116,116,115,115,118,115,120,116,102,116,105,119,116,112,111,19,19,18,21,22
851194765,117,119,117,116,117,121,117,116,118,117,117,119,116,119,117,118,120,115,118,74,78,69,111,72,100,116,105,111,120,18,21,19,20,18
851197031,110,112,118,117,118,121,116,110,115,121,122,102,118,121,110,116,111,111,117,71,70,60,114,61,114,117,98,114,116,21,22,22,23,21
851198032,110,98,89,90,80,102,75,86,114,97,103,103,80,93,103,105,92,101,107,119,117,115,123,113,122,118,121,102,110,21,18,21,21,22
851204935,65,73,32,79,38,33,36,62,79,99,31,90,34,34,29,67,99,91,115,43,37,46,30,45,95,69,83,101,94,118,111,109,120,117
851206085,121,122,116,121,114,117,93,106,112,118,120,104,106,118,121,118,117,115,117,83,77,68,90,73,107,118,96,108,115,18,18,19,17,17
851206591,117,116,108,103,102,119,103,96,115,120,120,107,101,116,118,114,120,104,118,110,115,113,109,115,101,121,118,111,115,22,19,21,19,18
851207421,117,121,117,116,114,119,115,105,115,113,117,108,105,117,117,116,121,119,118,61,70,60,97,60,100,112,97,102,115,21,22,21,22,19
851208461,110,107,101,114,113,114,107,103,121,114,104,120,91,105,110,118,108,114,114,116,117,118,112,115,114,121,119,115,117,22,23,21,23,22
851210676,51,76,28,73,31,35,32,48,64,62,32,57,32,33,28,45,82,83,114,43,28,35,32,43,94,77,84,98,83,116,114,104,117,116
851210697,107,108,108,108,104,108,94,102,121,114,109,117,108,112,109,116,110,112,118,117,120,120,120,116,109,119,118,115,117,24,21,22,23,24
851211022,111,118,112,112,113,112,96,105,116,115,117,114,116,115,112,117,116,119,109,86,89,77,93,82,92,106,97,103,105,18,19,21,22,22
851216199,104,98,90,92,72,102,77,76,113,100,76,112,63,81,92,109,101,103,114,117,118,120,120,118,119,120,116,111,110,23,22,22,21,20
851216201,121,122,118,117,108,121,111,106,111,111,113,97,93,114,119,111,115,110,120,72,73,65,111,65,115,120,109,117,111,20,22,22,19,16
851216275,113,115,85,99,90,113,85,81,108,105,114,90,97,109,112,109,115,112,112,112,112,112,99,114,106,114,113,103,107,18,19,21,19,21
851216354,110,112,116,116,114,118,116,120,117,118,117,107,107,116,115,116,114,116,116,63,61,56,109,57,105,118,96,110,117,21,22,21,20,20
851216409,119,120,110,118,118,117,117,115,115,121,120,114,107,117,116,117,122,115,117,80,68,61,84,61,94,117,97,87,117,22,22,20,23,22
851218667,112,113,104,106,105,118,106,97,120,118,112,114,97,113,117,121,118,121,118,96,103,98,93,74,89,121,108,93,119,17,21,22,19,22
851219585,100,104,91,93,83,92,81,66,111,92,83,106,72,93,99,106,100,102,106,116,114,110,114,114,118,114,115,118,100,18,19,16,13,14
851220414,114,112,88,112,110,112,92,87,112,113,117,111,111,113,108,110,107,109,113,113,116,113,109,113,110,113,115,113,105,15,15,16,14,15
851220651,118,118,101,116,106,116,108,88,115,117,118,114,109,117,115,113,117,116,115,117,115,114,106,114,101,120,114,110,113,21,19,21,22,22
851220901,73,96,38,73,45,39,42,59,92,93,44,90,57,51,45,68,93,96,118,64,47,40,47,49,94,80,68,108,100,116,118,118,120,117
851221671,112,115,113,108,112,121,111,86,118,118,107,107,99,111,115,117,118,115,118,90,93,98,118,87,98,120,120,108,117,19,22,21,22,20
851221697,121,120,122,117,109,123,113,113,112,116,108,95,98,114,115,114,118,119,120,70,76,73,124,72,118,120,107,123,115,22,21,22,21,18
851223334,117,114,111,116,107,122,99,98,115,114,108,114,87,107,121,117,108,109,118,115,118,116,119,109,121,122,121,117,116,21,21,22,22,22
851223697,115,117,108,116,110,121,107,89,112,109,119,111,98,113,112,115,111,109,119,117,118,117,122,117,113,122,116,121,117,21,22,22,22,24
851223710,107,105,116,118,108,119,109,115,106,103,85,90,90,104,103,110,93,95,114,60,64,45,122,51,121,118,100,113,105,20,21,22,19,19
851224294,105,111,90,110,105,105,93,87,116,110,116,110,103,113,115,115,113,115,115,113,117,117,106,113,102,116,118,105,114,22,21,19,19,17
851224371,120,122,121,120,118,123,111,108,115,115,122,110,111,121,122,116,123,122,123,79,77,71,115,71,111,123,107,108,115,22,18,22,22,23
851224656,120,121,100,113,110,106,94,83,113,103,114,106,81,99,116,113,114,111,114,116,114,114,108,115,110,119,108,105,106,18,18,19,20,19
851225539,116,114,117,116,108,118,116,114,109,106,90,87,88,102,116,107,111,107,116,73,66,65,118,59,115,119,116,117,109,22,19,21,17,18
851226161,119,119,111,116,116,119,104,98,116,115,116,112,98,116,116,117,116,117,116,116,119,115,105,112,112,121,116,104,116,21,19,21,21,20
851227647,119,119,96,114,111,118,95,86,117,113,121,111,88,119,115,117,118,119,118,117,118,119,108,116,107,117,115,114,114,22,19,20,22,23
851228805,101,100,90,94,78,105,100,81,113,91,80,113,80,97,108,110,97,105,108,120,118,115,121,115,116,115,122,119,111,18,19,21,18,21
851229582,110,104,92,94,88,97,79,76,113,106,104,116,72,102,93,112,100,106,109,114,117,116,118,115,116,114,120,118,111,22,22,20,21,19
851229880,121,121,89,103,87,108,83,88,112,110,106,102,83,98,121,115,115,118,112,119,120,122,101,123,108,120,119,99,112,22,24,22,22,20
851229891,113,116,102,109,102,115,97,87,117,116,118,109,83,110,118,112,116,115,116,115,116,114,105,116,108,117,116,111,112,16,21,18,16,18
851230872,78,83,31,78,34,36,33,53,81,88,30,66,33,33,29,53,98,88,114,44,33,42,31,44,94,75,83,108,92,117,113,108,120,118
851231416,122,121,117,121,117,119,115,115,113,119,120,103,105,119,123,116,120,110,121,68,66,63,105,61,109,113,103,111,119,22,22,19,21,22
851232665,108,108,112,113,108,109,85,108,111,111,94,111,106,103,109,112,103,111,113,115,116,113,109,114,109,115,116,102,103,18,19,19,17,18
851232711,112,113,115,113,110,121,109,89,116,117,105,115,95,106,111,117,112,115,117,115,117,114,119,114,107,119,119,117,118,21,19,22,19,18
851233301,116,113,102,111,97,112,65,76,111,89,111,106,64,102,112,108,112,107,117,118,119,117,117,119,112,121,121,118,114,18,19,21,21,20
851234112,123,122,90,106,94,119,93,86,116,113,116,112,93,110,118,118,121,121,117,114,115,116,97,112,102,118,115,113,116,18,16,16,15,14
851234574,116,116,97,109,112,116,88,87,115,108,115,114,89,115,117,114,115,114,116,115,117,115,111,117,109,119,118,115,115,19,20,21,20,20
851234575,109,108,85,100,88,94,83,78,110,107,88,116,71,97,101,108,108,108,116,117,119,119,119,119,117,117,117,114,115,20,21,18,21,21
851234730,120,119,87,101,97,112,90,86,109,106,109,108,90,109,112,114,120,118,110,111,116,113,107,115,112,117,115,113,112,16,18,19,19,21
851234824,121,121,123,119,119,123,121,100,113,108,106,100,93,120,116,116,119,114,121,75,63,58,115,73,110,117,118,116,118,21,21,20,21,20
851235297,110,110,112,115,112,116,98,108,114,116,113,115,108,111,111,112,111,113,114,113,114,109,100,108,114,121,120,106,110,18,18,18,16,16
851235353,123,124,114,115,111,117,112,88,114,114,110,97,81,112,117,116,116,112,116,63,49,49,103,55,106,114,87,91,115,19,19,14,16,16
851235781,100,103,110,111,111,111,92,93,118,113,96,117,97,95,112,116,105,107,115,116,119,113,108,117,113,117,113,111,118,19,19,19,20,19
851235794,119,121,118,121,123,118,107,115,118,119,121,108,117,120,123,120,123,122,120,76,82,73,95,78,106,116,108,106,121,22,22,22,23,20
851236015,118,119,114,117,119,117,106,115,119,122,120,119,114,121,120,117,121,116,117,89,95,81,109,83,104,121,110,110,115,25,24,23,24,23
851236295,117,118,84,99,95,106,81,88,113,106,122,115,91,111,115,117,108,112,115,113,116,110,99,116,104,118,104,104,107,18,19,18,18,18
851236401,115,117,90,108,108,118,92,86,117,108,109,115,83,111,117,117,117,113,116,115,121,116,115,121,107,115,114,114,115,18,19,19,20,21
851236403,116,114,83,101,80,99,72,66,117,102,87,116,65,88,102,116,107,113,110,117,117,115,119,118,118,117,116,117,117,24,23,22,24,24
851236461,117,109,120,118,109,118,117,116,108,105,90,84,86,108,115,112,109,106,117,61,73,53,115,55,119,113,101,116,113,22,22,21,19,18
851236496,112,111,103,108,110,113,85,93,116,114,100,118,90,103,114,113,112,108,113,110,110,112,97,104,103,118,116,97,114,18,18,19,20,19
851236532,111,103,93,103,85,101,94,81,115,101,86,117,77,89,91,116,107,109,113,117,117,116,119,115,117,117,115,116,118,22,21,20,21,22
851236636,114,111,96,110,102,117,106,89,115,113,118,114,99,113,114,116,111,112,115,113,117,116,110,116,115,121,117,115,115,22,21,22,22,21
851236772,122,120,114,122,120,116,114,114,118,120,117,118,117,119,119,117,119,110,114,74,86,63,95,73,105,117,110,105,119,18,19,19,21,21
851237646,123,122,104,112,96,116,103,92,115,112,114,104,81,107,115,116,119,117,119,115,120,117,115,117,110,124,123,119,114,19,21,21,20,19
851237681,118,121,113,115,110,114,104,100,113,115,116,105,110,116,120,117,123,120,119,73,83,61,86,75,95,113,98,95,118,15,14,22,19,17
851237942,118,119,91,104,103,117,93,104,116,108,120,102,109,116,112,109,117,118,117,114,119,117,113,117,113,120,119,112,109,18,19,18,19,18
851238616,120,119,105,114,107,116,98,102,117,116,118,107,98,114,118,117,118,116,115,66,69,64,98,65,103,115,96,98,116,21,21,19,21,20
851238756,113,111,119,116,107,119,117,103,108,95,83,96,83,114,110,110,104,104,113,58,66,55,119,51,120,116,118,108,112,17,20,21,22,22
851239231,117,118,98,108,100,111,88,83,116,110,114,106,91,111,110,117,114,118,116,117,116,114,110,111,99,121,116,108,110,22,18,19,21,21
851239367,113,119,112,111,111,115,110,98,112,109,114,106,104,113,113,112,117,114,111,71,70,62,102,62,100,116,91,106,107,11,12,12,12,13
851240947,119,119,87,91,86,111,83,85,107,109,115,95,88,108,112,109,117,115,117,116,117,112,104,118,101,118,116,109,109,21,21,20,21,21
851240953,114,114,89,92,89,108,84,85,111,101,112,105,85,105,115,110,116,118,116,117,117,117,114,116,110,118,120,116,109,17,17,17,15,15
851240988,114,109,89,113,109,105,83,84,113,100,84,117,92,93,93,108,103,111,110,120,113,116,118,114,117,113,119,117,110,20,18,21,21,18
851241084,124,124,119,118,113,122,117,93,117,116,112,114,89,114,121,120,123,114,120,65,73,61,114,68,103,117,114,117,121,23,23,24,23,25
851241096,116,115,109,116,110,116,103,104,118,115,117,117,116,117,116,119,112,119,117,118,119,113,105,114,110,122,119,103,120,21,18,19,18,21
851241159,115,113,91,100,84,96,89,82,119,101,91,118,82,95,114,114,111,114,116,117,119,117,113,117,115,116,114,115,118,23,21,21,22,22
851241236,122,120,119,120,111,118,109,94,117,115,115,94,102,118,123,122,122,121,121,63,60,58,110,62,114,117,117,116,117,21,22,20,22,21
851241637,112,109,94,112,108,106,86,88,120,114,92,119,88,106,114,116,113,114,117,117,116,117,116,116,114,116,115,115,116,21,21,22,21,22
851241721,121,123,116,115,111,116,108,96,110,115,114,107,91,116,124,117,119,117,118,55,56,54,107,55,115,111,103,108,116,22,22,23,21,22
851241811,115,118,103,112,111,115,94,111,119,118,118,110,107,117,115,117,117,114,116,111,115,112,102,109,104,118,107,105,115,21,18,18,19,20
851242458,114,113,118,118,109,117,108,116,108,107,89,97,93,105,110,110,105,111,110,63,63,61,118,56,119,114,105,117,113,18,19,21,21,21
851242641,118,118,99,104,91,114,91,83,115,114,118,109,98,116,123,122,121,116,121,115,119,115,109,119,108,117,107,106,111,18,19,19,20,21
851242964,124,121,113,113,115,117,98,111,111,117,118,107,105,120,118,115,119,107,116,72,78,65,87,71,97,119,114,95,113,19,21,17,22,22
851243014,122,124,124,121,116,120,120,119,116,122,122,109,115,122,122,120,123,122,120,75,79,69,104,72,114,123,110,110,122,23,23,22,23,22
851243057,119,118,87,91,98,107,83,99,115,103,116,105,93,108,117,109,118,117,116,116,118,116,106,115,104,117,108,109,108,16,17,13,19,18
851243576,119,118,99,118,112,117,98,86,113,117,122,115,107,122,115,114,117,111,115,115,118,116,101,116,102,121,114,104,114,21,22,21,22,21
851243580,123,123,116,117,112,119,110,109,105,106,105,94,96,109,112,114,118,119,118,65,64,61,112,60,114,114,106,118,116,20,21,19,21,21
851243606,119,120,92,111,110,111,93,101,109,108,116,110,108,110,114,113,119,115,115,113,111,109,105,111,100,118,108,110,113,18,18,19,16,15
851243976,105,104,87,88,73,96,74,78,115,99,90,117,73,93,106,110,102,103,110,116,118,115,118,114,117,114,117,120,107,17,16,18,16,19
851244067,116,114,84,86,72,81,73,75,110,91,78,112,70,83,111,111,107,107,112,116,116,118,112,113,115,108,118,116,113,19,18,21,20,18
851244257,119,120,121,117,115,120,113,110,110,109,106,109,86,116,116,113,117,116,117,71,78,68,110,74,108,114,106,115,113,19,16,16,18,18
851244349,111,108,91,100,96,105,82,79,112,93,98,104,81,97,95,106,103,107,116,116,117,118,117,118,115,114,117,115,110,22,24,21,24,15
851244380,117,116,93,101,101,111,89,85,112,100,116,102,84,106,109,112,111,110,114,117,116,117,110,117,107,116,116,111,107,18,19,18,18,20
851245155,120,121,111,116,116,115,115,103,116,110,116,116,100,111,123,116,120,122,116,84,95,73,99,82,110,119,117,107,117,21,21,22,20,19
851245336,116,109,84,96,80,102,87,85,115,108,92,114,76,92,113,113,109,109,112,117,115,113,117,115,115,117,113,116,115,21,22,22,19,17
851246618,115,115,113,116,114,117,113,105,111,113,108,103,109,112,116,115,112,112,113,65,71,62,112,62,112,112,108,113,111,21,22,21,21,22
851247229,118,121,87,96,94,115,85,90,114,117,120,116,93,117,117,111,110,106,114,110,115,112,106,113,111,121,109,111,113,21,22,22,20,21
851247851,109,109,107,115,116,112,103,102,123,120,111,121,103,115,120,118,112,118,118,110,121,114,111,112,113,123,119,109,120,20,19,21,21,21
851248148,109,109,99,105,105,115,100,96,118,116,101,116,98,108,116,115,116,117,117,116,119,116,111,116,103,118,115,113,117,21,20,22,21,20
851248484,110,109,88,89,71,93,70,79,115,97,91,113,78,85,103,107,93,106,110,118,118,116,118,115,119,113,113,117,112,19,19,16,18,20
851250723,113,116,97,112,113,110,94,92,119,112,95,114,88,108,121,116,119,119,114,109,115,114,104,115,112,119,118,108,119,19,19,18,18,17
851250959,107,111,94,113,111,106,101,85,121,120,118,120,101,118,116,117,113,116,117,115,118,116,108,118,106,119,116,108,118,20,24,20,21,22
851251421,120,121,113,109,98,121,114,94,110,115,115,92,90,109,115,116,121,105,118,73,76,64,87,81,96,115,98,99,116,19,19,21,19,20
851251517,119,118,101,117,117,114,97,91,119,107,112,118,95,109,118,117,108,115,117,117,120,117,121,120,120,120,119,119,116,23,22,22,22,21
851251566,120,120,116,111,108,117,106,102,113,114,115,105,102,110,119,113,118,114,117,86,82,70,99,74,103,116,113,99,114,21,21,18,22,20
851251805,116,115,86,94,77,105,77,78,117,104,109,103,71,89,116,116,114,115,113,117,118,115,111,116,115,115,116,114,116,22,21,22,22,22
851254243,113,116,108,115,113,116,101,101,119,117,115,116,104,117,119,118,120,120,119,115,117,110,113,112,112,119,117,120,119,18,16,16,18,19
851254579,110,109,106,113,115,112,106,105,116,115,115,115,116,113,113,116,116,112,113,93,103,101,97,94,97,112,95,101,114,16,18,18,15,15
851255001,113,112,89,112,106,108,104,97,118,114,105,118,100,111,114,115,114,114,112,114,117,116,96,116,101,112,119,107,112,19,18,17,16,17
851255565,121,124,117,108,107,116,106,101,115,117,111,103,96,113,122,119,123,118,120,96,97,93,103,92,107,114,106,109,116,21,22,20,21,24
851255566,100,107,99,115,109,106,86,96,112,111,96,116,95,94,108,112,106,110,114,114,116,114,115,112,110,119,117,111,108,19,19,21,21,18
851256612,113,114,117,115,101,120,120,114,108,105,91,105,87,114,110,118,112,109,117,61,71,71,115,60,109,111,97,113,114,18,18,19,18,18
851257075,115,120,115,115,113,116,112,97,113,115,111,109,90,112,119,117,122,120,115,87,90,88,86,83,90,117,99,98,111,16,15,15,14,13
851257191,112,107,93,117,116,112,88,78,116,108,108,116,81,109,106,114,105,102,113,114,115,119,116,115,117,118,117,115,114,18,22,21,22,20
851257278,113,111,81,106,102,115,95,84,115,106,113,114,87,103,106,108,108,107,114,118,115,116,114,115,115,118,117,116,106,20,21,21,21,19
851257470,122,123,111,113,109,121,107,95,112,118,122,97,103,116,117,116,123,119,121,71,81,69,109,66,105,119,99,116,114,18,19,19,21,22
851258432,117,107,78,89,74,88,74,85,110,89,80,100,73,73,97,104,93,97,114,116,117,117,117,112,118,111,113,116,113,20,19,18,19,20
851258908,109,104,86,105,87,94,73,83,116,101,86,114,103,102,108,114,98,107,110,116,115,113,116,115,115,110,116,116,114,19,18,17,16,19
851259197,119,118,117,115,107,118,114,102,109,108,92,93,94,103,115,113,115,111,114,67,72,66,115,63,111,118,98,114,112,20,19,19,21,21
851259694,116,116,100,116,115,114,86,82,114,106,115,114,112,111,113,113,114,104,111,109,113,109,99,112,106,117,108,104,111,18,19,17,21,17
851260247,116,116,115,118,119,118,102,101,113,121,114,109,96,115,121,119,111,120,117,94,95,91,103,86,118,118,108,115,119,22,23,24,25,22
851260592,121,119,118,118,118,118,115,113,111,109,101,101,102,110,118,116,116,110,110,86,76,72,119,70,117,115,112,118,116,19,19,19,17,21
851260926,120,119,115,114,109,118,107,107,111,108,111,103,89,103,117,115,120,117,116,72,82,71,118,70,111,107,108,117,113,19,18,18,17,16
851261188,122,122,117,117,112,116,114,115,116,113,107,102,102,119,122,116,122,120,118,83,92,87,103,74,108,111,110,113,117,19,22,19,21,23
851261865,118,117,94,108,107,115,93,83,116,116,118,110,95,116,115,113,115,110,115,112,115,111,100,114,102,117,111,108,112,18,19,21,20,19
851262118,119,119,82,92,91,114,88,83,115,107,110,107,96,108,115,112,118,114,114,110,115,113,103,115,105,116,114,112,108,18,19,21,18,19
851262402,118,120,89,101,85,114,86,85,116,118,120,102,78,103,110,115,114,114,116,118,119,119,113,117,109,122,121,116,114,21,21,21,22,21
851262859,114,110,88,89,80,97,80,79,117,105,91,114,81,93,104,115,105,112,108,115,117,114,116,112,113,111,113,115,114,20,19,18,19,17
851263765,111,115,110,118,122,117,95,98,118,119,116,117,117,118,118,118,120,119,116,114,118,110,92,111,96,118,116,96,118,19,19,21,19,20
851264697,122,122,117,115,112,119,112,106,114,112,105,108,96,112,119,117,122,120,116,87,87,83,105,94,93,110,105,112,115,15,15,15,14,14
851265726,107,108,88,98,85,81,76,82,109,91,81,108,72,79,88,109,107,114,112,117,115,111,116,114,120,112,111,120,101,19,19,17,19,16
851268804,117,117,85,96,91,88,74,73,115,92,82,117,72,84,108,113,112,115,111,116,117,114,113,117,113,112,115,115,114,21,18,19,19,18
851269181,102,103,89,105,81,101,83,88,112,101,88,110,86,93,98,106,91,105,114,118,120,119,119,117,118,107,116,116,107,19,19,20,21,19
851270857,113,114,108,110,108,114,104,105,117,115,109,115,103,111,117,116,120,119,115,98,108,103,96,98,98,116,105,103,113,16,17,15,15,15
851272500,115,111,101,116,116,103,84,88,116,109,88,116,88,103,114,115,109,113,112,111,118,116,113,112,118,117,116,116,111,20,20,19,19,19
851276295,115,114,115,115,107,118,110,110,107,104,98,90,90,108,113,113,118,105,111,66,66,63,115,66,116,110,99,118,111,18,19,18,18,21
851277954,121,122,115,118,116,116,104,103,117,118,115,112,101,119,122,117,121,118,116,75,89,71,111,75,110,116,105,114,114,23,23,22,22,22
851278016,117,114,87,106,98,98,91,82,113,111,94,118,95,103,117,115,115,114,117,121,118,116,113,118,123,118,116,119,116,19,21,20,22,20
852000041,115,114,113,120,122,116,111,103,122,121,103,122,105,116,122,122,118,122,121,93,94,108,88,89,103,120,113,93,123,22,22,22,22,22
852000194,123,123,115,116,115,119,115,102,119,118,118,108,108,116,123,115,120,106,119,70,70,68,104,63,106,120,105,108,117,22,21,21,23,22
852000246,109,108,118,122,122,121,116,102,123,121,115,122,111,112,113,122,111,119,115,91,96,98,104,96,108,119,120,109,122,20,21,19,22,22
852000488,82,80,42,72,38,40,40,44,63,76,40,59,43,39,38,53,93,97,117,55,44,46,43,43,103,79,119,113,103,120,116,102,122,120
852001025,113,115,110,115,118,113,111,107,119,122,119,120,116,119,122,119,118,115,115,96,86,88,91,81,104,115,98,103,120,22,22,22,21,21
852001075,117,117,113,116,117,118,112,113,116,115,118,108,120,121,120,118,119,111,118,66,66,67,105,66,101,115,104,105,120,22,21,19,22,19
852001088,116,116,90,97,83,83,86,85,109,107,85,116,80,90,101,110,107,117,116,121,118,121,120,122,115,115,120,119,114,20,21,22,22,21
852001179,68,86,34,62,38,37,43,47,71,75,40,73,33,36,43,65,103,100,116,52,44,53,42,53,89,71,74,108,107,119,119,105,119,119
852001183,112,115,82,83,75,95,77,78,102,92,83,98,67,91,87,104,112,122,120,121,120,122,121,122,113,112,122,125,111,22,19,22,22,22
852001419,115,112,96,112,110,117,96,103,120,114,92,119,94,104,119,119,111,117,115,115,120,118,115,116,122,123,121,117,120,22,21,22,23,22
852004202,107,109,100,113,114,103,97,89,115,101,97,111,81,103,102,104,106,119,114,116,118,117,103,118,112,120,122,105,107,19,19,19,21,19
852004231,119,120,125,121,118,122,121,121,122,121,121,113,121,123,124,123,121,115,120,65,70,66,114,65,110,117,99,109,121,22,23,23,22,24
852005471,114,114,123,124,123,123,121,122,121,122,121,121,119,121,117,121,114,119,119,99,107,105,105,97,112,122,113,111,123,23,22,23,23,23
852006235,119,119,111,119,119,116,107,103,116,117,117,116,114,114,117,117,117,119,116,98,103,105,103,95,106,122,119,103,119,19,21,21,19,18
852007518,110,109,109,123,121,116,117,114,122,123,118,122,121,121,117,122,110,116,115,108,103,106,106,96,111,117,117,99,123,20,22,20,22,20
852007826,115,116,123,122,117,121,123,117,114,110,116,107,117,123,115,123,115,116,116,61,68,69,114,61,110,115,102,113,123,22,23,21,22,22
852009676,123,123,124,118,115,125,117,114,109,103,103,99,111,120,121,119,123,123,122,70,61,61,109,58,106,117,107,114,125,22,23,22,22,22
852010264,122,123,126,119,111,126,121,124,105,108,103,94,105,120,119,120,120,123,122,61,68,69,121,63,116,117,111,116,125,22,23,22,24,24
852010535,111,113,108,115,115,115,104,113,126,125,121,124,120,122,122,124,122,125,117,100,105,108,84,97,103,120,114,96,125,22,21,22,23,22
852013383,111,114,113,115,114,116,117,117,116,116,116,116,114,115,115,116,116,116,111,83,80,89,95,81,103,113,103,97,117,21,21,22,21,22
852013743,116,116,119,126,125,120,120,115,121,124,124,123,117,123,118,121,116,117,117,110,112,108,112,112,112,121,122,111,119,22,21,22,21,22
852028765,116,116,96,113,111,118,105,98,119,118,115,113,114,115,118,118,120,117,116,101,100,101,93,94,104,120,109,106,117,21,20,21,21,21
852031432,115,117,123,123,116,123,121,111,104,110,98,97,118,113,113,113,113,121,116,68,67,66,124,65,123,116,121,121,120,22,23,24,22,22
852034079,122,123,93,109,98,118,97,97,114,107,120,110,98,117,118,117,121,121,120,121,114,119,103,119,106,123,119,109,117,22,23,24,22,21
852037576,125,125,125,118,115,125,121,117,110,107,103,101,106,119,126,121,123,125,121,63,67,64,111,57,111,120,99,110,126,19,22,22,21,20
852048940,72,85,44,66,43,49,37,53,67,93,44,75,39,46,43,69,96,99,116,46,46,96,55,45,100,84,84,109,111,119,116,108,122,117
852053302,109,109,108,116,119,106,107,107,119,111,94,119,104,97,113,118,105,107,117,112,115,117,115,114,116,120,119,113,117,18,19,21,19,19
852074462,114,114,79,97,94,104,79,79,110,107,111,108,89,107,106,111,107,111,109,111,111,114,107,110,110,110,112,108,105,19,21,22,21,21
852138123,108,104,94,117,115,115,108,91,116,110,105,118,97,106,105,115,106,117,115,110,116,118,86,110,105,119,114,93,114,21,18,18,19,19
852146562,112,112,106,115,115,115,109,115,119,118,120,118,115,118,119,120,120,121,116,95,104,105,83,91,94,118,109,91,120,21,22,20,20,19
852150418,114,113,123,120,106,123,121,107,108,103,97,89,77,107,109,116,109,118,117,59,62,59,121,60,120,111,109,114,121,22,22,23,22,22
852158023,123,127,124,121,124,122,119,122,121,123,116,122,125,125,128,119,128,128,122,58,61,68,103,55,103,119,93,102,126,23,22,23,24,24
852166149,122,122,124,120,116,122,120,121,106,100,105,90,122,121,114,117,121,121,121,54,66,68,118,55,104,113,109,122,120,19,22,23,20,22
852166676,117,118,123,119,107,124,115,116,109,110,106,87,105,111,115,117,117,110,122,63,63,65,121,63,114,115,104,122,118,19,21,20,22,22
852167198,115,118,123,120,121,121,122,119,117,119,111,115,113,117,120,121,116,121,117,65,74,68,120,70,115,115,123,116,123,24,24,23,22,23
852168473,122,122,111,123,122,114,107,108,125,122,110,126,120,120,123,121,120,117,120,121,121,123,122,122,117,120,116,125,124,22,23,23,22,25
852170320,111,110,89,106,105,111,93,94,108,106,111,107,86,107,108,113,107,105,112,116,115,113,111,115,114,116,112,112,112,19,18,18,17,17
852171877,107,108,115,116,115,119,108,100,117,118,113,117,108,116,116,115,108,108,113,99,103,98,110,86,103,120,112,108,116,19,20,21,22,20
852176580,117,116,124,118,112,125,119,113,111,116,110,100,113,117,117,116,116,123,122,73,71,67,121,63,114,119,120,114,123,20,21,23,22,22
852176676,118,118,91,109,109,117,98,89,116,117,121,118,99,115,120,117,118,117,118,115,117,117,99,119,107,119,114,104,119,21,22,22,22,21
852176944,104,102,111,110,110,118,106,101,117,111,95,114,88,102,110,114,98,116,115,103,114,114,122,106,122,115,122,119,112,18,19,19,22,21
852182521,109,109,98,116,117,111,108,106,120,121,120,123,113,120,116,118,111,116,113,106,113,108,99,100,108,118,111,100,120,20,22,22,22,21
852183711,110,107,103,114,114,113,103,96,117,114,106,118,103,111,107,114,104,113,114,110,115,112,103,115,110,119,114,104,112,19,21,22,22,23
852186942,108,108,113,115,117,116,116,108,121,116,107,116,108,114,116,117,112,117,110,101,104,104,96,88,106,112,107,98,119,21,22,21,21,22
852188350,115,116,117,115,115,121,116,105,117,119,115,113,113,118,117,115,115,109,116,68,73,64,93,64,99,115,114,98,117,22,22,21,22,22
852188545,117,116,127,122,115,125,121,126,111,109,104,101,119,122,117,118,116,123,119,63,67,63,128,58,120,120,103,122,125,22,23,24,23,23
852188567,122,123,118,112,106,120,114,115,106,107,109,86,104,111,114,115,118,106,116,55,63,63,112,56,106,112,90,112,116,18,20,21,21,19
852189117,67,73,25,61,31,31,29,38,59,65,32,53,32,33,26,42,83,76,114,39,38,44,33,33,97,63,56,107,65,115,113,102,115,109
852189332,119,120,101,106,98,119,103,93,118,113,120,111,98,116,111,116,119,119,119,114,116,119,102,116,103,119,115,110,114,21,22,22,21,19
852189505,121,121,118,116,113,121,106,100,116,113,115,110,100,117,118,115,120,119,118,72,75,73,93,68,98,113,104,102,116,18,20,21,20,22
852189596,116,116,125,116,111,128,126,123,118,122,120,108,100,120,121,124,116,123,122,85,71,71,123,67,112,118,108,117,126,22,23,23,22,24
852190042,126,127,122,122,121,118,123,124,120,124,117,115,127,127,127,124,127,130,123,69,91,85,102,71,115,118,119,121,129,23,25,23,25,23
852190044,114,114,84,109,108,99,93,97,119,115,100,121,103,106,105,114,114,120,118,121,118,123,115,121,113,116,118,119,121,22,22,23,23,23
852190048,120,124,130,122,110,129,126,117,112,113,100,98,105,118,113,123,126,125,126,67,68,68,124,61,111,122,106,124,127,23,24,22,22,23
852191189,118,118,116,125,123,118,110,117,123,121,107,121,117,114,118,119,116,125,118,116,116,116,105,118,113,124,124,109,119,22,21,21,22,22
852191208,127,127,124,122,117,119,110,114,108,106,109,103,108,113,118,117,118,125,119,74,75,73,119,73,119,123,122,123,117,22,21,22,23,22
852192387,116,117,120,115,108,122,115,120,112,107,90,97,99,117,111,115,112,116,119,63,55,53,118,53,107,112,111,113,118,22,22,21,22,22
852192448,76,77,42,53,42,41,43,43,89,97,46,99,52,49,63,68,106,96,117,45,46,53,41,45,94,68,70,109,99,116,114,114,120,117
852192985,112,114,110,122,123,118,108,109,122,123,123,119,117,123,118,120,113,117,116,94,102,93,94,90,105,117,112,96,120,21,22,22,21,21
852193352,104,104,84,113,101,105,88,95,112,107,116,114,112,113,104,107,105,109,110,110,115,114,110,116,109,115,113,111,108,22,22,23,24,22
852195864,111,106,108,120,118,107,93,111,116,117,102,122,113,116,119,119,112,115,111,105,110,105,115,101,116,116,113,113,116,21,22,22,21,21
852198009,77,78,40,54,49,39,45,47,61,75,37,59,45,47,43,51,83,78,109,52,45,43,43,47,83,60,66,107,95,115,115,109,118,115
852200159,82,85,53,78,53,50,50,51,87,101,50,102,54,51,60,74,93,92,116,62,57,60,64,62,105,74,77,114,98,115,110,117,121,116
852204638,107,98,97,92,76,99,81,77,114,101,76,116,76,82,96,105,94,108,107,114,114,113,117,115,116,113,112,114,108,21,22,21,22,21
852205070,113,117,113,114,110,117,105,77,110,111,109,110,92,100,115,114,113,106,110,74,90,79,105,83,99,116,110,102,112,18,19,21,21,22
852205452,118,117,79,108,96,98,81,76,116,96,88,116,81,88,101,107,105,113,114,115,118,111,116,115,116,115,116,116,110,19,21,21,19,22
852206517,116,115,105,110,107,112,101,97,117,117,111,111,102,110,120,115,119,117,116,79,77,73,89,69,103,112,95,91,117,19,18,20,22,19
852208128,111,108,103,119,115,107,102,120,119,116,118,120,115,119,108,115,110,108,113,109,111,114,93,110,104,116,115,96,114,19,21,20,22,21
852208333,114,109,95,114,112,102,92,106,114,105,95,118,94,104,115,114,107,114,110,112,116,116,114,114,116,112,115,113,115,19,19,17,18,21
852209658,114,113,108,115,110,117,103,94,118,115,104,113,98,107,111,116,110,115,115,104,115,115,116,107,113,117,114,109,113,16,11,18,12,14
852209889,111,113,101,113,112,114,103,87,114,116,115,113,110,115,113,114,117,113,115,110,112,115,93,111,96,112,105,94,110,18,19,22,22,21
852211110,115,118,115,118,119,116,119,123,118,119,119,117,116,121,121,117,120,120,118,63,68,61,90,61,98,116,100,97,115,21,22,22,22,22
852212198,109,111,115,119,120,118,117,119,119,123,121,120,116,119,115,118,111,110,116,98,108,99,101,105,100,121,118,99,114,22,21,20,21,21
852213331,115,105,89,98,73,96,83,75,116,99,76,114,72,77,95,105,98,110,111,115,117,115,121,114,120,115,115,117,109,21,21,21,22,22
852213991,110,111,105,114,110,108,112,96,112,107,98,111,101,102,112,111,111,113,110,113,112,113,115,113,111,116,115,116,110,19,21,22,22,21
852214267,118,118,122,117,117,123,116,110,106,102,97,95,96,118,116,116,118,114,118,57,62,72,115,63,108,117,103,117,121,22,22,22,21,21
852216393,108,108,110,122,120,116,104,100,122,119,117,123,110,114,115,120,112,118,117,108,118,106,107,109,111,120,117,106,119,22,21,22,23,23
852217036,115,113,108,102,99,110,98,104,107,107,110,103,93,105,113,111,114,111,111,112,114,114,103,112,97,116,103,112,101,15,16,16,14,17
852222000,115,116,114,113,114,117,115,108,118,118,112,112,108,116,122,121,120,116,116,67,70,64,101,65,107,118,99,101,121,21,22,22,21,22
852222492,120,120,113,111,109,115,101,87,110,116,115,97,105,112,118,109,121,108,116,60,67,60,98,56,99,112,97,100,110,18,17,19,21,19
852222501,112,112,89,104,93,115,91,92,111,106,112,106,91,106,107,112,109,108,114,112,114,112,108,113,104,115,111,111,108,21,19,22,21,21
852223885,81,83,51,68,53,46,46,50,71,70,38,77,52,42,37,50,87,86,110,44,49,51,43,45,99,77,65,104,78,112,111,110,116,113
852224031,115,115,85,112,97,108,93,87,111,99,108,111,83,107,110,105,107,110,111,111,112,112,105,112,113,113,112,112,104,20,19,20,21,21
852224179,112,108,121,120,114,121,115,113,112,108,88,96,93,107,108,118,104,109,115,65,82,55,116,55,122,112,108,109,115,19,18,23,23,21
852225375,115,116,99,106,96,106,103,86,115,115,105,108,75,103,110,111,107,108,113,115,114,116,103,116,105,117,117,107,110,21,22,22,21,22
852225782,116,115,99,102,98,104,94,101,108,103,108,106,73,102,114,110,113,107,114,107,112,110,105,113,97,114,112,106,109,19,19,17,19,18
852226790,105,103,91,106,98,96,90,70,112,95,80,113,83,86,101,104,106,110,110,110,119,118,109,116,105,120,113,117,103,18,19,21,21,21
852227647,115,115,90,110,106,115,89,83,112,109,116,108,83,115,110,111,115,114,115,112,115,115,104,115,103,114,112,111,110,17,18,17,19,18
852228579,113,113,88,102,88,114,83,77,114,108,112,102,87,108,113,113,111,110,113,112,116,113,97,115,108,116,114,110,112,21,20,18,21,18
852228702,112,111,108,105,107,107,105,91,119,117,103,118,101,112,120,119,119,120,117,109,112,108,108,106,108,118,115,113,120,21,22,20,19,20
852229237,115,111,83,99,81,94,83,79,114,103,83,116,77,83,102,110,104,106,112,114,115,114,110,115,112,111,111,111,109,19,21,21,20,16
852230025,115,117,117,119,120,117,111,110,121,121,120,118,113,119,120,118,119,116,116,98,105,106,98,87,108,123,119,107,120,21,22,19,19,21
852230666,120,121,122,116,105,122,113,108,115,115,106,100,93,116,122,117,121,119,120,77,74,66,114,63,107,114,118,115,117,22,22,21,24,24
852231207,107,106,77,91,76,90,76,73,114,106,101,114,79,100,105,108,104,103,109,111,114,112,109,111,112,113,110,110,109,19,19,21,20,21
852231443,121,122,108,111,108,116,108,105,114,119,117,109,105,117,121,116,122,106,118,68,66,63,83,63,94,113,103,94,110,21,18,21,19,21
852232119,111,107,76,92,83,96,81,85,111,93,84,104,79,85,102,101,101,110,108,111,113,114,116,114,116,108,117,113,107,21,21,22,21,22
852232411,121,121,120,113,110,119,105,114,114,116,110,111,119,118,118,116,119,120,115,77,79,77,101,73,101,113,89,98,120,21,20,21,21,22
852233049,124,125,123,116,105,123,119,106,120,123,120,109,107,120,124,115,125,121,122,71,66,68,83,64,96,119,94,89,122,18,18,21,21,20
852233419,120,122,111,117,116,120,109,109,116,120,121,114,110,119,117,118,120,112,118,68,73,68,93,66,101,117,108,106,116,20,18,21,20,22
852233486,107,103,78,83,65,75,67,68,116,80,70,111,66,72,83,107,93,109,105,116,115,112,117,116,115,114,113,117,109,18,20,21,20,21
852233700,121,121,125,120,115,125,123,123,113,110,110,102,104,112,115,121,117,113,124,70,68,67,123,63,111,120,99,121,123,22,21,22,22,21
852233731,120,119,122,118,114,120,120,114,108,105,90,88,92,109,118,117,118,109,118,59,58,57,112,55,110,114,94,115,116,22,21,21,21,21
852234574,115,115,96,109,112,114,86,85,113,109,114,115,87,116,117,114,115,113,115,113,115,116,111,114,108,117,116,114,113,18,19,21,18,20
852235353,124,123,116,114,113,117,111,87,114,114,109,96,82,112,117,115,117,112,115,64,50,50,104,54,106,113,86,93,116,17,16,15,17,17
852235794,117,118,117,120,122,115,106,112,116,117,118,107,113,119,120,119,120,119,117,74,79,70,93,75,104,113,107,105,119,21,21,20,20,18
852236772,121,120,113,120,117,115,112,113,116,119,118,116,113,119,119,116,117,111,113,73,84,60,96,73,105,116,109,105,117,21,19,21,20,20
852237238,109,105,110,115,113,109,96,95,115,110,103,115,94,106,112,113,107,111,112,115,113,114,113,112,115,118,116,107,110,21,21,19,22,21
852237646,118,119,103,109,93,113,100,87,111,110,112,101,78,105,112,113,115,112,115,112,115,112,110,114,106,121,118,114,110,16,18,18,18,17
852237678,116,111,77,77,67,80,66,74,114,90,73,114,67,72,102,108,103,113,110,113,115,112,118,114,118,109,115,114,110,20,17,19,22,20
852237692,115,119,116,116,115,115,110,98,115,116,115,110,105,117,117,115,120,120,115,73,69,70,90,68,98,114,97,96,118,21,19,20,21,20
852238463,108,108,91,110,110,105,90,93,113,112,105,112,91,106,109,112,111,110,113,109,111,112,90,111,102,111,111,107,109,18,19,21,20,19
852238744,111,110,88,111,100,114,94,87,115,118,115,115,91,114,115,116,110,115,114,114,116,106,113,115,111,118,111,115,114,19,19,21,22,19
852238900,113,114,116,117,106,120,112,109,112,114,108,93,87,111,110,111,110,112,115,85,90,73,115,82,116,111,114,113,112,19,18,21,16,17
852239580,113,111,92,99,79,105,63,71,108,95,73,108,52,84,99,98,105,113,110,117,116,116,116,115,118,109,116,116,111,19,21,21,22,20
852240130,117,114,88,89,70,96,73,85,111,93,94,111,74,93,104,107,106,107,111,111,117,116,117,115,114,112,115,117,104,19,18,21,20,19
852241159,113,111,83,97,83,96,85,79,116,98,87,115,78,92,111,111,110,112,115,115,116,116,112,116,113,114,113,114,115,22,20,20,21,21
852241461,119,120,122,116,110,121,114,103,110,113,111,106,88,111,118,118,119,110,119,73,76,63,110,66,106,111,102,111,118,21,22,21,20,22
852241486,117,116,95,93,90,105,82,74,116,111,111,116,80,106,112,112,111,117,115,115,116,116,115,117,112,117,115,120,112,20,21,22,21,21
852243812,116,121,119,114,110,117,108,109,117,112,111,101,109,117,121,116,121,118,118,55,63,64,100,56,95,116,91,102,118,22,21,21,20,21
852244067,114,114,79,83,70,82,71,73,108,89,78,112,68,81,109,109,107,105,112,116,115,116,112,112,114,108,118,114,111,18,18,19,19,18
852246430,112,112,117,118,114,117,115,114,105,98,86,94,115,115,113,113,105,113,115,53,57,46,116,51,116,111,94,113,114,19,19,21,20,21
852247394,111,114,117,115,115,117,107,105,115,119,113,109,104,117,117,114,113,110,114,83,94,84,100,77,103,114,102,95,116,21,22,21,21,21
852247515,118,118,118,116,113,117,108,106,111,117,118,106,110,117,120,116,118,116,117,64,66,61,110,63,114,115,105,111,117,21,19,21,22,22
852247703,125,125,125,120,121,125,118,115,111,106,89,93,101,114,112,120,121,117,122,75,73,71,118,63,114,118,108,112,124,24,22,23,22,22
852248146,123,122,123,119,116,124,123,113,105,100,93,103,93,122,116,117,122,120,122,67,65,63,111,71,107,115,102,116,122,22,21,22,22,22
852248243,113,114,90,106,100,108,88,93,114,112,98,114,80,104,115,112,115,111,114,114,117,114,101,117,111,115,115,102,112,22,22,21,22,21
852248550,113,112,88,96,77,93,108,74,115,105,84,114,73,83,106,104,105,112,115,113,116,114,113,112,113,114,113,112,106,18,18,17,18,19
852248695,114,110,76,82,77,95,77,68,109,95,78,113,77,79,105,102,103,106,109,112,114,117,117,112,110,107,113,117,106,21,21,20,21,19
852251829,113,108,73,89,74,83,74,85,110,91,90,105,78,77,96,104,106,102,105,111,112,113,110,114,112,108,108,114,104,16,17,15,15,13
852251854,113,115,106,111,110,114,98,95,120,117,107,120,98,113,120,117,118,118,117,103,115,107,91,106,97,119,113,98,118,21,21,19,22,20
852253149,123,123,113,104,96,117,93,88,113,114,117,93,86,114,119,111,124,117,121,111,113,109,93,112,100,119,109,107,113,20,21,22,21,21
852253163,116,110,92,94,80,106,79,69,111,96,93,110,70,92,99,104,105,105,112,115,114,114,116,114,115,114,114,116,103,21,21,19,18,19
852254022,108,103,119,118,105,119,111,109,115,111,86,103,84,107,117,118,107,98,116,73,81,73,115,70,118,110,101,118,116,18,18,19,21,19
852255223,118,121,117,115,113,118,108,100,114,116,111,101,90,114,118,116,120,116,118,75,79,71,112,71,103,110,104,116,114,20,21,22,22,18
852256516,125,125,112,116,107,118,101,97,114,121,122,95,99,118,122,119,123,119,118,69,70,59,102,63,103,113,103,107,115,22,21,21,22,22
852256630,118,118,115,116,114,119,110,110,120,121,114,110,107,115,123,118,121,118,119,87,88,79,87,85,97,115,106,93,119,21,20,20,21,21
852258966,117,116,105,110,106,114,104,93,117,116,116,115,99,115,117,116,116,111,114,94,111,98,101,108,101,115,109,107,115,21,22,22,22,21
852259240,103,100,97,105,100,104,89,92,118,117,112,118,106,112,113,116,107,109,113,110,112,113,103,111,104,107,112,106,117,18,18,18,16,16
852259694,115,114,88,110,110,112,84,80,114,101,107,112,89,103,110,112,111,105,110,112,116,113,108,115,107,115,111,106,109,18,19,17,21,17
852263617,104,108,97,107,102,106,91,86,114,109,96,110,88,100,110,112,114,116,114,113,115,116,109,111,110,117,116,111,112,18,18,19,18,19
852268438,117,118,110,114,107,115,112,97,112,113,111,97,102,112,117,111,116,115,115,67,72,67,95,63,98,112,107,103,111,18,18,20,22,22
852269136,111,112,110,106,99,110,93,93,116,113,95,111,84,103,116,117,112,117,111,112,116,112,100,110,110,111,110,105,116,21,19,19,20,21
852274967,117,116,112,122,119,116,113,103,115,110,119,110,117,116,113,115,109,110,116,111,114,112,106,116,116,120,114,104,114,22,18,22,20,20
852277643,121,124,111,120,122,121,107,95,119,125,121,106,108,123,126,118,126,122,121,74,76,66,87,78,97,118,113,98,121,22,22,23,21,22
852278046,111,109,78,84,74,95,74,73,117,106,78,115,69,81,106,114,107,105,114,115,115,113,116,114,112,114,110,115,114,20,19,18,21,20
853071103,112,111,89,97,81,100,81,76,109,96,85,105,81,89,95,108,108,109,109,116,115,114,117,111,113,110,113,117,110,20,22,22,19,19
853193144,111,114,106,113,114,113,114,101,115,115,110,115,114,114,116,114,115,115,114,73,78,78,97,76,100,114,100,102,115,23,24,23,24,23
853199231,118,118,85,101,93,117,91,88,106,103,118,99,83,109,107,108,110,117,114,118,118,115,102,117,115,118,120,107,100,25,23,27,25,24
853207494,113,115,108,115,116,116,115,115,116,117,117,101,108,117,115,116,115,114,114,81,76,70,93,72,99,114,99,94,117,24,24,25,26,25
853210941,77,85,35,68,45,40,42,48,73,75,33,75,55,34,33,50,92,91,115,60,50,51,43,60,90,78,64,100,90,116,116,105,118,117
853211786,116,117,116,119,118,118,109,116,113,114,116,102,113,118,121,114,117,117,116,68,65,60,110,60,101,118,101,113,116,27,25,27,27,27
853213189,108,108,119,118,112,119,118,115,110,108,83,103,93,109,107,115,107,119,112,70,83,75,118,68,119,112,115,110,119,26,23,25,24,23
853213317,114,117,96,113,110,118,101,94,116,119,121,119,117,119,109,114,117,111,116,110,117,120,107,117,100,116,118,116,114,24,25,27,26,24
853221467,111,109,96,119,116,112,98,93,115,116,116,117,115,116,107,115,109,117,112,102,114,115,101,104,116,117,118,104,116,28,26,27,25,27
853221767,110,115,93,106,108,117,99,96,116,116,115,113,108,115,115,117,116,116,115,94,99,96,95,93,96,116,111,97,114,25,25,26,26,25
853222582,109,107,86,99,88,98,93,86,118,105,91,115,85,96,92,110,106,110,112,115,117,115,115,117,115,114,115,117,110,23,25,26,23,26
853225733,118,118,118,121,123,118,116,118,118,121,123,119,120,121,119,118,117,118,116,68,67,68,113,63,113,115,106,103,120,24,25,25,24,27
853227659,117,117,107,118,119,118,117,101,120,121,121,118,117,120,117,119,117,117,117,92,101,102,96,89,105,120,105,100,119,26,27,28,25,25
853227791,117,117,86,101,88,119,87,88,113,93,116,100,90,101,111,102,109,109,114,115,116,119,110,116,108,119,118,112,105,25,24,28,24,26
853232065,73,76,46,63,49,50,50,46,77,73,45,73,47,46,52,58,94,95,114,53,58,56,52,57,96,78,77,102,96,116,113,106,117,115
853232595,114,116,100,116,114,114,113,98,119,116,111,117,109,110,117,116,117,120,115,110,120,119,99,110,110,121,121,102,117,23,26,23,25,25
853233711,112,111,96,109,97,119,91,88,115,110,98,118,91,99,98,111,110,113,113,115,117,116,116,117,117,120,117,117,111,23,25,28,26,27
853238089,117,116,90,110,109,115,110,96,118,111,115,116,95,109,115,115,113,115,116,117,117,118,101,107,109,120,115,106,112,24,24,24,26,24
853240280,114,117,113,117,119,118,103,99,117,121,119,118,119,120,116,115,118,119,115,70,86,68,96,79,100,117,98,99,116,25,26,24,23,24
853242004,121,120,121,109,105,121,113,91,111,108,114,88,91,117,121,118,119,110,118,65,62,61,110,59,97,115,104,97,120,23,24,26,26,25
853242821,116,117,111,117,119,114,97,96,115,104,114,98,109,119,116,114,116,112,115,67,71,64,95,68,98,114,99,101,112,27,25,25,25,23
853243672,118,119,86,103,96,114,89,87,111,99,118,109,88,113,114,111,115,119,114,120,117,117,108,120,113,119,120,112,108,22,22,23,23,25
853243673,109,110,96,119,117,104,86,84,118,109,92,121,86,98,98,113,105,113,115,117,120,120,118,115,118,120,121,121,111,23,25,26,23,25
853245054,118,118,118,120,121,120,102,118,120,121,122,116,116,122,119,117,119,118,116,98,96,96,100,92,109,120,113,105,118,26,24,27,28,24
853245848,116,118,100,96,85,110,91,84,109,96,90,118,86,92,97,102,110,112,111,118,117,117,120,113,119,115,117,118,104,24,24,25,25,25
853259843,113,113,92,96,89,101,88,83,116,107,88,118,78,91,87,109,107,104,111,113,117,117,119,113,117,115,115,120,103,23,25,26,24,23
853260474,112,109,90,105,90,98,93,93,117,110,100,117,87,98,103,113,107,113,110,113,118,118,110,115,115,118,117,115,110,23,26,25,24,23
853261078,117,118,91,105,95,117,90,91,113,99,115,101,89,105,111,109,116,119,116,120,117,115,101,115,105,117,120,108,107,25,25,25,26,24
853261115,113,113,121,120,117,120,117,121,111,101,91,91,93,108,110,114,103,115,112,69,73,68,121,63,121,114,106,119,113,25,26,25,24,23
853261128,115,115,87,111,102,103,97,88,118,111,102,118,92,104,117,113,115,109,115,113,115,117,117,114,113,112,117,113,112,24,24,23,26,25
853268895,116,118,94,106,99,119,98,84,120,116,110,117,93,108,118,116,117,116,118,120,118,118,93,105,97,120,121,98,116,25,26,24,23,24
853272733,116,116,103,118,117,116,104,99,119,113,101,119,96,103,116,116,116,118,116,113,115,119,103,119,109,121,118,109,116,25,28,26,24,23
854231443,128,130,129,130,122,127,122,115,125,121,121,118,114,128,128,123,129,117,127,77,75,70,114,71,110,119,106,103,122,23,22,26,23,26
854234378,124,118,111,125,124,119,111,107,130,127,129,129,127,129,121,123,113,126,121,122,126,124,122,126,124,129,128,122,126,25,26,27,26,22
854239085,130,127,133,130,124,131,127,126,115,110,89,94,105,125,116,119,119,127,123,69,71,67,129,67,130,123,120,123,127,22,29,27,24,27
854241486,124,123,93,96,85,116,85,84,125,117,118,122,86,113,117,119,118,126,121,125,124,119,120,123,120,124,121,128,121,22,20,26,22,23
854243715,123,119,98,107,78,104,81,86,125,108,87,124,79,104,118,119,110,122,120,121,128,120,125,127,125,121,122,124,122,24,27,23,19,25
854251854,123,124,108,119,113,122,107,103,130,125,116,130,107,121,126,127,128,127,126,122,125,121,99,120,108,129,126,105,129,26,25,28,25,25
854252145,131,131,108,119,107,123,99,90,125,121,123,118,108,115,122,119,128,120,127,123,127,123,114,124,115,126,118,115,118,24,25,25,26,26
854255253,123,123,110,122,127,122,104,120,130,127,117,129,117,127,126,128,129,126,125,115,118,116,98,108,105,125,123,106,129,29,26,25,22,22
854277643,127,131,116,127,128,125,113,101,127,130,128,111,114,129,132,124,132,127,128,80,87,73,95,84,104,124,118,103,128,24,27,22,23,24
855020801,115,116,122,120,119,124,122,124,111,108,108,102,117,117,115,116,111,117,113,50,51,51,118,47,110,109,101,119,120,21,16,19,16,18
855158023,115,114,126,124,125,124,120,117,117,113,110,115,117,122,120,122,113,121,118,49,48,49,103,46,103,104,78,92,123,20,16,19,22,18
855167495,92,94,41,77,48,51,44,66,90,99,54,102,42,60,70,93,101,101,115,71,46,67,64,63,99,73,92,110,107,116,118,115,119,119
855188545,115,114,127,122,117,125,121,124,114,110,102,99,115,121,115,121,113,125,116,61,67,62,126,58,121,116,103,118,127,21,20,26,21,22
855192505,117,114,121,120,113,122,118,119,114,114,96,94,95,114,110,118,107,120,116,62,78,55,120,58,126,115,118,116,118,22,19,18,18,21
855200104,124,124,122,125,124,128,121,109,118,114,117,102,121,126,117,115,115,115,122,67,64,63,98,61,109,117,97,97,122,15,17,17,22,20
855200389,81,81,40,62,45,45,45,44,68,90,43,73,42,44,44,62,109,102,117,64,46,53,43,48,105,77,70,110,108,118,118,105,121,118
855202126,117,117,131,126,126,128,123,128,118,123,105,124,113,124,117,123,113,125,117,70,73,67,126,67,120,118,107,116,125,21,22,23,23,26
855207865,117,116,90,96,82,102,97,83,121,111,98,123,75,100,101,116,111,118,117,122,120,119,120,121,113,115,117,122,122,20,22,18,17,16
855209331,123,125,124,120,111,126,118,122,117,123,124,104,104,124,124,115,121,125,123,64,71,64,100,65,111,123,101,100,121,19,19,23,20,25
855210035,121,122,115,124,121,126,102,103,123,126,127,113,127,128,116,116,123,119,121,114,121,117,100,118,103,123,111,103,118,22,18,23,19,21
855212622,117,115,96,120,122,115,105,97,127,125,127,127,114,124,115,123,117,120,118,118,122,117,111,118,112,121,118,110,123,18,25,17,23,24
855213331,118,109,93,102,76,100,99,79,118,103,80,120,72,81,97,107,100,115,115,120,121,118,125,120,123,118,121,120,113,16,22,21,18,23
855213648,111,107,104,119,117,117,100,96,122,115,111,119,115,114,116,116,107,118,115,117,122,118,113,112,116,123,121,112,118,23,21,16,16,18
855215441,120,121,127,121,113,125,120,122,116,115,100,102,107,113,114,118,115,118,119,76,75,72,127,75,124,116,110,125,128,22,22,24,22,25
855215590,115,116,122,120,116,121,118,105,116,104,106,98,100,113,117,119,116,114,118,76,81,79,98,72,99,114,114,95,117,16,18,16,22,18
855219683,112,111,114,119,117,120,95,100,123,119,105,121,104,111,117,118,111,113,117,111,116,112,119,110,113,120,117,118,116,21,22,22,18,23
855220901,76,97,40,75,46,44,46,62,97,98,45,105,62,53,50,72,98,100,121,70,54,44,48,51,99,86,70,109,105,118,120,119,125,121
855224232,119,119,105,120,119,120,119,105,124,122,122,121,108,119,121,123,121,123,121,110,117,107,105,116,110,126,122,107,122,23,19,17,19,18
855226161,125,123,115,118,116,122,107,100,122,117,123,117,101,121,121,119,120,122,119,122,123,119,107,114,116,125,121,109,120,18,20,20,23,22
855227796,122,126,119,116,117,121,118,121,118,122,124,109,103,120,122,118,125,123,119,77,83,72,99,80,107,117,111,108,120,22,22,19,18,20
855228702,113,113,96,100,100,110,103,93,121,119,105,121,97,115,118,121,118,120,116,110,119,117,108,109,109,117,112,113,122,21,17,16,20,19
855231478,120,122,126,122,118,126,120,117,114,115,100,110,88,118,115,118,122,125,124,83,83,75,121,71,120,118,123,121,119,20,22,20,23,22
855232580,118,115,103,101,86,113,89,79,124,109,90,116,80,100,100,116,110,122,119,122,122,118,126,124,122,117,121,122,120,22,18,23,19,20
855232639,121,125,118,118,122,120,112,95,116,116,119,104,104,122,123,117,124,123,122,85,108,82,103,95,101,123,120,101,118,22,19,20,23,18
855233096,122,122,107,112,95,124,90,83,118,106,119,104,82,111,115,117,112,119,120,116,120,117,121,120,120,122,123,122,114,23,21,21,20,17
855234236,119,118,125,117,111,124,119,109,108,107,93,95,88,117,113,118,117,110,118,72,67,65,124,65,116,111,100,121,123,17,19,22,18,23
855236461,118,113,124,120,113,122,118,120,112,110,94,88,91,113,117,115,110,113,117,65,78,58,123,60,123,117,109,122,118,22,21,17,19,16
855236703,124,122,98,116,111,122,93,90,116,124,126,113,120,125,115,117,119,118,120,117,120,119,96,117,112,124,115,103,114,15,22,18,20,16
855237383,115,112,89,102,87,114,82,80,121,112,123,124,85,114,113,118,112,119,117,119,124,120,124,121,119,118,121,121,121,16,19,23,18,23
855238794,128,130,120,122,119,128,116,123,115,122,118,111,101,123,127,119,127,118,126,65,65,60,101,62,107,118,97,104,119,19,21,21,23,21
855239053,125,125,107,126,126,121,107,103,125,119,110,125,109,119,118,120,120,119,121,115,123,119,113,120,114,127,119,110,126,20,23,20,22,19
855239231,121,121,99,110,102,115,94,88,120,113,118,107,93,115,112,119,118,122,118,121,121,116,111,113,102,122,115,112,115,17,21,23,16,22
855241084,127,127,123,119,114,122,117,96,119,120,113,119,90,117,125,123,126,115,121,71,76,62,112,70,104,119,114,117,121,23,23,20,22,19
855241159,120,117,93,105,96,106,92,84,124,107,94,123,85,98,117,120,115,120,119,122,123,121,119,121,119,119,119,120,122,22,23,23,20,18
855241651,126,124,128,122,114,126,122,128,113,115,102,99,120,112,120,113,115,120,119,69,70,65,118,66,125,125,116,122,122,23,23,21,22,18
855243014,123,125,123,120,114,121,118,117,115,121,123,108,114,124,123,119,124,123,119,77,76,71,108,75,115,125,115,111,120,21,18,20,20,17
855244263,112,106,90,101,99,90,85,77,119,103,87,120,75,98,102,111,103,108,113,122,121,117,122,120,121,117,122,121,118,16,22,17,21,22
855246104,116,118,105,116,116,119,101,101,124,117,107,117,98,115,125,123,122,117,119,116,124,124,114,113,116,124,120,115,124,16,22,20,18,23
855246191,123,124,126,126,120,126,119,124,122,121,116,116,122,125,120,122,123,125,123,85,80,70,114,74,107,123,119,116,122,20,23,21,21,24
855246863,120,119,110,118,118,115,102,102,120,116,102,117,103,112,115,119,116,119,115,111,116,116,117,103,118,117,115,118,119,20,21,18,22,17
855247635,123,125,119,122,124,122,120,113,121,122,117,118,119,123,126,119,126,120,122,71,80,71,108,71,108,120,111,109,119,23,19,22,22,18
855247819,118,115,90,105,103,104,90,85,118,107,112,123,90,110,107,112,104,111,113,119,122,120,122,122,119,112,122,120,115,22,23,22,20,18
855247827,124,127,120,121,121,119,104,108,121,123,126,115,124,126,127,120,127,122,121,90,90,79,102,75,105,118,114,103,119,23,25,22,24,22
855248165,122,121,94,115,115,115,88,85,118,100,117,106,84,115,119,111,117,110,114,116,119,117,102,114,100,117,115,104,110,23,16,19,18,16
855250959,113,113,102,113,115,111,105,88,123,122,122,122,101,122,116,120,116,117,118,116,121,117,105,116,107,122,119,108,121,21,18,19,23,23
855255475,123,125,118,114,120,119,106,105,120,121,122,108,111,126,121,120,124,121,120,81,79,68,95,65,100,118,117,101,123,22,22,18,17,22
855256079,121,124,96,118,116,113,95,95,125,113,108,123,96,104,118,118,125,125,119,120,125,121,112,124,117,126,126,118,121,19,20,17,17,23
855256196,118,117,79,88,80,90,79,79,115,91,85,112,77,83,93,111,109,114,119,121,121,120,116,116,118,114,120,120,118,23,16,18,21,17
855256516,126,127,114,115,109,118,102,103,115,119,122,99,100,119,124,118,125,119,120,70,70,59,103,62,104,116,103,108,116,23,17,20,19,19
855256790,119,120,119,114,116,119,113,95,117,118,103,107,95,112,125,119,121,120,118,83,91,77,109,79,100,113,103,108,121,20,21,19,16,19
855257534,122,122,120,118,120,122,108,124,121,122,119,116,116,120,122,120,121,120,119,80,82,78,94,74,102,117,98,106,125,21,20,22,19,22
855258437,120,118,120,118,109,122,116,105,109,101,90,93,88,104,115,114,112,103,116,68,65,60,116,56,113,115,110,116,115,17,16,19,20,19
855264453,125,120,100,97,87,111,92,89,114,96,103,113,87,102,117,116,109,110,117,118,121,117,116,123,120,116,122,114,118,21,17,17,20,16
855264652,124,125,118,114,111,121,110,100,119,117,115,100,100,121,121,116,122,109,121,68,70,70,105,63,104,114,105,111,115,22,22,19,21,20
855271421,118,120,118,119,117,121,108,108,118,119,112,114,106,115,122,120,122,118,119,84,90,83,103,81,107,114,103,110,120,23,18,21,17,19
855272834,122,121,106,116,114,116,117,105,126,120,113,125,104,118,120,123,123,125,122,116,126,119,114,118,108,123,125,114,126,22,21,19,23,23
855277846,118,118,115,122,124,118,100,101,121,124,115,115,118,122,125,121,122,118,120,90,107,91,113,93,111,118,119,113,120,18,15,19,22,16
855278349,112,109,95,105,103,100,88,87,122,106,88,122,77,103,110,115,103,109,114,119,121,120,119,122,117,111,118,119,116,16,21,18,22,18
856072866,112,114,112,111,102,113,97,89,107,110,109,98,86,99,113,111,114,111,111,59,64,53,90,57,90,105,89,100,105,16,18,16,14,15
856074462,116,117,82,102,96,106,81,81,113,110,113,111,91,110,110,113,109,115,113,115,113,118,111,113,112,112,115,112,107,21,24,25,24,23
856076687,118,119,116,117,109,117,103,108,112,115,113,97,103,113,119,116,119,117,116,62,71,68,85,64,100,108,98,94,116,17,15,15,16,15
856078063,117,118,115,120,120,117,115,108,119,120,112,107,104,114,124,120,123,123,118,71,80,65,90,74,92,116,99,90,112,23,17,13,20,21
856167495,87,90,34,72,43,43,35,60,80,94,47,99,36,54,66,84,94,96,111,73,42,62,58,60,93,71,90,104,99,112,109,108,115,111
856177683,66,75,42,68,43,36,35,41,68,74,43,73,38,39,39,49,84,87,115,38,48,45,36,40,96,77,76,99,85,115,114,110,119,115
856186345,111,115,82,111,100,114,89,94,111,117,121,108,113,120,110,112,111,113,114,113,118,113,111,115,100,115,111,111,114,20,21,21,21,20
856192119,80,81,46,67,50,53,43,61,62,79,47,60,50,51,50,59,98,97,120,55,52,51,49,52,99,72,77,110,107,123,120,105,123,122
856194765,117,121,118,118,116,121,116,113,119,116,119,116,112,121,118,118,121,116,118,78,81,73,111,75,103,118,105,112,121,24,21,26,24,25
856198032,107,96,88,87,77,101,72,83,109,94,100,99,77,92,103,104,91,98,104,116,116,112,121,112,120,113,119,101,108,20,18,20,21,20
856200155,107,106,112,112,108,118,117,113,120,120,110,120,114,115,116,119,102,106,114,94,104,93,116,85,112,120,108,110,120,22,18,19,19,22
856202126,117,117,127,126,124,126,123,124,120,123,103,124,113,125,118,124,113,123,119,68,70,66,127,67,121,121,108,116,125,26,27,28,27,26
856203376,120,116,100,107,88,106,93,90,115,106,78,122,87,92,98,111,111,121,114,120,119,117,124,113,123,116,116,120,121,25,24,25,25,25
856203841,72,74,42,76,34,41,42,44,63,74,28,77,39,41,44,49,75,73,115,39,44,45,38,42,104,73,65,104,93,119,118,103,119,115
856206113,120,121,119,117,113,122,110,96,117,118,113,98,107,116,118,117,121,120,120,71,73,65,87,65,104,117,99,94,118,23,24,23,22,23
856207865,117,114,91,95,82,102,91,83,120,108,96,120,74,98,101,114,110,116,117,120,118,117,118,118,112,114,115,121,117,26,27,27,26,27
856208128,114,111,103,121,119,109,105,123,123,119,122,122,116,121,108,118,112,112,117,113,116,113,100,115,107,119,117,100,118,22,23,22,21,21
856209331,117,118,115,111,106,117,110,112,108,114,111,96,100,115,114,109,116,117,116,60,67,63,94,63,104,112,95,94,114,22,22,21,22,22
856210035,118,120,114,122,120,123,101,95,121,122,123,110,122,124,115,115,120,118,121,116,121,115,96,117,101,122,110,99,118,22,23,23,23,22
856210385,75,76,36,32,28,37,35,74,73,86,40,70,48,42,49,69,84,82,112,52,41,52,48,45,93,61,64,103,86,116,114,111,118,115
856212091,112,111,89,96,83,107,88,97,111,100,111,105,70,110,110,112,109,109,110,108,112,106,93,108,105,109,106,107,96,16,15,14,17,17
856212194,114,112,112,114,108,116,105,84,116,117,111,111,103,114,115,113,116,112,116,63,82,75,84,63,104,116,93,92,116,18,21,19,21,19
856212622,115,112,98,118,118,110,102,99,122,123,123,123,116,120,113,118,115,118,116,116,119,116,106,116,109,122,118,109,120,28,27,28,28,27
856212811,113,112,98,114,105,109,97,97,117,109,104,116,98,109,117,115,112,116,114,112,119,116,114,116,117,117,118,115,114,19,23,19,19,20
856212831,77,83,40,74,39,37,43,48,82,94,38,98,34,53,50,68,101,94,113,45,43,41,42,45,103,62,71,100,104,113,111,112,116,117
856215441,115,114,118,116,107,118,111,112,109,108,93,94,101,107,107,112,109,111,115,74,72,69,119,69,117,111,103,119,118,22,21,22,23,22
856216267,118,119,85,108,100,117,86,87,115,116,119,113,109,117,111,112,114,115,115,114,116,113,105,116,106,120,116,106,116,22,23,22,22,21
856216460,106,106,85,97,81,96,82,72,110,95,74,115,73,72,95,104,105,113,109,116,112,114,117,113,114,107,114,118,107,17,18,18,21,20
856220793,112,109,75,98,76,75,66,70,111,85,72,113,63,65,97,105,100,97,111,113,115,113,114,114,117,108,117,114,106,22,21,22,23,21
856220901,79,96,44,79,50,45,49,64,99,99,50,98,64,57,51,74,99,103,124,71,52,45,53,53,102,86,73,115,107,124,125,124,127,124
856222227,112,111,93,114,113,107,95,90,116,114,118,115,110,117,112,115,108,117,115,112,118,111,98,110,107,120,110,98,117,19,19,17,16,17
856222263,64,68,40,70,42,35,37,51,40,68,36,67,41,58,35,38,61,75,108,41,45,35,38,35,84,61,61,99,83,114,115,103,115,113
856222389,77,72,32,79,35,42,40,42,74,93,39,69,38,40,43,57,85,77,118,44,42,51,44,35,100,79,72,104,92,119,114,114,120,117
856222492,121,122,112,111,113,117,103,90,115,119,118,99,108,115,121,110,121,111,118,63,73,62,101,62,102,110,100,102,111,22,23,20,22,22
856222665,110,112,109,114,115,113,108,102,118,120,116,118,115,117,116,113,116,118,114,93,98,95,86,77,101,119,101,90,116,24,24,24,22,23
856225375,116,116,94,107,96,109,95,87,116,117,106,107,74,102,111,112,108,110,114,115,115,116,103,117,105,116,117,108,112,21,22,21,21,22
856226161,122,120,117,119,118,121,114,98,119,116,118,116,97,117,117,118,118,119,119,118,121,116,103,115,114,123,118,105,119,23,22,24,25,23
856226268,115,117,94,111,114,117,109,99,115,115,121,114,112,119,106,116,116,116,116,112,115,114,99,113,103,116,112,101,105,23,22,23,22,23
856226271,111,111,99,113,117,115,102,98,121,121,114,117,98,115,117,120,113,110,116,98,112,106,100,105,103,114,110,98,118,24,24,24,24,23
856228093,117,116,117,115,106,117,109,103,107,110,103,92,92,108,112,108,108,115,113,72,80,66,118,64,118,111,107,116,110,22,19,21,21,22
856228238,98,100,75,84,71,81,69,67,106,85,69,105,66,70,88,101,92,99,106,114,110,110,110,107,112,108,109,113,99,21,21,19,19,20
856228789,67,57,34,78,44,34,44,49,74,71,45,72,45,45,42,47,67,76,108,42,49,47,47,42,89,62,57,97,87,112,109,110,113,112
856229558,116,110,85,92,76,93,69,74,114,110,81,115,66,85,102,107,101,112,110,112,115,115,113,110,118,110,115,115,109,23,23,22,24,23
856229891,111,112,96,106,96,111,91,84,114,110,115,109,75,107,113,108,112,112,113,112,114,111,101,114,107,114,112,108,108,17,20,18,17,19
856230621,75,76,35,75,40,40,28,38,68,85,41,73,41,42,47,73,99,88,116,49,45,47,46,35,104,69,77,107,104,118,115,104,119,119
856230899,117,120,115,116,114,115,114,105,110,111,113,94,94,108,117,111,118,120,116,64,60,58,100,62,103,108,102,107,113,22,23,22,22,24
856231443,123,124,111,114,110,118,111,106,116,121,119,111,107,118,120,116,123,108,118,74,72,66,87,64,101,115,100,96,116,32,33,31,33,32
856231478,116,118,121,120,113,122,117,110,107,111,94,102,85,114,111,116,118,122,120,81,76,74,119,65,118,115,119,119,119,21,22,22,21,22
856231677,123,123,121,122,120,120,108,113,112,116,113,108,116,118,120,115,120,114,119,62,62,64,111,56,109,111,94,111,119,17,21,22,22,21
856231747,129,129,125,124,123,127,122,127,118,113,108,107,105,125,125,121,125,120,125,60,65,58,107,61,112,119,97,107,122,25,25,26,26,27
856231866,103,103,91,112,111,101,86,91,116,111,87,118,87,105,105,115,99,113,104,107,113,108,114,106,112,113,111,109,114,23,24,24,23,23
856231913,106,105,91,102,101,104,60,93,110,110,111,109,90,108,110,112,108,109,108,107,109,109,99,103,105,111,109,105,109,17,17,18,17,15
856232293,125,125,124,119,107,123,117,121,109,104,102,87,81,106,112,114,116,113,118,69,67,66,124,54,120,117,113,124,118,22,23,24,23,23
856232488,116,113,88,88,85,98,88,78,115,99,74,112,73,88,92,107,109,116,115,114,118,116,118,119,116,113,120,119,116,22,23,21,21,20
856232580,119,116,100,101,87,113,85,77,123,108,88,119,81,99,99,116,110,120,120,123,123,119,126,124,124,121,122,122,120,27,27,28,26,27
856233096,118,118,100,107,90,121,89,79,113,102,115,98,77,106,111,110,108,114,117,113,117,114,116,117,115,117,116,118,112,21,22,22,22,23
856233419,118,119,107,115,113,114,105,104,111,115,115,109,105,114,116,113,117,109,114,66,69,70,87,66,99,110,100,99,113,24,25,24,23,22
856233848,121,122,116,117,117,116,103,102,117,118,112,114,96,114,123,118,122,117,117,77,86,67,95,79,103,117,104,98,114,19,20,19,18,19
856234236,112,111,116,111,104,116,113,103,103,99,87,89,78,109,105,110,108,101,113,57,67,62,116,58,109,105,92,114,114,20,19,20,19,19
856234378,123,117,110,123,123,117,110,104,127,127,128,128,115,127,120,122,113,125,121,120,124,123,119,122,124,128,125,119,123,28,29,28,28,27
856234396,114,114,83,100,87,108,84,85,107,97,102,95,82,94,109,101,109,107,107,102,106,98,92,106,100,106,101,101,103,23,22,23,21,23
856234742,121,121,121,118,116,122,109,96,115,111,116,101,104,119,118,117,119,112,120,76,78,65,101,75,104,114,99,103,120,24,25,26,25,25
856235840,73,76,40,78,48,40,41,47,75,73,43,66,44,51,52,53,79,84,109,50,44,46,49,41,103,69,58,102,89,112,110,111,115,113
856236772,125,123,118,125,124,118,114,117,121,124,124,122,121,123,120,120,121,114,117,75,87,65,96,75,108,120,113,107,121,19,21,22,23,23
856237086,106,106,82,87,82,91,72,69,101,87,81,103,67,77,91,96,98,106,102,105,108,106,106,104,108,105,108,105,99,18,19,21,21,20
856237383,112,108,82,99,84,110,79,81,118,112,119,121,83,110,111,109,108,115,114,117,119,115,119,119,117,116,118,117,116,22,23,23,24,23
856237678,116,110,80,79,67,79,67,75,114,89,73,112,67,74,101,107,101,112,110,112,115,113,118,114,119,108,115,114,110,24,20,21,24,22
856237679,119,120,115,112,99,118,108,102,109,113,92,97,89,105,116,107,117,110,114,64,65,61,116,63,114,108,94,120,117,19,18,18,17,21
856237692,117,121,116,120,121,116,110,102,119,119,117,113,108,119,119,117,122,122,116,76,72,71,90,70,100,116,99,95,121,22,23,21,22,21
856238074,118,117,97,118,113,113,98,98,115,111,118,114,108,117,112,116,111,120,115,113,118,109,106,110,118,116,115,110,112,20,22,19,21,23
856238216,104,101,102,108,108,108,97,87,110,106,107,107,95,109,108,106,103,101,109,98,105,103,84,107,92,115,111,87,107,16,17,16,19,19
856238744,114,112,98,114,103,118,97,88,117,120,116,117,92,116,118,118,111,118,118,116,119,109,116,118,113,120,113,117,117,19,20,21,22,21
856238794,124,124,114,116,116,122,110,106,112,116,114,107,99,119,123,113,125,115,119,63,66,59,99,62,103,113,95,103,115,24,25,25,25,25
856239053,120,119,102,120,117,116,99,96,117,115,109,119,106,112,113,115,114,113,116,109,115,113,106,113,109,118,113,104,117,24,24,23,25,25
856239085,123,121,125,123,119,124,121,122,109,105,83,85,99,120,109,115,112,120,119,62,65,62,123,62,125,117,111,117,121,23,24,25,25,24
856239231,112,113,86,101,92,106,84,78,110,105,109,97,85,107,104,111,110,113,111,111,114,110,102,107,94,114,112,104,105,18,15,17,17,18
856239364,66,71,39,63,37,37,36,39,72,75,39,60,27,41,41,42,70,73,114,41,44,41,52,46,99,53,53,96,81,117,111,110,117,117
856239818,112,108,78,98,85,93,81,81,116,105,88,115,75,98,97,109,105,115,111,115,115,112,114,116,117,111,114,113,114,21,22,22,22,22
856240091,80,84,37,84,40,43,38,48,78,90,43,89,41,49,53,68,89,82,115,63,49,47,43,43,95,71,73,101,100,118,114,111,118,116
856240130,116,113,86,92,72,96,73,84,111,91,91,111,72,91,101,107,105,106,111,111,115,116,115,114,113,109,113,115,103,19,18,20,19,18
856241084,128,128,123,124,118,125,120,96,123,120,115,120,93,117,125,125,127,119,125,72,81,67,115,72,108,121,120,120,124,28,28,29,29,29
856241486,117,115,93,89,74,105,75,73,115,109,111,114,75,105,110,110,111,116,114,115,116,112,117,116,112,115,113,120,110,20,18,20,20,21
856241637,113,112,94,116,112,109,88,89,121,116,93,119,90,108,116,118,114,117,118,116,117,122,117,117,116,119,117,116,116,23,24,24,25,25
856241651,118,119,119,116,107,119,114,115,107,109,96,95,99,107,112,108,109,114,115,68,69,61,113,61,118,116,111,116,114,24,24,24,22,22
856241736,114,115,87,103,91,101,80,85,115,87,100,110,78,94,110,112,111,114,113,113,117,116,117,118,117,110,113,116,113,24,24,22,22,20
856242287,106,106,80,98,85,103,74,80,105,98,108,94,88,108,106,106,106,104,105,104,105,103,94,106,97,107,107,106,102,15,17,16,18,18
856242623,97,103,73,79,69,83,55,71,112,79,88,107,66,86,98,103,95,97,111,111,111,111,106,110,112,111,105,110,103,18,19,19,20,19
856242641,113,114,95,100,88,111,87,80,112,112,115,103,95,113,120,117,117,113,116,110,116,109,104,116,103,113,105,103,108,16,17,18,18,20
856242964,125,124,119,114,116,120,102,120,111,118,120,109,107,121,120,116,122,108,119,73,78,67,88,72,99,120,116,97,117,19,22,19,22,22
856243576,120,121,98,118,114,119,96,87,114,119,124,118,108,123,118,115,119,113,118,116,120,119,101,118,103,120,114,100,116,23,25,24,25,24
856243702,113,113,83,99,93,106,75,56,99,90,101,89,59,93,109,102,105,100,108,105,108,107,96,105,99,109,108,104,101,15,15,16,18,17
856243715,119,114,88,101,76,98,76,81,122,104,84,118,75,97,111,114,105,116,116,120,121,119,119,118,122,117,118,118,117,27,27,27,26,27
856243780,112,113,106,114,107,109,99,106,118,117,119,112,115,120,114,117,116,121,110,76,85,73,89,59,101,109,110,96,119,16,19,17,19,16
856245367,115,117,112,114,115,114,108,108,116,117,112,114,104,115,116,111,119,115,117,76,86,74,97,71,101,112,110,99,112,24,24,23,23,24
856246104,109,110,92,112,110,111,94,94,117,109,97,113,91,108,116,114,113,110,112,110,111,117,107,107,111,115,109,108,115,25,23,22,23,23
856246191,124,125,125,123,119,125,121,120,121,124,116,114,113,123,121,123,124,124,124,80,77,73,109,73,107,122,119,116,123,25,25,26,25,26
856246420,121,125,114,115,108,119,104,93,118,117,118,113,95,115,126,117,124,122,122,63,69,59,92,62,109,114,103,103,119,19,20,21,20,22
856246430,112,111,117,116,112,117,115,112,104,99,89,92,112,115,109,112,105,113,115,54,59,46,115,51,118,110,96,115,113,21,21,21,21,22
856246669,123,125,119,116,115,120,109,119,120,121,123,107,106,123,120,115,121,124,120,99,105,96,100,98,105,120,105,102,119,25,26,25,24,26
856246863,119,117,111,120,117,114,100,100,120,119,103,119,100,115,115,119,115,118,115,109,118,109,116,103,119,117,113,117,118,21,22,23,21,22
856247090,107,112,100,112,109,110,99,106,117,116,106,115,104,111,110,114,112,111,112,108,109,109,101,107,107,116,114,100,116,21,19,18,21,20
856247103,111,110,97,107,100,105,80,86,115,105,105,113,100,105,108,114,107,105,113,113,115,115,115,117,115,114,113,115,113,21,20,18,21,18
856247635,126,127,124,127,126,125,121,114,124,124,123,119,117,127,128,122,128,124,125,75,80,75,110,76,110,123,114,114,124,28,27,26,28,27
856247819,111,110,85,94,79,98,85,76,113,100,96,119,72,93,95,108,98,105,108,113,114,115,112,117,115,109,113,113,109,21,22,20,22,22
856247827,123,126,118,120,121,121,107,109,122,125,122,111,113,123,127,120,128,124,122,86,88,84,99,76,105,120,116,102,123,25,26,25,26,26
856247851,106,106,103,112,112,107,99,95,118,117,109,119,99,111,116,114,109,115,115,106,115,111,97,107,109,120,117,106,117,18,19,21,21,22
856248148,113,112,100,106,107,117,101,99,122,121,106,120,100,110,118,119,118,119,120,118,120,117,116,118,106,120,121,118,120,25,24,24,23,24
856248243,111,111,90,105,99,105,85,89,114,111,92,113,78,100,112,108,112,109,111,110,115,112,101,114,110,112,113,101,111,21,22,20,20,21
856250955,114,113,82,92,78,100,78,84,113,94,112,107,69,103,109,108,108,108,112,112,115,113,107,114,112,113,112,107,101,22,20,21,23,21
856251517,118,118,93,114,113,110,95,91,119,107,104,117,95,105,117,116,108,114,117,117,120,119,119,120,121,118,119,119,116,22,23,22,22,21
856251566,122,123,120,114,113,120,107,103,114,117,116,105,103,113,122,113,120,116,119,85,81,72,101,74,104,117,114,100,117,20,19,18,21,19
856251570,114,115,109,114,102,113,109,103,117,120,118,109,111,117,123,119,119,120,116,69,69,70,95,66,108,112,105,93,120,20,20,22,22,20
856251752,70,71,36,70,36,33,35,42,54,75,39,69,40,42,42,59,77,76,106,41,40,40,42,41,87,69,66,92,89,107,105,102,109,106
856251805,115,116,88,94,78,106,76,77,116,105,108,103,70,90,115,116,113,114,115,118,118,114,114,116,114,114,115,115,117,21,21,21,21,22
856251852,122,122,118,115,108,117,109,104,108,114,109,103,98,110,116,112,120,117,118,59,69,63,102,55,103,111,102,110,116,18,19,18,21,16
856251854,115,116,102,110,108,116,100,96,122,121,107,121,99,112,122,119,120,121,119,106,116,109,91,107,100,121,114,99,120,23,23,24,24,25
856252145,126,126,105,112,105,116,92,85,120,115,118,116,95,113,118,114,122,117,121,117,121,118,107,119,110,118,112,109,117,25,26,23,24,25
856252371,116,117,112,117,115,120,109,100,119,117,103,119,96,111,120,117,118,118,118,110,117,114,114,114,110,120,117,113,117,22,20,22,26,23
856253149,114,113,100,94,87,110,76,79,105,104,110,85,82,103,107,103,113,110,111,103,109,98,87,106,92,109,103,102,101,20,19,18,21,20
856253396,117,119,110,108,106,116,97,97,112,110,104,95,84,104,115,113,117,116,118,54,67,66,100,62,110,113,111,103,105,16,21,16,21,21
856254796,121,121,115,115,115,115,106,97,110,110,108,94,103,115,117,117,119,114,115,78,73,66,95,67,108,109,95,112,113,19,20,18,19,19
856254817,115,116,109,106,91,115,78,77,113,111,115,105,80,109,114,114,117,107,112,109,117,114,98,113,101,112,104,108,110,25,25,25,24,25
856255253,121,123,117,123,128,121,103,121,127,123,115,129,113,126,128,127,127,125,125,113,117,115,96,106,104,123,119,106,126,28,29,28,28,29
856255654,113,112,76,94,84,93,74,79,113,92,110,106,74,95,100,106,106,107,111,111,112,108,110,110,107,110,110,110,106,21,22,22,21,18
856256079,117,122,92,115,110,109,90,92,120,112,100,120,94,101,117,117,121,120,118,117,121,119,108,121,115,120,122,115,117,22,24,25,22,24
856256196,120,119,86,87,76,96,79,78,117,92,84,109,80,84,93,110,108,115,118,121,120,121,120,116,121,116,119,121,119,26,27,26,27,27
856256261,108,108,85,86,76,84,74,88,110,94,85,107,75,88,95,107,99,108,107,109,110,109,112,112,114,106,107,114,108,19,18,20,20,21
856256630,119,118,113,116,114,119,111,103,121,124,115,113,109,116,123,120,122,119,120,88,88,77,90,88,97,118,106,93,120,24,23,24,24,23
856256948,109,112,108,110,111,112,101,103,110,111,111,102,99,113,110,111,112,111,110,70,76,66,104,68,96,111,106,107,109,18,15,17,14,13
856257265,113,113,83,105,91,99,68,67,111,92,108,105,69,97,108,109,109,107,115,113,116,115,110,115,108,113,109,113,107,16,18,15,14,15
856257289,120,119,117,114,107,118,114,105,110,108,104,93,91,104,119,112,115,111,116,74,75,67,113,65,110,113,104,116,113,24,25,24,25,25
856257711,112,112,76,108,99,110,74,82,114,98,109,108,81,109,110,112,110,113,113,114,117,115,115,116,114,116,115,117,112,17,19,20,22,22
856258648,112,113,103,113,107,114,99,77,111,103,111,106,86,111,111,102,107,110,110,113,113,109,112,112,113,116,115,110,105,18,19,18,20,21
856259075,114,118,98,104,97,112,91,84,114,113,112,106,67,108,114,113,115,114,113,115,118,116,89,117,98,117,108,97,107,15,16,15,17,14
856259307,112,115,77,98,85,103,89,66,108,102,109,101,71,104,104,103,112,106,108,105,104,109,98,108,103,116,109,104,107,22,20,21,23,22
856259532,68,76,27,60,34,40,34,42,64,68,34,62,39,31,37,48,90,90,114,42,44,36,37,44,85,69,77,98,91,114,115,103,115,114
856259583,114,114,93,105,101,112,90,90,111,106,107,109,89,106,112,108,111,105,111,109,113,111,99,111,109,114,109,104,105,14,16,15,17,15
856259584,108,108,81,102,86,111,87,76,110,105,112,104,88,111,105,107,101,100,107,107,111,106,108,110,103,108,106,107,105,16,19,20,18,21
856259716,110,111,94,96,96,108,86,77,111,107,112,105,85,106,106,111,113,112,112,110,111,107,100,112,98,117,103,102,109,15,15,16,14,15
856260908,105,107,83,96,93,102,86,83,104,98,106,93,82,103,102,103,107,105,104,103,106,103,98,107,99,108,107,99,99,19,18,15,16,17
856261050,116,118,109,110,108,114,100,93,115,113,115,111,95,113,118,116,119,115,116,74,72,72,88,63,93,112,108,94,115,21,18,19,22,22
856262621,60,88,24,69,30,31,28,26,41,51,31,35,35,27,26,49,67,68,105,30,40,40,30,33,93,83,53,97,50,106,101,98,107,104
856263578,113,115,81,91,84,109,82,75,112,107,110,96,80,99,113,107,114,105,110,106,111,106,96,109,96,110,104,102,105,20,19,17,21,21
856264298,112,113,90,98,93,108,83,72,107,102,104,98,72,99,107,109,106,103,111,108,108,104,99,111,97,109,107,108,102,21,20,19,20,17
856264309,114,117,110,114,119,115,111,110,121,122,121,122,113,121,121,118,121,121,116,80,82,78,96,69,102,114,98,104,119,23,24,21,26,26
856264453,121,116,92,94,83,108,86,83,114,91,97,114,80,97,112,111,107,107,113,114,116,113,114,118,117,114,119,109,115,17,19,17,17,16
856264652,121,120,113,111,103,116,106,93,116,116,110,96,95,115,117,113,119,106,117,64,70,64,96,63,100,108,102,108,115,23,23,22,23,23
856266096,111,110,75,82,71,85,71,72,111,97,81,109,66,74,99,107,97,101,105,110,109,113,105,110,111,109,111,109,105,20,20,16,20,18
856266127,108,110,83,100,102,102,83,87,108,107,111,103,107,109,106,107,109,107,107,105,110,105,97,107,94,110,99,97,107,17,15,14,15,16
856266866,111,109,102,110,108,115,98,84,116,113,102,115,89,102,114,112,110,113,114,113,117,114,111,115,109,118,116,111,112,22,19,21,21,22
856266872,112,110,73,94,73,88,83,77,111,90,76,104,70,78,95,106,96,108,107,116,116,116,113,114,115,110,114,115,110,18,21,22,21,22
856268889,115,114,97,101,86,115,84,81,116,114,114,111,86,111,114,114,115,112,116,113,116,116,99,113,102,114,113,111,112,20,22,22,23,22
856270409,111,114,107,104,102,108,96,92,106,108,110,93,86,107,113,106,112,107,108,60,69,60,79,59,90,105,90,91,104,13,19,14,15,12
856270531,111,110,66,79,72,86,62,70,113,92,71,110,64,77,93,107,102,106,106,110,112,108,108,112,115,108,112,111,106,20,16,21,16,17
856270673,112,113,96,109,98,109,92,98,114,111,99,110,96,102,112,113,112,113,112,96,106,100,94,97,101,114,102,100,111,18,18,15,18,14
856271421,121,122,120,119,117,119,111,104,121,120,111,112,102,117,124,122,123,121,121,88,86,69,100,80,113,114,107,112,120,26,22,25,26,25
856272449,112,115,98,111,111,114,102,97,117,115,105,115,93,107,114,118,115,111,115,95,110,111,98,93,100,112,103,108,116,18,21,19,22,22
856272834,124,125,111,118,114,120,123,108,128,123,114,127,107,119,123,125,126,124,126,117,124,118,116,120,111,125,121,116,127,27,25,26,25,30
856275298,112,113,96,115,109,105,94,97,121,118,108,119,100,106,115,117,114,114,112,115,115,115,111,112,113,119,116,112,117,25,27,27,26,26
856277031,113,109,75,81,77,90,75,74,111,94,93,106,76,95,95,103,103,104,105,110,113,112,107,112,109,109,113,112,103,17,17,18,21,20
856277179,117,120,116,120,120,122,111,98,119,122,112,118,102,114,118,122,121,123,122,88,92,87,100,85,99,116,116,102,121,26,27,23,26,25
856277252,112,111,86,95,80,100,69,71,111,102,109,96,74,103,107,109,112,112,112,106,114,107,88,109,91,110,108,101,102,15,17,17,18,18
856277427,111,109,87,107,98,107,82,82,117,107,110,103,85,108,109,115,111,109,113,114,116,114,108,111,106,115,111,110,112,15,17,17,17,14
856277643,122,126,113,122,123,122,108,97,120,125,123,109,109,125,128,119,128,125,123,77,81,67,90,80,99,119,114,99,124,26,25,24,26,25
856277954,121,121,116,117,117,116,103,102,117,118,115,108,102,120,121,118,121,117,115,74,76,70,106,72,110,114,106,112,115,21,22,22,21,22
856278046,108,106,74,81,73,89,72,73,113,103,76,113,67,78,102,108,104,103,110,111,113,111,114,111,109,109,108,112,109,19,18,18,20,20
856278349,109,106,83,101,97,98,84,98,119,102,84,118,75,99,109,113,101,105,111,117,118,117,118,117,113,109,114,118,112,18,20,17,18,17
856278773,112,112,83,101,95,110,88,83,115,111,110,107,73,107,114,115,105,112,115,114,114,113,108,113,110,113,113,111,111,18,16,15,16,15
856279044,114,117,110,105,104,114,103,92,110,111,112,106,77,110,116,115,117,115,113,77,77,75,88,72,100,109,93,99,108,17,20,20,16,18
858008348,115,118,93,111,100,121,95,98,117,100,120,104,98,114,114,117,113,120,120,123,124,122,112,123,116,125,127,119,116,32,28,32,27,27
858010704,117,116,127,127,123,126,128,124,115,108,112,99,112,123,117,122,113,115,120,75,75,74,124,67,120,122,101,125,125,25,24,26,27,24
858010959,119,119,105,116,116,120,109,97,123,123,120,119,115,116,122,121,122,119,119,98,99,90,101,98,100,114,110,102,123,30,24,25,24,26
858020775,119,121,110,121,121,117,116,100,114,120,124,106,122,127,125,120,123,107,120,72,68,67,94,70,101,117,98,98,123,25,27,23,28,28
858025420,116,115,123,122,103,123,123,108,120,120,98,101,106,116,121,120,117,113,120,71,70,66,124,67,116,120,102,120,122,25,26,24,27,24
858053302,116,113,112,124,125,109,110,104,123,122,99,126,106,104,120,119,112,116,122,120,124,124,124,124,123,123,125,119,122,24,26,26,23,25
858077787,120,122,129,124,111,127,125,109,106,100,101,99,104,112,119,119,119,120,123,77,79,74,127,75,119,124,104,128,125,25,25,26,24,25
858081644,128,126,120,116,105,120,115,105,121,120,120,100,106,118,122,120,122,111,121,81,73,74,104,73,113,123,101,109,118,25,26,24,25,27
858169721,121,118,92,113,102,119,96,94,113,101,117,103,90,102,113,113,109,116,116,116,122,118,119,120,126,120,116,121,112,26,24,25,26,26
861000027,118,122,106,120,120,118,119,96,118,116,118,103,103,120,124,122,123,120,119,70,68,70,95,61,99,116,101,102,122,27,29,30,27,28
861000041,117,118,113,119,118,121,122,106,126,121,117,120,110,119,126,124,123,125,121,99,107,111,90,93,105,121,117,98,129,31,31,30,32,31
861000051,111,111,120,124,120,122,122,120,113,105,98,98,118,118,108,119,111,119,115,63,86,68,122,68,118,118,111,120,119,31,28,31,29,30
861000246,109,108,110,123,123,120,115,100,123,119,114,123,110,115,115,123,110,118,116,88,94,96,98,94,108,118,118,108,123,26,28,28,26,27
861000250,115,115,108,124,122,119,114,112,121,124,128,124,128,128,120,120,115,120,115,105,108,105,105,108,109,122,122,106,122,30,31,30,31,28
861000330,118,118,122,119,118,121,122,119,113,108,108,98,93,118,120,119,118,118,118,73,68,63,115,59,106,118,103,109,119,28,28,29,28,26
861000388,116,115,98,105,93,103,85,83,105,108,89,113,75,96,96,100,108,122,113,119,120,115,124,120,126,116,123,124,114,29,28,28,27,25
861000488,86,88,43,73,43,53,46,60,70,78,50,66,50,50,43,60,100,110,122,63,57,51,46,48,110,90,124,119,124,127,121,102,127,122
861001040,125,126,100,128,123,123,106,108,117,109,121,115,123,123,120,120,120,126,123,115,120,119,105,120,113,126,116,116,116,30,28,28,31,30
861001041,119,120,98,118,108,118,98,94,117,109,118,113,92,106,118,116,115,123,118,119,118,119,108,115,111,125,123,98,116,26,28,28,26,25
861001075,114,117,114,114,114,113,104,111,115,114,110,105,111,119,117,117,117,111,115,64,63,61,104,63,100,109,100,104,117,21,22,23,22,24
861001088,112,111,85,97,79,80,86,81,108,107,83,117,79,83,95,106,102,104,112,117,115,117,116,117,112,109,114,113,111,21,21,20,22,21
861001109,123,124,95,108,97,110,99,90,115,104,110,115,85,112,114,116,119,127,122,125,122,125,126,125,120,123,122,126,122,31,31,30,29,29
861001114,119,122,125,120,122,126,124,119,122,120,116,115,120,126,127,123,124,124,122,69,64,65,104,63,104,119,97,100,125,31,29,31,30,31
861001116,114,114,89,107,95,98,88,87,113,110,87,121,88,94,106,111,114,125,116,122,120,120,124,123,123,122,123,125,121,29,30,31,28,27
861001183,114,119,90,93,83,100,86,88,103,93,87,102,73,93,91,105,114,130,122,127,123,127,122,125,119,114,125,130,119,30,31,31,32,30
861001238,115,115,120,127,123,118,123,123,122,124,123,123,120,120,121,120,113,120,118,73,80,68,116,72,117,120,120,112,123,29,28,29,29,26
861001397,118,120,113,126,118,117,123,129,125,124,125,125,123,128,131,131,124,129,119,98,103,102,119,83,119,123,125,111,132,31,30,31,31,32
861001419,117,115,112,117,113,125,102,106,125,121,100,121,96,116,121,120,111,121,118,113,123,119,123,113,127,129,122,117,123,30,31,31,32,27
861001615,122,123,99,114,121,121,93,88,111,98,121,109,93,115,112,111,117,122,121,122,124,124,120,124,121,126,123,126,119,31,31,30,28,31
861001620,113,113,106,121,119,119,109,100,121,113,120,117,109,120,117,119,117,121,117,120,119,120,112,119,117,124,123,110,119,29,29,28,30,29
861001625,129,128,124,123,119,123,122,121,116,110,108,107,121,126,127,121,128,121,122,68,68,65,110,66,112,121,101,114,125,32,32,30,30,32
861001668,114,116,87,103,94,103,85,87,121,107,97,116,86,98,119,115,115,125,119,123,123,122,90,123,114,124,124,115,119,31,31,28,28,30
861003622,110,118,89,96,86,101,83,83,108,93,84,106,83,89,96,104,108,120,119,123,120,119,118,123,111,113,123,121,106,30,31,28,29,29
861004000,119,116,123,121,114,121,122,121,121,121,110,110,110,121,125,128,118,124,120,67,68,68,113,68,114,119,100,110,128,31,31,30,30,30
861004202,113,110,92,113,110,106,93,91,121,105,98,112,89,104,108,110,109,127,119,122,122,123,103,123,116,123,127,110,109,29,30,31,31,30
861004231,118,119,126,123,124,125,125,123,120,123,123,107,123,127,123,124,122,116,122,68,69,68,109,63,112,120,98,106,124,30,31,33,31,29
861004833,126,126,125,126,126,126,119,127,117,116,117,113,126,123,124,122,124,120,124,64,70,70,113,70,114,125,113,113,124,30,31,30,31,30
861005003,125,126,94,117,103,122,101,110,116,113,124,108,107,116,119,119,119,123,122,120,121,119,112,121,111,126,118,116,118,32,31,31,29,30
861005099,121,121,100,119,119,122,93,95,113,110,119,103,94,111,119,113,117,119,119,122,120,122,110,120,112,123,120,105,116,29,28,31,31,29
861005419,125,125,121,118,110,123,118,113,106,98,95,86,96,118,119,118,124,118,121,63,62,62,115,61,100,115,93,120,124,28,29,31,28,30
861005454,122,123,99,109,97,122,96,109,117,106,119,120,93,114,116,115,115,123,120,121,121,119,105,122,109,124,122,109,117,30,31,29,27,28
861005467,109,104,84,96,74,99,76,79,110,94,104,110,74,94,94,98,96,113,112,114,116,116,117,116,117,113,116,114,104,20,21,22,21,22
861005471,112,112,110,122,120,120,117,117,120,118,119,120,117,119,116,117,112,117,117,96,103,106,103,91,108,121,108,107,119,24,28,30,29,28
861005589,123,125,103,121,119,121,107,121,121,125,129,121,122,127,126,123,124,121,118,76,81,82,103,77,113,120,106,107,126,31,31,32,31,30
861005661,117,117,123,121,113,125,120,118,114,106,97,102,102,110,115,120,116,117,121,67,70,65,125,73,117,117,117,126,122,30,31,31,30,30
861005680,119,120,122,120,114,124,119,113,103,96,98,98,100,110,111,116,118,120,118,63,70,62,122,65,118,116,120,125,119,30,31,28,31,29
861005740,114,109,89,106,87,96,93,85,106,96,90,100,82,92,99,94,104,119,116,115,124,119,123,123,127,119,124,119,112,28,28,29,30,29
861006235,120,120,104,123,120,118,110,105,120,121,122,120,119,118,119,118,120,123,118,103,113,112,102,99,110,123,123,107,119,29,27,28,29,27
861006975,119,120,114,115,107,121,103,100,115,110,118,110,101,114,121,115,120,117,119,90,86,90,107,90,108,120,117,107,119,25,28,31,27,28
861007289,118,114,95,102,78,100,98,85,108,99,85,118,72,97,93,108,111,120,113,119,121,119,121,121,121,116,119,119,109,27,28,23,26,28
861007512,119,120,124,119,112,125,125,119,110,109,101,90,98,114,114,119,117,120,120,61,67,65,120,63,114,117,100,120,124,31,28,29,30,31
861007518,111,114,100,125,122,119,114,119,122,124,116,125,120,119,116,123,113,120,115,107,104,103,103,97,110,123,120,99,124,30,29,31,29,28
861007743,120,122,122,116,110,122,112,121,118,114,115,110,103,115,117,118,118,118,119,70,63,68,120,63,100,116,102,113,120,28,29,25,29,28
861007763,109,109,101,123,122,110,96,120,124,125,121,125,122,126,118,126,115,120,115,99,103,110,93,99,103,124,102,95,126,31,31,29,30,31
861007826,116,115,124,126,118,123,123,121,113,108,112,113,118,122,120,124,116,120,118,70,73,71,122,63,111,118,108,116,124,29,31,29,31,31
861008473,116,120,113,120,118,120,117,103,122,115,108,118,105,115,119,121,122,108,120,80,88,88,88,102,98,115,113,103,123,28,30,28,27,29
861009676,122,123,121,118,114,123,118,119,110,103,98,103,112,121,120,118,123,123,121,68,60,60,110,60,106,118,102,111,121,25,28,29,28,31
861010535,111,115,101,116,118,115,105,117,128,124,122,125,121,125,124,126,124,127,119,103,104,109,88,98,103,123,117,99,127,29,30,31,31,31
861011141,119,120,127,122,104,128,126,119,117,115,98,96,93,115,114,120,117,122,122,80,78,73,128,63,119,119,122,128,126,30,28,31,29,28
861013038,111,115,96,103,88,110,93,87,112,105,102,111,91,96,102,107,110,126,119,121,121,120,124,123,121,120,126,126,121,30,30,31,30,30
861013128,122,122,122,120,119,124,120,119,106,102,100,95,119,119,117,117,121,122,120,59,56,60,123,54,112,118,106,123,122,29,29,30,31,28
861013383,113,117,110,121,118,119,118,118,121,120,118,121,118,118,119,121,120,123,115,88,88,103,108,88,105,118,112,103,123,29,31,28,28,30
861013743,115,114,113,125,123,121,113,113,122,119,116,122,118,120,113,118,114,115,116,108,113,111,118,113,110,123,118,113,117,30,31,28,31,29
861015723,120,120,116,118,110,125,109,106,122,120,121,102,98,113,121,120,118,117,121,113,100,99,118,84,107,126,123,108,119,30,30,31,29,28
861016254,80,90,39,81,79,43,39,47,68,81,33,80,43,43,34,46,87,86,117,47,43,46,41,43,98,70,83,113,96,116,117,102,120,115
861020289,113,110,107,121,118,117,104,117,121,117,100,121,117,122,118,119,108,120,113,107,115,112,103,110,122,119,118,105,119,28,29,27,28,31
861020775,114,114,106,116,116,114,110,96,111,114,116,103,110,122,119,114,117,104,114,68,66,65,88,67,98,109,100,93,118,20,20,19,19,18
861023174,109,109,103,122,119,116,100,119,123,127,125,122,123,125,125,122,119,125,114,89,93,93,99,88,109,119,96,106,127,29,28,31,30,29
861025924,118,118,92,113,105,119,100,99,121,103,118,110,108,108,114,113,110,118,116,119,120,118,111,118,108,123,116,105,115,29,30,28,31,29
861026709,110,109,97,115,104,103,80,88,121,110,96,121,95,106,102,112,102,117,116,121,122,121,117,122,119,120,121,119,118,28,29,27,29,28
861028130,122,124,111,120,121,110,113,121,120,121,121,113,123,123,128,125,126,127,120,62,66,58,100,63,104,117,110,108,128,32,31,29,30,29
861028765,120,120,103,119,113,123,106,100,121,119,116,115,118,119,120,123,123,121,119,103,108,107,93,98,107,120,111,108,123,29,28,27,28,31
861034079,122,124,91,108,98,120,98,93,116,103,118,113,98,115,118,114,122,120,120,120,116,120,102,120,106,121,118,108,118,29,28,25,30,23
861037576,128,129,131,123,118,126,126,128,108,103,104,103,113,127,130,123,128,131,125,64,73,71,115,65,115,123,99,113,131,31,28,31,31,30
861039386,121,122,101,107,103,117,103,99,115,113,117,105,105,113,117,115,117,112,118,100,106,100,98,106,99,113,112,103,113,25,23,25,23,24
861039943,119,122,111,110,105,125,118,96,119,115,110,104,95,106,121,121,120,120,120,113,100,120,98,107,100,126,121,103,123,29,31,29,30,28
861041236,109,109,115,119,114,117,119,104,102,99,96,99,104,104,116,114,112,115,112,60,73,56,117,62,113,111,115,112,114,22,21,23,23,24
861044897,80,78,38,53,46,50,43,53,62,81,40,58,53,43,48,50,98,88,112,51,47,48,42,45,92,73,63,103,83,117,112,103,115,111
861045197,108,109,93,123,120,110,109,114,125,122,120,125,122,119,109,119,109,120,116,116,119,119,112,115,115,121,120,109,122,30,31,30,29,30
861045661,118,120,123,118,116,126,123,117,110,115,109,100,110,120,121,123,118,121,122,73,68,73,123,68,107,120,103,120,126,30,29,29,30,31
861045674,115,111,95,118,115,115,101,95,118,115,100,119,93,111,113,111,110,121,113,113,118,115,107,111,120,121,118,110,112,23,24,26,25,23
861047390,114,109,93,111,99,106,95,110,122,111,99,119,89,106,119,119,114,121,119,121,121,120,119,121,115,122,121,115,119,27,28,27,29,28
861049072,119,119,126,130,129,124,125,124,119,120,122,103,128,128,119,124,118,123,120,63,63,68,114,61,113,121,106,115,128,29,30,31,29,28
861049369,124,125,122,118,108,123,119,118,100,100,100,93,93,115,118,116,124,116,122,64,68,63,118,65,106,115,108,123,120,28,29,26,28,28
861051257,108,106,118,116,104,122,116,110,111,106,93,101,90,100,114,114,103,112,115,73,73,70,124,63,115,114,118,116,114,26,27,28,26,25
861051412,116,116,121,120,118,122,119,108,118,115,99,104,98,108,113,119,118,121,119,90,76,74,120,73,113,116,118,124,119,30,29,28,24,28
861051539,70,88,43,57,40,42,33,48,77,87,43,83,43,53,49,68,97,96,119,40,41,44,47,43,99,84,66,111,116,123,121,112,119,118
861052241,120,121,123,118,113,124,115,118,105,113,105,98,108,113,113,118,118,115,117,71,80,70,121,70,110,117,108,120,121,25,26,25,26,28
861053302,111,109,103,117,116,117,109,100,120,113,93,122,100,100,114,112,107,111,117,114,119,119,114,119,117,120,120,115,115,27,25,28,25,23
861077787,114,116,117,118,106,124,118,104,101,93,93,91,99,106,114,114,112,115,119,70,73,67,121,68,113,119,99,121,118,24,23,23,22,23
861081644,124,124,104,114,103,119,112,119,122,121,123,101,103,116,122,119,120,109,119,83,70,70,101,70,110,121,99,107,119,29,31,28,28,30
861107715,116,115,92,114,100,99,93,85,113,93,88,112,90,96,109,109,109,119,114,115,122,122,121,122,122,119,119,120,114,31,30,28,29,29
861121939,120,121,95,118,111,117,103,103,124,121,122,124,114,115,121,121,117,124,121,122,120,121,105,120,109,128,121,114,125,29,29,31,30,31
861121944,116,116,112,126,125,122,106,108,122,123,123,123,120,122,120,120,116,120,116,105,110,111,108,103,113,126,125,111,120,28,31,31,32,31
861135455,122,120,100,123,119,123,114,93,116,116,122,121,103,119,120,109,114,113,119,116,120,119,101,118,118,124,116,112,113,28,28,27,29,28
861137186,117,108,87,100,83,100,93,89,117,98,101,120,82,86,107,111,105,111,116,117,119,119,118,119,117,117,117,117,116,24,24,25,28,26
861138123,112,109,100,118,118,121,113,98,122,113,103,118,100,108,110,121,109,120,120,113,118,120,93,111,108,119,118,99,121,28,29,31,27,28
861138449,126,126,106,120,119,120,116,116,122,122,114,114,110,120,122,119,122,119,119,73,70,76,101,69,110,117,103,110,122,30,29,31,29,28
861138956,109,106,86,105,86,96,80,83,110,99,94,119,83,98,98,103,103,118,110,117,119,118,119,119,119,114,118,119,113,23,24,25,25,23
861139720,110,107,88,111,103,96,86,90,116,108,88,121,93,95,101,109,104,118,113,121,118,118,120,121,122,116,121,118,119,29,29,31,31,28
861139869,111,111,123,127,126,122,118,113,123,124,122,125,126,127,118,122,118,121,120,87,102,101,105,88,107,119,101,98,123,30,31,31,32,32
861140601,114,111,87,101,79,105,93,82,103,98,75,117,76,88,92,105,107,121,109,117,122,119,122,119,120,115,118,119,115,27,28,26,24,25
861142754,109,112,89,106,94,92,91,90,121,109,94,124,95,104,105,114,109,124,118,123,122,119,109,122,114,124,122,116,115,28,27,32,29,28
861143001,117,119,122,122,121,120,118,115,113,105,103,98,108,121,120,116,118,122,119,73,80,63,115,63,116,120,121,108,116,26,28,30,24,28
861156353,122,121,125,123,120,126,123,120,102,100,99,99,113,115,120,117,122,120,123,70,78,70,120,74,113,118,106,123,123,30,31,29,28,31
861156616,120,124,109,119,116,120,100,109,119,120,120,109,113,120,125,119,126,122,120,64,63,64,91,62,101,117,103,92,124,31,30,29,29,28
861161840,110,108,103,120,115,110,100,119,120,116,100,123,120,120,103,113,109,119,113,120,119,120,120,119,119,119,120,121,119,26,28,26,25,25
861162895,110,111,100,117,114,117,108,107,122,122,107,122,112,118,112,121,114,114,117,86,102,100,92,92,100,115,104,102,120,25,26,28,27,25
861166124,121,124,119,126,123,119,114,118,121,125,121,121,123,123,125,121,122,123,118,73,76,75,93,73,111,121,102,103,124,31,30,31,31,29
861166149,121,122,119,118,112,122,118,113,103,99,104,97,117,118,117,118,120,117,120,54,63,66,119,56,100,117,107,122,118,27,25,26,25,28
861166676,118,118,125,120,106,126,120,115,112,109,105,90,100,113,114,120,117,113,123,66,68,67,123,65,116,117,120,124,120,28,27,26,23,28
861166691,118,121,123,127,122,123,124,121,121,124,118,118,128,127,123,121,124,117,121,80,85,84,98,78,108,121,100,103,126,32,31,30,30,31
861166906,116,115,91,117,115,103,93,110,118,121,100,125,90,105,106,110,112,125,120,123,122,121,118,124,117,121,121,126,115,28,27,29,26,28
861167134,120,121,122,120,115,123,125,118,106,98,100,90,96,113,116,116,119,113,121,68,70,66,119,63,108,116,108,119,120,28,28,30,29,28
861167135,120,120,98,120,113,123,86,100,120,115,122,121,103,116,120,120,118,120,120,120,121,121,113,121,118,123,119,115,115,32,31,30,30,31
861167680,108,108,95,125,120,108,100,118,120,112,111,120,120,118,102,115,108,118,115,118,121,120,116,120,118,118,120,120,116,23,28,25,26,28
861168473,124,124,103,124,123,113,108,108,125,125,114,129,123,126,123,120,121,120,123,125,123,125,121,125,120,124,118,128,129,26,26,28,28,25
861170733,125,125,120,116,100,122,108,96,118,115,113,97,100,115,120,118,121,111,119,66,65,65,103,63,102,118,94,100,118,29,28,30,28,31
861170890,115,115,99,113,108,119,101,96,122,115,108,118,95,105,118,120,115,120,118,118,122,118,100,116,113,119,120,110,119,27,29,27,28,31
861171877,111,112,113,122,118,121,110,100,120,120,119,120,113,120,118,119,112,113,118,102,110,102,108,88,108,123,118,109,120,24,28,30,31,28
861173210,111,114,107,118,118,118,106,105,118,117,117,117,102,116,116,118,116,112,116,108,112,116,96,111,104,119,121,100,116,24,24,25,25,23
861173731,119,119,114,119,116,119,113,117,110,115,118,114,113,119,116,116,116,113,116,91,88,87,117,100,112,113,110,119,114,23,22,21,21,18
861176676,118,120,93,113,108,119,100,90,118,120,119,120,100,116,120,115,120,118,118,118,120,120,100,120,108,121,118,105,118,24,28,30,26,28
861176944,109,105,107,114,109,120,107,111,121,114,99,117,90,102,115,119,99,117,118,107,120,113,125,110,126,117,125,119,118,27,28,25,26,29
861181783,112,110,123,120,109,126,123,107,110,106,102,102,90,113,112,120,110,120,121,88,91,81,126,99,123,123,123,125,120,28,29,28,31,27
861182521,114,114,111,121,113,123,112,111,126,123,126,128,122,127,117,125,114,122,117,107,114,106,98,105,113,121,113,103,127,30,30,31,30,31
861183277,121,127,117,117,106,123,111,121,117,121,116,119,110,124,130,123,128,129,123,63,60,63,102,61,104,119,89,99,129,30,31,29,30,31
861184943,118,119,99,110,112,117,99,99,116,113,111,115,96,110,116,112,112,116,118,119,118,119,109,119,108,118,121,110,114,25,25,24,25,23
861190042,126,128,123,124,116,123,124,125,120,123,115,115,126,126,132,123,129,132,124,78,103,90,106,81,118,121,124,130,131,32,97,32,31,32
861190043,126,127,129,123,118,124,126,120,113,118,110,113,122,123,127,124,129,127,124,71,74,74,124,73,112,121,103,130,130,25,26,24,26,25
861190044,115,116,91,117,115,100,96,103,122,122,107,126,117,111,107,117,115,125,120,124,120,126,120,120,118,121,123,126,127,28,31,30,31,30
861190045,123,126,123,118,116,124,126,118,123,126,123,118,120,127,127,124,123,120,123,68,70,83,111,70,111,123,111,110,128,32,31,28,30,31
861190046,111,111,113,120,118,120,116,118,122,119,113,118,115,118,123,120,118,118,115,78,80,78,120,83,113,118,110,112,123,25,25,28,28,26
861190048,120,125,130,123,108,130,130,123,113,115,103,105,110,120,115,123,126,128,126,66,68,70,127,66,113,125,107,129,130,26,25,28,27,31
861191189,121,121,118,130,130,121,116,120,126,123,108,126,120,116,125,123,119,128,121,118,119,118,108,123,116,129,128,110,125,31,31,32,30,30
861191208,123,123,117,120,117,119,114,110,106,107,107,101,106,114,114,114,116,123,116,78,78,76,117,76,114,120,118,121,117,25,24,23,21,22
861191695,122,125,125,121,114,125,121,121,107,111,102,90,106,122,123,121,125,123,123,65,66,70,117,61,102,119,100,115,125,30,30,29,28,31
861192181,112,112,117,119,116,120,118,116,113,109,109,109,110,117,117,116,114,114,115,60,58,66,116,53,111,116,98,117,117,23,24,23,23,24
861192190,111,113,96,123,121,108,111,105,125,122,117,124,120,124,121,120,114,124,121,119,121,121,108,124,116,122,122,115,124,30,31,30,31,30
861214098,114,112,99,118,118,118,102,106,120,116,101,121,100,108,115,119,112,120,116,116,120,120,118,116,119,120,120,118,119,28,28,23,28,25
861214100,121,121,115,123,116,119,113,108,119,116,115,116,113,116,121,118,117,120,118,96,113,98,119,98,121,120,118,120,120,27,25,28,25,26
861214101,117,119,99,109,104,111,102,104,110,106,109,99,102,109,118,115,119,115,115,64,57,58,96,58,98,107,100,93,115,20,21,20,20,21
861214267,123,123,127,119,114,127,123,118,103,103,99,98,98,121,121,121,121,121,123,67,68,73,121,68,111,120,100,124,127,28,30,31,30,28
861214649,122,119,128,124,122,125,125,123,110,110,111,109,116,122,123,123,119,119,123,86,93,86,119,83,117,123,115,120,125,32,29,30,30,31
861215732,112,112,123,123,110,126,122,110,111,101,102,76,100,110,110,113,107,115,121,70,73,73,129,62,127,120,106,124,120,31,30,28,30,29
861221162,121,120,126,126,121,126,123,124,103,105,95,96,121,118,116,117,116,121,123,70,73,70,123,73,119,120,121,124,126,31,30,31,30,29
861222000,114,117,102,115,112,119,117,119,121,121,114,119,109,119,124,124,119,117,118,70,66,65,99,63,106,117,100,99,125,31,29,28,29,30
861222481,112,109,96,107,100,111,110,110,117,109,94,120,97,99,101,116,109,119,113,119,121,120,122,121,121,116,120,120,119,29,28,29,31,30
861230025,117,121,118,126,125,119,114,107,124,123,121,126,118,124,121,122,121,121,118,103,110,117,99,93,110,127,124,106,126,28,31,30,30,31
861233700,118,118,118,117,110,122,119,113,110,109,118,100,98,113,113,118,114,110,120,65,63,64,119,61,107,113,96,118,119,28,27,28,24,27
861238380,79,91,42,63,58,63,31,66,73,99,58,68,72,56,60,76,113,98,119,51,53,60,56,53,97,73,98,116,119,119,121,106,124,119
861242519,128,127,130,123,120,128,125,128,113,110,115,106,116,120,126,118,128,126,125,68,68,68,120,66,110,120,106,123,125,31,31,33,30,30
861247515,120,120,107,117,115,119,107,107,115,117,118,109,107,118,121,116,119,117,119,66,67,62,112,64,115,114,107,113,115,24,25,26,25,28
861247553,126,128,122,122,124,119,108,110,112,119,125,112,123,122,129,120,129,129,122,68,66,70,124,68,100,119,102,125,128,31,31,30,31,30
861247699,114,114,117,114,114,117,119,108,114,114,116,103,110,115,115,114,114,113,115,60,61,59,108,60,101,113,102,105,116,19,18,20,21,20
861254642,122,122,123,124,120,124,120,120,116,115,113,112,123,120,123,121,122,123,120,63,66,68,115,65,104,118,115,117,124,30,30,28,27,31
861261593,114,112,89,99,81,99,87,83,110,96,83,104,75,91,97,107,105,119,117,123,121,120,121,123,120,115,121,119,115,27,29,31,29,28
861266694,120,120,113,115,116,116,110,106,113,113,110,113,106,111,121,117,119,117,116,59,63,63,106,60,103,115,107,108,123,23,26,23,25,27
861266695,121,123,122,122,116,123,108,121,121,124,121,121,101,118,122,121,118,118,122,95,101,95,118,99,113,124,123,115,122,30,30,31,31,31
861266801,117,118,113,116,116,118,118,102,116,114,116,113,110,117,120,116,116,113,115,70,80,73,100,78,100,112,110,106,115,22,21,20,20,21
861268513,126,127,128,120,111,127,120,110,112,110,118,102,110,115,128,121,127,129,122,73,77,77,118,68,110,121,103,117,128,30,31,31,30,30
861269603,123,125,120,117,112,123,116,113,112,101,113,98,98,112,120,119,123,118,120,63,69,66,110,67,110,118,113,109,118,28,26,28,27,28
862007489,111,112,111,107,105,114,105,103,112,108,99,98,104,111,113,113,113,111,112,64,58,78,112,52,96,107,98,113,110,17,16,18,21,21
862034666,117,116,91,92,92,103,93,84,111,112,116,103,101,108,115,115,119,107,115,113,112,111,94,110,92,118,110,102,111,22,23,23,20,22
862138161,108,106,87,109,105,97,90,108,113,112,90,116,106,102,100,111,103,110,111,116,117,118,112,113,110,111,113,113,116,18,16,19,21,20
862140057,120,120,106,112,105,114,106,93,106,102,114,96,86,107,116,107,116,119,120,83,86,85,106,84,116,119,113,114,107,22,16,18,16,19
862180283,108,106,96,119,116,110,96,107,118,117,117,121,112,116,111,116,108,113,109,99,111,111,100,101,114,116,115,101,115,21,17,16,18,19
862199236,114,113,82,106,103,103,76,89,107,108,114,100,107,111,109,105,114,110,111,107,111,110,98,110,100,114,103,104,103,18,17,19,20,15
862200104,117,117,114,114,114,114,110,102,107,107,111,96,105,115,114,107,112,109,116,64,64,60,88,58,97,112,91,90,112,18,19,17,16,15
862212432,74,85,44,61,43,48,44,54,74,90,43,69,53,43,44,61,101,95,114,61,46,52,46,44,87,87,56,99,107,115,113,105,118,112
862237086,114,115,96,93,84,98,74,74,109,95,87,111,73,80,103,106,105,114,108,114,115,116,117,110,117,109,117,114,107,19,15,16,18,19
862243780,112,111,105,110,106,106,97,104,116,115,115,112,115,117,113,115,115,117,108,77,81,73,87,57,94,105,108,95,116,16,19,19,19,17
863020801,117,117,121,122,120,123,121,121,113,108,108,99,117,116,114,117,112,117,115,53,55,54,117,50,109,108,103,121,120,22,23,21,22,21
863073853,117,114,115,110,106,116,113,112,105,99,94,92,79,106,115,110,110,106,109,67,77,68,111,72,107,107,105,113,107,17,14,16,20,16
863074866,110,109,90,103,95,98,93,84,117,107,96,116,84,104,114,115,107,111,110,110,110,109,89,112,105,113,116,93,115,19,17,23,20,16
863078012,112,113,104,107,104,103,95,79,108,107,101,103,82,96,111,107,109,104,109,66,65,62,94,72,95,100,91,98,101,17,14,16,19,13
863079399,107,109,97,97,102,110,88,89,114,115,104,108,84,107,114,115,112,104,110,76,99,88,87,87,86,109,94,88,106,17,19,19,16,23
863158023,118,120,126,122,123,122,118,120,122,121,115,123,123,126,128,124,119,126,119,51,52,51,102,48,105,110,84,98,128,26,25,23,27,23
863177003,104,107,94,114,114,109,107,106,120,121,114,120,108,115,117,120,118,120,111,98,99,106,90,97,92,110,100,96,121,19,22,20,22,18
863181458,117,116,120,119,113,119,116,113,115,114,122,107,108,121,118,118,116,117,117,99,77,82,115,80,109,118,106,115,119,23,24,22,23,22
863184200,111,111,122,120,114,120,115,115,113,112,103,102,103,115,119,116,104,117,114,69,75,65,115,69,119,107,116,115,119,22,26,24,21,23
863185427,78,76,34,63,48,38,34,40,69,39,46,78,38,38,36,66,89,95,116,50,51,43,48,42,87,74,75,102,88,117,119,111,118,117
863190871,116,116,110,109,106,115,108,113,112,116,113,105,114,115,119,117,117,110,112,60,55,51,87,53,92,104,92,91,118,19,21,20,21,20
863192119,75,75,40,64,22,48,39,32,60,74,40,62,45,47,46,54,94,92,114,25,45,47,44,45,95,66,72,105,101,117,115,102,118,117
863192366,111,110,101,105,92,97,97,86,121,103,87,124,77,97,96,115,106,118,115,122,122,123,125,124,120,115,122,124,119,26,22,25,23,28
863192985,114,116,116,124,124,119,111,115,122,126,127,122,118,125,118,121,115,119,117,95,101,94,94,90,107,118,113,101,124,22,23,20,18,18
863193352,106,107,87,116,103,108,92,98,116,113,117,115,115,116,107,112,106,108,113,114,118,119,112,119,109,118,115,113,113,19,19,23,18,17
863194847,112,113,107,109,103,109,95,102,113,111,108,99,86,107,115,112,115,111,111,71,74,73,93,70,99,107,92,99,107,15,17,17,19,14
863197756,115,116,117,115,106,119,115,115,118,119,121,97,109,116,119,118,118,113,116,87,98,83,117,87,105,115,117,111,115,19,23,21,23,20
863198032,112,100,91,90,81,104,76,87,117,97,104,102,83,97,104,109,94,102,118,120,119,116,123,117,123,116,123,105,112,22,15,20,16,18
863199503,106,105,97,123,120,110,101,112,122,120,101,122,111,120,110,120,102,112,111,111,116,114,113,116,117,120,117,108,116,22,23,26,20,22
863200104,122,122,121,121,121,122,116,108,115,113,116,102,114,123,117,113,117,114,119,68,62,61,95,58,106,116,93,96,118,21,23,19,24,19
863200155,108,107,112,113,109,121,115,112,122,120,114,120,110,116,114,121,103,108,116,94,105,93,120,85,117,120,109,114,121,20,21,21,19,23
863200458,112,113,94,111,101,111,88,90,113,110,120,111,108,115,107,117,109,108,112,115,115,115,114,116,108,117,110,116,113,23,24,25,24,21
863201024,112,109,87,97,66,79,76,72,113,98,73,116,63,83,108,108,103,115,108,119,118,115,116,118,121,109,119,114,113,20,22,23,18,18
863202126,117,117,130,126,124,127,123,126,116,122,106,126,111,125,116,123,113,124,116,69,70,64,126,66,121,118,108,115,124,21,23,19,19,22
863202371,114,111,106,112,112,120,104,93,117,114,116,110,85,106,113,110,102,106,116,111,114,119,114,117,118,116,108,109,110,23,22,20,24,21
863202556,119,119,127,126,117,122,116,123,119,120,125,111,113,124,119,119,112,123,120,52,57,57,113,49,116,117,110,102,121,16,19,13,16,17
863202811,80,82,33,37,37,36,32,57,75,87,37,78,38,38,32,53,79,77,116,33,38,40,46,40,92,62,80,92,87,118,117,109,119,119
863203376,118,113,99,109,88,104,98,89,116,104,74,119,82,90,96,105,110,119,113,119,120,119,120,113,121,117,115,117,119,21,19,23,19,21
863204923,113,113,114,120,118,118,119,104,116,118,114,117,113,113,116,118,111,113,116,85,89,103,93,83,108,119,108,105,114,17,21,25,23,24
863204935,71,77,36,80,42,37,39,66,83,99,32,89,37,36,33,71,99,92,117,45,40,52,31,46,97,70,85,104,96,118,114,112,121,119
863205452,110,109,76,103,89,92,74,73,111,89,82,112,75,84,91,102,97,108,107,108,109,106,111,109,111,108,114,112,105,18,18,20,15,17
863206113,119,119,119,117,110,119,105,93,114,110,109,98,104,112,115,113,118,115,117,65,66,60,84,63,99,112,95,95,115,19,17,19,20,20
863207865,115,114,89,93,79,99,94,81,118,108,97,120,74,97,99,117,109,116,116,121,118,117,119,118,111,114,114,119,119,19,20,23,19,24
863208128,113,110,102,120,117,107,104,122,121,119,120,121,116,120,109,116,112,111,115,110,117,117,98,115,106,118,119,98,117,22,18,20,20,19
863208722,119,119,121,114,107,121,115,104,111,113,112,102,104,113,121,111,118,120,120,69,67,63,109,71,105,117,117,113,115,16,16,19,17,16
863209331,122,124,125,118,108,125,122,122,117,122,121,101,102,123,121,115,121,125,122,63,71,63,99,63,110,121,100,99,122,17,18,19,18,19
863209658,112,112,103,115,110,116,101,93,117,116,103,113,96,105,109,115,107,114,113,105,113,113,112,108,115,115,112,111,112,17,19,21,16,16
863209981,69,76,41,69,49,54,45,49,81,95,45,90,45,44,51,45,90,78,115,51,51,45,42,45,101,88,63,95,104,118,117,111,120,118
863210257,86,87,36,76,47,44,44,56,86,102,47,103,44,49,54,94,99,94,111,54,51,48,52,50,95,72,87,99,102,112,111,117,113,112
863210514,117,119,98,116,115,118,98,93,119,119,121,118,111,121,120,115,117,115,117,114,117,119,107,117,103,118,117,114,118,23,22,22,23,24
863210881,106,113,102,117,112,115,108,98,114,115,119,114,109,116,115,116,113,117,114,110,111,103,95,111,106,119,116,101,115,19,21,18,19,18
863210897,115,112,89,106,75,96,74,75,115,95,91,110,67,91,104,108,107,106,114,116,117,114,114,116,117,111,116,119,110,20,21,19,20,20
863211256,117,116,95,106,97,111,87,87,115,107,116,114,82,106,108,116,115,118,114,117,119,118,115,119,106,119,120,119,113,21,24,20,25,20
863212198,111,111,113,121,120,118,117,121,121,124,123,123,116,120,114,118,113,111,117,96,106,97,95,98,100,122,120,98,116,23,20,24,21,20
863212218,112,108,89,102,87,96,83,77,125,108,98,122,98,109,98,120,104,115,112,118,118,117,120,116,116,110,117,119,120,22,24,23,20,24
863212432,67,83,38,59,40,46,39,48,74,89,38,68,50,40,42,57,97,93,111,56,41,52,43,40,82,82,50,95,103,113,109,103,114,111
863212616,116,116,103,118,118,121,106,100,121,119,116,123,110,115,120,119,116,116,117,92,115,108,91,101,114,124,120,97,116,22,20,19,22,24
863212622,111,110,95,115,116,110,99,103,121,119,120,119,109,119,109,117,112,114,113,112,117,113,104,116,107,118,114,107,118,17,22,19,21,23
863212831,78,84,39,69,39,39,40,47,84,90,39,91,44,51,53,70,102,95,116,44,45,44,44,45,102,64,70,100,104,115,116,110,117,116
863213331,115,105,89,97,73,92,84,73,117,94,74,114,70,77,93,105,95,110,112,116,117,113,119,114,121,115,115,116,110,20,19,18,21,19
863213884,112,113,107,111,104,112,94,95,112,111,111,109,102,111,115,110,113,112,113,99,107,110,104,103,101,114,113,99,112,18,19,20,17,18
863215698,80,75,41,53,47,40,43,41,74,79,46,80,48,64,58,59,90,97,115,46,49,55,48,46,105,53,56,111,91,115,115,109,119,118
863216320,109,113,110,117,120,115,99,94,118,112,104,118,95,113,118,115,109,118,114,100,106,113,103,93,117,118,114,104,114,22,16,19,17,19
863216393,107,108,110,122,119,114,112,110,123,120,119,123,109,119,120,120,111,119,116,108,117,102,105,99,114,119,117,106,119,21,23,19,21,19
863216549,120,115,122,120,105,122,115,110,108,106,102,98,98,109,110,113,102,108,115,59,67,61,125,61,122,114,109,118,117,24,25,23,23,20
863218667,110,113,109,107,109,117,104,97,118,116,113,114,97,115,118,118,117,119,116,89,103,87,91,73,88,116,107,92,118,19,20,20,18,22
863221660,100,97,79,95,86,91,71,93,111,103,90,109,84,98,99,108,92,107,105,112,109,114,111,109,107,106,114,110,109,18,19,19,17,23
863222052,111,111,79,109,99,108,88,91,112,109,113,102,103,112,102,103,107,107,109,106,113,107,103,110,96,109,107,103,103,18,16,15,17,17
863222357,120,120,121,119,106,120,107,100,112,109,99,108,82,102,118,113,107,113,116,65,69,76,118,65,121,110,107,113,114,19,21,22,18,22
863222501,112,111,92,105,96,117,93,95,116,111,119,108,93,109,108,114,106,110,113,119,118,114,111,117,105,116,116,113,110,19,24,20,20,18
863222665,114,115,111,118,118,117,116,108,122,126,121,122,119,121,122,116,121,121,119,96,104,99,86,96,104,123,119,95,120,20,25,22,23,23
863222875,111,110,78,104,93,107,87,74,109,101,112,106,83,104,112,106,111,104,108,109,112,111,102,112,105,111,105,109,101,20,20,18,18,19
863223671,116,115,106,108,105,111,87,83,112,98,114,116,83,105,105,103,105,104,114,114,115,112,109,115,110,114,117,117,107,19,23,22,20,23
863224196,114,113,101,101,95,109,96,110,112,100,108,105,93,103,107,111,106,109,112,113,116,114,114,115,111,110,113,117,109,18,19,22,17,17
863224258,113,107,98,104,87,96,87,84,116,96,95,104,85,102,111,114,95,93,110,118,118,113,118,116,118,111,118,107,116,24,25,23,24,22
863224293,105,107,98,118,118,103,117,110,120,118,113,118,114,116,106,117,103,110,112,110,111,111,102,111,109,114,114,103,119,23,20,17,17,18
863225193,114,114,122,121,114,123,100,107,122,121,110,121,106,119,121,121,113,114,121,116,121,118,127,114,118,123,123,125,118,23,25,27,28,24
863225375,117,117,103,108,97,111,95,88,116,118,107,108,76,104,110,111,109,111,116,116,116,116,103,118,107,120,121,107,112,20,23,22,19,19
863226161,115,113,104,110,107,113,98,91,113,109,115,110,90,110,112,109,111,112,113,110,115,107,97,108,107,116,112,98,110,24,26,26,28,29
863226300,73,73,39,63,38,38,33,38,72,77,33,62,42,38,36,43,80,80,107,40,40,40,37,41,97,58,56,99,85,113,112,108,114,113
863227678,120,112,91,99,81,107,86,82,120,105,101,114,83,100,110,113,108,114,117,121,121,118,119,123,117,120,117,120,113,22,16,18,18,21
863227796,116,119,112,111,110,116,111,114,111,116,119,101,97,114,116,112,118,116,113,70,77,65,92,73,101,112,103,102,113,22,19,17,18,18
863227928,115,115,84,104,91,112,82,77,113,98,107,100,73,96,115,112,115,113,114,108,113,111,102,114,101,116,113,108,113,21,20,22,17,20
863228092,114,106,84,117,101,105,90,86,123,108,110,121,91,112,115,120,99,100,114,114,119,117,116,113,119,121,117,112,118,24,24,25,20,23
863228702,112,113,98,99,103,108,102,92,123,118,104,123,98,114,120,121,117,120,117,109,114,108,109,107,107,118,112,114,121,18,17,18,16,18
863229237,118,114,88,102,85,97,88,84,118,106,87,122,82,88,105,115,107,110,116,117,118,118,116,119,118,114,118,115,115,21,24,25,20,20
863229476,111,101,88,94,89,101,90,81,114,93,93,109,78,93,105,100,96,110,106,110,113,114,115,111,116,112,116,116,108,16,18,17,15,18
863229558,121,116,90,97,82,92,73,76,121,117,84,120,68,88,106,112,106,117,115,116,120,120,117,115,121,116,119,119,114,23,25,22,24,26
863229891,116,118,103,111,101,117,96,88,120,117,119,114,82,111,118,114,118,116,118,116,118,115,106,119,110,119,117,113,113,22,19,23,22,22
863229905,100,97,77,96,68,93,74,76,112,96,92,114,78,93,101,109,96,100,109,116,114,113,113,111,116,112,117,116,111,20,20,17,18,20
863229980,105,101,93,94,76,97,85,90,112,103,83,114,74,93,91,106,101,101,109,114,117,117,120,113,119,114,117,117,108,24,19,23,23,21
863230142,122,124,124,126,117,126,114,124,123,124,120,113,123,123,127,123,125,118,123,88,82,72,109,72,109,121,110,106,124,28,29,27,30,27
863230869,81,87,45,70,41,48,46,51,84,87,46,81,48,47,39,54,87,98,120,51,51,53,50,50,107,78,70,106,91,121,121,115,124,123
863230938,108,108,111,110,105,109,94,115,119,112,99,116,90,100,118,117,103,115,113,112,117,114,106,108,118,116,116,107,115,20,21,23,22,22
863230965,110,114,88,105,103,112,86,88,111,103,106,106,86,98,109,110,114,113,115,107,115,113,99,116,110,118,119,108,107,21,17,19,19,15
863231150,114,114,106,106,106,114,93,84,114,112,109,112,85,108,113,114,112,110,111,79,96,103,94,94,98,114,114,104,111,17,20,18,16,19
863231207,111,110,83,94,81,92,80,76,119,107,103,117,84,104,107,112,108,106,112,114,116,118,114,115,116,118,113,113,114,20,17,16,18,22
863231410,119,122,112,113,110,117,100,107,121,119,110,111,99,115,121,121,125,122,121,77,68,61,78,65,100,113,91,102,120,18,17,18,16,15
863231447,118,120,119,115,105,115,108,95,111,108,106,95,92,110,121,113,117,115,115,66,66,65,103,57,107,109,97,108,113,17,18,16,21,18
863231478,115,118,121,120,111,121,118,110,110,108,94,104,84,113,110,115,118,121,119,77,82,71,117,70,116,115,120,117,117,21,25,25,22,23
863231677,121,121,117,119,116,119,106,113,111,112,112,104,111,115,120,113,119,112,117,57,66,59,104,59,106,110,94,108,116,19,22,24,20,19
863231747,129,129,127,124,120,126,121,125,117,112,108,114,105,123,127,120,127,119,125,58,64,61,104,61,112,118,96,104,123,22,20,23,24,26
863232487,106,106,97,108,112,112,101,94,116,109,97,116,92,109,109,112,106,115,112,112,113,113,113,113,103,116,113,118,110,15,16,13,17,14
863232488,122,119,93,92,87,103,92,81,123,106,79,118,79,95,98,110,115,121,121,120,125,125,124,125,121,118,126,124,121,23,24,21,23,19
863232580,114,110,94,97,81,107,84,74,120,104,84,115,77,95,94,112,105,116,115,117,117,117,121,118,119,114,117,118,115,19,23,21,21,17
863232656,124,124,101,117,109,114,100,106,115,115,116,109,108,114,115,109,113,116,117,116,117,111,115,115,117,119,115,114,112,20,22,20,24,24
863232730,110,111,115,108,108,117,103,107,118,117,110,115,108,110,113,113,115,106,112,82,83,75,95,73,96,113,97,98,114,19,22,17,16,14
863232873,116,107,74,99,78,85,69,74,111,95,91,106,71,89,88,104,97,99,109,113,112,113,113,110,115,110,111,118,107,13,14,16,14,16
863232905,119,119,111,106,106,116,106,93,112,120,119,103,98,117,117,114,116,113,111,91,98,103,82,92,99,118,108,110,113,17,15,15,15,14
863232999,111,113,89,94,88,99,76,86,117,108,94,112,82,97,107,111,112,116,113,110,115,115,102,111,107,117,114,113,110,20,19,16,22,22
863233084,120,121,92,108,101,114,99,85,117,115,121,114,87,114,112,116,118,112,119,116,116,115,105,114,101,123,113,113,111,22,21,23,26,23
863233096,120,120,103,109,91,124,88,81,116,103,117,103,80,108,113,113,110,114,119,114,117,116,120,118,118,119,117,122,112,22,19,21,20,16
863233152,111,109,84,103,89,94,89,80,115,100,79,111,80,83,107,108,104,108,112,113,114,116,112,115,111,113,113,117,111,17,14,21,16,14
863233260,112,114,109,113,110,108,107,99,107,105,114,97,106,114,116,112,115,113,108,74,83,70,103,87,106,108,107,107,109,19,16,16,17,18
863233419,122,123,112,118,118,121,108,120,116,119,121,115,116,120,118,120,121,113,118,74,86,69,103,71,101,119,113,105,118,22,23,24,19,22
863233486,111,105,82,85,68,79,71,72,122,88,73,115,69,76,84,113,95,113,107,122,119,116,122,119,120,117,117,122,114,27,24,28,25,29
863234236,114,112,118,114,105,118,114,104,104,101,88,88,83,111,109,112,110,104,114,58,68,62,118,59,111,106,93,117,115,19,19,21,18,22
863234378,120,114,106,120,119,114,107,101,125,122,125,125,116,124,116,121,109,121,117,118,121,120,120,120,120,125,122,117,121,26,22,29,24,25
863234396,122,122,89,109,94,114,92,90,117,110,113,103,90,105,117,114,120,113,115,113,116,109,100,114,109,116,112,113,112,19,19,21,19,18
863234577,72,75,38,57,40,45,40,44,74,80,39,80,41,44,40,58,85,84,112,44,44,47,39,43,91,67,75,97,89,112,113,108,116,114
863234642,66,73,34,44,33,34,35,42,58,76,43,59,36,38,39,48,102,87,117,36,39,34,42,38,97,54,80,97,93,114,114,105,119,117
863235073,79,79,44,70,51,43,42,47,82,80,71,65,48,52,49,66,98,104,118,55,55,51,51,57,107,75,81,105,106,119,119,108,121,119
863235152,114,116,84,106,101,110,93,89,112,100,109,107,98,110,114,113,114,111,114,112,112,111,99,114,103,116,111,101,110,18,16,22,22,23
863235634,117,117,79,99,88,112,98,79,112,107,113,105,78,112,114,111,115,112,115,108,114,111,103,114,109,118,109,110,110,19,17,17,19,18
863235794,116,118,117,117,118,114,103,110,116,116,119,105,111,118,117,118,119,118,116,75,80,72,92,76,103,112,107,105,118,20,21,18,21,21
863235844,114,112,97,108,102,99,99,98,118,108,99,114,78,100,102,112,108,111,111,113,117,117,119,113,117,118,118,116,111,19,24,20,20,20
863236401,111,113,85,104,104,113,87,82,111,105,110,109,76,107,113,111,112,108,111,109,114,112,109,115,101,110,109,110,110,18,20,19,22,20
863236403,117,114,82,101,80,96,73,65,115,100,88,115,63,88,103,115,108,112,108,118,119,114,118,117,118,116,118,118,117,16,16,19,20,20
863236461,115,109,120,116,107,118,115,115,109,108,90,83,86,107,115,110,106,107,116,60,71,51,118,56,118,112,102,116,112,19,19,21,20,18
863236703,121,119,94,113,106,119,92,83,114,120,122,112,116,121,110,115,115,115,116,114,118,115,96,114,110,121,112,103,110,16,16,23,17,19
863236920,116,118,106,110,109,111,103,103,110,109,106,103,66,108,115,114,117,109,107,77,64,66,91,62,97,106,105,98,110,18,19,22,23,18
863237086,117,116,88,94,87,98,77,74,112,95,89,116,73,84,99,107,107,115,110,115,118,117,116,112,118,113,117,116,106,22,20,23,20,18
863237238,109,106,115,117,114,118,118,95,117,111,102,116,93,107,117,113,106,113,113,110,115,114,114,109,115,120,117,110,110,19,18,17,17,20
863237646,119,119,98,108,90,114,99,87,112,109,113,103,76,105,110,112,115,112,115,111,115,113,111,112,107,121,117,115,109,21,19,18,19,19
863237678,117,111,73,79,67,77,67,76,114,90,73,113,67,73,99,109,104,112,111,114,116,113,118,115,121,108,116,116,111,20,19,19,21,20
863237681,117,120,115,115,109,115,105,99,115,120,119,110,109,117,118,116,122,120,118,73,83,60,86,76,96,113,100,94,119,13,14,18,15,14
863237942,116,117,88,101,102,117,92,100,113,108,117,102,105,115,109,106,115,115,115,113,115,113,109,114,112,119,116,109,106,18,18,17,20,20
863238074,123,121,100,123,116,116,103,102,120,115,124,121,117,123,116,119,117,124,121,119,123,113,113,116,123,122,119,116,117,24,23,21,24,25
863238160,112,104,87,98,81,92,87,82,109,99,81,111,73,95,92,106,97,107,105,113,115,115,119,112,116,108,115,114,112,22,20,19,17,19
863238581,121,120,111,115,108,118,106,96,115,111,118,113,93,115,117,113,121,116,119,90,96,89,110,93,103,117,110,111,111,19,21,19,23,22
863238616,117,117,102,111,104,110,91,98,116,114,116,104,95,111,113,114,115,115,112,64,63,58,94,60,99,112,92,95,113,19,18,19,21,19
863238794,121,122,113,115,114,120,107,105,107,112,110,103,94,116,119,113,121,111,118,57,58,50,94,56,99,110,89,98,112,20,23,21,17,18
863239053,120,120,99,119,121,116,99,97,118,114,107,120,103,112,116,117,115,113,116,107,113,115,104,110,110,121,113,103,117,19,16,18,21,23
863239085,126,123,130,124,120,127,122,119,110,105,83,91,101,120,111,116,114,123,119,62,66,62,126,61,126,118,113,120,123,22,26,25,24,26
863239231,121,121,100,110,101,115,100,87,120,112,118,110,94,115,113,119,119,122,119,121,122,118,111,115,101,123,118,113,114,24,26,26,24,28
863239810,108,115,95,108,107,101,94,89,117,108,104,111,104,107,110,117,114,111,116,112,117,113,94,114,107,114,120,97,115,20,22,20,16,17
863239818,116,110,79,101,93,92,82,83,119,110,94,118,78,101,98,113,108,120,115,119,118,115,116,118,120,114,118,115,117,23,23,22,24,23
863239837,113,113,107,117,115,119,108,113,121,118,112,122,114,118,117,119,117,118,117,111,117,110,110,108,109,122,120,110,121,24,26,21,25,25
863239964,115,112,113,114,104,117,114,102,112,111,91,102,84,109,116,117,109,110,111,72,72,75,115,68,114,107,107,110,112,21,16,18,18,20
863240243,112,111,109,112,108,108,103,102,109,108,107,93,94,110,112,110,110,104,108,64,62,58,96,52,102,108,105,106,108,22,19,16,16,18
863240690,121,123,114,112,107,124,108,115,114,115,114,111,86,113,117,116,122,117,120,79,80,76,117,77,103,114,108,120,112,22,26,23,25,23
863240716,113,113,86,98,83,110,80,77,112,99,109,112,79,105,104,109,111,103,114,110,111,113,110,112,107,111,115,108,107,18,22,17,20,23
863241084,124,125,119,117,111,121,116,92,116,116,111,117,89,114,125,120,124,114,119,67,72,62,113,67,103,118,113,115,120,18,19,17,21,19
863241159,116,113,91,99,85,99,87,81,120,105,90,116,80,95,113,113,111,115,116,118,118,117,114,117,115,116,114,116,118,23,25,20,26,23
863241461,119,120,121,115,109,122,111,99,112,111,113,105,86,110,118,117,120,111,119,71,74,64,106,66,106,112,102,107,116,22,23,23,22,24
863241486,118,117,85,88,78,108,76,77,119,111,111,117,77,106,111,112,112,118,116,115,117,115,115,119,115,118,114,122,113,17,20,19,18,17
863241637,110,107,91,111,107,104,85,86,119,116,92,120,88,107,111,112,110,113,115,115,118,115,114,112,113,116,113,113,112,19,21,22,19,21
863241788,116,116,120,118,103,121,111,117,117,119,102,99,83,112,114,118,109,115,116,68,66,58,120,58,119,115,104,117,119,22,18,21,21,21
863242179,80,80,43,62,51,43,49,52,69,77,43,71,48,46,49,53,87,94,116,53,48,50,53,53,107,74,75,112,93,115,114,111,118,115
863242516,119,119,117,119,114,117,108,118,114,119,125,100,106,121,119,116,117,112,115,69,63,73,102,58,107,109,96,104,115,18,19,21,23,18
863242641,113,112,88,97,84,107,88,75,109,104,111,104,93,108,117,115,115,110,115,109,112,110,102,112,100,111,103,100,104,22,16,17,19,13
863242948,74,68,42,76,43,46,13,45,77,43,41,79,44,58,53,68,77,79,106,42,47,52,43,44,93,71,67,97,97,112,113,113,113,113
863242964,121,119,112,110,113,115,97,108,110,115,114,105,102,117,117,112,117,105,114,67,75,61,85,70,95,117,112,92,111,21,22,25,22,23
863243526,111,107,87,95,89,99,85,78,108,97,105,101,78,106,113,111,99,95,110,110,114,111,111,115,110,114,110,106,107,19,22,20,20,19
863243576,121,120,100,118,112,120,98,88,116,120,125,119,108,124,117,117,119,112,117,114,121,117,101,118,102,122,115,105,116,23,25,23,24,24
863243715,116,111,88,99,73,95,73,79,118,100,80,115,73,95,107,111,102,113,113,117,118,114,116,118,118,114,113,117,114,20,19,20,19,21
863243780,115,115,111,116,110,110,102,108,121,121,121,117,119,122,117,120,120,123,112,81,84,76,93,61,104,112,110,99,122,18,19,21,20,21
863243812,117,120,117,111,110,117,105,107,117,110,110,101,107,116,116,113,121,117,117,55,64,64,97,57,94,115,87,103,117,20,20,17,15,19
863243923,106,99,72,78,73,77,71,73,108,92,87,104,70,82,95,105,96,98,106,112,111,108,111,109,111,105,111,111,108,19,15,16,15,14
863244193,111,113,101,109,105,108,100,93,107,106,105,96,102,103,113,108,111,107,109,74,69,77,93,63,99,105,97,95,99,17,19,16,20,19
863244749,115,107,86,105,94,92,75,83,117,98,86,113,75,90,94,111,99,99,113,117,119,117,118,114,115,114,113,120,111,22,20,24,21,19
863245155,120,121,110,114,111,115,107,103,116,111,117,114,98,110,122,116,120,121,115,83,93,74,97,83,110,116,114,104,116,19,18,20,18,20
863245371,118,119,114,112,113,114,107,110,117,117,115,114,112,119,117,121,121,119,115,73,75,78,80,72,98,112,108,95,119,23,19,21,21,20
863246104,111,113,99,113,110,112,96,96,119,114,101,116,93,111,120,119,117,113,115,112,117,118,109,111,113,119,114,111,118,18,23,20,23,21
863246191,121,123,122,121,118,124,116,112,119,119,110,115,112,121,118,121,121,122,122,81,74,66,107,71,106,120,116,114,121,23,20,25,23,23
863246420,123,127,118,119,108,120,105,95,120,121,119,114,96,117,129,120,126,125,123,62,68,63,93,61,111,116,104,104,122,21,21,23,20,24
863246669,118,121,114,112,109,117,109,116,116,117,119,98,102,120,118,114,118,120,117,97,98,85,96,92,101,116,101,97,114,23,21,23,17,19
863246875,114,109,73,93,69,88,69,70,109,93,84,106,63,75,106,105,101,106,105,113,113,112,112,111,112,107,110,114,103,18,17,21,18,22
863247090,114,119,107,117,114,116,106,107,124,123,111,124,110,119,117,121,119,119,118,116,118,118,107,116,114,124,123,108,123,22,24,24,23,22
863247246,114,114,106,112,109,114,92,95,118,113,103,112,93,99,117,118,110,113,114,111,118,115,115,107,119,118,113,118,116,20,20,20,22,18
863247827,122,125,118,120,119,120,104,106,121,126,120,121,113,123,124,120,126,121,120,92,91,82,102,73,104,117,112,101,118,24,22,24,23,23
863247851,110,110,106,115,115,112,103,103,122,123,108,122,104,117,121,118,112,119,119,114,121,115,103,116,114,124,122,109,122,21,16,16,20,23
863248148,114,114,103,108,108,118,103,101,125,120,106,123,101,112,119,122,119,121,122,120,122,121,115,120,106,122,121,121,121,25,25,28,27,24
863250723,113,117,98,112,107,111,95,94,121,114,96,114,90,109,122,117,119,119,115,109,119,115,106,115,114,120,119,107,119,20,21,20,22,21
863250955,115,114,83,93,80,99,78,85,114,98,114,110,72,105,111,109,110,108,112,113,115,112,109,114,113,114,111,108,103,22,23,22,21,21
863251479,114,115,108,115,116,116,104,111,119,119,123,119,115,120,114,119,118,118,117,114,117,116,113,116,108,121,112,118,115,24,25,22,24,19
863251517,115,116,96,111,113,110,92,88,116,103,108,117,92,105,115,112,105,111,115,113,117,115,118,118,117,117,113,116,112,19,21,23,18,22
863251804,118,119,87,106,100,116,84,74,114,108,118,102,94,114,116,114,119,112,115,111,114,114,98,114,99,114,110,107,114,19,20,15,21,17
863251805,113,114,86,93,76,102,74,77,115,101,103,107,68,88,110,115,111,112,112,115,115,114,111,113,113,113,113,114,116,19,21,21,23,20
863251854,120,122,109,117,112,122,103,101,128,127,112,128,104,119,123,124,126,125,124,112,122,110,96,112,103,126,121,102,126,25,24,24,27,22
863252145,123,124,93,110,99,113,91,82,118,113,115,109,94,107,113,111,120,112,119,115,118,119,104,117,109,117,112,109,110,17,19,19,19,18
863252371,116,117,111,115,114,120,106,107,120,117,102,119,95,110,121,115,117,120,116,106,115,113,113,112,111,122,115,113,117,21,24,20,26,20
863252802,117,116,88,104,88,107,90,85,111,96,106,107,78,104,109,111,112,112,112,111,116,114,112,115,114,114,113,116,109,17,19,20,20,18
863253072,122,120,119,116,109,119,114,113,105,105,108,95,94,113,113,111,113,110,115,69,74,60,114,61,118,110,108,112,110,19,22,24,23,21
863253163,114,108,93,93,73,106,80,65,110,96,92,109,66,91,97,104,103,102,109,112,113,107,114,111,114,110,112,114,105,17,22,22,21,19
863253306,112,111,101,100,102,108,88,91,117,106,93,118,89,102,116,113,108,106,112,109,116,116,97,113,112,118,119,105,111,19,15,19,17,21
863254022,109,103,121,118,104,119,110,107,114,112,86,102,84,106,115,118,107,99,116,74,77,74,115,69,120,110,105,118,115,17,20,17,19,16
863254088,113,115,108,110,109,108,100,98,111,110,103,105,108,113,113,111,115,111,110,71,71,74,97,63,102,110,103,100,111,17,19,14,16,17
863254243,113,115,103,114,110,114,101,101,121,115,112,119,102,117,116,119,119,120,119,116,118,112,112,112,112,120,119,120,117,22,20,21,23,17
863254980,109,110,87,99,93,113,85,84,113,104,112,107,93,106,110,110,109,111,111,111,111,112,106,113,100,113,108,110,112,23,19,21,23,24
863255253,116,117,102,115,118,115,97,101,123,120,112,124,109,120,120,123,122,119,119,111,110,111,90,100,99,119,117,99,122,23,23,18,17,18
863255981,74,71,32,52,42,43,37,42,73,73,33,76,43,28,37,72,97,87,113,38,44,39,53,41,94,68,69,100,89,113,111,115,115,113
863256079,118,121,91,115,109,108,93,93,119,114,107,122,96,103,120,115,121,123,117,118,121,117,108,120,115,123,121,116,117,18,19,16,18,22
863256196,118,117,77,86,78,91,76,79,112,89,86,111,78,85,94,108,108,114,118,119,119,119,116,113,120,114,118,121,117,22,17,14,17,18
863256197,118,117,80,93,74,100,79,69,117,98,102,118,73,99,108,110,114,111,115,116,119,117,116,118,113,116,119,118,115,22,17,15,22,19
863256325,114,113,82,91,78,83,76,79,116,95,89,114,71,85,110,103,101,101,110,112,115,115,113,113,114,110,115,114,112,21,23,20,23,24
863256630,118,118,113,116,113,119,111,108,120,122,120,114,114,117,122,117,121,118,118,87,87,79,87,83,96,117,106,91,119,17,16,16,15,14
863256675,113,114,110,110,105,113,104,109,106,106,107,96,104,107,114,105,113,105,110,65,68,64,101,63,99,104,102,108,108,16,15,19,15,21
863257057,113,111,91,111,107,107,89,88,113,109,89,112,86,97,110,111,109,109,112,111,116,117,113,114,113,114,115,111,109,22,20,18,22,24
863257194,105,104,99,106,97,103,90,85,106,104,107,100,88,97,105,107,102,105,104,72,68,73,81,74,96,101,93,98,105,14,17,13,17,15
863257278,114,113,85,108,105,115,95,85,118,106,109,116,89,101,104,110,109,107,115,120,116,115,117,115,117,118,117,117,106,20,21,19,23,17
863257279,111,116,102,113,109,113,103,94,114,118,119,115,112,118,116,112,115,114,113,77,84,77,89,74,98,113,103,97,113,23,21,20,20,19
863257289,121,119,119,115,107,120,114,106,106,108,102,93,91,105,122,113,117,110,117,69,67,64,114,60,107,114,106,116,114,21,20,20,22,20
863257876,113,113,95,107,102,112,96,96,116,111,109,116,100,112,107,115,113,114,115,112,118,114,102,116,105,119,117,112,109,19,21,19,17,18
863257889,109,110,96,114,109,107,95,86,113,102,113,107,85,105,109,110,104,111,110,111,115,110,107,115,113,117,114,106,108,23,23,22,22,19
863258498,71,75,32,60,44,29,39,38,80,55,36,79,36,40,44,63,92,83,110,33,38,36,34,39,99,66,66,100,102,115,112,112,116,113
863259191,120,119,117,111,111,116,103,90,113,112,107,96,96,114,119,113,119,114,116,66,75,72,85,73,104,110,96,94,108,16,19,15,16,20
863259307,120,122,85,104,93,112,97,74,116,109,117,110,79,110,115,111,120,114,115,109,112,115,105,115,109,123,117,110,113,25,22,24,26,21
863259716,111,112,92,96,96,108,86,78,113,109,115,107,85,108,107,111,113,114,113,113,112,109,102,112,99,117,103,102,111,17,16,16,15,18
863260247,116,117,113,117,118,118,102,101,115,122,113,111,96,115,124,119,113,121,118,94,94,95,104,86,119,119,108,116,121,23,23,19,20,21
863262135,114,111,97,99,95,109,95,84,115,106,114,97,80,99,111,115,109,106,110,114,115,113,109,116,112,118,112,110,110,19,22,24,18,20
863262863,121,123,109,120,111,115,105,96,118,120,120,104,103,117,123,120,120,118,119,72,77,75,99,71,110,114,106,110,112,23,19,23,25,24
863264453,122,116,92,92,82,106,101,83,111,103,110,111,80,103,113,109,104,106,112,113,116,113,111,119,116,113,118,107,112,19,16,15,18,13
863264652,121,122,114,112,105,118,105,96,117,112,112,96,96,117,119,114,119,107,117,65,69,75,100,60,103,112,104,108,111,22,24,24,21,25
863266815,113,116,107,104,104,112,102,93,111,112,108,99,87,107,116,114,118,113,110,71,75,69,89,72,99,108,108,103,110,17,19,18,15,18
863272834,114,114,103,109,106,111,113,98,117,113,104,119,105,110,113,118,116,116,117,107,116,109,105,109,101,115,115,106,118,18,20,19,18,20
863275298,110,110,93,111,103,101,90,93,118,116,108,118,98,105,111,113,110,111,109,114,113,112,108,108,110,116,112,109,112,18,18,19,20,15
863277031,116,112,78,83,81,91,77,78,113,93,94,110,81,98,99,105,106,108,107,112,116,113,110,114,114,110,116,117,105,17,21,15,17,14
863277643,120,124,106,119,119,118,106,94,119,125,124,106,107,122,128,118,127,121,121,72,85,64,87,77,96,117,115,96,121,22,24,21,21,23
863277954,118,118,113,114,113,113,102,99,114,114,110,106,98,117,119,114,118,113,112,70,87,67,104,71,108,111,102,109,111,22,18,19,18,21
863278046,115,113,80,88,75,95,75,77,121,108,82,122,74,85,107,118,111,109,117,120,120,114,121,119,116,116,115,118,117,22,24,24,26,24
863278773,115,114,93,104,97,113,91,84,119,112,111,107,77,109,114,118,108,114,118,115,116,114,109,114,112,116,113,112,114,19,20,20,18,18
864007489,119,121,122,117,118,124,114,109,118,115,109,108,114,122,122,124,125,117,120,73,69,89,125,69,107,119,107,124,121,21,22,25,25,24
864019580,83,68,44,70,48,58,48,57,69,73,42,65,45,43,40,58,106,111,116,44,52,58,41,53,113,88,99,110,113,118,125,114,123,127
864033730,116,115,98,106,108,104,94,99,119,114,101,119,107,106,113,119,116,122,118,125,124,120,113,117,122,126,129,115,117,21,24,21,23,25
864034666,123,121,97,104,100,112,102,94,119,120,126,107,112,116,122,124,127,117,122,121,123,120,104,117,102,126,121,110,119,24,27,23,20,22
864039943,124,126,116,112,114,130,113,102,124,123,114,115,102,111,124,123,124,125,124,122,116,129,106,117,111,132,132,110,128,22,26,23,23,27
864084333,113,113,99,122,122,117,96,104,121,116,107,121,94,109,115,115,120,116,117,117,120,121,112,113,106,124,121,115,115,26,21,23,23,26
864103133,122,119,117,122,114,121,117,115,117,118,124,112,103,121,123,117,117,119,122,73,72,73,117,65,120,122,103,117,116,25,23,25,22,27
864136497,120,118,109,120,116,109,107,102,116,111,121,112,110,121,119,117,116,117,119,115,118,114,110,117,109,120,117,116,117,21,25,20,26,21
864136590,113,111,112,95,93,112,104,86,106,94,90,104,85,91,105,110,107,119,111,123,121,118,123,122,119,117,122,117,112,28,25,24,24,22
864136600,115,112,101,103,90,103,100,87,104,103,87,102,82,84,101,107,108,119,116,123,121,116,124,124,122,121,123,118,114,20,26,26,22,25
864136705,117,117,95,97,91,104,87,89,108,100,105,102,86,106,108,108,112,121,118,124,121,118,121,120,118,123,125,121,115,25,28,23,26,25
864138161,118,115,99,121,123,109,103,122,123,121,103,126,119,112,113,122,112,121,120,125,125,125,120,120,123,117,120,121,128,27,22,27,26,25
864139443,112,110,102,111,106,108,100,94,114,113,101,112,94,110,112,112,113,119,117,121,118,119,114,118,107,123,122,119,114,23,22,23,25,21
864140053,118,120,119,126,124,122,115,115,123,121,114,121,111,114,119,119,116,128,121,119,120,119,122,112,122,128,125,122,118,22,23,29,21,24
864140057,128,128,105,118,108,113,103,99,114,108,124,110,93,113,120,110,123,126,124,120,119,116,114,118,127,125,118,118,116,26,28,26,21,24
864155355,122,124,116,103,100,122,103,107,122,123,120,110,108,120,124,121,124,120,122,90,83,93,117,89,102,116,115,114,125,21,22,24,26,23
864176403,122,120,120,119,116,123,116,117,108,107,109,103,100,112,117,116,121,119,120,80,85,88,114,79,115,123,123,113,117,19,25,26,22,24
864180283,114,112,109,126,125,115,107,120,127,125,121,127,122,124,118,123,113,119,115,109,116,114,108,107,122,123,121,109,126,27,22,21,23,24
864182152,117,118,122,118,118,126,118,111,121,121,108,118,103,113,121,118,121,122,120,94,102,101,114,91,116,125,122,119,125,24,25,23,22,25
864191566,116,113,92,116,116,111,95,108,120,116,119,118,113,118,117,120,119,121,117,118,119,120,99,114,111,122,120,116,121,21,24,26,25,25
864191910,107,106,119,119,113,121,113,108,112,101,90,97,93,101,108,117,101,119,112,74,69,68,126,72,126,109,118,122,114,20,23,22,23,24
864191924,81,81,43,63,51,48,44,48,61,74,45,64,50,53,45,58,91,96,114,48,58,47,62,50,103,63,73,105,94,118,114,114,118,115
864199266,118,118,120,118,117,120,114,104,110,108,103,103,98,114,115,116,114,109,118,69,76,69,119,63,114,114,112,115,114,23,24,25,22,25
864200104,128,128,126,127,126,130,124,111,118,116,121,103,120,128,122,118,121,120,125,71,71,67,101,66,112,125,105,100,121,24,26,25,24,22
864200577,119,118,97,111,105,113,99,78,117,111,120,114,107,116,113,108,114,114,114,121,119,118,108,119,113,121,116,117,112,26,25,23,25,22
864226380,123,123,116,119,109,120,109,118,115,114,114,106,112,117,122,117,120,121,121,68,71,67,111,66,118,119,119,117,115,24,27,23,22,24
864242878,116,117,113,121,119,116,109,104,119,114,124,117,124,123,120,117,117,118,116,113,115,111,105,118,103,123,118,106,113,25,24,25,20,22
864247686,119,117,120,119,116,121,113,113,111,113,101,96,88,107,109,114,114,116,116,72,83,71,123,67,121,120,120,122,113,26,23,24,21,23
866020801,121,121,128,126,125,128,126,128,113,112,111,104,121,123,119,119,117,121,119,57,56,54,124,54,116,115,107,123,126,25,24,22,23,21
866070966,116,115,94,94,88,107,72,78,123,99,71,121,67,87,109,113,109,115,119,124,126,125,127,125,122,120,117,127,117,22,20,17,23,23
866078063,119,120,116,122,124,120,115,109,120,122,116,111,104,118,125,123,125,124,120,72,79,68,92,73,94,117,99,92,115,21,16,13,18,19
866080170,126,127,104,108,109,122,90,91,116,109,121,107,93,112,122,121,123,118,123,120,123,117,103,119,100,125,118,111,116,16,15,15,16,14
866158023,118,119,127,124,126,125,120,121,121,119,117,120,125,126,126,125,118,124,123,55,54,55,108,52,106,109,85,100,127,24,24,24,24,23
866177003,113,116,102,122,123,119,115,113,129,127,123,131,116,125,127,127,128,130,121,108,109,119,97,109,102,122,110,105,129,22,21,19,22,22
866186146,122,117,123,120,112,124,122,111,115,111,109,107,119,111,120,122,118,115,122,87,79,74,118,74,119,113,118,121,122,18,19,20,21,18
866190674,115,113,100,104,104,112,97,102,121,114,104,122,93,107,116,121,109,115,115,113,124,122,125,121,116,127,128,124,118,16,18,22,16,15
866192119,83,83,49,69,53,52,48,61,63,84,47,63,54,55,52,62,101,101,122,56,53,49,48,55,103,75,79,112,106,124,122,107,125,124
866199503,112,111,104,127,124,118,106,106,127,125,113,128,117,126,115,120,107,119,117,117,123,118,118,122,123,124,124,113,119,23,23,24,25,24
866200104,126,126,119,125,123,129,120,110,121,123,118,103,123,127,121,117,118,118,124,69,67,65,99,64,111,120,98,98,123,18,19,19,23,22
866200145,114,114,108,118,115,113,104,98,121,114,99,125,99,105,113,118,112,121,120,122,124,123,126,123,123,124,125,123,121,23,23,24,22,24
866201024,115,113,92,100,68,86,82,77,117,101,75,119,65,81,110,112,106,119,112,122,124,119,120,122,126,112,123,119,118,18,23,21,19,23
866202126,120,120,134,128,129,131,125,133,120,127,107,128,115,126,120,127,115,128,122,72,74,69,128,69,124,122,112,118,129,24,25,24,28,28
866203376,124,119,100,111,92,109,103,93,121,109,81,126,87,95,102,113,116,125,118,124,126,123,127,119,127,123,120,125,126,21,22,23,24,22
866204970,123,124,124,125,123,121,114,114,123,125,124,119,113,124,125,120,124,112,121,74,74,71,108,71,109,118,101,114,121,19,22,23,21,24
866206113,124,125,123,125,117,126,117,99,123,121,116,103,111,119,123,120,125,124,125,74,76,68,88,67,107,120,101,94,123,23,22,22,21,23
866208418,124,125,119,119,117,122,106,119,119,122,122,107,113,122,124,116,125,107,120,71,73,67,88,67,103,119,111,100,122,22,23,22,24,23
866208787,114,114,102,115,113,117,104,104,126,127,123,122,108,119,116,119,113,117,120,107,120,114,107,110,111,126,120,110,119,18,19,18,19,18
866210008,118,115,109,126,125,122,108,105,124,121,113,122,98,115,123,124,113,119,119,118,125,120,124,118,123,124,124,121,123,24,26,24,24,26
866210035,122,124,119,127,124,127,102,109,124,127,129,115,130,131,118,119,124,122,124,117,123,117,102,120,106,126,113,104,121,22,21,23,22,23
866210406,120,120,108,122,126,120,106,108,125,123,119,122,109,121,123,124,122,118,120,96,109,107,91,96,99,119,105,97,123,23,24,23,24,23
866210602,121,122,120,121,113,122,119,118,121,121,119,110,105,122,122,121,121,122,120,83,75,74,99,74,112,117,112,105,122,22,19,18,22,22
866212198,119,118,121,127,126,126,124,123,127,132,130,129,126,129,120,126,120,119,126,104,115,106,105,108,107,129,126,105,123,24,24,25,24,26
866212228,116,112,127,125,109,126,118,126,112,109,90,98,113,102,108,119,111,113,122,71,76,69,124,62,123,115,121,123,123,18,18,19,19,19
866212622,118,118,97,122,123,116,106,98,128,127,128,128,116,126,118,124,119,122,121,119,125,120,112,122,113,124,119,112,125,22,23,21,23,23
866213331,122,112,94,105,80,104,103,83,124,107,83,123,76,83,101,111,103,118,119,123,123,123,127,121,127,122,123,124,117,18,22,23,22,24
866215441,121,120,125,122,112,126,118,113,114,113,100,101,106,112,113,116,115,117,121,76,75,72,126,75,124,117,112,126,127,23,23,24,23,24
866215698,80,78,44,56,50,43,43,43,79,84,43,91,49,65,61,59,94,102,122,46,53,56,49,51,110,68,59,115,93,122,119,113,125,124
866216354,114,116,123,120,117,123,120,125,121,121,120,111,109,120,121,122,118,121,121,66,63,57,119,59,110,120,100,115,123,22,21,21,20,21
866219683,114,115,119,121,119,124,97,102,125,122,109,125,108,113,119,121,113,115,121,113,120,114,122,114,117,122,121,122,120,22,23,23,22,24
866220570,111,107,91,96,67,99,88,81,119,100,86,115,67,73,101,111,107,116,117,122,121,123,122,118,125,121,125,122,115,18,21,18,17,16
866220901,78,100,43,77,49,47,49,64,101,102,48,109,64,56,53,76,102,102,124,72,57,47,51,54,102,90,72,114,107,122,122,122,127,125
866222077,111,111,93,121,121,113,107,99,126,123,107,127,107,118,116,120,110,117,120,122,126,120,115,124,117,123,123,114,123,22,23,25,25,24
866223710,115,113,129,126,116,129,122,124,113,110,93,98,96,112,112,119,101,104,124,66,70,52,132,54,130,124,110,124,120,22,22,23,21,21
866223874,114,118,105,117,111,118,102,111,124,120,109,124,106,118,122,120,123,125,122,118,126,121,102,115,105,129,125,116,123,17,15,19,18,15
866224179,115,111,125,123,114,126,117,122,114,111,87,99,93,110,111,119,106,111,118,65,82,55,118,55,126,114,113,111,120,18,19,22,22,21
866224293,112,113,106,125,126,110,121,123,128,124,123,127,123,123,111,123,110,119,118,117,118,118,106,119,115,120,118,108,124,22,21,18,18,19
866225951,125,127,123,124,122,123,116,116,116,119,119,112,111,123,123,119,125,118,122,78,77,70,114,67,117,121,115,120,121,16,19,21,20,19
866226161,127,126,117,121,118,126,111,104,124,121,126,122,103,123,124,123,122,125,123,123,126,119,108,120,118,128,125,110,124,23,23,23,25,24
866226268,124,126,113,120,123,127,123,106,124,127,132,120,121,130,114,124,125,126,126,122,123,122,107,121,111,124,123,110,123,26,25,24,24,27
866228813,113,112,112,118,118,116,99,101,125,123,124,128,118,124,118,123,115,123,119,112,119,117,96,115,107,123,108,106,123,23,21,20,19,20
866229188,119,120,124,122,111,124,120,122,114,108,97,107,95,111,116,114,116,117,119,70,78,61,122,64,122,118,110,122,121,17,22,23,21,23
866229236,120,120,89,96,86,110,109,80,121,117,124,107,93,117,116,121,118,120,119,123,124,124,120,121,115,125,123,119,116,19,20,19,16,19
866229237,122,117,96,104,88,103,90,86,123,109,87,123,82,88,107,119,110,114,119,123,123,122,120,124,123,115,119,120,118,21,22,21,22,18
866229558,125,121,90,100,83,99,83,77,124,120,85,124,71,91,110,116,111,121,120,122,125,124,121,120,126,119,124,123,118,24,23,22,24,26
866229891,119,121,104,114,106,121,99,91,123,123,126,115,84,117,122,117,121,120,121,120,123,119,108,122,115,124,122,117,117,18,21,20,18,19
866230142,121,123,125,121,122,125,120,127,122,122,116,110,111,122,123,121,121,119,122,80,80,71,109,66,109,122,106,105,124,22,22,23,21,22
866230621,80,82,41,79,45,48,38,45,76,92,46,83,43,48,53,83,107,94,124,54,50,51,51,42,110,74,83,114,115,126,121,111,125,121
866230872,85,86,36,78,44,46,43,55,83,92,44,66,43,44,43,63,106,97,123,50,48,49,43,46,100,83,84,114,99,122,120,110,125,123
866231443,127,127,126,128,119,125,123,115,124,122,120,118,111,125,125,121,127,116,124,77,73,70,114,72,109,118,103,104,122,23,22,23,24,24
866231478,122,123,128,123,116,128,124,116,115,117,101,111,88,121,118,121,123,128,127,86,84,78,124,72,123,120,124,123,123,24,25,22,25,24
866231747,133,134,133,128,129,130,124,130,121,117,113,113,109,129,128,124,130,124,129,64,68,64,106,63,116,122,98,110,128,25,21,23,24,24
866232580,123,118,108,104,89,118,91,82,126,112,93,122,85,103,104,121,115,126,123,126,125,123,131,127,126,122,126,125,125,23,23,24,23,24
866233400,111,112,87,109,105,89,77,63,109,81,76,112,100,72,98,107,102,114,116,117,122,121,116,117,123,117,118,118,112,16,18,16,20,15
866233419,126,127,118,123,123,124,114,122,121,123,123,118,119,125,123,121,125,118,122,79,86,76,112,75,106,122,117,111,124,23,23,23,25,24
866234249,111,107,126,124,108,127,107,113,106,98,85,85,85,106,112,121,109,107,119,57,64,65,124,59,121,116,102,123,119,18,18,15,18,18
866234378,125,117,112,126,125,121,110,106,129,125,129,128,125,128,121,122,117,125,122,123,127,125,121,127,125,130,128,121,127,23,23,25,23,23
866235073,80,80,44,64,52,43,44,46,83,82,71,68,49,50,49,66,101,104,122,55,55,57,51,58,111,74,82,108,108,124,122,111,124,123
866235149,112,113,94,111,110,110,102,99,122,115,96,120,76,99,120,121,114,117,118,121,122,124,116,123,111,122,123,117,121,22,21,19,21,19
866235454,117,119,93,110,83,105,79,86,123,104,104,125,91,107,110,111,114,122,120,122,126,126,122,122,122,121,119,123,117,18,19,18,18,21
866236403,120,120,92,104,83,105,81,70,122,105,90,122,67,91,107,119,111,117,115,122,121,122,125,122,123,121,121,123,121,25,23,23,25,24
866236703,127,127,102,121,114,125,95,93,120,129,131,119,124,129,117,123,122,123,123,121,123,124,99,121,117,127,120,106,118,18,22,22,22,20
866236772,127,126,119,127,126,122,116,114,123,126,126,124,126,126,124,124,124,117,120,109,115,107,101,110,111,124,117,109,124,18,20,21,21,22
866236918,119,121,122,118,126,123,115,121,120,123,125,119,114,120,117,121,122,118,118,74,70,66,89,69,101,119,99,98,120,19,16,18,23,20
866237238,115,114,123,125,123,126,123,102,126,118,109,121,100,115,121,121,115,122,121,119,123,120,123,118,124,127,123,118,120,23,24,24,24,25
866238074,126,126,105,125,120,120,104,106,124,118,127,120,116,126,120,123,119,129,124,121,126,117,114,119,125,125,124,119,119,21,22,20,22,23
866238744,118,118,104,118,107,124,106,93,122,124,122,121,96,121,122,123,116,122,123,120,123,113,123,122,117,125,119,123,123,21,21,20,23,21
866239053,128,127,110,129,128,124,108,103,126,121,118,126,113,121,123,123,121,121,123,116,124,121,111,121,117,129,120,111,127,22,23,23,24,23
866239085,129,126,131,128,122,129,127,123,114,110,87,93,105,123,114,119,119,125,121,68,72,66,129,66,130,121,118,123,127,24,26,27,24,28
866239231,123,123,100,112,104,119,95,90,122,117,120,111,95,117,114,122,120,124,122,123,123,120,115,116,106,125,120,115,117,19,23,23,20,23
866239580,120,118,103,107,86,113,73,77,118,104,80,121,58,91,106,107,112,121,117,125,124,124,126,123,125,117,124,125,120,23,25,26,27,26
866240834,63,60,31,74,48,36,33,42,76,85,38,84,32,38,38,44,68,71,115,48,36,37,40,34,101,67,54,104,69,121,118,113,121,122
866241084,130,131,128,124,119,127,120,99,123,126,117,122,93,120,127,124,130,120,127,74,79,65,120,73,109,124,120,122,127,24,25,24,25,22
866241095,119,120,112,121,121,123,113,119,122,122,117,114,111,117,122,120,121,123,121,113,119,115,96,110,109,124,112,104,119,21,20,21,20,23
866241236,125,125,125,124,120,124,114,103,120,117,119,97,109,123,125,124,125,124,124,64,63,61,115,63,118,121,121,120,123,22,23,22,23,21
866241509,124,124,98,118,117,123,92,93,124,124,122,122,112,123,124,120,126,124,123,123,124,123,109,123,101,123,121,112,120,19,22,22,24,22
866241637,117,116,97,118,115,111,89,92,124,119,96,123,91,110,119,121,118,120,122,121,123,124,122,123,121,123,122,122,121,21,22,23,22,22
866242187,118,123,121,116,108,127,121,105,121,121,113,116,99,117,121,117,120,119,123,72,94,77,123,93,105,124,120,118,119,18,18,17,21,22
866242201,111,115,109,118,118,120,98,115,123,123,124,121,121,122,119,121,113,120,120,120,121,121,104,117,110,124,118,113,123,18,19,21,17,19
866242444,121,123,124,122,123,126,122,110,121,121,116,109,102,123,122,122,126,121,126,63,65,62,123,59,106,113,110,117,123,19,19,17,18,19
866242664,123,124,106,111,115,121,103,89,122,121,122,105,103,113,126,124,125,114,122,116,122,117,90,118,101,122,117,99,118,23,23,24,25,24
866243715,123,121,97,107,78,106,81,86,125,110,87,124,79,104,118,121,112,124,122,123,128,122,125,127,125,123,123,124,122,24,25,23,21,25
866243854,121,118,94,104,89,105,89,80,116,108,97,117,88,99,106,113,110,118,118,121,122,120,123,121,123,120,123,122,112,20,22,23,25,23
866244176,118,117,129,122,119,129,125,113,114,120,110,103,105,120,120,120,116,123,124,80,86,73,120,75,122,116,121,120,125,25,23,24,23,24
866244470,116,117,89,105,99,122,99,87,115,114,127,121,93,114,111,116,110,121,120,125,123,122,116,122,120,125,124,119,112,18,21,22,20,21
866244778,122,122,116,120,122,121,104,101,121,124,120,116,106,123,124,123,124,109,123,85,86,73,98,71,108,121,110,108,122,21,22,21,23,22
866245037,119,118,84,108,99,95,84,83,126,107,84,124,77,84,100,120,118,114,121,123,124,124,118,123,118,122,123,119,116,16,21,19,21,18
866245158,128,127,127,125,118,129,122,114,111,115,97,100,98,111,121,118,115,120,125,65,67,69,119,66,114,120,117,121,121,16,16,18,16,17
866246191,124,124,124,125,122,125,120,120,122,123,118,115,124,125,121,122,123,124,124,85,80,70,110,73,108,122,119,116,123,23,24,22,22,24
866246826,119,119,83,94,73,90,76,68,113,85,72,118,79,73,97,110,108,112,115,122,120,120,119,119,120,118,118,123,111,17,18,19,19,15
866247090,117,120,116,119,116,120,108,114,126,124,113,125,115,120,119,124,121,121,121,116,117,118,109,115,117,124,125,109,125,23,21,20,23,22
866247257,120,120,93,98,80,108,82,85,115,91,81,121,77,84,101,115,110,113,117,120,119,119,120,121,119,118,119,120,115,23,23,23,26,25
866247635,126,127,122,126,127,124,123,114,123,125,120,119,122,127,127,120,128,123,125,73,81,72,109,73,110,123,114,111,123,25,23,24,24,21
866247819,122,120,97,108,107,107,95,88,121,110,115,130,93,113,112,117,108,116,118,123,125,123,126,126,123,117,125,125,119,23,24,25,23,22
866247827,128,130,126,126,127,123,107,110,124,128,129,117,126,131,131,123,132,127,125,89,89,81,104,76,108,121,117,106,126,24,26,24,25,25
866247851,115,114,116,120,122,119,109,111,126,125,115,126,108,122,123,120,118,123,120,119,126,116,115,116,119,128,127,114,126,22,23,22,23,22
866250959,114,115,103,116,116,112,104,89,124,123,123,123,104,123,119,122,117,120,120,119,122,120,108,119,110,123,120,111,122,22,21,21,24,23
866251377,119,116,118,118,120,120,106,123,121,122,114,116,111,116,123,122,121,117,116,95,89,81,103,88,103,121,121,108,119,15,16,16,18,17
866251570,121,121,114,120,110,120,114,108,123,127,125,114,114,123,128,126,125,127,122,71,71,72,98,68,114,117,109,96,126,27,25,28,23,26
866251805,123,122,93,101,83,114,80,82,123,114,116,108,74,97,121,123,121,121,120,125,125,120,121,124,122,122,123,121,123,22,22,23,23,23
866251854,123,124,107,120,115,123,108,102,129,126,114,128,107,119,128,127,128,128,126,121,124,118,97,119,107,128,123,104,128,26,25,27,25,26
866252042,127,128,127,123,111,125,115,118,120,117,106,108,83,113,124,122,127,113,124,69,76,69,126,65,120,120,94,124,122,18,21,22,24,23
866252145,130,130,109,119,107,123,97,98,124,121,123,119,115,115,121,117,126,120,125,121,125,121,112,122,114,125,118,115,118,22,23,23,25,24
866252162,120,117,126,120,114,125,117,115,111,108,93,95,100,111,110,116,121,115,122,73,75,71,125,74,113,118,110,122,124,15,18,16,15,17
866253109,120,119,114,118,129,115,98,111,125,129,129,127,120,125,124,125,125,115,124,104,119,108,110,95,117,125,116,106,126,19,20,18,18,16
866254817,122,122,110,109,97,122,82,81,117,116,119,109,84,113,120,120,122,111,118,116,123,120,102,121,107,118,113,113,116,18,23,23,24,22
866255253,123,123,109,122,126,123,105,119,131,126,116,130,116,127,125,127,128,127,126,116,117,117,99,109,106,125,122,105,130,24,25,26,22,24
866256196,121,121,81,90,84,95,81,83,119,93,88,113,80,85,94,112,113,118,123,124,125,124,118,120,122,118,122,122,120,23,20,21,23,21
866258378,126,125,122,119,121,120,105,109,118,121,115,108,101,121,126,124,127,119,119,71,76,66,94,68,98,120,98,102,119,16,15,15,15,17
866259399,127,127,125,123,107,125,115,113,109,108,103,106,95,109,119,110,121,121,122,63,63,61,118,59,124,120,109,123,121,17,22,22,21,18
866259480,123,124,124,120,121,125,114,98,122,123,110,119,102,118,125,122,123,124,123,81,92,75,108,73,120,114,111,109,124,20,21,18,20,15
866259532,73,84,30,64,36,40,36,45,68,74,35,67,43,33,41,52,97,98,122,43,45,40,38,45,92,73,83,106,98,123,125,108,125,123
866261478,117,118,124,122,110,126,116,116,113,109,100,94,93,108,116,116,113,115,120,62,63,65,120,56,121,114,109,119,122,15,18,19,16,21
866262311,123,121,91,103,95,119,92,84,118,115,122,115,82,112,114,117,118,120,120,120,121,118,102,119,112,124,117,110,111,18,21,16,18,18
866264388,124,125,119,120,119,119,109,104,120,122,113,110,101,119,124,121,127,122,116,76,79,74,99,71,99,117,107,109,116,17,18,15,17,16
866264652,127,126,119,118,114,124,111,101,121,118,116,104,102,124,123,119,125,112,122,70,73,73,111,66,107,116,110,113,118,23,24,22,22,23
866265693,121,120,79,103,83,111,74,85,121,110,101,122,81,96,107,117,114,118,118,121,123,122,118,120,121,120,123,123,118,19,20,17,22,22
866266039,121,119,83,104,83,103,85,71,118,104,109,117,70,98,109,119,115,108,118,123,123,121,124,121,122,122,119,124,114,21,16,21,18,15
866267991,113,112,99,109,110,116,101,93,125,117,98,124,90,107,115,121,117,114,118,119,122,119,104,116,109,121,113,106,117,18,19,21,21,18
866270673,123,123,108,119,107,120,101,105,125,122,110,121,105,112,123,125,123,125,123,107,117,109,103,106,111,126,112,109,123,19,19,16,21,15
866270728,124,128,107,121,117,123,113,97,118,116,119,113,111,120,123,124,126,118,121,120,123,123,110,123,114,126,119,119,120,18,18,17,19,18
866273748,118,113,125,122,109,126,117,121,112,109,85,92,86,107,118,119,111,115,121,61,73,72,124,72,121,119,113,122,117,19,21,16,21,16
866275138,119,124,110,118,117,118,94,100,123,120,122,124,117,119,118,120,121,123,120,116,123,120,91,118,105,123,121,110,117,18,16,18,19,18
866275192,118,110,100,108,87,104,109,99,121,102,79,124,79,80,103,116,109,117,118,125,123,124,127,119,126,119,124,125,114,19,20,16,22,22
866275298,119,118,104,120,111,111,107,102,128,124,113,128,105,112,120,123,119,121,118,121,122,120,115,116,120,125,123,117,122,21,21,22,22,18
866275771,122,118,130,128,110,129,120,124,113,107,89,90,88,108,117,118,109,115,123,78,70,60,127,64,127,116,125,122,123,23,23,22,21,23
866276493,122,120,91,97,71,111,78,79,121,107,117,109,73,97,109,119,113,119,120,124,126,121,121,125,122,124,123,123,114,20,22,23,18,19
866277427,120,118,104,115,107,117,88,88,125,115,118,110,93,117,119,124,119,119,122,122,125,122,122,121,116,124,121,120,122,18,19,19,19,18
866277643,126,132,119,127,129,126,119,103,125,129,126,114,114,129,133,123,132,128,128,79,86,72,94,83,104,123,119,102,129,24,24,24,25,24
866277809,115,120,103,112,111,107,103,101,123,122,114,122,101,117,123,122,119,121,118,112,121,119,107,116,102,122,117,114,120,18,19,15,16,15
866277846,123,121,120,126,129,123,102,101,126,127,120,117,122,127,129,124,126,123,125,93,112,94,115,98,114,123,124,116,125,22,20,22,24,19
866277954,127,129,122,125,125,122,113,115,123,123,123,115,107,124,127,121,127,123,122,77,89,74,114,70,118,121,109,119,122,21,21,22,21,24
866278046,117,117,82,90,78,99,79,78,123,111,84,121,75,85,111,120,114,111,120,122,122,121,122,123,118,121,118,123,121,22,23,23,24,23
866278339,122,122,92,108,94,120,87,85,123,113,121,106,78,110,123,122,112,114,122,119,122,119,109,120,112,120,118,113,116,19,20,19,18,19
867000027,118,119,110,114,114,121,109,94,115,115,113,105,105,115,121,119,121,119,117,73,73,73,94,69,97,112,111,103,119,22,29,26,25,29
867000240,116,115,104,117,118,123,104,102,126,120,102,124,103,111,118,121,114,125,121,123,128,123,118,125,126,129,132,118,123,21,25,25,27,23
867000250,119,118,114,124,125,120,113,114,123,126,130,128,130,131,120,121,117,123,117,106,110,108,106,108,109,126,126,106,123,24,26,23,24,28
867001040,130,130,109,132,128,124,111,113,122,118,129,119,128,129,121,122,121,131,127,121,122,122,107,125,118,129,122,120,120,21,25,23,23,25
867001088,120,118,91,102,88,84,88,87,112,111,86,120,83,92,103,112,110,119,118,125,120,123,124,125,119,116,126,121,119,21,23,27,24,25
867001116,116,116,94,107,97,103,88,87,116,112,88,121,90,93,108,110,114,125,114,123,122,121,126,123,123,121,126,125,119,21,27,28,23,24
867001183,115,119,88,90,78,102,83,85,104,94,88,103,73,94,93,105,115,128,121,127,123,126,124,127,118,114,128,129,116,24,22,27,27,26
867001238,117,118,123,127,124,123,123,126,125,125,122,124,122,121,122,124,114,121,121,76,85,73,118,75,119,121,126,115,126,21,25,27,23,24
867001419,120,119,105,118,117,123,103,107,126,120,99,122,98,110,123,123,115,125,120,122,125,126,122,125,128,131,131,121,125,23,22,24,23,25
867003622,115,118,94,96,85,106,86,85,111,95,89,106,83,91,96,107,110,118,118,123,120,122,122,125,111,114,123,123,109,27,26,24,28,25
867004202,113,113,100,116,114,108,97,93,120,106,101,114,88,106,107,110,109,127,118,124,125,125,106,124,118,125,128,110,112,22,24,25,28,25
867005589,128,129,115,126,124,122,114,124,124,128,133,120,125,131,129,126,127,127,123,92,96,91,105,85,116,126,127,110,130,27,27,25,24,22
867006235,122,121,116,124,124,123,110,108,121,121,123,119,118,118,120,119,121,123,119,106,114,114,107,100,111,126,126,107,123,22,25,27,23,22
867007518,112,112,104,123,122,119,117,117,126,125,120,124,122,121,120,123,112,121,116,110,104,107,107,99,112,120,124,102,124,24,23,26,22,26
867008348,115,115,94,110,97,118,91,93,117,100,117,103,91,111,110,116,112,121,117,123,121,119,112,121,112,122,126,116,117,22,28,23,25,27
867009593,112,111,99,109,107,120,112,103,125,125,118,124,113,120,119,123,111,113,120,86,82,94,98,73,103,117,99,99,122,25,27,23,25,22
867009676,130,130,132,123,122,132,123,122,116,110,108,106,117,125,126,126,130,130,127,81,72,71,114,71,112,126,119,118,133,22,25,23,25,27
867016254,83,91,43,81,83,48,44,47,68,82,39,81,43,47,38,53,93,93,120,48,43,47,47,47,101,73,95,113,97,122,117,105,122,117
867016619,119,118,98,105,94,103,100,98,110,95,95,104,92,95,94,105,114,121,117,123,121,119,121,119,115,118,123,122,110,21,23,27,23,28
867020775,118,119,107,120,122,118,114,111,117,122,125,109,121,127,123,120,121,108,119,77,74,73,93,74,102,115,108,97,120,25,28,24,25,23
867028130,119,119,115,118,118,115,113,120,117,121,117,113,123,123,126,123,121,125,117,63,67,58,103,61,104,115,103,107,126,21,28,27,24,22
867031432,121,122,129,130,124,128,128,115,111,112,101,99,118,116,115,120,119,129,120,76,76,72,130,68,129,121,131,127,125,23,24,22,25,22
867041236,118,118,129,132,130,127,130,118,116,112,107,111,118,118,122,124,119,127,121,72,86,68,128,74,128,120,129,121,128,26,28,23,24,23
867045197,115,114,103,126,123,116,112,121,131,128,122,131,122,123,112,126,114,124,119,116,120,128,119,118,118,125,127,114,129,21,21,23,24,22
867045674,119,117,104,120,118,118,103,95,122,115,103,119,94,116,118,117,115,123,115,116,121,120,108,115,123,124,123,114,116,26,25,28,23,23
867053302,115,114,113,122,120,117,112,106,125,120,98,128,107,103,118,117,111,115,120,120,121,124,120,125,121,123,127,117,124,23,21,26,23,24
867054050,120,120,120,123,119,123,119,116,119,118,113,119,116,122,121,123,119,124,120,82,88,78,117,75,120,120,126,116,119,23,24,26,22,22
867135455,121,120,101,122,119,120,113,91,115,116,120,118,99,117,118,110,114,114,118,119,120,117,103,117,116,122,119,108,113,23,24,28,29,25
867138412,119,118,109,121,119,122,109,126,123,118,125,120,117,123,117,121,113,124,121,117,123,118,113,116,116,127,125,111,122,25,23,22,28,23
867142754,115,114,90,109,98,96,92,94,123,112,98,124,95,106,106,116,111,128,120,125,124,126,111,122,118,126,128,117,117,22,23,23,25,28
867157481,108,106,91,99,86,87,84,73,114,103,83,122,78,93,93,113,100,114,112,118,120,119,119,120,117,111,120,113,114,22,25,28,23,27
867161840,113,110,110,121,117,117,102,123,121,117,102,126,117,118,108,117,112,123,115,122,121,124,124,123,120,119,125,125,123,28,22,27,23,25
867162895,119,118,116,122,119,127,121,121,132,132,129,130,120,126,120,128,122,120,127,98,103,98,99,93,108,124,114,108,127,22,24,22,26,27
867166676,118,119,125,119,109,128,119,118,114,112,108,89,103,112,115,120,119,113,123,71,72,72,125,69,116,117,119,124,123,24,22,22,27,25
867167680,114,112,121,129,127,118,107,126,124,118,119,127,129,122,107,123,112,124,118,123,127,125,121,122,122,121,127,124,123,21,23,21,25,22
867173210,119,119,112,123,124,123,115,113,128,122,122,123,110,121,126,125,124,117,121,118,119,124,102,119,112,127,129,105,123,27,22,25,26,25
867176676,121,122,100,114,112,120,101,94,121,120,122,119,102,119,123,121,121,120,119,118,121,121,104,121,111,122,122,108,121,25,23,23,28,24
867176944,110,108,119,114,113,120,108,104,122,119,99,118,93,103,116,119,103,122,118,108,121,119,128,111,126,119,126,122,115,22,27,25,24,28
867181783,111,110,123,120,108,124,121,111,110,103,99,100,87,111,111,120,108,121,118,88,88,79,124,97,121,118,122,123,121,25,24,22,25,28
867183512,123,122,99,118,114,114,93,98,118,106,123,116,93,119,119,114,116,115,119,116,120,123,120,123,115,123,123,120,113,25,26,22,24,21
867189513,112,110,112,121,118,117,106,126,127,127,130,127,127,128,124,127,116,117,116,111,123,119,103,117,113,122,124,101,127,25,21,25,23,20
867191972,122,122,115,118,120,119,115,105,118,121,116,109,114,121,124,120,121,119,119,84,76,79,107,75,113,114,106,112,120,23,24,22,24,26
867192629,124,126,129,122,122,129,122,121,122,125,121,116,120,125,123,124,127,123,127,78,69,82,109,66,105,122,112,105,124,25,26,22,23,25
867192816,104,101,92,91,75,97,78,78,111,91,100,118,77,98,91,108,102,109,104,120,120,117,122,118,120,111,121,122,112,23,29,23,26,28
867193474,114,116,101,119,116,114,88,94,121,113,99,118,97,100,121,118,121,122,123,122,127,126,106,122,111,126,127,118,116,25,24,27,28,24
867197781,118,120,117,116,117,121,109,123,127,126,123,123,117,123,127,125,124,128,123,78,91,84,100,76,105,119,111,103,126,23,22,25,24,23
867199503,107,105,105,121,119,114,100,101,121,121,114,122,117,120,111,116,103,113,111,110,117,116,115,116,116,119,120,107,114,27,23,24,26,23
867200145,118,116,108,120,118,114,108,103,123,113,102,126,102,106,117,121,114,125,122,123,125,128,124,128,123,126,129,124,122,26,27,25,25,25
867200752,116,115,79,101,80,85,78,78,118,93,94,111,73,93,98,105,110,113,114,122,121,119,116,120,120,114,121,120,112,25,24,22,27,22
867201024,114,112,91,98,73,84,83,75,114,99,77,113,70,73,108,108,103,117,113,120,121,116,122,120,123,106,120,117,114,23,24,22,29,26
867202695,102,102,98,101,90,103,88,89,108,101,93,122,92,98,113,113,103,118,113,123,121,120,124,124,123,122,123,123,116,27,23,25,24,22
867203263,107,99,96,106,85,100,89,91,114,101,77,120,83,83,104,108,93,113,112,119,120,116,124,114,123,110,122,115,112,27,29,22,23,27
867204963,121,121,94,106,99,119,91,88,121,111,121,118,88,114,115,116,120,121,119,122,121,118,109,119,108,124,122,112,117,26,27,27,28,22
867205569,107,111,108,122,120,118,105,121,125,123,127,122,125,127,113,117,116,116,115,108,120,116,108,111,105,124,123,108,121,26,25,23,27,28
867208128,118,117,117,129,127,118,109,128,127,126,128,128,126,129,117,123,117,119,121,114,118,118,100,116,112,124,124,99,123,22,27,24,24,21
867208333,117,111,99,117,115,111,94,107,120,109,98,121,97,105,116,116,108,116,112,113,119,120,115,113,118,120,120,114,119,27,22,24,25,26
867208461,113,110,94,112,114,116,102,103,119,112,101,119,93,102,111,116,110,114,113,114,118,123,113,115,113,121,123,114,117,27,28,25,25,25
867208620,113,116,93,109,105,113,96,98,121,106,102,120,103,108,119,119,119,119,120,116,120,121,116,118,110,120,123,115,119,28,25,23,26,23
867210008,115,113,113,118,113,121,103,103,123,117,110,119,95,112,118,121,110,118,115,114,122,118,121,118,120,124,123,117,120,22,25,22,28,24
867210047,108,108,108,123,123,106,95,101,118,118,108,126,103,111,112,114,101,120,116,124,122,126,124,125,123,121,126,122,118,25,22,26,28,23
867210413,109,109,89,97,87,105,80,78,115,94,83,116,83,87,99,113,103,110,110,118,121,121,119,117,117,111,118,118,115,22,27,25,28,27
867210455,116,117,93,108,93,113,90,91,113,108,114,113,94,113,115,109,115,118,116,120,122,120,113,116,101,122,121,116,109,20,23,25,24,28
867210935,121,123,125,123,120,125,117,129,127,125,127,124,119,125,123,123,125,127,120,88,87,83,107,80,108,119,125,111,120,20,23,20,24,21
867212198,117,116,119,122,124,124,121,125,127,129,125,127,121,125,117,127,119,120,122,102,114,105,106,108,105,127,128,107,126,25,27,28,25,22
867214101,121,123,114,112,109,117,107,114,111,112,113,104,107,112,123,115,122,118,121,69,62,63,97,63,103,110,105,95,115,22,24,23,28,24
867214649,121,122,128,124,122,128,127,125,114,111,111,108,118,122,122,122,122,120,122,93,99,94,119,89,116,119,119,119,125,21,24,28,23,25
867216352,112,112,103,120,121,112,99,99,123,122,118,125,107,117,120,119,114,118,117,118,121,120,105,121,112,124,124,106,123,25,24,28,21,24
867220502,120,121,117,117,116,121,107,113,122,118,117,111,100,117,123,118,121,119,118,104,101,102,109,103,107,119,115,103,117,26,28,27,23,23
867220697,119,120,119,123,123,122,109,102,123,125,124,120,125,125,123,119,125,114,120,92,90,71,88,87,101,119,120,96,123,24,27,28,27,25
867222077,108,108,100,117,116,108,102,101,123,113,108,122,104,113,119,120,106,113,114,116,122,116,106,114,113,119,116,110,121,24,25,24,28,24
867223334,121,119,117,119,111,124,105,103,120,118,110,118,94,111,124,119,113,118,121,120,123,122,122,111,124,125,126,122,120,22,26,23,25,26
867223848,114,114,122,123,121,126,109,99,124,124,123,122,119,121,123,120,108,124,119,110,120,114,128,110,125,125,126,121,120,21,24,23,27,22
867224232,119,119,107,117,111,120,113,108,124,121,114,121,106,116,119,121,119,122,118,110,120,106,100,112,108,124,121,103,121,24,23,26,24,27
867224309,114,111,111,121,120,114,102,106,123,120,121,121,123,123,122,121,111,113,117,111,119,116,107,99,109,119,121,105,122,26,25,26,22,25
867225193,115,114,115,117,113,121,98,106,124,120,110,122,107,117,119,120,113,119,120,120,123,122,127,117,117,124,126,125,119,23,25,23,27,26
867227535,114,113,93,110,105,114,94,98,122,120,117,120,102,113,121,121,112,111,117,110,118,116,106,114,104,120,121,111,119,22,24,27,25,27
867228251,118,118,117,119,123,121,109,120,123,124,125,119,123,124,121,119,119,118,120,108,110,110,107,103,105,121,117,107,122,25,23,23,24,26
867229391,102,100,103,113,110,106,93,93,120,107,96,121,93,105,108,116,99,109,110,116,120,117,119,119,116,119,123,118,113,27,23,22,25,25
867231352,119,117,122,118,108,123,123,117,116,104,94,92,83,105,119,120,114,114,119,78,73,71,121,69,121,109,106,119,116,25,22,22,28,26
867231591,119,119,89,108,102,111,93,85,117,114,121,111,105,118,117,112,117,121,114,119,120,116,100,119,102,121,118,103,109,27,27,23,25,22
867232488,120,118,95,93,87,104,89,76,116,101,82,115,78,90,94,108,114,119,118,118,121,122,124,124,120,118,127,125,117,28,24,24,27,23
867232656,130,130,111,122,118,118,106,106,121,113,122,109,113,116,124,118,120,119,124,119,122,117,118,125,119,124,125,119,114,25,23,22,26,22
867235790,119,120,119,115,109,126,115,113,122,122,106,107,93,115,117,120,118,116,118,85,94,79,123,92,109,121,120,120,118,27,24,24,23,23
867236480,112,110,97,115,114,108,98,91,120,110,96,111,103,97,119,112,111,118,115,115,120,119,99,111,109,118,120,112,114,25,22,24,28,24
867237646,122,122,108,114,99,119,105,94,115,117,115,102,86,110,114,115,120,116,116,116,121,117,120,122,108,124,123,120,113,24,27,25,28,23
867238216,117,115,119,117,117,119,105,98,121,118,118,117,104,117,117,116,117,114,118,104,119,112,96,106,103,122,123,99,116,22,24,28,26,25
867238794,129,129,122,120,117,126,113,109,118,121,116,112,102,121,126,118,130,121,123,72,75,68,100,71,105,117,104,108,119,21,24,23,27,23
867239580,115,114,106,101,83,106,70,75,110,94,78,113,63,86,102,99,106,119,111,121,120,118,122,118,120,109,120,120,114,26,28,26,29,24
867240243,121,121,121,119,116,120,113,113,114,118,108,105,103,117,123,115,121,113,119,77,71,69,112,68,109,118,114,114,117,21,25,26,24,26
867240716,120,119,90,103,88,113,88,82,114,104,113,111,83,110,115,112,118,108,117,119,119,119,117,115,110,118,121,116,111,27,27,25,28,26
867241096,119,117,110,116,107,112,95,102,120,116,119,122,114,119,119,121,113,120,116,116,121,110,106,113,107,121,122,103,122,26,22,23,28,24
867241236,121,122,120,122,116,121,107,95,116,114,118,95,101,119,124,119,121,122,120,73,71,66,117,68,116,117,120,117,117,23,24,27,26,28
867242453,118,113,106,90,78,105,86,69,111,91,81,109,78,83,103,111,109,111,113,120,120,116,122,117,117,116,121,120,114,24,27,28,27,22
867242964,129,129,122,119,121,124,105,119,117,122,122,111,112,124,126,118,125,114,122,83,85,78,93,83,103,126,124,100,122,25,22,27,21,21
867245367,127,127,122,122,123,124,114,112,126,124,120,120,112,121,125,119,128,124,128,88,93,86,108,84,108,119,121,108,120,22,24,28,24,28
867247851,114,113,114,118,119,116,106,104,128,125,112,124,108,119,124,122,116,125,120,121,124,118,115,120,117,129,129,115,123,21,24,27,26,24
867248146,127,128,129,123,121,131,126,122,110,108,97,107,98,127,121,125,128,127,129,76,74,73,119,78,114,121,113,121,127,21,22,22,27,24
867250723,114,116,95,111,115,113,96,95,119,111,97,112,91,109,122,118,119,118,116,111,118,116,108,116,113,116,119,108,115,24,23,25,22,25
867252371,118,117,109,113,112,121,105,99,122,118,105,120,97,113,121,117,117,121,117,109,118,115,111,114,109,123,120,112,122,27,24,23,27,22
867256079,118,120,91,113,108,107,90,91,120,107,98,118,93,102,118,114,120,120,115,118,122,116,109,123,113,122,123,115,119,28,22,26,26,22
867257279,119,122,114,121,118,122,109,100,121,124,126,119,119,123,120,118,122,120,121,88,93,88,97,87,104,119,117,103,122,22,24,24,24,25
867261593,112,111,97,94,78,95,84,80,107,93,85,103,77,87,91,104,103,119,113,123,118,120,120,123,120,114,122,119,112,28,25,22,27,28
868001109,123,121,96,106,97,106,99,93,117,109,117,115,78,109,114,114,116,127,119,126,122,124,123,124,117,120,122,123,119,28,20,26,28,29
868001397,118,122,117,125,124,118,123,119,122,123,122,119,122,125,128,128,125,126,120,93,96,102,118,76,114,122,119,110,130,29,29,29,29,33
868001419,116,113,101,117,116,117,99,104,122,116,97,122,98,107,121,119,109,119,115,114,121,119,117,120,125,123,124,119,122,20,26,23,27,28
868001625,130,128,128,122,123,120,119,123,112,109,109,113,124,128,123,120,128,125,120,77,67,72,110,80,113,120,103,115,128,33,35,30,35,33
868004000,116,116,121,121,122,118,122,115,119,121,108,107,117,120,122,124,118,121,118,61,68,70,106,63,112,119,99,106,125,23,22,23,22,24
868005471,115,115,122,125,125,123,122,122,122,122,120,122,122,121,118,120,115,120,120,96,103,103,108,94,112,124,112,108,121,24,27,24,28,26
868005589,124,124,112,122,122,118,111,120,115,121,127,110,121,127,125,121,123,121,118,87,89,84,101,79,112,123,117,104,125,27,29,28,29,27
868007289,120,116,92,102,74,101,94,90,114,99,90,115,68,99,100,112,112,123,116,123,120,119,123,120,120,114,121,119,116,25,23,22,22,24
868007512,120,122,124,120,116,122,119,120,107,105,104,89,99,120,114,116,119,119,120,58,61,63,122,58,113,116,96,121,121,20,20,22,23,23
868009676,124,125,126,119,116,126,123,119,111,102,104,101,114,122,121,117,125,124,122,74,63,63,110,62,106,117,106,115,126,26,26,27,29,28
868013128,124,124,126,121,120,124,121,121,106,103,101,95,120,123,117,117,123,120,121,57,53,63,123,51,112,117,107,122,123,28,27,27,28,29
868037576,128,128,128,120,120,126,122,124,112,105,105,103,112,122,129,123,127,129,124,63,66,65,111,58,111,119,95,111,129,22,24,24,25,23
868045674,118,115,110,120,120,116,108,97,120,111,109,120,92,115,114,117,112,120,116,118,120,118,115,113,121,123,119,117,118,27,27,29,30,27
868049072,115,116,125,125,124,123,120,119,114,114,110,102,118,124,114,118,114,116,118,66,60,62,112,59,109,116,107,111,124,18,25,24,20,17
868052241,119,121,122,117,115,122,118,118,109,111,109,98,114,114,112,117,121,112,117,73,78,73,121,78,107,115,108,113,117,29,25,31,27,28
868107715,116,115,92,115,104,100,93,84,112,95,88,113,95,92,108,112,107,117,110,121,116,121,119,119,122,114,116,118,112,17,21,16,19,26
868135455,120,118,104,121,120,122,114,90,114,118,122,120,101,117,117,111,112,112,117,116,119,119,101,118,116,122,117,109,115,22,27,24,26,23
868138449,128,127,117,121,117,121,114,121,120,116,113,115,111,121,124,116,124,119,120,78,74,80,105,77,111,117,95,112,125,25,31,37,31,30
868140601,119,113,99,102,81,111,95,87,103,98,82,115,72,92,97,107,110,126,111,121,118,119,125,121,122,115,124,120,116,37,33,36,32,31
868168473,122,123,113,124,124,115,107,109,123,122,112,123,122,121,124,121,121,117,121,122,123,125,121,122,116,121,115,125,123,24,22,22,24,25
868183277,120,126,120,120,112,114,110,123,115,122,123,122,115,123,128,117,126,128,122,59,62,60,101,57,104,122,89,99,128,25,24,23,23,23
868190045,125,126,125,120,119,123,122,116,122,123,114,118,117,124,125,123,125,118,121,72,70,83,113,69,107,120,112,112,126,24,24,23,25,23
868191189,118,119,116,127,125,118,114,121,124,121,109,125,118,115,118,121,119,126,118,118,121,120,104,121,115,124,124,109,121,30,30,32,31,31
868191208,126,126,121,120,117,119,110,112,108,106,109,103,107,113,116,115,116,125,118,74,75,74,117,73,118,123,121,123,115,22,19,21,24,21
868192181,119,118,128,125,124,125,123,127,116,114,106,112,116,122,118,121,119,121,119,67,63,76,126,60,117,117,105,125,127,25,26,26,25,25
868214098,117,111,105,124,120,119,109,104,121,116,104,121,104,112,119,118,114,120,116,116,122,122,121,117,122,123,120,118,120,26,26,27,21,27
868214100,123,123,121,125,122,121,120,115,120,121,118,115,115,120,120,119,120,120,118,94,112,102,121,97,120,120,114,120,123,30,31,32,32,31
868222481,114,109,99,112,104,109,106,119,117,106,94,119,103,104,107,115,112,122,118,120,121,121,121,119,121,119,121,119,115,28,29,27,29,29
868230025,117,121,124,123,124,122,113,120,123,123,121,123,117,124,122,120,122,118,118,99,106,107,111,88,108,126,123,110,124,24,25,21,21,23
868233700,116,117,122,117,110,121,123,116,108,105,102,96,99,109,109,116,112,110,119,66,66,64,118,58,109,115,94,117,118,21,18,21,20,15
868242519,126,127,126,125,122,123,123,120,112,114,107,108,117,117,124,117,126,124,123,70,69,66,114,64,107,118,102,119,124,30,28,31,32,30
868247703,123,124,123,117,117,123,118,114,107,102,88,92,100,112,111,120,119,115,119,72,71,67,118,63,113,116,104,111,122,25,21,23,21,19
100001025,119,121,114,123,125,117,112,121,125,126,126,125,125,125,124,121,121,119,118,104,102,102,98,89,111,122,109,105,125,40,40,40,41,35
100001041,124,124,103,120,112,117,102,104,123,118,119,122,99,112,121,122,120,128,122,126,125,126,116,122,119,131,128,105,123,38,38,36,36,36
100001114,122,127,130,126,122,126,127,128,122,121,120,120,125,129,130,130,129,131,123,75,78,74,112,76,112,120,102,105,132,36,36,39,39,38
100001179,75,95,45,75,49,50,55,55,83,93,55,83,45,55,53,83,110,115,126,60,61,65,55,62,100,83,82,119,127,127,128,109,127,126
100001201,114,123,121,121,122,123,116,122,120,115,115,112,128,126,127,120,125,127,120,79,85,70,116,77,105,117,100,125,125,40,39,39,37,38
100001238,118,118,129,129,126,127,130,129,125,127,127,125,127,122,126,124,118,126,121,75,86,72,121,77,122,124,127,118,130,38,40,37,40,38
100001256,117,121,117,128,128,122,118,116,125,118,120,124,122,122,128,125,124,127,121,108,105,111,116,87,115,127,117,115,128,36,37,36,36,37
100001419,122,117,113,122,122,123,107,112,128,118,102,123,105,111,125,121,113,123,119,119,126,125,119,122,130,128,126,123,128,35,36,38,40,40
100001605,122,122,116,120,122,118,105,115,121,121,122,121,122,128,125,120,122,123,118,76,88,89,104,72,114,121,105,114,125,39,39,36,35,39
100001845,119,122,124,119,114,127,121,105,106,101,98,95,95,120,114,121,122,116,122,72,72,76,122,75,105,117,100,119,123,38,38,36,40,36
100003647,119,118,122,128,130,126,118,128,127,125,116,128,125,118,122,123,116,127,122,111,115,108,126,111,127,127,128,121,128,41,36,41,36,41
100004231,121,123,128,125,128,126,126,126,124,124,124,119,127,128,126,125,124,119,124,73,77,73,114,73,116,124,103,112,125,36,38,37,36,37
100004833,125,125,126,124,123,125,124,123,115,119,121,115,128,126,125,122,125,124,125,72,77,77,117,73,115,123,122,115,127,36,37,38,37,37
100006975,122,123,117,118,117,123,112,110,121,122,121,114,113,120,123,117,123,123,123,97,92,95,102,98,113,125,120,112,122,39,40,37,38,38
100007512,124,125,128,123,117,127,122,122,111,115,110,96,103,122,119,121,122,124,122,74,76,73,124,73,117,121,104,125,127,38,35,35,39,38
100007763,112,114,105,129,129,112,104,133,129,131,129,131,130,131,125,129,120,125,118,114,109,114,98,109,111,127,103,102,132,40,40,40,40,40
100010264,125,127,131,124,115,129,129,129,105,110,105,98,110,125,124,124,127,127,126,73,76,73,124,72,121,122,115,127,130,36,40,40,36,38
100011141,124,123,129,125,105,129,128,122,115,117,102,100,98,120,115,122,120,125,122,77,85,80,129,72,120,122,123,130,129,39,38,37,36,36
100013743,119,120,123,131,131,125,121,123,127,124,126,127,126,128,122,125,117,123,119,112,115,110,116,117,118,128,126,112,125,35,37,39,38,37
100041236,120,120,129,131,127,126,128,125,113,119,107,113,126,120,126,121,122,127,123,70,86,72,125,77,124,123,124,118,127,43,42,38,42,40
100121944,119,117,113,128,128,117,114,117,125,123,122,125,123,125,121,123,117,127,117,120,122,121,113,121,121,130,130,113,125,40,40,39,38,39
100138449,133,132,124,127,122,126,121,126,124,121,117,119,118,128,129,121,129,124,125,83,81,82,109,81,118,125,104,117,130,38,40,40,38,38
100166691,122,126,125,131,130,125,125,125,125,129,123,125,133,133,128,125,129,123,121,83,91,89,104,83,114,125,104,110,132,36,39,40,39,35
100167680,111,113,115,130,128,118,107,124,122,117,123,124,130,127,110,124,115,126,118,124,128,128,119,123,124,124,123,128,123,37,36,35,38,36
100190042,131,133,127,128,121,126,127,130,123,127,117,121,132,131,136,128,134,136,128,85,112,98,110,88,123,125,127,133,136,41,102,40,45,41
100190048,123,128,133,126,114,133,132,120,118,121,108,103,114,124,116,128,131,131,130,71,72,76,128,70,116,129,111,132,134,39,40,39,40,38
100192181,123,124,133,129,126,128,131,133,117,115,115,115,122,127,125,124,126,127,125,78,81,88,128,72,124,122,114,127,133,38,36,36,35,37
100192190,113,115,108,126,124,109,114,108,127,124,120,127,122,125,124,121,117,125,122,123,125,121,111,127,119,124,127,117,126,37,39,38,37,40
100214649,119,116,124,122,120,122,119,122,112,112,109,105,119,122,122,119,117,119,118,89,95,88,118,89,115,119,112,117,124,39,36,40,36,38
100222000,120,122,120,119,113,124,123,115,122,122,118,116,115,122,129,127,127,119,120,73,76,70,105,71,116,124,103,105,128,35,39,38,39,38
100222481,118,112,113,115,112,114,114,120,122,114,101,123,110,110,112,122,115,127,118,122,125,122,127,122,125,124,121,122,122,37,39,39,37,35
100230025,121,125,123,130,130,122,119,112,129,130,127,130,123,129,125,125,125,125,121,105,113,115,102,96,120,132,129,110,130,39,40,39,40,39
100247515,123,122,122,119,120,123,112,121,112,114,119,105,117,122,123,119,122,122,119,75,78,70,115,72,117,120,112,114,124,35,36,39,40,36
100247553,130,133,121,125,114,122,113,120,120,120,130,118,125,128,134,124,133,134,125,71,75,78,104,77,107,123,112,115,133,37,36,36,40,38
100247699,125,125,128,125,124,128,128,123,119,119,120,104,115,126,123,122,125,127,127,72,75,73,118,68,111,123,114,111,131,38,40,40,40,39
101000244,107,105,79,98,61,99,80,57,103,89,111,98,68,100,97,103,101,108,107,112,109,109,101,110,100,110,109,102,100,20,19,23,21,31
101001075,111,111,114,111,114,113,102,113,111,107,108,102,113,117,115,113,112,107,110,63,63,68,100,57,97,108,96,93,116,22,18,22,23,31
101001114,108,113,115,109,108,110,106,117,114,112,109,110,113,115,120,118,116,119,110,60,56,60,95,54,95,103,88,87,119,24,34,27,29,26
101001116,105,101,87,100,88,93,78,80,111,105,77,112,81,83,98,105,106,115,104,110,108,108,114,110,113,112,111,114,109,22,27,23,22,21
101001620,103,103,99,112,110,106,100,91,112,105,103,112,103,109,109,109,110,112,106,109,109,108,107,109,110,116,115,106,111,27,24,30,21,26
101001668,104,104,87,83,84,85,59,63,112,103,93,106,70,87,108,107,106,118,111,113,115,113,89,112,106,114,113,108,109,26,34,30,34,27
101004000,110,107,108,114,116,112,111,111,112,105,101,103,108,111,114,120,109,116,110,53,63,74,96,67,107,109,93,98,119,31,25,29,24,19
101004202,104,100,90,99,94,91,83,84,111,94,93,104,73,80,94,98,98,118,109,114,114,113,95,115,105,119,119,99,99,20,29,28,28,18
101004231,108,111,111,113,114,111,112,109,110,111,114,106,113,115,112,115,112,105,112,60,64,60,100,58,102,106,90,98,112,31,29,34,31,30
101004833,113,113,114,110,113,113,110,111,105,105,107,104,116,112,113,109,113,110,112,58,67,70,108,60,104,110,109,99,113,26,27,22,21,23
101005419,119,117,118,111,109,116,113,109,103,99,94,73,94,111,110,110,116,112,113,50,56,61,107,55,96,107,88,115,113,18,30,28,19,31
101005471,103,105,113,114,116,115,110,116,113,109,104,113,110,111,109,112,103,107,110,95,100,101,98,91,104,112,103,102,112,32,34,35,28,30
101005589,117,117,105,116,114,112,108,119,109,113,118,108,118,118,117,112,115,117,108,85,84,86,95,81,106,115,110,96,118,25,26,28,25,29
101005673,103,104,111,108,109,113,110,109,110,106,100,103,110,108,107,111,110,102,108,66,51,73,110,53,100,106,102,108,113,25,18,30,24,29
101005680,110,111,113,109,110,113,114,106,98,90,94,93,97,102,102,112,110,113,107,58,30,40,113,59,108,103,97,114,109,18,31,25,31,20
101007512,110,113,115,110,107,115,107,105,98,103,99,83,93,100,109,110,111,111,108,50,54,58,115,51,106,103,89,111,113,23,18,22,20,30
101007763,98,99,94,116,117,104,88,117,113,113,114,119,118,118,111,120,106,112,106,100,106,110,83,93,97,116,90,87,120,30,24,26,23,21
101013038,106,105,83,98,75,97,80,81,101,99,100,103,87,85,97,101,103,119,111,116,111,111,113,113,110,115,118,118,113,31,18,27,29,28
101013128,118,117,119,112,112,116,112,116,104,101,98,92,112,115,110,109,116,114,110,56,46,61,111,45,107,106,102,111,118,22,26,26,23,24
101031432,108,110,119,118,110,117,108,102,94,95,94,92,108,104,107,106,106,115,107,64,56,61,120,61,118,109,119,113,113,25,26,24,23,21
101045197,100,100,97,115,114,98,100,111,115,115,112,118,115,113,102,116,101,115,107,107,108,112,105,108,107,113,113,100,115,32,33,28,28,28
101121944,107,104,102,116,117,106,102,104,113,109,112,116,112,112,108,112,106,113,106,107,107,106,102,105,107,118,115,101,112,18,18,17,15,17
101166149,117,118,118,115,112,115,117,117,101,94,100,85,116,115,107,113,118,118,115,43,62,61,110,49,99,105,105,118,114,17,20,18,16,17
101168473,116,116,105,116,117,107,102,99,116,115,106,119,113,117,116,114,113,112,114,115,113,117,114,116,110,115,109,119,121,27,27,30,31,26
101190042,119,121,110,118,112,113,115,118,111,112,109,110,120,119,124,118,122,124,117,70,91,83,104,74,111,113,112,120,124,28,61,26,27,30
101190046,103,102,109,109,113,107,114,106,112,111,107,112,105,109,116,109,108,112,104,70,58,63,113,63,102,103,102,100,112,26,30,19,22,31
101190048,108,115,122,113,102,122,120,108,109,111,94,90,101,109,105,116,118,119,116,57,53,64,116,48,102,114,93,116,121,31,28,27,28,31
101191208,119,118,116,116,113,110,105,108,98,96,104,98,103,107,110,108,109,117,110,73,70,68,113,73,111,117,113,116,107,22,27,23,22,21
101191695,114,115,115,110,111,115,110,106,102,102,96,83,98,113,114,110,115,115,111,56,54,66,108,51,94,105,90,105,115,27,35,34,33,32
101192181,111,111,121,117,114,117,116,120,108,103,103,103,109,113,111,111,114,115,113,58,58,71,117,56,111,107,99,114,120,22,24,24,21,20
101214267,109,112,115,108,107,115,111,111,99,97,91,92,92,110,108,111,111,107,112,51,53,65,113,60,102,105,97,110,115,30,21,25,22,23
101222000,109,109,100,103,101,107,97,100,110,111,107,103,103,104,116,116,115,105,107,55,54,54,94,50,99,107,87,90,114,25,19,22,19,24
101242519,119,119,119,116,116,113,116,113,105,106,106,103,110,110,119,110,119,115,116,67,63,59,108,55,102,109,97,113,116,30,24,28,32,33
101247699,114,113,116,112,111,114,108,109,107,107,96,90,101,109,111,111,112,115,116,50,58,55,109,56,99,109,101,100,118,16,18,18,18,17
111001625,122,120,120,114,115,112,111,115,104,101,101,105,116,120,115,112,120,117,112,69,59,64,102,72,105,112,95,107,120,25,27,22,27,25
111013128,118,117,119,112,112,116,112,116,104,101,98,92,112,115,110,109,116,114,110,56,46,61,111,45,107,106,102,111,118,22,26,26,23,24
111039943,112,114,106,102,106,117,99,94,112,107,105,108,100,101,111,111,113,114,111,113,107,113,98,107,97,119,119,99,118,24,23,20,24,25
113001625,127,125,125,119,120,117,116,120,109,106,106,110,121,125,120,117,125,122,117,74,64,69,107,77,110,117,100,112,125,30,32,27,32,30
113001668,113,113,93,89,90,91,65,69,118,109,99,112,76,93,114,113,112,124,117,119,121,119,95,118,112,120,119,114,115,32,40,36,40,33
113013743,111,113,114,128,128,116,115,115,121,117,117,122,116,120,115,120,109,116,114,106,111,106,112,111,112,121,120,105,116,39,41,39,36,31
113028130,120,122,115,118,121,113,113,121,118,115,113,116,122,124,126,125,123,129,116,68,78,36,104,54,106,116,96,112,130,32,36,31,32,34
113138449,126,125,115,119,115,119,112,119,118,114,111,113,109,119,122,114,122,117,118,76,72,78,103,75,109,115,93,110,123,23,29,35,29,28
113140601,120,114,97,100,79,109,93,85,101,96,80,113,70,90,95,105,108,124,109,119,116,117,123,119,120,113,122,118,114,35,31,34,30,29
113274967,116,111,102,121,117,116,113,103,113,108,115,107,114,113,105,112,103,102,112,111,115,111,100,115,111,118,113,99,108,27,29,28,26,30
201000488,49,44,11,25,10,13,15,23,19,64,15,27,10,13,16,26,44,55,94,11,10,14,9,8,87,34,83,77,24,93,85,72,96,93
201001179,43,49,15,39,13,12,17,22,37,50,13,35,13,20,26,28,55,49,80,10,11,28,13,11,69,39,38,75,70,86,85,71,84,87
201051539,41,48,5,25,8,9,10,18,47,68,11,47,8,8,7,31,54,46,78,7,7,20,9,7,75,35,11,74,58,80,79,80,82,82
201152729,79,66,61,68,57,64,63,75,91,70,58,90,49,64,66,84,62,48,87,91,92,91,88,90,89,74,75,80,92,13,14,17,11,18
206164835,50,53,16,17,23,18,20,25,23,55,17,35,15,21,17,25,55,47,74,14,15,19,14,16,68,28,46,71,66,77,84,70,84,78
206193080,61,60,16,34,15,15,16,43,53,71,20,54,22,24,21,45,63,46,96,16,24,33,24,16,67,46,41,70,67,93,86,87,95,88
206193698,54,50,14,24,16,13,14,25,33,44,17,28,14,15,22,20,48,46,81,13,21,24,19,17,72,42,35,76,55,78,79,65,82,79
206200316,54,48,16,25,20,18,17,24,38,58,22,35,18,15,23,25,53,34,84,14,16,25,17,15,70,34,44,67,23,84,81,84,87,83
206200389,63,46,14,25,15,14,16,14,32,58,16,29,17,16,15,19,70,52,87,17,15,22,18,21,81,44,37,79,58,86,91,77,88,87
206203841,50,53,17,20,18,16,17,25,35,46,14,38,15,16,18,27,39,48,72,18,18,24,14,17,76,40,39,75,51,76,76,71,79,78
206208104,50,47,15,24,18,15,16,16,30,53,18,39,15,24,15,25,48,51,77,17,23,29,17,18,74,35,22,66,47,80,74,72,81,78
207048940,43,40,17,26,16,18,22,28,40,58,24,38,24,18,17,27,51,39,88,16,18,28,24,17,68,37,24,62,71,90,89,80,91,89
207192883,88,92,81,90,78,87,86,77,86,89,83,78,69,88,91,92,94,90,86,54,58,69,58,60,68,91,74,76,81,10,16,19,12,10
207193080,61,60,16,34,15,15,16,43,53,71,20,54,22,24,21,45,63,46,78,16,24,33,24,16,67,46,41,70,67,83,83,86,87,78
207204935,44,51,22,34,16,21,23,44,53,69,20,56,19,21,17,41,36,49,78,17,23,27,18,15,53,47,26,62,54,86,80,89,86,77
210189681,88,91,57,72,71,68,67,66,85,71,84,76,59,80,86,88,91,92,86,86,90,84,70,90,76,90,92,85,76,16,9,8,10,14
210193080,66,66,17,45,16,16,17,44,54,72,21,55,23,25,22,46,76,57,95,19,25,34,25,17,71,47,42,79,78,96,88,89,100,92
213247432,55,61,19,20,16,14,10,21,20,72,13,27,15,15,16,20,72,63,93,30,14,29,16,15,82,46,75,83,81,95,97,91,97,96
214051539,44,35,15,32,14,58,15,27,45,43,17,40,14,15,16,25,26,56,91,15,36,28,15,34,79,48,60,76,69,96,90,91,90,95
214186569,43,44,16,27,14,11,16,25,39,43,17,38,22,15,18,25,37,42,82,16,21,17,15,19,44,34,28,76,47,86,80,73,92,85
214190053,49,56,28,41,27,33,26,35,34,76,38,35,30,19,34,36,72,59,90,19,19,45,38,21,86,75,51,86,76,90,85,96,97,86
214200389,68,49,14,25,19,18,18,14,32,59,18,29,17,26,18,22,70,56,89,17,18,26,26,21,79,46,47,88,59,90,93,84,98,94
215200104,103,103,98,99,101,96,84,71,89,79,89,86,76,95,96,95,98,91,93,51,37,59,79,48,85,96,76,87,95,14,16,16,13,9
216162835,58,61,13,55,22,15,15,26,39,45,15,37,17,18,19,28,60,68,88,28,13,25,13,16,76,44,28,87,72,97,95,79,98,99
216167495,66,59,16,28,19,15,14,50,68,73,18,72,14,17,55,51,64,38,96,13,13,38,28,14,83,46,32,86,73,100,93,98,98,97
216188350,100,104,98,96,100,101,95,93,95,90,95,89,93,102,101,96,97,88,97,48,46,53,71,45,70,94,71,87,86,15,15,16,14,16
216200389,63,54,14,51,15,14,16,14,32,68,16,29,17,16,15,29,80,62,93,30,15,22,18,21,81,44,37,87,71,91,98,86,102,95
217177683,54,48,13,23,12,15,8,24,40,58,13,31,13,12,15,25,55,58,82,11,19,21,10,12,68,45,38,69,57,83,84,84,87,83
217214979,42,46,18,18,14,19,15,25,31,21,20,24,12,16,16,20,32,39,57,20,14,18,15,16,70,35,27,51,30,80,77,74,81,79
217234642,30,23,5,18,9,6,9,13,20,34,10,22,14,13,13,11,48,23,88,9,11,13,10,13,67,17,22,36,32,84,82,80,94,90
218221087,54,47,21,23,20,22,19,27,40,64,26,43,23,25,20,18,42,59,88,21,22,18,17,13,54,44,41,73,64,92,95,90,97,92
218224232,90,92,76,82,82,82,55,75,95,85,81,90,69,81,91,94,92,90,87,82,95,87,54,90,74,97,95,67,89,13,7,15,13,16
220212831,58,69,26,24,23,16,23,26,48,69,25,47,21,33,39,48,85,81,100,18,22,14,22,19,88,35,40,83,77,101,101,97,104,104
221167495,81,71,31,34,25,21,20,56,64,85,31,83,20,33,73,63,71,78,101,26,19,39,34,20,89,59,38,95,92,104,101,102,105,103
221189342,44,46,14,21,9,14,11,25,27,38,16,31,21,14,21,25,39,43,68,23,15,21,16,16,63,37,35,74,67,78,74,62,80,77
221192119,55,45,17,40,20,16,15,30,43,47,17,45,23,22,16,26,73,58,86,23,21,18,16,19,73,41,26,76,69,85,92,78,86,85
225044786,97,99,82,81,93,87,69,78,86,86,93,81,87,74,96,97,96,101,94,97,95,92,73,93,93,107,101,76,92,12,16,11,11,20
225136306,78,79,71,104,94,59,58,75,78,59,57,89,79,86,77,77,79,98,87,94,90,92,98,94,101,89,106,86,80,12,12,13,14,16
225136743,97,90,66,71,70,77,49,45,86,68,96,79,61,71,90,81,82,91,88,81,87,83,72,82,86,96,95,80,85,14,9,12,19,11
225139417,96,104,88,86,72,89,79,81,92,86,96,92,73,84,101,90,89,88,92,52,41,46,75,46,79,90,81,79,83,12,19,13,11,12
225139440,85,89,59,78,75,58,63,87,87,76,75,80,77,77,81,78,85,72,95,104,97,89,90,101,96,95,97,103,78,15,9,17,15,13
225139449,81,81,67,57,59,45,57,63,85,78,59,63,58,51,71,83,81,89,89,96,100,90,98,90,102,89,96,90,85,10,11,9,10,17
225139456,85,88,81,79,83,85,70,63,96,89,78,93,68,70,90,93,95,86,93,68,67,77,67,48,70,84,81,67,90,18,10,13,10,10
225140053,94,97,99,100,101,99,95,96,103,96,98,100,90,95,98,97,92,103,103,99,100,98,100,95,99,108,97,103,96,12,12,21,13,16
225140057,108,108,84,93,89,92,81,82,88,78,97,85,66,72,98,88,102,107,101,93,95,86,85,95,107,103,97,78,91,18,13,16,10,16
225155630,81,84,93,83,76,91,87,85,76,75,72,62,59,79,78,89,79,86,89,32,44,46,97,56,94,75,73,93,86,14,10,12,11,13
225156392,37,27,27,56,64,37,46,58,68,62,60,62,55,38,17,17,57,69,97,29,17,19,51,23,69,58,57,79,45,92,99,84,94,86
225176348,96,93,96,100,105,100,91,98,99,95,107,103,108,106,102,100,87,104,97,69,76,82,92,47,97,103,87,84,97,12,11,12,16,17
225203004,59,46,13,26,17,17,22,22,52,51,16,37,17,14,17,28,70,71,82,18,16,29,16,22,71,38,15,73,45,85,78,74,94,89
225218471,91,89,79,91,94,93,81,80,95,94,92,89,95,97,94,88,79,80,95,75,88,86,76,84,87,100,66,88,69,14,9,17,13,19
225228464,88,86,76,93,86,85,77,68,79,72,75,70,65,61,85,82,86,74,81,91,96,88,87,89,93,89,92,80,83,9,9,16,14,15
225238570,48,41,25,34,19,20,32,18,28,67,32,29,16,25,33,38,65,76,87,26,32,29,21,32,66,41,26,55,61,96,91,76,95,79
225242885,87,93,89,93,93,78,81,88,92,86,83,90,90,89,96,96,80,92,92,84,89,89,83,89,85,99,97,82,92,14,16,12,12,15
225242887,97,102,76,87,85,86,70,70,88,77,90,80,90,81,93,92,90,89,91,92,99,81,81,98,82,103,98,87,90,16,9,10,16,13
225242890,86,88,75,79,75,66,61,67,83,70,79,78,68,77,82,85,81,79,93,99,98,91,95,92,95,84,100,86,92,17,11,12,9,14
230200389,72,66,21,25,15,24,19,21,46,75,24,54,17,26,33,46,97,72,100,36,15,36,18,21,86,55,37,92,76,100,102,86,105,101
231002147,46,38,18,22,21,21,29,32,48,53,29,46,24,21,22,41,36,32,91,18,25,35,24,24,85,37,51,65,68,87,89,94,91,93
231146748,59,48,22,35,16,21,25,36,31,56,24,29,14,23,19,35,70,81,96,25,24,22,23,23,75,53,69,82,65,95,101,92,92,101
231150724,87,82,25,55,22,34,22,33,37,45,17,71,25,29,36,34,81,76,95,19,17,28,13,16,64,31,59,82,61,95,98,91,107,97
231162240,94,91,81,99,91,83,83,81,98,92,79,96,68,81,106,106,99,107,89,87,90,99,84,88,104,95,90,92,107,19,17,14,17,19
231167495,78,78,32,28,19,48,32,50,78,86,59,85,14,57,72,77,84,75,101,33,28,46,28,45,89,68,65,93,73,102,101,103,105,100
231168435,54,65,18,23,17,18,15,25,26,58,29,46,14,24,25,32,76,87,96,22,14,23,25,16,69,37,45,81,76,100,96,92,98,100
231180206,95,92,93,92,102,90,85,90,105,101,96,104,107,104,99,100,98,104,98,83,90,98,77,87,91,99,87,81,100,10,10,16,11,10
233153079,99,97,109,101,96,107,103,93,91,87,77,76,85,100,99,104,101,109,101,45,48,32,84,42,96,91,87,96,110,16,18,9,17,14
234001109,100,98,76,83,48,76,74,66,96,89,93,93,45,47,89,93,88,93,95,104,102,101,101,98,97,101,87,96,98,13,9,12,13,15
234020801,105,106,108,105,101,104,98,105,85,87,87,79,98,96,99,96,95,97,94,31,35,38,100,29,95,95,90,106,106,10,14,18,14,17
234162835,58,59,13,25,22,15,15,26,39,44,15,37,17,15,15,19,71,64,91,28,13,25,13,16,74,44,28,81,72,94,91,78,96,95
234167948,76,68,13,26,17,13,14,43,53,33,16,53,13,14,13,37,58,57,92,32,13,30,13,21,46,44,34,86,68,103,94,85,106,93
234175254,84,83,86,94,78,92,85,83,89,85,69,76,78,76,87,89,70,77,88,42,54,53,85,57,102,71,90,85,80,17,23,17,20,18
234178005,60,56,15,41,14,16,20,35,39,71,15,39,19,13,23,27,64,57,91,17,16,26,14,14,80,48,41,88,69,96,96,91,93,88
234180739,46,48,17,40,22,14,16,27,36,32,20,36,17,16,15,35,70,52,79,15,16,22,17,15,64,34,21,74,47,87,83,82,91,84
234195086,85,79,58,75,44,46,61,59,80,70,70,75,24,56,78,78,76,85,89,89,90,88,88,96,93,78,99,95,82,17,17,16,10,13
234220295,97,101,88,92,86,88,80,82,80,81,79,76,77,80,84,84,94,81,86,28,43,50,80,50,86,92,77,100,81,12,15,19,11,12
237165735,64,55,27,32,21,33,19,38,40,46,30,33,22,22,29,38,58,63,95,26,25,34,22,29,79,56,43,84,59,93,96,90,94,98
237184134,85,81,68,93,81,77,56,71,90,80,78,90,72,76,79,86,84,85,97,90,98,97,81,99,94,98,103,84,90,17,15,15,15,17
237205069,98,101,88,81,85,91,71,71,99,85,98,91,68,97,96,100,101,103,98,97,97,97,68,99,74,106,91,89,94,16,10,17,10,10
237210514,106,103,71,90,78,85,65,50,93,83,103,87,72,88,92,98,93,89,99,92,94,81,79,99,76,101,87,83,93,10,8,11,10,16
237212442,51,52,25,22,32,24,20,26,33,58,29,36,34,22,21,23,71,51,90,29,22,21,25,18,73,37,29,79,41,92,89,82,93,87
239212432,68,73,26,56,30,38,33,33,55,83,30,64,58,32,31,49,88,92,94,38,33,44,30,20,75,78,35,85,90,100,95,89,95,96
241192119,67,66,35,59,33,34,35,43,46,61,29,49,35,29,34,46,92,83,100,34,29,36,53,39,81,54,59,91,71,100,104,92,104,98
242001179,46,40,21,46,19,23,26,32,46,66,16,46,24,23,32,37,71,76,84,18,19,36,19,19,71,38,45,80,76,94,93,82,86,92
242192448,46,52,24,21,10,11,14,24,56,64,36,74,35,28,44,57,83,79,85,24,13,21,22,10,71,33,46,86,70,89,88,90,97,90
242194404,55,58,22,34,31,22,22,34,47,46,23,51,25,24,29,36,70,56,90,26,22,27,26,22,70,49,50,89,67,89,86,85,90,88
242210257,69,70,25,70,29,29,26,24,65,77,41,77,33,37,51,74,86,77,91,37,30,39,16,26,77,48,56,82,77,92,90,97,95,92
242234642,53,60,17,30,20,17,21,25,34,60,30,34,23,25,22,32,84,71,96,22,25,22,32,25,78,42,62,72,75,98,96,84,101,98
246183512,96,99,77,90,88,80,64,75,93,79,99,82,64,87,95,90,92,91,95,96,91,95,84,95,89,101,99,95,85,25,18,20,25,17
246190778,49,61,16,29,21,15,23,31,41,61,21,42,20,17,19,38,58,46,91,20,22,25,23,20,67,48,22,72,65,93,91,91,97,93
246209658,101,99,98,96,103,101,84,88,103,99,91,97,92,99,98,104,96,103,96,94,95,99,100,94,105,106,107,93,102,9,19,16,27,11
246210243,100,102,79,79,76,93,69,77,89,85,99,89,60,87,96,92,99,95,85,99,94,90,82,93,79,103,89,90,94,15,20,23,27,11
247203002,93,93,63,73,67,78,73,56,82,80,90,86,63,87,77,91,80,83,92,98,99,100,90,96,102,85,97,87,83,30,31,29,33,27
250205988,109,110,71,89,86,100,78,72,105,95,109,88,90,98,102,99,99,106,102,105,102,98,102,101,106,108,92,98,94,20,13,14,13,19
250208618,109,109,85,94,96,104,86,78,99,99,109,105,93,91,106,98,104,109,108,98,106,97,77,100,81,106,91,77,98,9,12,16,19,17
250210514,109,109,79,98,97,102,79,76,106,97,107,96,91,99,105,100,106,97,104,104,105,98,94,99,90,108,94,99,98,15,16,19,20,18
251002147,37,32,13,15,13,14,15,25,41,41,20,38,15,15,14,33,56,58,88,12,17,27,16,16,78,32,43,63,61,83,84,89,85,86
251005099,107,103,78,96,93,87,79,85,91,90,107,90,61,93,102,101,100,102,98,106,104,103,91,106,88,104,101,88,96,24,27,26,14,22
251024630,58,50,16,30,19,24,14,31,23,65,13,23,13,14,13,37,78,84,89,22,30,27,19,29,71,37,39,78,67,82,86,85,86,88
251034079,103,107,70,89,80,93,84,83,89,83,101,90,80,95,98,94,101,105,98,107,101,101,83,102,91,105,96,87,97,16,17,14,13,19
251150724,92,84,26,47,25,28,19,36,43,53,20,71,20,27,41,33,86,73,99,24,23,37,12,24,70,39,62,84,71,100,101,93,109,99
251192985,96,104,91,106,105,100,97,103,107,105,106,106,104,104,106,104,103,106,103,79,83,86,78,71,89,105,105,84,105,15,13,9,15,12
251207998,56,54,15,35,24,15,25,31,40,47,24,51,23,17,30,35,48,63,83,16,24,26,23,28,63,31,42,70,61,85,83,82,84,82
251209889,103,106,91,102,99,99,89,68,105,94,107,101,93,105,99,105,110,106,105,105,104,99,79,104,78,104,87,78,98,14,10,12,11,14
252000001,51,71,40,43,36,32,39,49,51,76,43,53,41,35,43,47,75,69,103,36,33,53,36,34,81,69,52,79,83,98,104,105,103,105
252013128,111,109,111,106,106,109,106,106,95,96,85,86,101,108,105,101,110,104,104,38,29,56,100,30,98,95,88,105,107,16,15,11,13,14
252051539,51,61,31,42,31,33,13,32,57,68,25,59,25,36,38,49,80,83,95,23,23,33,34,29,87,57,53,91,80,97,101,92,110,109
252138161,98,94,77,100,103,89,86,94,105,102,85,104,100,96,88,100,94,108,102,105,105,104,101,102,101,97,98,107,106,14,17,14,15,15
252167948,75,71,22,26,22,13,14,43,51,33,26,54,24,24,19,48,83,77,100,36,13,50,29,29,55,44,56,89,72,106,98,95,108,104
252168651,98,104,98,107,109,100,96,104,108,100,101,108,105,104,102,106,108,102,105,93,95,91,86,81,89,109,92,85,108,15,12,12,17,15
252176580,107,104,109,106,107,111,106,105,93,101,98,81,107,108,107,108,106,108,107,51,53,47,86,41,89,102,101,90,106,25,13,13,16,16
252190053,63,71,36,65,34,49,25,49,44,85,40,47,36,36,44,57,88,82,102,26,35,42,52,35,86,74,64,91,91,108,101,101,110,104
252200104,110,111,108,108,108,107,95,76,96,93,98,87,83,107,103,101,103,106,105,54,49,56,76,46,88,102,89,80,98,17,16,12,13,14
253002147,48,38,19,23,22,22,31,33,49,57,32,47,25,22,23,43,57,59,92,19,27,36,25,25,87,39,53,68,69,97,99,97,95,99
253167948,68,66,17,25,16,15,16,38,48,35,19,48,19,16,21,35,77,56,93,30,15,32,17,20,48,43,33,85,66,102,96,83,105,91
253182521,89,87,86,95,93,94,90,93,109,100,105,110,101,107,93,102,89,94,101,75,92,97,68,83,85,102,82,75,96,15,16,15,15,12
253188377,110,109,75,101,87,88,77,89,99,94,99,98,92,95,96,105,98,96,109,99,101,100,99,107,101,108,104,107,101,18,13,21,15,20
253198176,84,81,59,71,69,58,55,56,85,75,54,103,33,53,77,86,77,85,99,102,101,104,92,96,91,85,101,89,98,13,14,11,14,18
253201122,107,90,52,80,70,65,53,69,81,59,68,81,29,39,75,85,81,78,101,104,97,103,103,98,105,97,96,102,86,13,14,15,13,12
253202884,111,112,78,95,85,98,77,80,100,91,111,94,60,97,104,97,101,89,105,104,99,107,86,104,88,107,97,91,90,17,21,22,23,24
253205988,106,109,81,94,88,104,89,74,103,97,110,89,95,100,100,101,101,107,103,104,107,97,103,102,105,107,96,96,95,15,17,19,13,12
253207998,64,57,19,41,28,18,32,35,48,61,31,58,30,22,33,39,71,68,87,20,31,32,28,33,69,37,47,79,68,104,100,95,100,103
253213956,99,100,74,86,74,80,71,57,79,74,88,63,51,78,100,90,91,98,81,46,46,46,50,48,96,84,80,89,82,19,14,15,13,16
253223697,99,103,97,101,95,105,91,89,101,89,106,96,91,102,95,101,93,102,102,103,101,98,99,100,101,105,105,102,99,12,18,17,15,16
253224232,101,103,91,103,103,100,86,96,105,95,91,106,92,102,106,108,106,108,106,86,98,92,70,89,88,108,101,85,107,16,10,18,15,19
253226851,100,93,75,95,78,81,81,60,94,80,93,100,69,83,86,93,93,94,90,97,94,95,96,93,90,98,84,94,95,15,13,19,19,12
253233096,108,103,101,93,77,108,66,68,94,83,97,91,67,80,97,97,91,101,102,105,99,100,107,102,98,106,105,104,93,14,14,12,18,17
254000027,107,108,98,108,111,108,100,76,104,102,102,99,97,109,112,106,111,110,104,61,66,73,81,57,88,100,98,92,111,12,9,16,10,19
254034079,106,108,71,80,81,94,85,87,90,86,106,96,82,99,101,99,104,108,105,110,103,101,91,104,92,108,102,93,100,22,19,22,14,26
256000244,103,104,73,90,61,76,74,57,100,85,109,97,58,91,89,100,95,106,106,107,105,104,101,107,97,109,106,99,99,17,15,20,18,27
256001109,106,104,79,92,82,93,88,71,101,94,101,102,61,84,94,99,99,107,103,110,104,105,109,109,104,107,103,104,102,18,22,21,17,19
256001179,61,72,23,59,33,41,48,49,48,78,27,65,28,35,37,61,97,92,102,35,36,39,31,37,81,55,71,95,91,107,106,98,105,107
256013038,96,94,70,85,64,77,73,66,93,95,85,92,75,75,87,91,91,107,100,105,103,104,107,107,103,102,109,102,105,21,15,22,15,22
256155862,104,101,96,102,89,103,94,104,104,99,95,107,95,94,97,101,100,108,103,106,108,107,107,107,107,101,112,110,107,18,13,17,14,16
256184134,92,90,76,98,92,83,66,81,99,92,88,101,81,86,93,97,89,97,99,97,96,91,92,101,94,94,105,97,97,23,26,15,13,18
256188377,109,108,74,102,88,99,79,92,104,96,97,99,94,96,99,104,102,98,107,100,103,101,100,108,103,109,105,105,102,19,15,23,17,22
256190053,69,70,53,68,38,51,26,53,49,91,46,49,35,42,47,59,89,84,103,35,37,46,57,37,95,85,69,91,94,107,105,102,107,106
256191043,105,106,77,95,97,102,87,79,95,91,104,90,81,97,102,102,101,106,101,101,106,100,99,101,101,106,105,100,100,15,13,15,19,14
256199564,103,99,82,88,88,102,74,79,107,98,104,104,85,98,101,103,97,100,102,96,103,100,87,103,90,109,93,82,98,19,20,22,20,21
256199987,68,64,31,51,23,30,49,25,67,57,35,50,32,39,33,63,82,79,102,35,34,38,29,37,73,61,45,84,59,96,93,91,99,97
256204963,107,107,76,88,76,107,76,62,101,97,109,97,68,95,102,100,105,107,107,105,105,106,89,107,97,110,109,97,95,17,15,16,14,15
256209818,104,100,65,77,58,93,57,72,89,84,99,90,57,52,98,94,89,93,95,96,98,93,88,96,87,103,89,85,74,25,28,22,19,29
256212811,98,97,83,101,97,89,90,95,99,99,96,99,95,97,99,100,96,99,97,93,99,97,93,93,101,101,101,82,98,16,13,26,19,21
256214100,104,101,98,108,105,102,102,98,107,104,101,104,100,106,105,106,98,106,101,83,101,95,106,92,105,105,105,102,108,16,15,14,13,16
256220814,106,105,77,91,73,90,78,59,97,88,99,90,62,85,104,92,105,101,103,100,101,97,98,103,94,100,102,101,91,18,20,23,20,24
257179947,94,88,102,98,88,100,98,91,92,85,82,77,70,96,96,98,83,93,94,57,55,59,103,48,105,98,88,97,101,20,21,15,18,16
257234222,99,99,99,98,90,98,94,90,95,85,86,80,82,96,101,99,99,101,98,60,55,55,89,48,97,98,83,91,98,19,17,16,16,14
260162835,64,68,20,47,27,21,24,37,51,59,20,60,28,24,24,30,79,75,95,32,19,34,16,24,80,50,44,94,84,102,101,90,102,104
260186569,48,49,20,32,20,20,21,30,43,50,22,38,23,20,21,30,48,47,83,24,26,22,20,22,67,37,33,74,54,85,78,72,86,85
260191043,103,102,82,93,86,98,88,75,92,92,99,95,84,93,93,100,99,106,100,106,108,99,97,106,100,106,107,96,93,14,17,15,16,13
260198009,59,60,19,32,26,15,22,24,38,54,14,36,21,24,22,29,80,56,86,29,22,22,19,26,55,36,31,84,72,91,94,86,96,92
260210514,108,107,89,109,109,107,91,81,107,107,109,108,92,108,106,107,107,104,106,104,107,109,92,103,90,108,105,98,107,16,17,20,18,17
260235212,108,105,81,100,89,100,80,77,99,89,100,90,86,97,101,98,102,100,100,94,99,94,82,99,100,106,94,92,99,17,17,15,16,12
264138412,106,104,97,103,106,105,96,106,110,103,112,107,103,106,105,107,101,111,107,102,106,102,94,99,101,110,109,94,108,18,21,15,20,19
264146530,108,106,83,101,99,93,84,87,101,96,107,96,91,93,100,106,101,104,104,107,105,104,96,107,83,105,98,96,101,18,21,17,18,19
264158121,63,61,32,37,36,22,20,32,50,63,20,48,26,22,28,31,68,70,93,31,24,38,33,32,75,53,43,74,81,102,99,96,101,99
265211575,97,87,81,97,87,89,85,78,105,100,85,105,83,101,106,101,90,99,98,86,91,89,94,82,98,105,93,88,103,13,10,10,18,14
265215502,54,58,24,40,30,27,24,33,47,64,31,48,32,24,32,30,45,70,94,32,28,33,25,28,74,54,31,71,77,103,95,92,100,102
265220018,106,103,106,105,97,108,102,87,94,84,100,84,86,98,101,101,91,92,106,48,70,49,92,51,90,96,97,84,102,16,15,14,14,16
265239231,107,109,82,98,93,99,81,74,100,95,107,90,79,103,100,106,103,108,103,103,107,98,88,99,84,109,99,97,98,16,14,16,13,15
265243576,107,108,89,102,104,102,79,70,99,97,108,106,85,98,100,100,106,96,102,98,102,101,75,100,84,107,98,71,102,17,15,18,15,17
265245279,110,107,82,93,95,101,80,70,98,93,107,94,79,94,108,99,106,98,98,101,106,101,98,105,92,108,93,89,98,16,12,18,17,14
267215316,65,66,24,34,26,22,26,27,47,75,23,44,33,29,24,32,79,71,105,38,26,33,33,28,84,63,46,92,77,108,103,98,109,106
267252145,110,112,68,99,86,96,82,73,106,95,100,92,80,95,97,98,108,101,107,105,108,104,89,103,94,103,98,93,96,16,15,15,18,15
268001041,105,104,82,98,84,90,80,84,106,98,100,106,83,83,107,107,104,108,103,108,108,110,99,105,99,114,111,86,105,16,16,14,14,14
268001088,100,103,76,92,62,68,68,73,102,96,73,107,73,68,89,100,95,107,105,111,109,109,111,111,104,98,107,102,107,15,14,17,16,15
268001183,98,105,80,73,59,69,68,59,93,83,77,88,58,82,79,93,102,110,107,111,110,113,111,111,105,97,108,113,99,14,17,17,16,16
268001419,103,103,94,104,100,107,86,93,111,103,83,107,84,88,105,109,98,104,106,104,110,108,106,101,112,109,110,107,107,15,14,16,18,18
268003647,104,101,107,112,111,108,90,107,110,106,94,111,109,97,105,108,100,108,105,96,100,92,112,93,111,110,109,105,107,15,17,14,15,16
268013743,105,105,102,114,114,109,100,103,111,108,105,112,108,104,104,109,100,106,108,93,97,96,103,91,104,110,107,98,106,16,18,16,16,18
268051539,57,67,34,47,33,36,18,37,61,79,36,71,34,38,39,53,82,90,100,35,33,37,37,34,91,62,56,95,85,110,105,98,107,110
268161840,98,94,86,100,88,87,86,100,106,93,83,107,98,92,90,103,96,106,98,109,106,109,109,106,107,103,108,109,106,18,15,16,14,17
268166120,105,109,83,107,106,96,88,109,102,103,109,103,106,107,99,101,99,105,105,106,104,106,94,107,88,109,103,103,99,17,15,17,15,14
268214100,109,107,106,110,108,107,103,94,107,106,97,103,109,110,110,108,103,110,105,84,95,86,111,84,110,107,106,107,110,17,17,16,15,16
270231943,107,109,109,107,102,105,100,97,100,98,98,85,87,95,106,106,103,107,99,60,70,72,104,55,103,105,99,98,97,22,17,18,24,21
270235889,103,108,99,106,102,96,91,80,100,98,105,93,89,104,106,105,107,105,94,57,48,43,80,45,65,95,51,65,98,21,23,20,21,22
270236276,111,108,107,103,97,108,96,107,103,103,104,94,90,106,108,103,107,104,107,59,56,57,77,56,98,100,85,92,104,21,19,14,15,16
270236401,109,110,93,101,107,108,85,74,106,102,102,100,66,97,106,100,109,97,106,102,104,101,103,109,92,109,101,101,99,22,17,23,21,22
270238041,109,108,75,90,87,86,83,71,103,85,95,81,73,70,103,102,106,109,100,99,104,102,83,107,97,105,103,101,90,12,12,15,11,11
270241084,113,111,106,101,100,106,92,75,103,101,104,103,66,105,112,104,109,99,103,45,60,44,90,55,88,108,82,87,100,20,23,23,24,24
270246104,101,102,96,104,104,101,91,88,110,106,98,107,83,98,110,107,108,100,106,91,101,79,99,82,103,107,83,102,108,17,15,19,18,14
270262118,107,106,76,86,83,100,77,71,102,92,97,92,83,95,100,100,104,103,100,95,105,102,89,100,91,104,103,100,96,15,17,13,18,18
272005099,109,109,88,102,107,107,83,87,100,99,107,98,64,98,108,103,105,107,107,111,109,109,99,109,95,110,107,94,102,15,16,19,18,17
272152908,105,105,87,99,99,103,88,93,106,106,111,98,105,109,102,103,102,97,102,102,102,106,89,103,95,106,101,91,86,19,17,18,18,19
272155862,107,106,84,97,90,110,96,94,99,100,107,98,86,105,105,102,104,108,109,111,107,108,109,109,102,112,109,109,106,14,15,14,14,16
272190815,103,104,88,101,98,103,93,83,109,106,106,112,94,106,99,108,102,106,106,108,107,109,98,109,101,109,104,101,107,15,16,13,14,17
272192593,63,70,23,57,17,28,26,36,57,75,34,29,73,47,34,44,61,70,105,57,37,33,16,36,94,55,44,98,88,105,105,97,108,108
272215914,106,106,90,94,92,98,82,88,108,95,88,109,85,90,106,107,111,113,111,111,104,111,82,107,96,114,113,103,108,18,15,13,13,16
273173426,61,59,21,53,28,24,25,48,45,51,21,47,23,26,27,41,61,70,96,21,23,33,28,27,79,43,44,81,66,98,93,92,102,101
273182494,78,72,28,34,18,34,19,40,52,68,24,57,32,23,34,35,91,82,100,29,25,32,21,24,82,56,43,99,64,102,99,94,102,103
273191043,106,105,78,96,95,101,86,80,98,93,105,93,83,98,104,105,102,109,102,104,107,104,102,103,104,107,104,101,103,17,17,21,14,22
273226753,72,73,24,66,24,20,23,29,43,71,25,41,29,35,35,50,89,78,90,20,22,24,25,26,80,49,48,90,78,98,91,87,94,91
273232938,90,92,47,49,36,44,41,46,91,63,69,88,46,57,78,86,83,77,83,92,95,88,88,91,101,88,86,85,73,15,19,12,16,12
273234577,53,47,24,28,27,38,36,30,44,59,28,43,39,32,38,45,50,53,91,37,30,36,27,29,75,40,40,69,60,94,90,86,98,97
273235212,110,110,97,100,93,101,84,69,103,97,106,90,80,94,105,103,101,99,104,98,102,101,91,100,100,109,94,98,99,15,13,19,12,10
273241671,65,66,26,33,22,23,21,23,62,74,24,71,18,25,29,38,75,54,96,33,38,32,27,33,85,43,36,73,74,100,93,89,99,98
274001397,105,109,106,106,110,105,105,106,111,111,105,112,105,110,115,117,109,113,104,77,84,86,103,67,105,105,98,95,117,16,16,19,15,16
277202970,108,107,89,96,81,107,62,70,97,83,99,89,87,100,100,98,106,103,107,106,107,107,91,105,95,109,99,107,99,17,14,15,18,15
277205565,98,90,77,92,73,79,70,70,99,83,83,96,58,81,85,97,83,102,94,105,108,103,107,106,109,105,108,101,101,16,18,16,17,15
277222229,66,59,34,48,42,37,46,45,46,70,35,59,37,38,35,48,88,86,98,38,41,44,35,41,86,63,44,94,79,106,100,93,102,104
277226652,94,94,79,95,88,90,81,83,106,102,84,106,84,87,94,105,93,94,96,100,102,104,104,94,97,102,102,105,106,15,15,15,18,14
278235212,118,116,105,110,105,115,95,91,112,102,111,102,95,107,109,111,111,109,114,108,113,108,99,111,110,116,108,108,110,21,19,17,19,17
279188943,73,60,24,67,27,23,33,28,44,67,23,39,33,33,28,48,80,88,104,26,31,43,32,31,88,67,51,93,85,104,107,95,107,107
280167948,71,67,19,27,18,14,17,42,52,34,23,50,21,20,19,45,80,71,97,33,18,53,25,22,51,45,49,87,69,104,95,88,107,98
280181458,107,106,94,106,97,106,102,98,105,106,112,95,95,108,108,109,103,105,107,104,102,105,107,106,100,101,98,107,104,15,17,22,15,21
280201325,64,67,37,49,36,36,33,41,58,71,35,58,37,35,38,44,71,70,102,35,37,44,39,35,90,64,58,87,76,106,99,100,108,105
280204092,59,60,32,54,35,40,33,32,59,63,31,52,45,39,36,42,63,75,97,34,35,32,33,37,91,54,59,95,86,102,104,95,102,104
280206585,68,71,40,59,43,40,37,50,69,72,41,74,36,42,35,48,84,81,105,40,35,43,39,33,86,54,50,98,80,104,104,104,110,102
280209658,110,109,103,109,110,107,89,92,111,105,97,107,95,104,101,108,103,111,106,102,109,106,106,96,113,108,110,102,105,19,14,22,15,19
280211990,57,46,25,33,23,22,21,24,48,52,25,39,25,29,26,42,78,55,98,21,27,29,23,28,80,54,39,90,62,98,95,86,102,90
280212831,58,66,27,53,26,26,29,32,59,77,30,73,27,37,36,50,87,81,100,28,30,26,30,29,86,42,46,86,90,97,97,99,102,104
280226268,112,112,86,102,104,113,99,101,113,104,115,109,98,114,102,109,114,109,110,108,108,107,92,111,94,112,108,89,94,27,25,29,23,23
280229558,111,105,72,84,56,63,57,59,102,87,74,107,55,58,92,97,92,107,99,105,109,108,105,106,113,99,112,110,102,18,19,21,22,25
280255654,110,109,71,92,83,90,71,78,109,85,97,94,71,89,93,103,102,103,105,106,110,106,98,106,104,100,105,97,98,23,17,24,22,18
281173210,102,103,94,105,108,103,98,101,111,109,99,109,97,101,105,104,102,100,107,95,103,104,90,99,98,110,100,93,107,16,14,15,16,13
283000027,107,110,96,99,98,110,100,87,104,102,102,85,93,103,113,109,112,111,110,54,54,51,88,50,87,101,88,97,111,18,15,14,16,15
283001088,107,107,77,89,63,64,72,66,100,87,75,106,72,73,92,99,97,109,107,112,111,112,110,113,106,100,109,105,106,17,18,13,14,15
283001109,113,113,86,96,84,103,90,80,104,97,109,105,57,93,103,101,107,115,109,115,111,114,114,115,108,111,108,113,108,16,14,15,16,18
283163489,59,67,24,60,27,16,27,45,55,70,26,55,29,29,26,37,81,72,102,34,35,39,34,37,75,55,43,96,83,104,103,98,105,106
283170597,64,70,21,53,24,28,26,54,49,54,23,45,35,24,26,35,76,76,102,34,34,29,35,34,86,66,63,99,80,106,100,92,106,103
283186569,60,66,24,56,30,27,32,41,46,61,27,59,34,31,22,31,73,69,103,25,27,23,27,27,82,59,48,89,55,105,98,93,104,106
283190460,95,98,98,110,112,106,92,96,110,112,112,111,109,113,104,109,105,102,105,74,71,65,80,47,86,104,85,84,110,14,19,14,15,14
283193698,54,65,24,62,26,26,26,35,48,71,27,68,31,26,32,40,64,76,103,28,31,27,39,27,86,62,55,96,75,104,103,103,103,104
283197061,95,91,82,90,68,86,73,55,103,95,72,109,46,86,94,99,83,96,101,108,109,110,110,105,107,102,108,105,98,14,18,13,13,16
283197756,102,102,100,98,96,103,96,85,97,97,92,87,84,96,102,97,101,95,103,78,68,65,100,72,92,94,103,97,90,15,16,14,16,15
283199482,80,75,28,55,30,31,26,28,54,63,31,53,26,27,27,33,85,79,104,26,34,37,28,35,83,58,61,102,82,104,104,93,108,102
283203551,109,114,100,108,109,107,99,95,101,106,109,110,99,102,100,106,112,103,107,104,105,109,98,108,92,109,108,100,108,17,16,18,18,17
283210008,99,100,85,102,96,105,88,94,110,103,99,109,84,100,109,106,100,102,102,103,109,106,107,102,105,111,105,105,107,14,17,14,16,14
283228881,104,108,86,94,100,97,86,74,100,88,104,92,74,100,99,99,104,105,104,106,107,105,90,106,91,108,106,99,104,16,16,15,13,18
283231677,113,112,108,112,104,111,101,111,102,102,105,96,105,107,112,105,111,103,109,55,53,54,98,48,98,105,88,100,109,16,15,16,17,14
283235805,114,114,107,109,108,110,102,102,99,104,100,89,87,109,110,103,112,106,109,88,70,46,80,63,92,108,107,85,106,17,16,15,16,14
284002147,57,54,28,33,25,23,30,32,53,63,24,59,25,24,23,43,68,72,100,24,38,46,27,32,92,54,53,86,72,103,102,102,103,101
284020801,105,104,112,111,108,113,111,110,104,101,94,102,94,103,105,107,99,104,101,44,43,31,109,34,99,96,98,108,112,14,18,22,18,21
284163705,50,65,27,43,26,27,21,24,61,62,28,48,28,23,24,46,77,72,101,23,24,43,26,25,68,41,54,87,78,100,99,91,103,96
284188350,106,110,112,103,103,117,101,101,112,114,109,107,102,113,109,108,111,101,107,58,71,68,77,70,95,110,101,89,111,18,18,20,17,19
287233419,116,116,108,113,108,106,97,99,108,109,110,103,105,114,114,110,113,107,109,58,64,65,84,57,95,105,99,98,109,14,13,16,17,14
287243780,109,108,103,108,103,104,97,104,115,112,115,113,113,116,110,114,114,119,103,78,81,75,89,59,100,104,106,91,115,17,19,19,21,13
289001116,109,107,83,98,87,94,77,79,110,104,78,112,80,84,99,103,105,116,106,113,110,111,115,109,114,111,113,115,108,17,22,18,21,19
289001625,121,121,118,111,110,113,109,110,106,102,98,101,112,119,117,113,119,118,113,54,56,60,99,59,103,110,91,101,119,19,21,14,20,19
289034666,108,105,83,86,83,94,88,78,103,104,110,93,95,100,107,108,113,99,108,107,106,106,88,104,86,111,104,96,105,17,20,16,14,16
289049072,109,108,118,119,121,116,113,113,106,106,107,98,112,117,108,114,108,109,111,56,51,54,106,47,103,110,102,102,117,16,20,20,17,14
289121944,108,105,101,118,115,107,99,106,115,112,109,118,108,107,110,116,108,117,108,106,109,103,103,111,108,119,118,99,114,19,20,18,14,18
289158023,108,114,120,115,118,112,109,112,114,113,107,112,111,118,118,111,109,117,112,44,48,45,94,43,93,100,78,86,119,15,19,22,20,21
289168542,106,104,103,102,99,108,99,101,113,113,108,107,106,109,111,114,114,110,109,79,74,73,82,53,91,104,97,94,118,15,21,17,20,15
289168651,107,109,104,112,113,106,90,111,114,106,110,113,113,111,111,111,111,113,110,103,101,97,98,102,97,116,106,99,115,22,20,20,16,13
289182521,106,103,107,110,111,108,101,108,118,114,117,118,114,116,110,116,106,111,106,98,100,93,90,94,103,110,98,93,117,17,15,18,17,13
289183898,109,112,103,105,109,107,99,100,105,110,113,104,104,113,114,107,113,102,107,49,56,56,73,60,86,100,92,90,111,18,16,19,19,20
289190815,106,106,94,106,102,102,97,86,110,105,109,114,97,109,100,110,104,107,108,110,108,109,99,110,104,108,103,103,106,17,13,13,14,19
289191189,111,111,109,117,116,111,102,112,117,111,102,117,112,105,112,113,111,117,111,109,110,108,98,107,107,113,116,101,111,22,14,19,15,18
289193082,112,113,97,109,106,103,93,100,107,101,110,103,92,105,109,102,109,103,106,94,97,98,87,100,91,106,98,95,103,13,14,22,19,16
289193352,101,100,87,108,98,103,83,88,106,106,113,105,106,111,101,103,98,107,107,109,108,109,101,107,107,106,98,105,105,21,18,22,16,21
290206517,113,111,99,105,104,108,99,93,113,112,107,108,94,105,115,107,115,112,111,70,69,63,79,60,93,108,87,80,111,18,13,18,21,16
291146947,90,87,84,106,104,101,83,108,108,103,100,112,92,95,97,101,85,93,100,106,110,106,109,102,111,107,109,98,102,15,16,19,16,17
291190765,95,97,109,110,110,114,99,98,113,115,110,111,105,110,109,106,102,101,109,99,106,89,89,99,98,116,109,100,110,17,18,18,17,19
291192984,63,70,28,63,31,29,26,33,63,66,28,73,36,26,27,46,73,76,109,23,33,29,31,31,83,74,56,83,84,108,106,103,109,106
291193698,52,63,25,63,28,33,27,36,44,63,26,58,33,25,33,45,62,73,105,27,34,29,41,25,87,73,53,94,80,109,109,100,108,107
291199503,100,97,106,113,110,112,98,96,113,111,110,114,107,111,108,110,95,111,106,103,111,104,110,110,109,117,115,103,110,17,17,14,16,17
291200104,115,114,112,112,113,115,108,93,106,106,113,96,110,115,110,108,111,108,112,70,63,52,83,53,98,114,92,88,108,16,16,16,17,17
291205569,94,99,98,112,109,102,97,112,114,115,116,110,116,116,102,105,105,109,105,97,109,109,99,100,96,117,110,100,106,17,17,17,17,17
291206594,110,113,103,110,110,113,97,89,110,112,113,110,103,110,115,108,112,106,110,105,106,96,90,102,93,110,101,93,112,14,14,15,17,15
291213648,103,98,98,109,109,105,90,88,112,105,103,113,100,102,111,104,98,104,106,109,111,111,103,107,106,115,114,105,106,14,14,15,15,15
291216354,105,106,109,108,108,111,109,112,108,106,99,106,108,109,111,107,107,108,109,54,50,49,111,49,99,108,93,111,107,15,17,17,18,16
291223334,110,107,103,109,99,114,93,93,109,106,100,108,81,98,114,109,100,101,111,107,110,110,111,99,114,114,113,110,110,14,16,15,16,16
291223952,64,85,24,68,34,35,34,36,57,68,31,79,34,36,29,43,84,75,103,36,36,31,27,36,91,86,52,90,84,109,109,100,109,109
291224196,110,108,99,100,94,111,102,110,106,90,106,94,89,100,105,106,103,102,108,108,109,110,111,112,103,106,110,113,104,17,16,17,17,16
291227127,68,86,26,70,36,37,38,40,69,59,28,75,43,30,35,42,92,76,107,38,40,36,36,34,92,85,70,93,81,110,103,103,110,110
291228702,107,107,91,96,99,103,99,86,116,114,105,116,92,111,115,113,112,115,112,104,109,106,106,106,99,113,107,110,116,16,16,16,14,16
291229348,109,111,79,88,86,99,82,83,103,99,108,92,83,102,109,102,108,106,106,106,108,109,100,103,98,111,110,108,104,17,16,18,17,17
291234378,108,102,95,109,111,96,97,94,112,106,90,114,94,110,110,106,97,109,107,106,111,111,109,109,106,115,110,106,109,17,17,17,17,18
291234742,112,111,109,108,112,113,98,87,104,102,106,93,98,112,108,106,108,103,110,71,73,59,93,70,99,109,93,95,104,17,18,17,17,18
291251392,108,107,89,100,99,100,89,88,106,95,95,103,83,96,106,103,103,106,106,108,111,107,99,106,99,109,113,103,100,16,14,18,15,15
291251892,111,110,111,107,93,111,109,103,98,85,80,84,82,101,105,97,97,93,106,47,58,47,109,47,113,103,95,99,99,18,17,14,16,17
291253124,111,107,88,99,97,102,85,91,109,101,96,110,91,98,110,104,106,105,106,100,106,99,89,107,99,107,105,91,105,16,16,16,16,15
291256079,110,114,84,107,100,100,82,87,111,103,100,112,88,94,113,107,113,113,110,110,112,112,100,113,107,117,115,110,110,18,17,16,16,17
291257057,107,104,86,102,88,97,83,83,107,99,84,107,83,92,106,97,103,100,106,104,109,108,107,110,106,109,111,102,100,16,15,15,16,16
291258976,111,112,89,105,105,107,90,86,102,98,105,88,101,100,112,103,111,107,107,106,107,108,102,109,89,111,111,110,109,17,17,16,14,16
291264240,108,111,92,93,92,111,84,90,113,108,100,109,81,103,112,108,113,113,112,93,103,95,93,108,89,111,113,103,109,17,17,19,18,18
293212778,92,91,70,93,79,77,52,60,90,85,73,90,64,70,78,83,85,93,91,95,96,92,96,90,97,91,93,98,80,21,18,20,17,19
293234748,39,52,21,32,24,24,24,23,42,76,24,44,21,24,22,43,54,68,88,21,34,29,28,23,85,45,59,68,67,91,87,84,91,90
293237424,92,92,82,95,90,84,68,75,98,97,86,95,96,93,96,98,95,93,93,73,78,79,78,63,90,92,81,85,97,21,18,20,16,21
294237778,48,41,15,21,18,28,29,17,35,38,21,30,15,18,20,18,51,61,87,24,21,20,17,18,44,35,31,68,38,94,90,91,93,90
294238570,58,60,30,50,36,29,35,26,48,73,37,53,23,30,37,45,78,80,90,30,37,34,30,46,79,56,51,73,71,101,99,93,100,91
295234748,33,41,22,22,18,20,20,19,22,62,19,20,18,23,21,33,59,48,82,15,16,25,18,17,65,33,46,56,60,80,76,74,85,81
298212432,59,60,26,27,22,20,26,27,36,74,19,31,23,27,20,26,29,59,73,24,26,25,24,24,69,37,27,63,25,79,77,68,78,78
300020801,72,67,81,83,77,82,77,83,70,70,72,65,75,73,71,78,70,59,75,24,31,28,80,24,74,71,58,87,83,9,12,16,12,15
300073562,38,37,7,53,11,8,11,16,18,64,12,23,14,15,11,17,33,33,69,7,14,11,14,11,54,19,22,56,29,71,68,70,75,73
300158023,66,75,77,77,79,79,82,69,76,79,74,77,85,83,81,85,75,82,74,20,34,38,56,24,63,65,42,64,84,8,12,16,10,15
300172723,27,25,19,46,13,12,13,38,26,29,15,31,16,18,17,24,29,34,60,19,12,19,13,13,70,28,40,58,51,65,65,60,62,67
300173373,42,44,15,50,12,12,18,17,42,52,12,44,14,13,13,40,50,42,66,15,12,21,13,16,66,30,32,62,58,67,66,65,68,67
300184167,45,43,12,58,16,17,13,27,43,60,20,58,15,17,17,33,43,46,64,21,15,18,19,19,64,30,24,63,35,69,67,75,70,71
300186153,43,46,13,52,15,15,15,19,49,45,13,58,15,17,12,22,51,48,74,20,14,16,17,13,60,43,38,63,60,74,75,68,75,76
300192563,48,51,11,53,15,9,11,23,47,50,11,45,10,11,17,34,48,42,71,27,16,25,14,19,65,42,27,65,59,72,73,70,75,74
300193080,43,44,14,50,13,11,14,28,38,43,18,37,19,21,19,31,56,38,78,16,20,21,19,16,36,29,16,53,43,78,72,66,80,77
300193698,39,35,12,56,14,11,12,22,35,47,15,34,12,13,19,18,43,41,76,16,19,21,17,15,64,37,31,61,49,78,75,74,77,75
300194404,47,51,16,51,20,12,13,22,35,41,12,40,14,13,19,23,54,45,69,18,15,16,15,16,58,38,38,62,56,70,65,67,71,69
300200389,50,40,12,55,13,12,14,12,41,57,14,38,15,14,13,29,59,45,78,27,15,24,16,19,72,40,35,67,63,78,83,73,80,79
300202811,53,51,17,58,17,13,14,41,57,62,22,55,20,22,24,41,51,46,73,25,20,21,26,20,72,38,38,73,64,76,75,75,78,78
300207410,59,63,63,75,78,69,70,55,78,75,67,75,65,72,76,77,69,69,76,69,70,70,40,72,63,69,71,57,75,11,7,8,9,9
300210941,43,43,19,47,19,14,16,24,29,41,15,27,16,13,17,24,59,51,61,16,19,22,17,15,56,22,24,59,56,67,68,62,69,67
300212242,52,55,68,77,78,63,65,58,73,67,66,72,70,74,68,70,59,55,74,75,75,76,68,71,77,62,83,74,67,9,11,11,16,14
300212432,47,49,19,44,15,13,19,19,27,57,12,23,16,19,13,19,30,50,66,28,19,18,17,17,32,28,19,49,59,71,66,58,71,67
300214436,66,65,52,65,51,61,42,61,72,66,65,68,44,44,66,65,64,67,67,67,67,67,73,69,69,71,71,77,74,14,11,16,16,16
300215316,49,52,16,56,18,13,17,24,35,63,13,47,20,19,15,16,54,47,72,16,14,21,13,18,67,39,26,67,52,75,71,74,79,71
300223334,72,64,69,77,59,73,56,57,75,73,67,71,36,59,76,75,63,61,77,73,77,77,75,71,83,82,83,83,75,11,14,10,14,14
300226268,72,78,68,78,77,76,75,67,78,74,82,77,76,82,72,79,77,75,76,75,75,74,67,73,67,77,75,77,72,11,10,13,9,9
300226753,56,58,13,59,18,12,14,27,53,63,16,54,18,29,26,38,61,50,70,13,19,16,20,15,72,38,36,73,60,75,69,77,76,72
300228480,65,65,46,59,45,53,49,59,56,50,58,52,41,47,54,55,66,70,51,43,34,29,41,32,55,62,43,49,51,17,10,17,12,11
300233770,65,71,38,56,47,57,43,34,59,55,52,55,31,36,56,56,67,74,60,54,59,57,45,54,64,75,60,63,53,16,13,11,15,11
300233934,47,44,15,56,16,19,17,25,52,60,16,51,17,18,23,35,50,46,67,24,17,24,16,16,59,38,34,61,56,71,70,74,73,68
300234102,45,49,19,51,18,11,17,16,39,35,14,31,16,17,16,30,41,38,68,13,21,15,17,18,54,31,22,60,41,73,69,67,73,70
300234317,66,67,49,48,52,53,48,49,59,56,59,57,63,60,61,60,71,74,59,33,20,36,30,23,36,53,60,38,51,15,11,11,11,10
300234577,37,32,8,58,11,19,10,15,47,62,14,51,11,11,19,29,40,34,76,19,14,19,12,12,59,27,23,57,42,76,72,75,79,76
300234642,35,32,7,54,11,8,11,14,51,47,11,51,15,14,19,30,47,32,72,11,12,14,11,14,67,35,22,59,53,76,71,71,75,74
300238616,83,84,71,74,69,73,67,60,72,74,74,62,67,73,76,75,81,81,74,38,38,38,47,25,60,75,63,68,73,8,14,9,8,13
300239837,59,63,73,81,78,72,71,79,80,78,73,79,75,76,75,79,75,79,81,71,75,73,60,68,64,80,76,67,79,9,11,15,11,16
300240311,47,28,10,47,7,7,8,19,38,49,13,20,12,15,13,22,38,46,67,14,12,15,13,14,47,36,17,47,32,59,59,62,67,59
300240913,37,43,8,55,10,6,11,29,45,52,14,47,12,13,25,35,42,45,71,19,11,13,14,15,66,19,21,63,61,71,70,73,74,72
300242948,35,26,11,55,8,9,11,16,41,53,16,47,12,27,22,34,30,22,64,13,15,19,12,11,51,27,27,51,59,68,69,72,69,71
300243173,67,67,55,52,40,61,27,34,60,61,45,59,34,41,61,62,67,69,62,47,58,54,48,37,59,69,59,61,55,11,9,11,7,7
300243952,34,37,10,55,9,12,13,19,25,56,16,26,16,15,12,16,35,25,72,22,14,19,13,12,57,31,22,58,52,74,72,73,75,73
300244322,75,75,54,60,57,55,51,54,59,58,53,58,49,52,59,59,63,59,58,49,56,54,43,51,67,67,57,59,53,12,13,14,11,8
300251752,43,49,11,51,10,9,11,17,36,44,13,33,15,16,15,18,36,36,73,11,11,11,13,12,50,39,23,59,43,77,72,67,79,73
300255160,75,72,57,62,43,60,35,43,55,57,51,51,41,53,58,57,71,59,46,23,30,23,48,33,66,64,63,67,59,9,13,8,12,7
300255303,49,47,9,51,11,8,10,19,41,54,12,38,15,15,19,27,56,47,68,14,15,8,12,17,54,34,26,59,45,69,69,67,75,71
300258498,51,53,10,57,9,6,8,21,38,41,11,34,16,12,16,23,49,43,70,13,18,19,16,15,67,29,18,67,34,74,71,75,76,73
300258626,52,62,59,71,67,60,59,61,70,69,61,66,67,68,67,69,63,67,63,36,41,42,36,40,65,56,55,54,60,11,15,10,13,11
300261121,51,53,28,43,48,35,30,37,52,48,49,50,34,35,43,51,56,65,48,49,51,51,48,48,53,49,48,51,47,14,14,10,8,11
300261122,67,67,28,51,27,50,29,34,55,43,60,48,30,56,54,59,66,64,59,55,56,56,48,55,63,69,56,62,56,14,15,13,14,11
300263139,22,25,11,58,7,9,7,15,41,50,15,37,11,13,11,18,21,21,70,10,12,15,11,12,56,18,17,53,48,71,70,75,73,73
300265799,60,56,38,56,40,59,40,43,67,61,49,65,34,38,63,65,54,50,59,55,63,58,50,58,66,60,59,60,55,11,8,10,8,9
300266653,80,70,33,59,35,43,36,31,55,48,60,55,28,46,60,59,70,75,58,52,62,54,49,65,55,61,64,61,56,15,8,10,9,12
300271031,60,61,36,43,43,52,26,35,54,50,54,49,41,34,54,56,62,64,51,56,59,53,52,56,56,65,55,59,51,12,10,16,13,10
300274130,52,51,27,41,24,32,26,34,57,41,43,53,25,31,52,56,54,46,56,61,62,59,61,60,73,60,68,68,52,9,9,11,9,13
319005479,51,52,13,27,14,17,15,24,21,58,14,22,14,25,25,23,56,43,70,24,12,22,25,14,65,39,23,71,65,76,67,56,73,77
319233687,51,54,19,43,24,26,27,32,42,30,26,44,27,30,28,36,49,53,46,63,55,47,53,51,63,47,52,62,42,11,10,11,9,8
320140293,41,42,18,23,16,11,16,21,34,41,11,34,14,18,24,25,47,47,70,11,13,18,14,13,51,32,31,58,65,73,73,63,72,74
322001179,27,32,16,49,14,13,18,22,35,47,14,34,14,20,26,27,47,46,70,14,12,27,14,12,60,33,36,64,65,69,67,64,69,82
322234748,23,20,17,44,16,18,18,17,19,43,12,21,16,12,15,20,23,25,67,13,14,22,16,15,58,29,26,40,51,66,59,58,69,61
322269828,62,61,59,60,60,53,62,64,63,65,54,59,63,61,65,67,70,70,59,35,33,37,50,36,45,67,35,65,62,13,7,7,13,12
322275264,61,62,49,43,42,53,29,47,39,47,35,32,31,34,47,48,56,52,50,17,21,16,45,15,51,51,34,58,37,10,8,11,11,13
323186153,44,48,13,51,15,15,15,19,31,45,13,35,15,17,12,22,51,48,75,20,14,16,17,13,60,43,38,65,60,79,76,67,80,79
323206269,67,62,37,59,52,51,35,46,57,56,59,56,53,60,59,59,65,68,58,56,58,57,47,57,59,70,60,59,59,12,10,12,13,16
323217391,69,72,31,68,46,45,34,32,60,53,66,58,42,63,61,60,68,67,59,59,59,60,45,58,53,69,66,59,58,11,10,11,8,10
323268263,55,54,46,58,51,51,45,51,63,51,47,62,43,46,58,59,53,54,57,44,58,51,53,54,60,57,57,59,46,9,14,15,12,16
324024630,46,41,15,53,16,14,12,24,35,60,12,37,12,12,11,23,47,56,65,20,22,22,14,24,65,33,31,60,59,68,68,70,67,70
324193041,50,51,16,52,14,17,12,25,38,59,12,35,16,21,24,29,56,57,72,27,15,22,12,15,69,37,31,67,59,75,73,68,77,74
324212607,43,47,36,67,50,26,51,42,60,35,24,56,56,27,36,57,51,53,63,65,67,61,69,66,80,65,69,75,61,10,17,11,10,16
324246929,75,75,60,64,59,65,59,67,65,57,58,54,49,46,66,60,56,49,66,36,43,42,61,30,75,65,66,73,60,15,8,14,11,12
501140293,52,53,29,34,27,22,27,32,45,52,22,45,25,29,35,36,58,58,82,22,24,29,25,24,62,43,42,69,71,83,82,70,81,82
502192119,60,54,26,46,29,25,24,38,43,53,26,45,31,30,25,34,68,54,87,31,30,27,25,28,76,47,34,74,72,89,93,78,91,89
503234642,42,45,17,29,21,18,21,24,30,45,21,32,25,24,24,22,55,37,81,21,22,24,21,24,77,44,32,47,62,83,77,78,83,82
507222600,59,56,33,50,35,34,35,45,44,50,34,37,30,50,29,35,48,63,74,27,35,38,29,29,78,46,41,66,71,75,74,73,76,75
508212831,58,66,28,35,29,28,34,37,57,75,32,56,33,33,41,43,52,49,94,30,33,26,42,31,86,45,41,63,74,93,93,91,96,97
508215316,62,65,29,37,31,26,30,37,44,67,26,36,33,32,28,29,67,60,83,29,27,34,26,31,80,53,39,73,70,87,86,85,87,86
511212831,63,71,31,76,32,31,37,40,73,78,35,71,36,36,44,55,55,52,97,33,36,29,45,34,89,48,44,66,80,96,95,95,99,100
511215698,66,63,32,75,36,32,33,32,69,73,35,66,33,52,46,54,55,68,94,39,33,41,34,35,88,53,50,84,77,94,91,94,98,94
512199236,99,97,56,81,75,76,52,68,78,78,87,77,87,88,81,81,99,96,79,79,81,77,72,78,87,96,78,95,82,32,32,34,36,29
513186153,63,67,32,70,34,34,34,38,50,64,32,54,34,36,31,41,70,67,94,39,33,35,36,32,79,62,57,84,79,98,95,86,99,98
513202811,70,72,34,75,34,30,31,57,70,78,39,72,37,39,35,53,63,63,92,29,37,31,43,37,82,55,52,88,75,93,93,92,95,94
513215698,70,67,36,80,40,36,37,36,80,80,39,77,37,56,50,58,59,72,98,43,37,45,38,39,92,57,54,89,83,98,95,100,102,98
513230621,71,67,33,75,39,35,30,44,55,76,33,53,35,33,47,49,79,56,97,40,35,46,33,37,87,53,49,86,80,103,95,93,102,96
515235840,75,73,33,77,41,33,34,40,67,82,36,65,37,40,49,51,73,73,85,43,37,38,34,33,85,57,48,86,74,97,94,94,97,97
516238570,51,48,42,71,41,42,41,40,39,75,37,50,38,36,40,43,54,48,87,47,38,36,43,37,62,46,47,66,78,89,85,85,91,86
517167495,56,50,36,85,39,35,34,68,78,85,38,84,34,37,51,64,70,56,98,40,33,51,47,34,96,63,50,88,84,97,97,105,97,101
517190941,64,58,34,67,37,33,33,42,51,72,34,54,38,34,33,42,63,59,96,33,33,41,34,36,73,55,52,77,65,98,95,81,98,97
517199641,56,57,39,77,41,41,41,44,67,76,39,72,40,40,41,54,57,55,96,37,38,40,37,37,84,48,50,82,80,97,96,95,98,98
517204935,67,76,42,84,37,42,43,68,78,87,41,80,40,42,43,63,78,74,98,44,43,49,42,36,90,61,66,92,83,100,95,104,103,98
517205452,102,87,60,99,84,73,55,60,98,79,85,97,74,69,86,90,74,69,100,99,100,98,98,99,105,87,107,104,96,37,38,33,32,35
517208128,88,93,94,105,105,92,97,109,108,107,97,107,103,106,97,105,101,96,105,100,103,100,85,99,85,100,101,92,103,36,40,37,36,33
517209981,58,59,38,76,42,34,37,47,60,81,39,65,42,36,43,36,67,51,93,43,42,36,38,39,87,64,48,83,76,98,98,93,101,98
517210676,49,48,41,74,42,29,36,50,47,65,40,48,35,39,36,42,54,55,89,30,36,32,36,41,80,49,38,77,64,98,97,91,99,92
517220901,77,81,41,82,37,38,42,48,80,85,35,84,38,41,41,63,85,65,99,49,37,34,42,36,58,52,50,81,85,101,99,102,102,100
517225116,67,61,40,74,40,42,42,43,51,60,38,47,43,42,39,47,65,67,94,33,44,44,41,37,82,50,44,83,84,97,95,90,100,99
517228383,62,62,38,73,39,39,38,46,67,75,41,68,46,42,42,56,65,67,83,47,41,45,46,41,88,58,57,87,74,96,92,89,99,94
517229558,96,94,61,83,64,68,56,61,97,78,69,96,51,59,91,94,85,84,101,101,101,103,100,99,104,91,105,102,92,32,33,34,35,40
517231478,96,98,107,102,96,107,106,90,94,95,85,89,82,99,97,99,103,102,106,65,69,67,101,65,96,101,102,105,103,34,32,32,36,32
517233096,103,94,91,90,79,97,70,70,96,84,97,90,65,89,96,97,86,78,98,95,95,94,100,93,97,103,99,105,94,33,33,31,37,36
517235073,72,59,34,68,34,34,34,36,60,78,37,55,36,37,47,56,58,51,100,39,39,38,37,39,98,52,47,89,84,103,99,82,103,102
517241736,94,93,75,86,79,79,66,70,91,80,75,87,60,73,91,94,88,87,92,92,94,92,96,92,99,92,92,106,94,34,33,34,36,31
517278046,89,84,61,70,56,70,61,61,100,90,52,101,54,44,94,97,82,80,97,99,99,99,98,97,93,85,96,100,96,33,30,37,37,31
518077840,109,114,108,105,95,109,81,108,98,99,93,77,75,71,102,104,116,107,104,58,58,54,97,56,98,91,83,109,98,50,55,54,50,50
518212432,87,89,59,84,55,53,59,59,67,97,52,63,56,59,53,59,70,90,107,68,59,58,57,57,72,68,59,89,99,113,107,98,111,107
518212912,107,100,83,91,91,83,65,75,99,96,76,104,69,71,91,96,107,99,93,105,107,100,107,103,112,107,106,115,93,52,52,51,51,55
518213317,114,107,72,93,89,95,85,88,95,93,106,95,102,100,96,98,108,113,101,99,99,103,93,96,107,112,108,108,100,55,48,53,49,51
518221859,115,111,93,95,94,99,92,91,95,91,101,91,87,90,100,97,112,101,98,99,95,98,88,97,122,123,97,114,98,52,55,55,50,53
518222052,110,112,80,89,83,99,73,71,100,93,105,96,83,95,104,103,113,104,103,96,103,100,91,102,97,112,104,106,93,54,48,55,57,56
518227790,84,79,66,91,65,79,71,74,97,88,71,98,80,89,73,93,77,80,100,105,105,103,108,106,120,107,105,111,99,56,54,55,56,49
518233711,99,98,78,107,96,73,75,83,102,93,87,100,103,101,87,101,98,99,100,105,103,102,101,99,108,99,99,107,100,56,53,56,54,55
518234748,63,60,57,84,56,58,58,57,59,83,52,61,56,52,55,60,63,65,99,53,54,62,56,55,98,69,66,91,91,99,99,98,101,99
518243061,121,119,98,99,91,102,97,100,92,95,94,83,93,96,105,104,117,121,99,73,76,80,92,75,99,102,99,110,99,53,50,49,51,56
518244800,115,118,88,93,93,98,81,83,98,91,98,93,94,99,100,102,120,116,101,100,98,99,86,95,96,120,99,103,98,50,50,50,51,49
518245054,113,109,107,111,112,110,104,103,109,107,107,106,109,107,109,110,108,117,108,93,99,96,89,92,106,123,105,106,98,49,51,55,47,51
518247667,103,102,74,92,79,95,82,75,92,84,93,91,80,90,91,94,105,101,97,90,97,89,98,93,107,111,104,115,91,56,53,50,51,53
518252658,63,68,51,81,53,51,54,54,63,76,53,65,53,55,55,53,74,68,85,51,53,53,56,54,91,59,63,89,74,99,98,93,104,99
518256370,123,122,104,99,101,107,102,92,102,105,97,91,80,95,104,105,115,106,105,67,64,72,98,59,111,121,109,118,100,51,51,52,54,54
518268342,107,112,81,85,84,99,80,81,95,91,100,85,89,90,103,96,98,101,99,97,100,104,74,96,99,123,97,96,93,49,51,53,50,53
518272733,117,115,94,103,104,105,92,92,109,107,91,105,86,90,106,109,110,111,109,104,108,107,86,102,109,123,105,107,101,51,51,52,52,49
801001075,112,115,117,114,113,116,109,116,113,111,113,103,117,118,116,111,115,106,112,67,60,61,98,63,99,113,102,97,115,17,14,17,17,14
801001114,110,116,118,110,110,114,109,118,113,110,110,108,115,117,121,117,118,116,112,57,55,53,94,53,97,96,90,89,121,17,17,17,19,18
801001397,112,114,110,116,116,112,112,112,114,113,110,110,112,114,121,119,118,114,112,87,87,93,110,70,106,114,110,103,122,17,18,17,20,20
801005984,109,108,117,110,106,117,118,104,100,88,86,84,89,96,106,110,110,112,110,53,67,54,120,54,112,106,93,115,115,17,17,18,18,17
801007763,96,100,92,115,112,101,85,113,116,118,118,117,119,119,115,115,108,113,105,98,102,112,81,105,96,115,102,82,118,18,18,19,18,18
801173210,105,108,100,112,112,110,101,103,114,111,110,115,100,110,113,110,110,106,109,104,108,112,93,108,102,114,114,96,111,17,17,19,17,17
801206058,111,110,78,95,83,102,85,79,105,96,108,104,78,105,106,104,105,110,107,108,112,109,108,109,102,105,111,108,106,17,17,17,17,18
802001040,117,118,98,119,116,114,102,101,107,105,116,110,117,116,107,109,109,117,114,108,109,108,98,112,104,116,110,110,106,17,17,17,14,17
802001075,110,112,117,110,112,117,112,115,112,105,109,101,115,117,117,114,111,109,109,62,58,58,96,60,98,112,99,95,117,17,16,16,17,16
802001419,107,106,100,110,109,109,90,98,114,107,88,113,90,99,113,111,103,111,107,107,112,111,110,110,116,116,114,110,116,18,17,17,18,18
802004000,110,107,110,115,115,111,110,110,111,107,100,102,109,113,114,119,110,114,109,52,61,62,97,57,105,108,92,99,119,17,17,16,17,16
802007289,111,107,89,95,67,94,93,83,106,93,83,107,55,92,93,104,104,114,109,113,111,113,116,110,114,107,114,112,107,16,13,9,9,13
802013743,107,107,108,119,117,111,106,107,115,114,108,115,109,111,107,111,103,110,108,100,105,100,102,103,106,113,111,101,108,16,18,16,18,18
802050752,108,108,86,90,82,87,87,79,103,86,79,100,73,83,93,100,93,107,105,110,111,108,109,111,110,104,111,107,106,17,17,18,15,15
802121944,108,105,103,117,113,108,100,103,114,110,107,117,111,110,112,113,107,114,106,107,111,105,111,109,106,116,116,102,114,18,18,18,15,15
802163587,77,75,28,53,31,48,28,35,53,66,39,59,33,33,26,63,94,82,109,33,29,33,35,33,85,53,88,97,83,109,110,99,111,111
802165153,107,106,118,110,107,115,115,117,112,115,98,110,103,115,115,113,106,114,109,72,58,56,115,53,109,108,93,109,117,18,18,18,16,18
802183711,104,101,97,109,109,104,99,97,112,110,106,113,101,106,104,110,100,109,106,106,109,106,105,109,103,111,112,99,110,16,16,16,16,14
802184432,103,102,85,97,89,102,89,89,109,101,105,109,83,102,103,102,101,112,109,113,112,112,107,110,103,114,114,112,106,16,14,15,18,17
802190045,116,119,118,111,115,115,115,112,112,110,106,110,109,116,118,116,116,110,114,63,55,74,104,59,100,110,102,103,118,16,17,17,17,14
802190815,105,105,95,108,106,100,96,84,111,104,105,111,96,105,101,107,103,108,108,109,111,109,108,111,102,109,107,109,109,18,16,18,18,17
802197445,110,110,89,111,107,108,91,100,111,106,110,111,113,113,105,110,104,110,110,111,113,112,106,113,103,110,109,107,108,18,16,17,16,18
802198219,110,114,110,110,116,110,106,116,109,110,110,112,111,115,115,107,115,116,110,74,51,51,81,44,85,110,81,84,115,17,17,17,16,16
802202126,107,108,116,116,115,111,112,116,109,112,100,113,107,114,111,110,103,112,107,79,60,58,114,58,110,111,100,107,114,16,16,17,18,17
802202335,96,94,91,110,107,88,86,90,107,101,85,110,97,98,95,102,88,100,100,99,111,111,111,110,112,109,112,105,97,16,17,17,14,16
802202978,94,93,84,90,75,88,95,63,100,83,81,103,70,80,83,88,94,97,98,101,103,102,101,104,103,99,104,104,90,18,15,16,16,15
802205923,106,103,89,96,86,95,75,84,105,107,111,102,87,107,105,102,102,100,106,108,109,106,105,111,102,107,102,107,100,17,16,17,17,16
802205988,111,112,86,105,90,110,88,78,107,108,113,103,94,111,106,105,103,110,107,108,110,106,105,110,106,111,109,110,104,18,16,16,16,16
802216464,106,110,107,107,108,109,106,100,104,106,97,99,92,102,107,103,110,106,109,63,69,67,108,64,97,109,107,107,102,16,19,16,17,16
802247515,113,113,112,110,110,113,103,100,103,110,110,99,105,111,113,110,111,111,112,59,62,54,105,58,110,111,99,106,113,18,17,17,18,17
802247699,113,112,115,111,110,115,110,106,107,106,94,92,106,111,114,110,111,114,114,49,53,54,110,49,100,111,96,101,117,18,18,16,16,17
804250753,63,61,33,72,40,38,39,47,70,79,43,62,44,48,45,61,66,78,98,43,44,44,47,47,96,60,58,84,80,97,100,97,105,104
804254088,107,109,103,104,102,101,96,103,102,102,96,98,95,105,106,101,107,103,103,65,64,62,92,59,96,100,93,94,104,18,20,14,13,16
804260908,108,107,88,93,89,97,88,83,104,102,108,93,86,103,106,104,109,105,106,103,103,101,99,109,97,111,111,96,97,13,17,14,19,19
804268421,109,111,108,110,101,108,101,95,100,97,88,89,87,101,107,103,108,107,104,56,58,53,93,55,103,98,94,105,108,18,15,22,17,13
805212066,105,105,89,107,103,105,95,90,105,107,110,107,108,110,102,106,105,107,103,99,105,104,94,105,99,107,101,95,105,17,17,18,17,17
805254980,106,106,86,98,90,111,83,80,112,102,108,105,91,103,110,108,106,107,108,109,109,110,102,109,96,110,106,108,108,18,19,18,18,19
806200104,112,112,109,111,110,111,105,101,108,109,108,96,110,111,109,104,111,105,111,64,60,57,87,54,99,108,92,89,108,19,20,19,20,19
806226380,112,111,102,109,98,107,97,99,104,109,109,96,103,105,110,105,107,108,108,54,56,52,97,54,105,107,104,104,104,22,23,21,21,20
806237086,110,108,88,92,87,93,78,77,104,94,83,108,77,83,97,99,97,108,107,110,111,111,108,106,112,103,110,108,102,20,20,19,20,20
806243780,100,106,99,104,102,103,94,100,109,110,109,104,108,110,110,109,111,111,106,66,64,63,84,32,91,103,101,87,111,18,19,18,19,20
807252371,116,119,115,115,113,121,110,98,121,118,106,120,97,113,123,117,119,121,119,107,113,112,107,109,110,125,116,113,122,23,21,21,18,17
810188377,108,110,74,103,80,107,76,88,107,101,102,108,84,100,102,104,99,106,107,105,108,105,109,108,106,106,107,110,103,15,17,19,15,18
810197445,105,103,81,105,95,99,89,92,107,102,107,103,102,106,94,99,100,107,103,105,108,109,102,107,103,100,106,102,101,18,16,17,16,18
810200389,75,73,31,57,38,33,30,33,61,83,33,61,34,39,36,54,104,94,109,54,36,44,31,39,96,68,63,102,99,111,111,97,113,113
810220814,104,104,84,94,78,106,77,73,105,93,104,102,70,97,104,97,100,100,105,105,104,105,105,105,97,107,109,105,98,12,14,13,15,14
810220901,58,79,22,64,26,22,28,48,80,79,30,79,52,30,25,53,78,76,102,58,32,22,32,32,76,72,54,93,82,106,107,102,106,102
810224232,111,110,100,107,106,110,108,100,112,113,111,113,104,110,107,111,111,111,110,97,109,100,93,109,100,111,114,100,109,20,22,20,22,21
810224987,69,70,80,70,39,89,43,35,70,73,40,85,33,43,39,55,80,78,104,45,38,41,90,40,83,55,60,93,89,107,111,102,108,109
810230666,111,114,116,110,99,116,110,108,110,110,99,94,88,113,111,111,114,111,113,75,70,61,107,55,101,107,108,111,110,17,17,17,18,17
810246139,41,56,19,64,29,24,17,30,66,62,23,80,37,25,26,34,72,74,100,32,24,18,34,24,77,44,33,92,70,103,99,98,103,100
810251854,107,106,93,103,98,112,89,90,107,110,95,111,95,98,111,106,111,105,110,97,100,94,76,100,90,111,108,91,110,18,19,17,18,18
810252145,100,100,64,91,82,96,73,69,93,83,93,87,76,92,94,91,95,94,96,92,93,92,87,93,86,88,87,95,89,22,21,22,24,21
810256790,118,117,112,108,104,112,105,94,117,117,100,108,89,111,119,114,117,117,115,82,86,81,87,80,97,111,100,93,117,22,19,20,19,20
810263578,109,112,77,90,83,104,79,71,108,97,107,101,77,96,106,102,110,101,109,103,107,105,91,109,92,103,102,99,99,18,15,16,16,16
810270673,110,112,98,104,96,107,92,98,113,112,99,110,96,100,111,111,111,112,111,94,101,93,91,95,98,112,96,99,109,17,16,16,18,15
811030110,104,102,119,111,99,116,120,109,106,102,89,89,99,110,112,120,108,107,112,57,54,49,115,45,102,112,89,109,120,28,29,27,28,25
811139720,104,102,83,104,97,90,82,87,109,105,84,116,87,89,99,107,99,113,108,114,116,114,116,115,117,113,113,113,114,24,25,25,27,25
811143001,112,115,117,112,113,114,112,117,109,109,102,97,112,112,115,112,112,119,114,55,74,60,102,69,109,115,115,102,113,27,25,26,27,25
811233700,114,114,119,115,110,119,119,117,104,101,102,94,98,107,107,114,110,102,119,64,60,59,117,55,103,114,90,114,114,27,25,25,24,27
813025924,107,109,88,102,97,102,91,70,110,93,108,97,97,102,99,106,100,107,106,106,111,110,104,109,98,113,105,93,103,20,18,13,19,15
813031432,109,111,120,120,111,117,112,103,95,94,93,93,108,106,105,108,107,115,108,61,54,59,119,58,119,108,117,114,114,21,19,18,21,15
813049072,109,109,120,118,120,114,112,111,108,109,105,96,110,118,106,111,107,107,110,58,50,53,104,51,101,109,99,106,119,19,21,22,19,15
813107715,109,108,85,108,97,93,86,77,105,88,81,106,88,85,101,105,100,110,103,114,109,114,112,112,115,107,109,111,105,10,14,9,12,19
813156616,113,118,104,110,108,108,95,95,107,110,113,103,95,112,118,113,116,114,112,63,60,61,83,56,99,105,95,89,116,22,14,16,18,16
813191972,112,113,106,110,112,106,108,94,106,109,106,98,103,112,115,110,112,111,108,71,63,68,98,58,104,103,93,105,111,15,18,15,13,19
813268513,117,120,114,109,103,119,105,103,105,100,110,96,103,104,120,111,121,120,113,65,68,68,112,65,103,107,95,109,116,21,16,19,16,22
814001183,105,111,83,78,67,83,77,78,98,88,83,94,66,88,87,99,108,120,114,117,116,119,117,118,110,106,117,121,108,15,14,18,19,21
814007289,115,111,93,97,72,99,92,84,108,94,83,106,59,93,92,106,108,119,111,118,115,115,117,113,116,108,116,113,111,20,18,14,14,17
814007763,101,102,97,117,118,104,87,115,118,119,118,119,119,118,115,119,109,113,107,99,105,112,87,97,99,116,95,91,121,14,18,21,19,14
814007826,111,112,122,118,114,118,122,116,109,105,111,104,114,120,108,120,110,114,109,58,63,64,109,58,107,110,97,110,122,21,22,14,19,18
814013128,114,115,113,114,114,114,111,110,101,100,93,88,104,114,109,109,112,110,111,48,44,57,109,45,104,103,97,108,113,21,16,17,14,21
814048940,70,77,39,63,38,47,33,44,68,86,47,71,43,44,44,65,93,95,108,43,43,49,53,47,98,84,85,103,103,113,111,105,116,115
814049369,117,118,114,112,100,117,113,94,94,95,100,81,89,110,110,107,118,110,114,58,63,55,111,57,99,109,98,112,113,21,18,14,15,14
814121944,104,103,96,112,110,106,98,99,114,109,105,111,104,109,106,114,103,112,104,103,109,110,102,104,104,112,111,99,113,21,19,18,15,21
814177413,103,103,96,103,107,104,92,102,113,108,100,110,93,100,109,111,102,110,107,103,106,106,105,100,109,111,109,105,110,14,17,19,17,19
814178509,99,98,114,112,97,118,114,111,112,103,85,83,97,106,101,111,94,114,107,63,66,58,119,48,116,103,109,113,113,17,18,16,13,13
814184941,111,114,108,114,115,112,106,105,105,110,111,103,105,113,115,111,113,119,114,58,65,76,94,53,101,109,106,100,109,14,13,20,18,17
814186569,69,72,30,62,33,36,38,45,70,67,38,66,43,37,34,43,82,78,109,34,39,35,32,36,86,63,58,96,73,113,106,98,112,112
814188567,121,121,120,110,104,118,114,105,103,103,102,83,101,109,111,111,116,104,115,55,62,63,104,54,104,107,84,105,112,16,18,21,18,19
814188942,99,95,93,109,103,92,83,91,112,98,92,110,91,99,108,104,95,113,110,108,111,107,108,104,117,112,114,109,104,13,18,14,21,16
814189513,103,100,103,109,106,103,97,112,119,119,117,118,116,117,111,114,101,105,105,104,107,105,93,102,103,110,104,87,116,14,18,21,18,22
814194404,74,79,43,57,50,48,44,56,71,70,44,72,46,43,50,58,89,84,109,48,45,46,45,45,94,75,73,108,98,107,108,103,111,111
814204525,103,99,89,105,96,93,69,67,108,90,83,114,86,99,81,106,96,101,107,110,111,113,113,112,111,100,112,114,106,18,22,13,14,19
814209889,107,108,101,109,106,110,99,85,113,110,109,109,107,110,106,111,114,114,111,109,111,110,90,110,98,108,99,94,108,19,16,15,14,18
814210324,109,108,110,107,106,114,93,99,116,116,114,114,106,109,112,111,110,111,113,87,89,91,83,73,98,117,93,95,108,14,13,19,19,20
814212218,108,102,92,98,82,93,78,72,117,104,93,116,94,105,97,111,98,108,108,114,113,113,113,107,110,104,111,110,114,17,17,14,13,19
814222000,110,111,104,104,103,112,108,104,114,115,109,107,104,110,117,117,117,107,112,61,64,61,96,58,103,109,91,93,116,18,21,13,19,14
814223885,78,81,48,65,50,43,45,48,67,68,37,73,49,39,35,46,83,83,106,40,46,48,39,43,95,73,63,100,76,108,107,106,114,111
814234642,64,66,28,36,28,27,29,33,54,73,34,60,31,36,33,49,95,85,109,29,33,36,34,38,91,48,74,87,90,108,108,99,113,110
814247246,110,109,104,105,103,109,88,91,114,110,96,108,88,93,112,112,106,108,109,104,112,112,108,102,113,112,106,109,113,14,14,19,16,16
815205452,115,113,88,110,94,97,84,72,111,92,89,113,78,86,98,102,101,108,112,113,113,111,116,111,115,114,115,113,105,23,24,22,25,24
815210514,111,114,96,111,111,112,91,88,113,112,112,115,107,116,114,108,112,108,113,111,112,112,107,112,97,113,113,109,110,19,20,21,20,18
815216393,94,96,88,110,106,100,100,93,109,108,93,109,101,106,101,108,98,106,105,92,105,100,103,83,102,107,107,97,106,19,21,18,20,17
815220407,50,70,20,63,25,24,23,23,56,64,24,63,20,23,23,37,73,75,104,27,27,28,24,23,82,60,60,86,91,112,105,92,111,109
815234102,56,61,27,58,26,21,31,24,57,53,24,59,23,24,24,35,63,68,100,23,35,37,35,33,84,52,43,94,83,105,102,99,105,102
815250955,109,107,73,87,73,93,75,80,107,91,106,98,66,95,105,101,102,101,106,106,109,106,96,108,105,106,107,101,91,20,21,22,20,18
818152908,108,108,95,106,101,105,96,91,108,109,113,108,106,114,105,106,107,102,107,110,113,114,97,112,101,114,112,99,96,20,18,20,19,21
818175943,112,117,115,113,117,113,112,112,110,113,112,94,113,117,112,111,119,118,113,49,53,54,102,50,88,110,93,96,115,20,20,21,22,21
818178509,99,96,116,115,98,117,117,116,110,106,85,86,95,112,102,113,93,115,111,67,73,54,119,52,117,105,107,115,113,40,41,42,43,42
818179813,111,111,119,117,111,120,115,115,103,103,93,92,110,115,109,114,109,113,114,75,67,69,117,60,112,114,111,113,117,16,21,17,20,18
818180930,104,103,117,113,108,117,117,106,103,102,97,103,93,112,112,109,104,112,107,77,57,59,120,44,112,112,103,110,115,18,18,19,20,19
820194765,116,119,119,117,115,120,119,114,116,114,115,116,113,119,116,117,119,113,117,75,78,73,109,72,101,116,103,110,119,19,15,19,21,16
820202126,114,113,125,122,122,122,116,122,113,115,107,117,106,120,111,116,109,120,112,67,64,64,120,60,115,112,105,110,123,15,19,20,18,21
820213331,112,106,75,96,74,82,74,74,113,93,77,109,69,74,96,102,97,110,111,114,114,113,120,117,120,109,118,118,108,18,17,15,20,17
820216466,115,116,91,103,98,112,82,93,115,106,113,93,99,108,108,112,114,111,113,108,112,110,97,115,104,113,114,106,107,16,19,15,19,21
820232580,108,107,87,95,77,94,78,73,117,103,84,111,73,94,93,108,102,114,112,115,113,110,117,114,116,108,114,115,109,18,14,19,13,16
820237678,116,109,72,79,67,78,67,75,112,88,73,109,66,71,99,105,102,112,109,111,119,110,118,112,119,104,115,113,110,19,14,18,20,18
820240091,78,82,37,80,39,42,37,46,76,88,41,86,39,47,52,68,87,78,111,61,47,44,40,42,92,69,71,98,98,113,110,108,114,113
820241486,116,113,83,84,76,96,74,76,114,105,105,115,73,95,108,108,108,116,114,115,116,110,115,116,112,114,110,120,109,18,16,15,18,20
820243580,121,122,120,114,105,119,106,109,106,103,105,95,95,104,113,115,118,118,119,66,64,63,110,61,114,112,107,119,118,18,18,19,21,17
820251804,117,118,88,104,100,113,83,74,117,106,117,102,90,114,115,113,119,111,113,107,113,113,96,113,98,113,109,108,113,14,13,16,18,19
820264453,119,115,86,90,81,105,84,83,110,89,96,107,80,96,105,109,103,106,111,112,115,111,110,119,115,112,116,107,114,17,21,19,17,18
821028130,111,114,97,112,111,105,106,112,115,112,112,112,115,117,120,117,116,119,112,55,56,46,91,47,100,112,88,100,119,20,20,18,18,20
821164240,110,108,80,99,81,93,90,78,110,105,86,110,83,103,100,108,103,114,111,114,112,114,113,110,109,109,112,116,111,20,20,18,21,21
821182152,103,105,100,107,104,113,107,98,109,108,91,107,89,99,110,107,105,110,105,89,97,95,99,91,105,114,115,107,109,20,19,19,19,18
821190871,116,120,108,110,109,110,109,117,115,115,111,103,117,117,120,118,120,108,114,63,56,55,86,50,91,110,94,93,120,20,20,18,18,20
821212194,114,112,100,111,107,114,104,84,119,120,114,110,99,114,117,114,116,110,114,60,83,79,83,62,102,117,92,90,117,20,18,18,17,17
821214622,114,114,79,91,86,111,79,48,102,95,110,91,81,103,102,103,109,107,110,106,110,113,96,110,98,112,102,99,99,17,17,18,20,19
821240243,115,114,115,112,104,113,106,102,112,106,97,100,93,98,114,113,114,101,112,67,57,59,105,54,102,109,100,107,112,20,21,20,21,18
825000240,108,107,103,110,113,115,97,99,119,113,96,117,99,103,109,114,106,121,113,112,115,115,110,118,114,121,122,108,113,16,21,19,21,22
825001551,117,117,112,115,109,117,118,104,111,106,110,100,101,109,112,113,117,115,116,68,65,66,93,59,94,110,94,90,111,15,19,23,15,21
825001625,121,122,119,115,114,117,113,115,109,107,105,103,114,120,116,114,121,117,114,69,65,64,107,66,106,113,95,107,120,23,21,16,24,20
825004202,108,107,101,112,113,104,99,90,113,102,99,109,85,105,103,105,105,120,113,117,118,119,102,118,113,119,122,106,108,19,17,19,15,22
825005454,118,118,88,104,94,112,94,108,113,101,115,112,88,109,107,114,107,114,114,116,112,114,100,117,105,114,117,101,112,22,19,20,22,14
825005589,118,119,106,116,115,114,104,113,111,114,122,107,117,120,119,117,117,117,111,81,82,80,98,73,108,117,110,100,119,14,18,21,23,18
825031432,109,111,119,119,114,118,116,105,93,93,92,89,113,107,107,109,106,118,110,64,62,63,120,59,119,111,115,113,114,18,19,16,22,15
825054050,112,114,116,117,114,116,116,113,112,112,111,115,115,119,113,115,112,120,112,76,80,75,111,69,115,114,116,111,117,21,21,22,18,20
825121939,115,113,94,107,104,113,95,101,119,116,121,119,107,116,110,113,114,120,115,114,113,117,100,114,101,119,113,107,117,19,22,17,18,22
825165153,111,113,120,116,113,119,116,118,117,116,101,112,104,116,116,118,111,119,112,72,67,64,117,55,114,113,99,110,118,23,22,18,20,18
825166906,111,110,84,106,105,97,86,103,113,113,98,117,83,97,100,107,108,119,113,116,114,116,111,118,110,111,116,120,112,15,19,22,18,22
825167425,118,119,110,108,107,113,113,104,113,113,114,103,107,112,118,117,118,113,116,63,60,55,105,56,98,110,86,110,113,15,19,21,14,21
825186942,106,106,107,112,111,112,105,107,118,116,108,116,108,115,112,117,108,115,109,103,105,104,97,93,105,112,108,99,115,18,21,17,22,15
825190584,104,103,100,99,103,112,90,89,115,108,105,113,103,109,110,114,106,110,112,108,108,114,97,106,100,110,110,100,113,22,17,20,22,23
825190871,120,122,118,110,111,114,105,114,113,115,109,106,114,117,122,119,123,111,114,62,58,54,93,57,94,110,93,102,121,12,12,18,14,18
825193348,109,112,106,118,115,109,101,103,112,116,115,112,110,117,112,110,109,118,110,61,68,70,75,61,109,109,94,83,110,18,19,19,16,15
825198141,109,108,88,100,93,94,78,84,113,107,99,109,81,94,101,108,106,103,113,113,113,115,108,112,109,104,112,111,108,16,21,21,16,19
825199304,114,112,91,109,100,104,96,97,113,106,110,105,101,107,106,110,109,103,112,112,114,111,109,112,107,114,109,108,110,18,17,22,15,19
825201942,108,111,112,109,108,115,108,103,114,111,100,102,93,111,114,115,113,111,113,77,84,82,110,65,105,113,103,108,114,17,21,18,21,14
825204485,111,112,111,113,108,113,105,103,113,113,112,113,109,116,115,114,115,110,113,71,65,64,91,60,95,105,99,94,112,22,14,18,16,18
825206517,115,113,103,109,107,110,101,97,116,116,111,109,100,110,118,114,117,115,114,76,74,71,86,67,100,110,92,86,114,19,15,21,21,16
825208618,117,118,103,107,102,112,96,96,113,112,117,108,103,111,116,112,116,115,116,106,100,102,94,104,95,114,112,99,111,21,22,21,18,20
825213135,115,111,114,113,105,118,105,100,100,95,102,84,73,101,110,111,109,104,110,54,55,61,107,54,110,101,100,109,109,21,18,19,20,15
825214649,112,112,116,116,113,117,112,118,106,104,101,95,112,114,113,114,113,111,111,84,87,80,109,76,107,107,100,108,116,15,18,21,17,17
825218667,108,112,105,108,107,112,106,97,116,115,112,108,94,114,116,117,118,117,114,83,93,88,104,71,89,114,104,95,115,14,20,21,18,20
825226764,117,122,117,111,110,114,111,111,112,103,112,101,112,114,122,117,121,118,117,73,73,74,109,72,101,112,100,111,120,23,21,21,24,18
825227796,116,118,104,107,101,113,103,100,112,104,104,99,93,105,118,109,117,111,112,71,68,69,92,68,94,110,95,109,111,15,17,19,19,21
825233700,113,113,116,113,106,118,118,112,106,102,96,92,93,106,106,110,108,110,113,64,63,62,115,54,108,111,91,111,114,21,18,22,19,15
825241637,106,104,93,109,106,103,84,88,115,109,93,113,87,104,107,110,106,109,112,107,112,114,112,109,110,112,114,112,110,19,19,21,17,22
825241811,109,111,91,105,104,108,89,106,114,112,111,101,98,110,110,111,112,108,111,107,110,108,95,106,95,112,99,100,108,21,16,16,18,19
825243952,66,65,38,62,38,44,40,49,64,85,44,68,45,43,40,50,101,75,112,49,47,44,43,41,93,64,56,96,89,114,110,109,116,113
825248243,111,111,88,105,102,104,87,90,115,111,93,113,81,101,112,113,113,109,111,108,113,112,98,111,108,111,112,101,113,21,14,16,22,22
825254642,117,118,122,120,116,118,113,117,111,108,110,107,111,114,120,114,118,118,117,60,63,64,105,61,101,115,114,113,118,16,18,23,22,19
825262271,110,112,119,115,107,120,112,114,109,110,106,104,105,111,110,119,111,113,112,63,61,64,114,57,112,111,96,112,118,21,19,22,18,18
825274967,115,113,106,120,116,115,114,101,114,109,116,107,113,114,112,114,105,109,114,110,113,109,102,114,115,119,112,103,111,21,16,21,18,16
826184392,109,109,88,95,85,111,80,76,111,96,109,107,73,106,102,108,106,106,109,109,111,109,103,111,98,110,109,102,110,19,20,20,20,21
826192629,111,113,110,110,115,114,114,113,111,118,117,108,113,116,116,114,115,111,114,57,54,55,94,51,94,115,93,93,115,21,22,21,22,22
826193698,53,67,26,65,31,34,29,42,56,68,29,70,38,27,34,48,67,77,113,32,36,30,43,27,88,75,65,95,83,113,115,103,116,112
826193747,95,97,82,109,101,100,91,93,112,112,102,113,103,109,104,109,100,109,107,108,112,107,94,104,109,112,109,97,109,19,20,18,20,21
826197031,110,111,115,115,113,117,111,118,111,117,119,98,113,118,108,114,109,109,114,63,63,56,111,57,110,115,95,110,114,18,20,21,23,18
826200458,106,109,86,100,92,110,83,83,106,99,113,97,100,109,101,109,102,107,107,107,111,109,109,112,99,110,107,110,105,19,19,21,15,18
826202873,69,72,26,65,28,24,34,30,60,63,25,53,28,26,25,31,81,76,109,31,33,33,26,33,93,64,54,94,85,107,110,102,112,110
826203605,109,112,93,97,74,114,90,77,107,112,115,99,79,108,97,112,106,103,110,110,111,111,105,114,101,114,111,113,112,18,19,17,20,18
826210697,99,102,86,100,93,100,88,98,114,108,100,109,102,107,103,111,103,103,110,110,112,114,110,108,100,111,113,107,111,22,18,21,21,21
826212096,107,110,104,117,112,111,105,118,113,118,119,112,112,118,114,114,110,112,112,74,73,63,92,67,101,113,92,99,112,19,15,21,21,18
826212811,107,107,95,109,100,102,93,93,111,102,99,109,94,104,112,108,107,111,109,104,113,111,110,109,112,112,112,109,109,15,22,16,17,16
826214096,114,108,116,116,113,116,116,113,103,93,83,88,92,103,103,111,103,103,113,69,67,58,117,54,113,116,118,120,114,20,20,21,18,19
826216409,114,115,106,114,114,111,115,112,111,115,113,111,100,111,111,111,116,111,112,72,62,55,80,54,88,111,93,83,111,21,21,19,22,21
826218667,108,112,104,110,110,114,108,98,119,117,114,111,99,117,117,117,117,119,115,89,88,80,92,73,90,114,105,93,116,22,18,21,18,20
826222077,100,102,88,113,113,100,95,93,116,115,100,116,102,112,110,113,100,107,112,113,115,106,104,112,108,117,112,106,113,22,21,22,18,18
826223671,112,112,85,106,105,103,82,78,110,96,104,108,80,99,97,106,102,100,107,110,112,108,109,111,106,110,109,110,107,19,21,20,21,19
826225193,107,108,104,114,107,116,102,110,116,114,104,116,104,114,116,113,108,110,114,109,115,109,119,116,111,115,117,117,111,21,19,20,21,19
826226380,114,115,113,110,100,111,110,105,105,100,100,96,105,108,114,108,113,110,112,62,65,56,105,60,109,108,110,107,108,18,19,18,22,19
826229348,114,116,82,93,88,107,87,85,105,105,113,111,85,107,112,107,111,110,111,111,111,113,105,106,100,116,111,113,110,20,18,21,21,15
826231184,111,110,118,114,104,121,117,104,110,102,104,95,93,111,114,112,111,111,117,65,68,65,117,59,109,112,101,118,114,21,19,22,18,18
826231677,114,115,105,113,110,110,104,111,107,100,103,100,102,108,113,110,112,104,110,58,62,58,96,53,101,108,91,100,109,19,19,18,20,20
826232805,111,103,86,100,86,100,76,76,101,98,110,108,73,96,103,105,100,106,110,111,112,112,113,112,110,111,112,111,106,18,21,19,16,18
826233195,111,107,83,106,100,107,93,83,113,113,102,112,88,103,108,110,107,110,111,111,114,110,93,113,111,113,112,95,110,21,15,21,20,20
826234678,111,113,91,106,106,112,102,77,109,99,109,100,73,100,104,107,100,100,111,109,111,109,97,110,103,112,106,107,106,18,19,18,16,17
826235167,103,105,88,110,98,108,105,85,112,111,111,111,87,105,103,111,106,105,110,107,110,109,98,106,103,116,111,105,108,19,21,19,17,19
826235805,117,118,113,114,112,113,105,107,110,109,114,102,94,114,114,109,117,110,113,88,73,60,80,64,100,110,97,90,113,19,20,21,20,22
826240638,111,112,97,113,113,110,99,96,116,115,110,113,103,107,114,111,114,109,112,100,110,106,94,109,103,115,105,106,110,19,18,22,22,19
826243657,103,108,88,107,111,105,93,87,112,110,111,112,95,107,105,111,108,100,110,108,111,111,89,112,98,116,108,102,105,18,15,20,21,18
826244206,96,98,78,95,81,90,75,75,106,93,83,111,80,94,93,99,92,105,109,111,113,111,112,109,106,112,112,113,109,22,15,21,19,14
826245155,118,119,110,115,115,112,116,100,114,107,116,115,97,108,120,114,117,119,114,81,91,73,96,79,107,116,112,102,117,20,19,20,18,18
826245863,113,114,89,93,91,109,73,88,105,95,106,100,81,96,104,104,113,109,109,109,109,111,110,106,101,115,108,111,108,17,19,19,19,18
826247394,109,110,107,109,105,112,103,96,112,112,112,96,98,112,113,110,110,104,110,78,93,73,93,75,100,111,96,90,109,20,18,15,18,19
826247851,107,107,106,113,116,106,102,102,119,120,116,121,102,116,119,114,111,116,116,106,119,110,96,107,110,121,119,106,119,18,16,15,18,18
826250959,102,106,86,106,98,99,88,81,115,114,113,114,96,112,109,112,110,112,113,110,116,112,100,114,100,114,112,102,112,15,22,16,16,18
826251421,116,115,103,103,91,116,107,90,105,113,115,86,86,103,110,110,115,99,114,68,68,58,81,76,90,108,91,93,111,17,17,21,18,19
826253072,117,116,114,113,111,114,111,102,101,102,105,90,90,112,108,108,109,104,112,66,68,58,111,52,112,109,100,111,107,17,21,18,19,20
826254117,119,114,118,116,114,117,114,103,108,95,88,85,84,106,111,111,111,103,113,55,64,55,105,50,100,116,90,108,110,20,19,21,19,19
826266160,111,111,74,87,80,92,69,69,108,91,75,105,64,81,108,105,106,100,109,110,111,111,105,110,106,110,108,110,106,18,17,18,20,19
826266866,106,107,102,107,104,112,99,80,115,112,97,114,92,98,112,112,106,112,112,108,115,112,107,115,107,116,115,109,111,19,18,21,20,20
826268438,114,115,106,110,105,111,110,95,108,108,110,93,98,110,114,108,114,113,112,63,68,65,93,58,94,110,103,99,107,15,13,17,20,20
826277643,113,119,102,111,113,113,97,90,113,116,114,97,98,113,120,111,120,115,116,66,63,61,86,61,92,112,103,93,113,19,18,20,20,19
826278016,109,106,76,99,84,80,86,75,106,104,87,112,89,96,110,106,105,105,107,110,112,109,106,112,114,110,109,110,109,18,20,19,21,18
827000250,110,111,109,117,117,114,109,109,114,120,123,120,123,123,113,113,111,115,111,96,102,100,98,102,102,119,115,98,114,21,21,22,20,21
827001183,107,113,93,80,73,93,80,80,99,90,82,97,68,90,86,100,107,122,116,118,117,120,118,120,111,109,118,123,110,26,24,23,25,24
827001620,100,100,93,109,107,101,97,90,109,101,108,109,100,107,107,107,106,108,107,108,107,107,101,109,107,111,112,97,108,17,18,19,15,20
827004202,100,99,94,109,110,96,93,82,108,93,90,103,74,96,91,99,97,112,107,111,111,111,96,111,103,111,114,98,100,21,20,17,17,18
827005003,112,112,86,103,99,109,88,93,101,99,110,95,98,104,105,104,106,106,108,107,106,103,99,106,98,107,105,102,106,16,16,17,19,18
827005454,109,111,78,95,85,108,83,103,107,95,107,107,78,103,102,106,103,107,108,109,108,109,91,109,100,102,109,93,107,20,17,15,15,21
827005479,88,97,35,63,33,43,40,50,60,80,44,60,39,53,44,58,100,87,114,48,44,57,51,47,94,83,61,112,108,113,113,104,116,116
827005673,107,107,114,111,113,116,115,107,112,110,98,104,112,112,113,115,112,104,111,65,57,65,113,54,102,108,100,112,115,20,22,21,19,23
827010535,104,108,99,109,112,111,99,111,120,119,118,117,116,119,116,118,117,119,111,99,103,102,78,93,97,117,108,88,120,20,21,21,23,22
827031432,108,111,119,119,115,116,116,103,96,98,90,90,115,108,108,108,107,116,110,68,63,60,118,60,118,113,118,113,116,24,23,22,21,15
827049369,118,120,118,114,112,116,115,95,93,94,101,84,92,115,112,108,120,112,115,60,65,60,113,60,101,110,99,115,118,20,20,21,18,23
827051539,53,66,33,50,32,35,22,34,58,75,32,67,31,36,36,56,83,87,101,34,34,34,33,35,88,65,53,92,88,108,104,94,104,108
827054050,111,110,115,117,114,113,116,115,109,113,110,115,113,115,110,115,110,117,110,78,78,72,110,70,114,111,115,111,116,23,28,21,16,22
827142754,98,99,78,97,86,80,79,83,108,101,84,111,85,92,96,107,97,111,105,110,107,110,101,109,103,107,110,108,107,17,17,19,17,18
827167198,110,113,114,116,113,114,116,113,110,114,110,110,109,113,116,116,111,117,112,60,69,63,115,64,109,113,117,110,118,20,18,21,21,15
827167680,100,102,109,119,115,112,98,117,112,110,112,115,115,115,98,112,103,115,108,112,117,114,111,110,113,113,115,115,112,20,21,22,23,21
827173731,119,119,114,114,114,111,106,102,102,111,115,100,112,115,113,108,112,106,111,93,84,83,114,83,106,106,95,117,111,22,20,22,21,19
827190044,109,109,81,106,105,91,93,94,114,110,95,116,98,103,100,108,109,117,114,118,114,119,112,118,110,112,116,116,116,22,21,23,19,19
827190048,114,119,123,116,103,123,122,116,108,109,96,93,100,113,107,116,120,120,120,58,57,63,119,52,105,116,98,120,122,24,25,27,23,25
827214267,114,116,121,113,112,119,114,112,102,98,93,93,94,114,112,114,114,112,115,55,58,68,115,61,104,114,98,114,117,22,23,22,22,20
827226764,118,123,119,110,111,116,113,112,108,100,111,100,110,115,123,115,122,117,117,72,76,75,110,74,100,115,94,115,120,23,24,23,21,22
828192448,63,63,33,37,34,28,34,34,78,82,40,88,40,40,65,52,90,82,104,34,33,45,24,32,80,58,56,96,85,104,104,98,107,107
828192985,110,110,113,117,118,111,107,110,115,118,117,115,113,118,115,113,109,113,111,94,98,89,89,89,102,112,106,93,116,18,22,21,20,19
828200389,78,72,26,60,28,36,28,30,57,81,30,62,44,37,37,57,100,87,104,40,30,44,30,38,90,67,59,99,97,106,103,91,109,105
828208722,116,117,116,110,106,117,114,99,110,107,104,100,93,109,116,107,115,116,117,72,58,54,109,70,102,114,112,109,111,20,21,18,18,22
828208830,114,115,115,112,101,115,112,114,97,96,102,87,91,111,105,105,103,111,115,79,82,53,103,85,99,113,111,96,104,19,15,17,15,18
828209331,116,118,117,112,109,117,112,115,108,112,100,99,98,115,116,108,117,117,115,55,64,63,86,60,102,112,97,94,111,20,21,22,22,21
828231281,105,104,84,109,103,107,93,86,106,111,114,111,107,113,106,105,104,102,106,103,108,106,92,105,94,109,98,99,107,15,19,19,19,18
828232293,115,114,115,109,99,113,109,106,100,95,97,80,70,97,103,103,106,103,107,63,61,53,115,45,111,107,99,113,106,18,18,15,19,15
828239085,117,113,120,118,103,118,115,117,102,98,79,78,93,110,104,106,104,115,111,60,58,55,117,48,118,108,106,106,115,20,21,18,18,21
829004000,112,112,115,117,117,114,117,115,115,118,99,103,115,117,118,121,113,118,114,58,65,67,101,59,108,115,96,103,121,21,18,19,21,19
829005479,87,96,36,65,34,44,41,48,63,81,43,58,41,54,43,57,99,88,114,51,47,59,50,49,96,82,62,111,107,115,114,101,117,113
829005589,119,119,104,117,116,113,109,111,113,119,119,109,115,120,120,115,119,116,113,80,80,78,96,70,105,118,109,98,120,19,18,21,22,18
829051539,66,77,36,53,36,36,28,38,67,74,38,74,38,40,43,58,91,93,109,36,37,39,40,38,93,71,59,104,93,116,113,103,112,114
829121939,113,113,95,110,110,116,90,93,117,107,113,113,103,111,111,114,114,119,115,113,110,114,100,115,96,114,113,108,115,21,18,21,18,22
829121944,111,111,102,118,116,116,100,109,116,117,118,116,114,115,115,115,111,114,111,102,104,102,102,99,104,115,115,105,114,22,21,21,22,21
829162895,107,108,110,113,103,118,110,115,117,117,103,118,110,115,111,115,113,111,113,78,90,83,88,77,98,113,100,98,113,19,20,18,22,22
829165153,110,110,121,114,111,119,121,113,115,115,95,105,105,115,116,113,110,118,115,68,63,60,117,53,111,111,95,109,118,20,19,18,20,20
829167495,89,93,33,58,40,40,33,60,75,93,43,93,30,52,58,83,100,95,111,71,40,60,61,58,89,70,88,106,98,113,109,107,115,112
829177003,104,109,93,115,115,106,108,102,119,118,111,118,108,117,120,117,120,120,112,98,100,109,88,102,93,116,104,91,121,22,21,22,22,22
829184392,106,106,90,93,83,109,78,73,107,93,108,92,72,103,98,106,103,103,107,106,109,104,102,108,97,103,107,103,107,21,20,20,20,21
829189332,113,115,88,96,96,113,90,91,112,105,110,105,91,108,110,108,113,114,112,110,112,112,92,110,97,110,108,102,108,20,18,21,18,19
829198141,104,105,86,98,87,90,74,75,110,104,90,112,73,92,96,107,102,102,108,110,111,112,111,111,106,102,109,112,109,21,18,19,15,18
829199304,116,113,90,112,103,115,93,88,113,108,116,108,98,109,109,113,108,104,113,111,115,116,108,115,108,113,112,110,114,20,21,22,22,18
829201389,107,107,90,107,102,109,85,93,107,108,114,97,110,112,103,101,104,107,108,107,109,106,83,107,100,104,108,90,105,20,21,16,16,17
829208004,105,106,88,97,77,99,78,75,108,99,104,115,68,88,108,100,100,107,112,115,113,117,113,116,108,115,115,113,110,18,21,19,22,21
829208128,104,104,109,118,118,110,103,116,116,118,120,118,113,118,109,115,110,110,110,90,100,96,85,88,100,114,100,88,114,19,21,20,18,22
829212138,115,116,93,100,99,112,95,113,108,111,114,105,100,108,105,107,108,108,111,107,112,112,91,110,98,113,108,103,109,20,20,21,4,18
829212194,111,111,110,115,115,115,109,85,116,116,115,116,106,113,115,110,115,109,113,63,81,73,82,61,100,113,90,88,115,22,22,21,22,22
829216266,109,109,79,96,76,108,75,79,107,96,108,103,83,102,107,104,106,100,107,108,108,112,105,110,96,103,109,109,109,15,16,17,17,17
829216380,109,112,81,96,85,107,81,84,110,109,111,107,92,109,111,106,113,109,110,105,111,113,97,110,89,106,106,102,105,17,18,19,18,19
829221992,116,118,115,113,113,112,102,115,105,114,118,93,93,112,115,106,117,112,113,65,62,58,84,59,92,112,105,93,108,22,22,20,18,19
829224232,112,113,98,112,106,115,106,101,116,117,115,115,103,113,116,112,114,114,113,103,110,101,97,110,101,117,115,102,115,21,19,20,22,22
829225953,116,119,114,112,113,112,102,102,109,113,109,100,97,112,118,106,116,116,112,70,61,56,87,54,107,113,94,97,109,21,21,19,19,18
829232580,107,103,94,93,75,100,78,70,112,99,78,109,73,90,88,102,98,109,110,111,115,110,115,111,113,112,111,111,106,21,21,21,18,22
829235073,70,71,36,66,44,38,36,39,68,70,63,58,43,44,43,58,89,94,110,46,47,43,43,47,99,61,72,99,96,112,108,100,112,112
829239368,109,109,78,98,77,107,77,83,109,86,108,91,77,100,100,102,107,103,106,107,111,105,107,107,107,104,109,109,96,19,19,18,18,15
829241509,112,112,90,106,109,110,83,83,109,110,113,96,102,113,112,105,114,112,110,109,110,110,99,110,89,109,110,103,106,18,20,19,21,21
829243715,112,105,88,94,68,95,70,73,114,98,77,111,70,90,103,101,97,108,109,112,115,109,113,114,113,113,110,111,107,20,22,21,21,20
830180283,95,95,91,114,112,103,96,103,116,116,113,116,109,113,103,114,98,108,102,94,107,109,100,99,111,110,109,98,113,21,16,15,17,18
830200601,102,101,98,112,112,111,103,100,113,113,110,113,112,112,105,112,104,106,102,92,94,100,88,89,99,108,100,93,111,16,18,19,16,22
830212432,72,85,42,62,43,47,45,53,71,90,43,67,54,43,43,60,100,94,115,62,44,51,44,45,85,86,53,97,105,115,109,107,118,110
830213189,105,105,114,114,106,116,114,108,105,99,78,96,88,105,104,113,103,114,107,67,77,72,110,66,114,109,112,106,113,21,17,19,22,18
830222052,116,115,85,112,103,109,93,94,113,113,117,104,107,115,106,108,111,112,112,111,114,108,106,113,101,114,112,107,106,19,18,17,22,15
830228130,73,76,50,59,47,44,54,53,72,91,49,74,49,49,52,67,95,91,108,59,51,54,48,54,95,84,57,98,101,113,108,109,113,112
830233018,114,115,112,108,111,111,104,106,110,113,114,97,112,113,112,108,114,113,112,66,56,60,97,55,104,113,101,98,106,21,17,20,15,22
830234264,115,113,111,109,110,112,98,105,110,111,112,109,99,105,113,110,112,111,112,102,105,108,95,102,111,117,109,110,104,14,16,20,21,17
830248188,112,113,109,107,104,114,105,109,107,108,105,94,95,108,115,113,112,114,111,61,69,57,107,63,107,110,109,103,109,21,22,20,19,19
830251161,115,114,93,99,103,110,87,92,114,106,113,106,100,109,112,112,107,113,113,109,112,113,96,111,111,116,111,110,106,19,16,19,21,14
830251162,107,106,84,92,78,94,91,79,112,98,87,112,76,86,91,104,102,107,103,113,112,112,115,108,112,103,110,114,103,17,20,18,16,15
830266789,115,114,88,101,94,111,96,89,111,105,113,103,101,112,112,110,112,111,112,109,112,115,97,110,101,117,114,106,105,22,21,20,16,18
831200104,125,125,123,123,121,125,120,113,117,121,117,102,115,125,122,116,120,118,123,70,66,63,96,63,108,122,97,97,122,24,26,26,24,24
831231747,127,127,125,121,123,124,120,123,115,109,109,104,102,124,123,120,124,118,123,57,62,58,103,58,110,117,93,104,120,23,25,26,25,24
831231866,112,113,110,125,126,113,100,100,127,124,99,128,99,119,122,122,112,122,116,118,125,119,123,114,122,125,123,118,121,25,25,26,25,27
831243715,118,113,92,100,74,97,75,80,119,103,83,118,73,97,110,113,103,115,115,119,121,116,120,121,121,119,116,120,115,26,23,27,25,25
831252371,121,122,124,122,123,124,112,112,125,120,112,123,102,114,126,121,122,124,122,112,120,119,120,115,113,127,123,117,124,27,24,23,24,28
832020801,114,114,120,119,118,121,119,120,107,105,105,99,118,112,113,112,108,113,110,50,55,52,118,48,107,111,100,120,118,22,21,20,21,21
832188545,111,111,122,119,117,123,120,120,111,107,99,96,114,118,112,115,110,120,114,60,65,59,120,51,117,117,99,115,120,20,21,22,20,22
832194765,116,120,117,117,118,120,118,118,118,118,119,118,112,120,118,116,120,114,117,74,76,68,112,70,99,117,104,110,120,18,22,20,19,19
832205452,115,116,88,112,102,100,82,80,115,95,87,117,82,89,100,106,104,115,114,117,118,112,118,115,117,115,117,116,112,20,22,20,18,22
832208128,112,110,102,120,117,106,105,122,120,118,119,120,115,120,107,116,110,110,115,111,115,115,98,115,105,117,117,97,118,20,21,20,21,21
832212622,111,110,90,116,116,110,100,93,120,121,121,120,112,117,110,117,113,116,114,115,120,115,108,117,107,116,114,105,119,22,23,21,20,20
832213331,116,105,88,97,74,90,97,74,115,100,75,115,70,77,95,105,96,110,112,115,118,115,119,115,119,115,116,117,110,22,20,21,21,20
832227796,115,119,114,114,114,117,116,107,112,111,116,104,97,114,117,113,117,117,114,71,73,67,94,69,101,112,104,104,113,22,23,20,21,20
832231281,116,114,95,118,116,113,99,95,116,119,122,120,116,122,110,114,114,110,114,112,115,116,105,115,102,115,109,105,115,22,21,20,20,24
832232656,122,123,105,116,112,118,99,105,115,109,116,110,107,113,115,110,112,115,116,115,118,114,115,112,116,118,115,116,115,22,20,23,23,23
832234378,115,108,104,117,118,108,103,97,118,116,119,118,106,119,113,116,105,117,113,113,119,116,112,116,116,122,117,112,116,19,18,18,19,19
832234577,72,75,39,59,41,45,42,44,77,83,41,85,41,48,42,61,85,86,113,45,43,48,11,44,93,66,75,97,90,113,111,109,116,116
832239053,121,121,104,122,120,118,100,97,120,116,104,120,107,114,115,118,116,114,118,108,117,116,107,113,111,121,114,105,120,19,19,19,22,20
832239085,122,118,124,122,118,121,119,121,109,104,80,84,98,119,108,113,110,118,116,60,64,60,120,58,123,114,109,113,121,21,24,23,23,21
832247635,118,119,116,119,118,116,117,107,117,117,114,117,116,119,121,113,120,116,116,68,74,68,102,68,102,118,107,105,117,19,19,18,18,18
832251854,114,114,104,110,107,115,99,95,119,118,104,118,100,110,119,116,119,119,118,103,108,103,88,103,97,118,115,97,120,18,23,19,18,18
832256630,117,118,116,117,118,121,111,108,120,120,113,109,104,116,122,116,122,119,120,87,87,78,88,86,97,116,103,92,119,21,21,21,20,20
832256675,120,120,119,117,116,122,111,117,111,117,117,106,117,118,118,111,120,111,118,72,73,71,111,71,106,113,109,116,118,21,23,22,20,22
832256790,117,119,114,113,116,116,110,96,116,117,103,108,91,111,123,116,119,117,116,83,92,80,106,79,99,111,99,102,120,20,21,22,21,20
834188545,110,111,123,118,114,122,116,119,110,108,97,95,110,117,111,118,110,121,113,59,62,60,119,49,118,111,101,116,122,23,17,20,19,17
834202371,108,107,94,106,104,110,93,87,107,104,107,102,79,99,108,105,96,99,109,103,108,110,108,111,110,109,104,101,104,20,21,22,20,18
834208333,113,107,96,113,109,99,89,110,113,103,95,113,91,104,113,112,105,111,109,111,115,112,109,113,114,110,114,110,114,25,21,23,24,25
834209331,117,118,117,113,108,118,109,113,112,115,115,103,96,118,115,112,116,119,118,58,64,60,93,59,104,114,97,94,117,21,22,18,20,18
834215698,74,73,38,47,43,38,37,36,73,75,37,82,44,58,54,54,85,94,113,41,43,48,43,45,101,59,52,106,84,112,110,106,116,114
834216267,112,114,82,106,96,112,86,87,113,114,116,109,107,113,106,110,108,110,111,110,112,109,99,111,102,112,111,101,110,26,23,25,27,20
834227796,116,119,114,111,112,116,107,105,113,113,114,108,96,111,116,113,116,115,113,70,71,66,93,68,100,114,103,105,112,18,22,23,23,25
834233096,119,121,98,108,91,121,89,82,115,102,117,102,81,109,113,113,110,116,119,114,119,115,118,120,116,119,118,120,112,26,24,22,27,26
834233419,122,124,116,120,119,118,107,107,115,121,118,114,111,120,120,119,120,113,118,68,73,70,98,66,101,114,103,103,119,22,19,24,25,21
834235073,68,69,34,55,40,34,34,35,74,71,55,58,41,37,40,51,88,92,109,44,43,45,42,50,97,66,70,97,96,109,109,100,113,109
834235413,68,63,46,75,44,41,43,41,72,69,40,72,38,38,53,65,77,80,103,36,42,47,47,49,90,58,69,89,81,103,102,99,106,103
834237086,117,117,97,95,87,101,75,74,112,95,88,114,73,76,102,109,107,115,110,115,118,119,115,114,118,113,119,114,109,25,22,26,25,27
834239053,116,117,100,116,115,112,94,93,114,111,100,114,98,110,109,114,110,109,113,106,112,113,101,110,105,115,108,100,113,21,22,20,22,26
834239085,118,115,119,119,105,118,118,113,104,98,77,76,93,113,103,108,106,115,111,57,57,54,114,53,118,107,107,108,116,22,26,26,21,25
834239837,112,113,111,117,115,115,108,117,120,118,112,120,115,115,117,120,117,116,116,112,118,108,110,109,109,122,121,108,120,18,22,26,20,25
834239977,117,118,110,110,106,110,103,96,113,116,112,108,99,113,118,113,117,116,115,77,78,69,95,67,97,113,96,98,109,18,24,23,21,21
834240277,101,101,75,81,70,83,64,71,106,85,82,106,68,82,86,100,95,97,100,107,106,109,111,108,103,106,107,108,97,18,13,18,19,20
834240638,112,112,107,115,114,109,95,97,116,114,108,114,109,108,111,112,113,112,110,101,106,104,93,98,104,116,107,106,111,19,23,22,22,24
834240913,69,71,37,59,44,41,37,43,64,68,39,63,38,41,37,45,71,78,113,47,40,39,38,43,92,68,72,99,87,113,110,102,119,113
834241084,119,119,112,113,109,115,102,85,111,111,106,110,78,111,119,116,118,108,114,59,65,51,99,59,97,113,99,105,112,19,21,20,23,25
834241486,117,117,84,85,77,101,77,75,115,110,111,113,77,105,111,111,112,118,115,116,116,112,113,118,112,118,116,121,111,23,20,21,24,24
834243715,112,108,75,96,65,93,65,76,115,97,77,114,65,90,102,110,100,109,109,113,117,110,112,114,115,111,110,113,110,22,25,21,25,23
834245235,116,118,102,110,98,110,93,87,111,109,112,103,95,111,110,110,115,109,114,108,110,115,113,113,113,118,117,114,110,21,23,24,25,22
834246104,108,110,97,111,107,111,95,95,118,109,98,116,93,108,116,117,114,111,112,110,111,114,109,108,111,118,107,111,115,24,21,20,25,23
834246321,110,112,110,108,104,110,106,95,105,100,102,88,90,106,109,106,111,110,108,92,94,89,106,93,98,112,112,106,104,18,22,18,24,22
834246420,111,114,96,105,97,108,94,85,109,111,109,104,86,106,115,109,113,112,112,56,61,55,83,54,100,104,93,95,106,24,23,21,23,21
834247635,112,114,108,112,110,111,110,99,110,111,107,109,109,113,116,109,114,110,110,67,67,66,96,65,98,111,103,100,110,32,35,32,31,34
834247679,111,112,111,112,109,113,104,102,105,103,94,94,93,101,111,109,107,112,105,64,62,62,109,55,112,107,108,112,112,24,19,20,24,20
834250753,72,74,43,85,46,42,43,53,79,85,54,69,52,58,57,68,75,79,107,43,47,51,48,49,104,69,66,98,88,109,110,109,114,115
834252371,113,113,110,111,108,116,100,102,116,115,101,115,93,107,116,115,113,116,113,103,111,110,110,103,106,118,113,108,115,27,25,25,24,21
834255253,117,117,103,111,117,114,96,99,121,118,114,121,102,119,120,121,122,118,119,106,111,111,94,98,98,119,112,101,120,32,31,29,26,27
834256115,110,112,107,115,114,108,103,103,113,114,112,113,108,111,115,114,115,111,111,83,91,88,87,82,103,106,94,100,110,16,20,21,21,18
834256197,113,113,75,90,71,95,72,67,114,95,99,109,70,96,103,107,111,107,109,113,114,113,114,114,109,112,113,114,110,23,25,24,23,20
834256853,117,119,113,114,112,114,100,98,117,120,111,111,97,111,116,116,117,117,115,95,100,101,105,91,109,117,112,111,113,22,22,24,21,23
834257057,110,108,98,108,104,103,86,85,111,104,86,109,82,95,106,111,106,107,109,108,112,110,110,110,111,110,112,107,106,17,21,21,19,18
834258648,111,107,96,109,100,110,94,77,107,100,111,98,85,109,108,101,105,108,107,108,110,106,110,109,110,111,112,110,105,19,20,15,21,21
834261495,108,108,76,95,73,83,74,72,113,93,84,109,69,84,101,109,107,106,103,105,109,112,110,111,113,107,112,111,108,14,22,20,20,18
834262344,109,107,87,87,84,91,80,74,105,89,96,103,70,93,102,106,99,109,106,109,113,113,108,110,112,112,108,111,106,16,21,22,21,18
834264652,118,119,109,108,104,117,105,94,114,115,106,98,94,114,117,114,117,107,116,67,72,71,99,61,100,110,102,108,111,26,26,29,24,25
834269493,108,102,75,96,73,87,72,78,112,92,78,104,69,77,88,102,95,103,100,108,113,110,114,112,113,112,114,112,99,22,23,17,15,19
834271421,113,114,111,111,108,111,104,98,112,110,102,105,95,107,116,114,116,112,114,79,76,74,93,71,106,104,98,104,111,26,29,26,29,28
834277643,119,122,110,117,118,118,102,94,118,120,118,105,102,120,125,118,124,119,120,71,73,63,89,71,97,116,110,95,120,25,30,24,24,27
834278046,106,105,73,79,66,86,65,71,110,101,76,112,66,76,101,106,101,101,107,111,112,111,113,110,105,106,107,111,105,19,17,21,22,18
835013940,102,100,119,119,115,118,118,105,112,92,80,89,90,99,99,114,97,105,113,66,79,63,123,59,124,113,115,117,115,48,47,43,46,45
835016254,79,89,38,78,80,40,36,45,63,79,28,76,42,41,31,43,84,83,114,46,38,45,40,39,95,65,84,110,97,117,114,100,117,116
835021146,106,103,90,116,114,104,100,89,119,114,90,121,94,112,107,115,105,111,112,116,118,120,101,113,111,120,112,103,118,24,25,24,22,23
835176944,104,102,114,112,111,117,107,100,116,113,94,117,85,97,110,111,100,114,114,104,117,114,120,107,120,116,121,115,110,21,21,22,24,23
836001075,115,116,113,113,116,116,107,112,114,112,118,106,120,120,119,116,117,109,114,64,64,65,105,64,98,113,102,102,118,21,18,19,21,21
836001114,109,112,112,109,108,113,107,115,113,111,107,108,115,116,120,117,117,117,111,59,57,55,94,54,93,104,87,90,119,18,20,15,17,16
836001179,66,84,33,59,37,36,42,44,68,76,39,71,32,35,42,64,102,98,114,49,43,53,40,53,85,68,73,106,105,118,116,102,116,116
836001183,106,110,85,77,69,89,72,74,96,85,77,92,65,85,83,99,107,118,115,116,115,118,115,116,108,107,116,120,107,16,18,18,21,22
836001625,121,121,114,111,109,115,108,106,104,101,103,102,109,116,117,114,119,117,113,56,57,61,101,61,100,108,92,104,118,18,19,18,20,18
836005454,115,115,87,101,90,110,90,103,110,99,113,108,84,106,106,111,105,111,111,112,109,110,96,115,102,111,115,97,109,21,18,19,19,14
836005661,110,110,115,114,104,118,114,103,107,103,90,94,99,103,107,114,109,113,113,60,61,58,119,57,108,109,102,116,117,15,16,18,19,18
836007512,113,114,114,112,104,116,114,101,101,96,99,82,90,103,109,112,112,112,112,58,57,56,115,56,106,109,95,114,116,20,18,16,20,16
836021146,104,100,88,113,114,104,97,86,115,111,98,116,91,109,108,114,103,107,110,107,112,112,95,106,107,115,108,98,113,21,21,16,18,20
836048940,70,81,38,62,40,45,30,43,67,82,48,70,40,43,41,65,93,94,113,40,42,47,48,45,95,85,86,105,102,114,113,104,116,111
836121939,112,110,86,106,103,114,94,98,115,111,116,112,100,112,110,112,112,116,113,113,109,111,97,113,99,116,109,104,114,18,20,17,16,18
836139869,104,104,112,118,119,112,108,103,115,118,115,115,116,116,110,112,109,110,110,78,77,79,81,75,97,108,95,91,114,14,18,18,16,14
836162895,109,111,113,118,118,119,112,113,121,121,112,122,115,119,113,120,115,114,117,87,95,98,93,89,101,117,105,102,118,21,22,19,21,20
836190044,108,108,89,105,104,93,89,93,114,111,94,115,100,99,97,109,109,116,113,116,114,118,108,116,108,110,108,115,117,21,18,20,18,17
836191189,111,111,110,116,117,112,102,107,116,112,102,117,113,106,113,112,111,117,112,110,114,111,97,113,107,114,117,100,113,19,16,16,15,17
836202652,116,118,110,107,109,114,106,99,112,115,105,98,89,109,119,112,118,119,117,65,71,60,89,59,94,112,98,97,109,21,18,19,21,21
836209658,110,110,97,112,112,115,95,93,113,110,101,112,95,104,110,113,106,112,111,103,114,116,110,104,112,113,112,107,109,18,17,16,20,19
836212194,110,107,107,108,107,111,100,83,112,113,106,112,96,106,113,111,110,106,110,61,90,93,83,65,100,112,93,91,110,17,18,19,19,17
836222492,115,115,107,103,102,112,97,87,110,112,106,96,102,105,113,105,113,103,113,57,69,55,97,54,99,103,93,95,105,15,16,17,20,17
836226764,119,123,117,110,110,116,110,109,111,107,113,102,111,115,123,117,123,119,119,76,77,78,108,73,100,116,102,112,121,19,18,16,18,14
836229558,113,106,88,91,72,85,57,69,111,109,75,112,58,78,94,107,98,109,107,108,113,110,112,109,115,103,109,114,109,17,18,19,18,16
836230666,111,112,114,109,98,114,106,101,109,104,96,93,86,111,110,110,112,111,112,74,76,62,109,56,100,108,109,111,109,18,19,19,17,16
836235790,112,111,115,109,102,118,113,109,115,112,99,108,88,108,110,111,112,106,111,78,84,67,115,79,101,114,111,111,113,17,18,19,17,21
836238216,107,103,109,111,110,111,97,91,113,111,112,111,104,111,112,109,107,105,111,93,105,90,88,103,96,116,113,91,110,18,19,19,18,19
836238616,115,117,104,106,102,103,88,96,110,113,115,100,110,109,114,112,117,115,108,68,70,88,92,71,102,110,90,96,106,17,18,19,21,16
836241637,106,105,91,108,105,102,83,85,112,108,90,114,85,103,109,109,107,110,112,109,114,113,112,111,109,113,113,112,109,16,15,16,18,18
836242444,109,113,114,111,110,116,111,100,107,108,107,99,93,110,110,109,115,109,113,57,57,54,113,54,95,104,97,106,111,16,15,18,17,15
836246104,105,109,102,110,110,105,95,93,112,110,107,110,87,107,113,109,110,103,108,94,104,103,105,84,102,110,88,105,109,16,16,18,16,15
836247394,108,109,112,111,110,112,102,102,113,116,111,104,99,113,114,109,110,105,109,78,89,79,96,74,99,110,97,90,111,18,19,16,19,20
836247515,114,114,113,112,112,114,105,101,106,111,114,101,107,113,115,113,113,113,113,61,64,56,107,60,111,112,100,108,114,18,16,18,20,19
836247649,110,98,89,88,70,86,79,74,101,86,75,109,65,81,87,98,91,97,106,110,112,111,112,112,112,111,109,112,103,16,15,19,20,20
836247703,120,121,121,116,116,122,115,110,106,99,86,88,96,109,107,117,117,114,117,70,68,64,117,60,109,114,102,108,121,21,19,21,18,17
836251852,112,113,109,105,98,111,102,100,99,104,104,94,91,100,104,103,109,107,109,53,57,53,96,46,91,102,92,100,108,15,18,15,15,16
836251854,110,112,103,103,105,112,89,92,118,116,101,118,96,105,116,115,116,111,114,102,106,101,85,99,92,114,106,95,115,19,18,20,20,21
836252042,112,112,110,108,96,109,101,108,105,107,103,103,74,102,111,107,112,98,107,64,67,63,111,54,99,105,82,109,105,15,16,18,18,20
836256079,112,115,86,108,103,102,83,88,114,109,101,114,89,96,113,111,115,115,111,111,114,113,103,115,108,118,115,112,111,18,19,18,18,20
836260908,108,110,87,97,94,102,88,84,106,105,111,95,88,106,107,106,111,109,108,104,107,105,100,109,101,112,111,101,98,13,15,15,13,16
836262859,109,104,72,85,73,90,76,75,112,98,84,109,75,87,98,110,99,109,103,110,111,108,109,107,109,105,109,110,110,16,18,15,18,16
836263578,114,114,86,90,86,101,83,76,111,106,109,100,80,98,111,105,114,105,110,104,109,104,97,108,96,110,98,94,103,13,16,18,21,20
836266032,113,114,110,110,104,107,97,93,106,99,102,85,86,110,114,113,114,113,109,65,66,68,86,65,103,106,94,104,105,16,18,18,19,21
836269087,107,106,87,81,68,87,78,68,108,87,78,107,64,76,86,104,92,96,105,105,107,111,106,107,104,102,104,107,104,13,16,15,15,14
836269136,106,108,102,100,92,104,87,87,111,107,91,106,78,96,110,111,108,113,107,108,111,107,94,106,105,105,104,101,112,17,15,16,16,18
839008473,113,119,108,112,107,121,116,101,121,111,109,112,103,112,120,120,121,106,119,77,84,81,85,100,97,111,109,90,120,24,23,23,23,24
839013383,111,115,112,117,116,118,117,119,116,115,118,116,115,115,116,115,117,115,113,85,82,89,95,84,103,115,105,98,118,25,24,28,25,26
839020801,126,126,125,125,122,120,120,123,106,110,120,100,124,120,127,116,124,117,121,60,63,57,120,55,109,120,110,127,127,24,24,25,25,24
839167198,114,117,121,120,119,120,116,119,116,119,108,115,111,116,120,118,116,121,116,63,74,66,118,68,114,116,122,114,122,26,27,29,24,26
839184943,119,119,105,111,109,116,102,99,115,110,106,117,97,110,116,113,113,116,117,119,118,117,107,118,109,122,121,109,116,26,29,29,29,28
840001605,118,119,114,117,116,117,106,110,118,116,116,114,112,120,121,117,120,116,116,65,72,73,99,60,106,116,97,105,119,17,18,21,19,22
840005454,119,119,92,104,95,114,93,109,115,103,118,114,88,113,109,114,110,116,117,117,115,117,98,117,107,117,118,103,113,24,20,20,23,19
840007512,119,119,122,116,110,121,119,112,105,104,103,88,94,110,113,115,117,118,117,62,63,63,120,60,112,112,100,120,121,20,19,16,22,22
840049072,113,114,123,123,122,121,118,117,112,112,108,100,116,122,112,116,112,114,116,64,58,60,110,57,107,114,105,109,122,16,23,22,18,15
840052241,120,121,123,117,114,123,116,116,108,107,107,100,113,114,114,118,119,115,116,73,78,72,122,73,110,115,109,119,122,21,21,17,20,19
840166124,112,115,111,118,119,113,110,112,117,118,115,116,116,117,119,119,115,115,112,64,68,70,88,64,103,112,96,101,120,21,24,20,19,19
840166149,120,122,124,117,116,121,119,118,104,98,103,91,118,118,114,117,121,120,120,52,64,65,118,54,101,111,108,121,118,19,24,22,20,22
840176944,107,104,111,112,111,119,106,104,119,114,98,117,91,103,112,115,101,117,116,104,117,117,124,107,123,117,124,120,113,19,19,21,24,24
840180403,122,123,112,114,118,115,103,110,115,119,121,118,123,124,124,115,123,117,117,73,83,81,87,72,101,119,85,98,116,21,18,21,22,17
840188943,73,70,41,68,45,41,43,43,57,68,41,51,43,44,42,53,86,93,113,43,44,47,51,44,96,73,61,101,93,113,112,105,115,112
840189575,114,117,112,107,109,115,99,106,115,118,119,112,114,120,121,117,120,119,118,73,76,71,83,71,94,112,107,97,116,20,16,18,24,22
840190149,115,113,110,107,102,120,93,90,117,115,114,114,93,113,109,116,113,114,114,116,116,118,107,113,109,120,118,113,111,21,19,22,22,24
840190813,116,117,111,109,109,111,111,99,111,110,105,99,95,112,114,115,113,111,111,73,72,71,96,67,95,106,93,99,108,20,19,20,20,19
840191740,109,110,103,112,107,113,98,105,118,116,108,117,99,113,113,117,113,112,115,116,118,117,97,113,106,119,121,103,116,19,22,22,21,18
840192505,120,117,123,121,113,119,113,115,106,109,92,96,94,114,112,110,108,118,114,60,63,55,117,57,125,113,111,113,117,17,22,23,20,18
840193301,113,115,118,120,113,118,112,115,113,109,104,102,112,113,115,116,114,119,116,69,67,64,110,61,114,107,107,111,115,24,20,23,20,20
840196432,111,110,98,107,105,114,96,106,115,114,106,111,98,108,112,115,113,111,114,96,112,112,95,102,105,112,115,96,113,22,21,20,21,24
840199577,104,103,78,87,80,93,74,75,116,101,89,115,74,93,94,112,98,99,112,114,114,113,111,116,112,106,110,115,110,23,23,21,18,19
840199667,109,106,79,98,89,88,71,87,110,86,97,100,78,84,86,108,101,100,109,114,111,114,113,114,117,101,119,115,104,21,22,24,20,23
840200104,118,119,112,116,115,119,112,106,110,112,115,97,107,118,115,111,112,111,115,66,62,58,89,55,101,112,92,90,115,21,25,22,23,19
840201942,112,113,110,110,114,118,109,104,117,116,103,103,92,111,118,113,114,111,114,75,88,74,112,64,106,113,108,108,114,21,24,22,23,19
840207993,113,110,95,109,94,103,85,84,110,100,107,110,73,98,103,109,101,109,110,113,114,114,113,114,117,112,113,113,108,24,22,23,22,20
840208093,119,121,122,117,115,122,114,118,109,104,110,112,104,118,118,113,114,114,118,70,68,64,113,63,106,113,97,115,119,22,22,15,16,19
840208165,109,109,91,97,84,93,82,78,115,101,91,113,78,96,97,107,95,105,111,117,117,116,120,118,118,113,119,120,117,21,18,19,22,22
840210896,108,109,104,114,112,108,100,99,113,113,111,115,105,110,112,111,110,108,110,111,114,110,103,109,105,116,114,106,112,19,24,22,22,19
840216150,115,114,94,109,111,110,98,88,114,106,118,105,90,114,110,113,107,109,110,110,112,109,106,113,103,116,108,105,108,22,19,21,22,19
840219693,109,105,73,102,78,84,75,72,109,98,78,110,79,80,84,103,98,104,109,111,111,110,114,115,118,106,115,115,106,19,22,24,22,20
840220793,115,110,75,100,78,74,67,72,112,85,74,110,63,65,98,106,103,99,113,115,117,117,115,118,119,111,118,114,108,22,20,23,24,19
840221660,106,103,84,101,89,94,73,101,116,106,94,115,88,103,102,112,97,113,110,116,111,119,114,116,110,112,116,114,112,18,24,21,22,20
840223959,108,109,90,110,108,106,95,85,112,106,107,111,107,106,112,113,117,119,113,114,114,111,90,108,102,119,117,89,110,18,19,24,21,21
840224309,109,106,98,116,115,108,96,103,118,117,113,117,116,117,117,118,106,108,113,105,113,111,97,97,106,109,110,98,116,23,22,22,19,18
840226710,111,109,119,120,116,117,118,108,107,101,73,102,102,112,112,113,104,108,109,73,64,63,116,58,119,105,98,117,113,20,20,24,23,22
840227236,109,108,94,107,107,111,100,91,112,108,101,109,94,102,113,113,111,114,113,108,111,112,107,103,115,113,113,110,108,21,23,22,24,21
840229582,108,103,90,91,85,93,78,73,110,101,83,115,71,93,87,109,99,103,107,113,117,115,116,112,114,112,117,115,108,21,21,19,20,17
840231352,112,109,111,114,103,118,114,107,109,97,85,85,79,98,111,114,107,108,113,67,66,63,116,60,114,101,95,114,109,20,19,18,20,22
840233700,117,118,123,118,111,122,124,117,109,106,103,97,100,110,110,117,113,111,120,67,67,65,119,59,110,116,95,118,119,22,19,22,21,16
840236403,112,110,80,102,79,93,72,63,114,91,84,110,54,85,104,110,102,107,107,112,115,115,116,114,115,109,111,117,112,24,21,20,21,21
840237238,110,106,106,118,115,109,98,95,116,109,103,117,94,108,114,113,107,113,112,114,116,115,114,112,116,119,118,107,111,22,22,18,24,23
840241436,112,110,74,100,72,98,77,79,109,98,109,106,78,107,111,106,106,113,105,110,112,113,112,109,116,111,116,114,107,22,20,18,20,21
840241464,107,102,84,91,70,93,76,84,114,102,91,114,73,94,101,112,98,102,109,113,114,111,112,115,109,110,110,110,111,19,22,21,19,21
840241673,112,112,84,97,102,107,93,88,111,108,114,113,115,114,108,111,108,108,107,110,112,113,112,113,110,111,108,111,108,23,22,19,22,21
840247257,113,111,69,78,65,73,69,77,107,80,69,112,68,71,87,106,101,106,109,113,112,112,111,114,112,109,113,113,108,23,19,21,24,21
840251470,112,110,116,117,112,118,112,104,114,119,112,108,97,109,115,114,112,107,114,70,75,68,119,68,109,110,98,114,113,24,21,22,19,19
840256197,116,114,76,88,69,93,68,68,117,98,94,112,69,97,109,109,113,108,112,116,117,116,113,116,109,112,113,114,115,19,23,22,22,21
844188335,109,109,121,120,112,124,118,125,108,100,95,95,95,103,112,116,106,101,113,74,82,57,125,58,124,115,115,120,115,24,23,24,25,25
844188545,114,114,126,122,120,125,124,122,112,109,100,98,115,120,115,120,113,123,118,62,66,60,122,53,120,119,103,119,122,21,22,22,23,23
844189332,115,116,90,102,101,117,94,93,118,110,119,114,97,116,116,117,116,118,116,114,117,116,101,118,102,116,113,106,117,25,22,23,24,23
844192984,68,77,33,67,34,34,31,38,68,72,32,77,38,30,32,48,81,82,115,33,45,42,33,43,91,78,58,95,92,115,117,108,118,113
844199503,109,108,101,125,122,113,104,104,124,123,104,125,114,123,111,116,105,115,115,115,121,115,116,120,119,122,120,111,116,24,24,23,23,23
844200104,123,123,115,120,118,121,119,113,116,120,120,108,114,123,120,116,118,116,120,73,66,63,96,62,106,118,100,96,118,24,23,24,23,25
844203376,123,118,94,112,93,106,105,94,117,110,79,124,87,95,101,112,114,123,118,123,124,124,124,117,126,122,121,122,125,24,24,25,24,24
844204525,111,109,93,114,100,101,82,80,121,103,94,122,89,109,97,114,107,107,117,119,120,118,121,123,119,116,121,122,117,25,24,24,24,26
844207865,117,114,90,100,87,101,99,83,118,110,96,120,81,100,100,110,110,115,117,119,120,120,119,119,112,114,117,120,117,23,24,25,24,23
844210008,114,111,106,118,112,120,109,101,120,117,109,118,95,111,118,117,109,112,114,113,120,117,120,113,117,120,120,117,117,27,25,23,24,25
844212622,117,114,96,120,120,113,103,96,125,125,123,126,115,122,115,119,116,118,118,118,121,120,111,121,111,121,118,110,121,26,25,23,23,23
844213331,119,109,94,103,80,99,100,82,120,104,81,120,75,82,100,108,101,113,116,120,120,120,124,118,124,120,120,120,113,25,24,23,23,22
844213648,110,108,101,118,118,116,102,97,123,113,110,119,118,115,115,116,108,120,117,118,121,121,112,111,116,122,119,111,117,27,26,28,25,25
844214096,119,114,123,121,114,124,121,119,110,101,88,93,97,108,107,116,109,112,119,77,84,69,125,62,121,123,124,124,119,24,22,25,28,18
844223848,110,112,115,120,118,118,100,95,120,119,108,121,122,120,119,118,105,118,115,104,114,108,120,108,122,120,116,118,121,23,25,27,24,26
844225309,109,120,109,121,120,117,107,120,122,123,122,120,120,123,121,120,120,116,118,104,111,104,106,106,114,121,124,110,120,24,23,25,23,23
844225863,113,112,92,117,115,103,92,80,119,118,107,121,104,109,107,114,111,111,116,117,120,119,118,117,116,116,116,118,117,23,23,25,23,27
844226268,119,120,105,115,117,122,116,103,120,121,125,119,119,124,110,120,120,120,119,117,120,117,104,119,106,119,117,106,120,26,23,22,25,27
844228093,121,122,122,122,109,122,119,109,112,112,102,96,97,112,116,115,112,119,118,74,87,69,122,66,122,118,104,122,116,24,26,26,23,25
844229348,123,124,86,104,99,119,93,89,114,116,122,119,90,118,120,116,122,120,120,119,122,122,117,116,109,123,122,122,118,24,23,23,23,22
844231443,124,127,125,121,115,125,117,112,120,122,121,115,112,123,125,121,127,119,121,78,78,74,112,75,102,119,102,102,123,27,25,26,26,28
844232360,117,120,114,119,120,122,110,99,117,123,123,117,121,123,121,119,120,121,119,71,77,74,98,104,102,120,114,95,115,24,25,26,24,25
844234236,119,119,124,119,110,124,122,109,109,106,92,94,89,117,112,119,116,109,121,74,74,68,122,64,115,110,99,122,122,24,23,23,23,22
844234378,119,111,104,119,119,115,109,99,122,121,122,122,120,122,115,118,108,119,116,115,121,118,120,121,119,122,121,116,118,28,27,29,25,26
844234396,126,126,93,113,100,123,96,95,121,114,116,106,96,108,120,116,123,116,119,115,118,115,105,118,114,121,110,117,117,23,24,23,23,22
844237383,114,110,89,102,88,110,82,81,121,111,122,122,85,109,114,109,109,117,117,120,123,118,122,122,118,120,119,119,119,24,25,24,26,26
844239053,124,124,108,126,126,120,107,101,122,121,112,124,112,117,117,119,119,117,120,113,119,122,112,120,114,124,119,110,124,23,25,25,24,23
844239085,124,120,125,123,122,124,122,121,110,106,86,90,100,120,110,115,112,120,119,63,67,63,124,64,125,117,113,118,120,28,25,26,23,25
844239380,117,120,114,113,112,116,112,99,116,118,117,112,98,116,119,116,119,116,116,77,76,70,86,68,99,110,99,102,116,23,23,25,23,25
844240638,119,119,116,120,121,119,104,102,123,119,112,121,112,114,121,119,120,119,119,107,113,113,104,116,110,123,115,114,120,24,23,22,24,23
844241486,119,119,92,97,83,110,83,81,119,114,115,120,83,109,116,115,115,121,118,118,120,117,117,121,115,120,119,123,115,23,23,27,25,23
844241508,120,123,104,117,114,117,102,88,120,123,123,120,109,119,123,120,122,119,120,96,110,97,89,84,99,120,122,105,120,24,25,26,23,23
844241651,124,125,128,123,116,126,122,128,112,116,101,100,122,115,121,112,116,119,121,71,72,63,119,65,124,123,116,123,120,25,23,23,24,22
844241850,121,114,126,122,115,123,123,123,117,114,101,102,101,111,113,117,111,116,121,72,85,65,126,65,123,117,113,121,121,25,24,24,26,26
844243245,117,116,108,121,123,116,99,119,121,122,123,123,118,121,116,118,117,116,118,93,110,100,92,95,105,119,116,98,117,23,24,23,25,23
844243630,118,119,120,117,107,120,117,122,115,112,90,102,90,106,117,117,116,120,117,67,71,63,112,64,115,117,98,117,115,26,25,23,24,23
844246104,114,116,93,116,114,116,99,98,122,117,104,119,99,115,122,119,120,115,118,116,122,122,112,114,116,122,117,114,122,29,28,23,24,23
844248550,118,118,95,103,83,96,118,80,120,108,88,120,78,89,109,107,109,118,119,119,121,120,116,118,119,118,119,119,112,24,24,23,23,25
844251570,116,119,109,116,102,117,110,106,120,123,122,112,112,119,126,123,123,123,120,67,67,69,97,64,112,113,106,95,122,28,25,29,24,25
844251752,78,81,41,81,43,40,40,46,65,91,45,78,46,48,46,66,87,86,116,48,47,46,50,47,97,76,80,100,100,117,116,109,118,118
844252145,125,125,98,112,105,114,93,86,118,110,118,118,93,111,118,115,120,119,120,118,122,118,108,118,108,117,116,113,117,25,24,25,26,24
844255253,116,118,103,117,117,117,100,119,124,119,109,124,116,121,122,121,124,121,121,111,114,110,90,101,99,119,115,101,121,26,26,29,29,27
844256325,118,116,92,94,83,93,81,83,117,101,91,116,74,88,115,106,105,103,115,116,119,119,118,116,118,115,115,118,116,24,23,23,25,25
844257279,117,122,111,119,115,120,110,101,119,126,126,119,119,124,120,118,122,120,120,82,91,84,97,82,103,119,109,103,120,21,21,22,23,23
844257289,124,122,122,119,109,124,120,109,110,110,109,96,94,108,123,116,120,114,122,74,74,71,117,64,111,115,110,121,117,24,23,23,23,25
844259532,71,80,28,61,34,41,34,45,65,71,34,64,40,33,38,50,93,94,118,44,44,38,38,44,88,70,79,101,94,118,122,104,121,118
844260908,120,122,94,109,100,121,96,93,118,108,121,109,95,115,118,111,121,120,118,117,118,119,105,121,108,123,121,108,116,22,24,23,26,28
844266866,116,114,103,115,113,118,102,90,121,115,108,120,93,108,118,116,114,118,118,118,120,119,118,120,113,123,120,115,115,24,24,25,23,23
844273018,117,122,115,121,120,117,116,99,122,115,99,120,105,119,120,118,122,116,120,116,122,121,122,120,114,122,122,122,120,30,29,29,29,28
844277643,122,127,112,123,125,122,111,96,119,126,127,109,111,126,129,119,128,125,123,75,86,71,90,83,98,119,116,100,125,25,26,26,22,24
845020801,122,123,121,123,124,123,120,123,107,110,117,100,120,119,122,116,121,118,119,61,65,57,123,53,111,118,109,126,123,21,19,23,21,24
845026709,106,105,86,107,98,88,75,79,110,94,91,112,88,96,95,109,97,109,112,117,116,116,114,116,114,112,116,116,112,22,23,20,25,20
845028765,117,119,100,114,116,121,108,101,122,120,118,114,117,118,119,119,123,118,116,101,103,104,96,97,106,122,108,109,118,24,22,23,21,23
845047390,109,106,98,108,96,109,89,113,118,109,95,115,88,102,114,119,111,118,115,114,117,119,114,115,114,114,112,112,120,16,24,18,19,23
845049072,113,114,120,122,121,123,117,116,114,114,106,100,114,120,114,116,111,113,116,62,62,63,111,56,108,114,103,110,121,22,26,23,22,19
845155897,114,114,115,113,111,120,110,108,114,114,109,105,108,109,117,116,115,112,116,68,74,63,111,69,111,113,109,109,115,25,20,18,25,23
845171791,101,99,89,78,75,93,84,83,116,103,79,111,78,85,101,112,97,110,103,119,116,116,120,118,120,104,120,114,109,20,24,25,19,23
845189511,112,108,94,102,96,109,87,97,125,122,99,125,103,111,119,123,111,120,118,119,118,122,115,116,109,120,117,107,125,21,21,24,23,22
845190053,75,83,56,71,46,55,39,63,60,97,53,62,43,50,53,64,97,97,119,50,47,56,67,46,105,88,88,105,108,121,117,108,120,118
845191648,105,98,84,78,75,87,84,88,109,93,78,97,68,85,96,108,102,108,109,117,115,113,117,113,118,107,108,118,109,23,22,21,25,19
845193474,108,109,100,116,117,111,83,91,120,112,101,118,92,98,118,117,116,118,120,116,121,117,105,117,106,121,119,115,112,22,22,20,23,25
845198861,112,114,94,117,112,110,90,101,121,110,103,116,98,114,112,118,119,119,119,115,116,118,109,111,106,120,119,110,116,24,22,19,25,22
845199845,104,103,88,99,91,90,78,95,116,99,78,115,87,95,99,115,94,113,108,116,117,120,115,115,117,110,111,112,117,23,21,20,24,23
845200724,115,112,88,103,77,108,84,84,115,96,94,106,91,97,93,108,105,112,112,117,114,113,114,116,113,109,112,115,108,23,19,20,20,25
845201143,109,106,89,89,84,109,86,81,117,103,107,115,86,105,99,112,108,106,113,114,119,118,117,113,113,106,117,115,114,26,24,22,21,21
845208596,110,109,111,116,102,118,112,106,101,88,78,80,88,99,110,112,108,114,114,74,64,67,112,55,113,110,114,112,106,23,20,25,20,23
845213209,116,116,99,116,113,111,97,107,116,112,112,113,117,118,114,114,115,115,116,111,112,111,109,107,108,119,118,116,117,24,22,24,21,22
845224574,117,119,114,112,110,113,106,113,116,117,110,111,95,111,118,117,119,111,117,87,87,89,91,84,96,118,109,100,111,22,24,20,21,20
845225659,102,99,95,115,107,108,87,93,118,109,99,112,95,98,112,114,103,108,112,114,119,119,111,118,118,117,118,108,111,22,24,21,19,23
845226226,110,110,105,113,110,112,100,97,120,119,111,118,108,116,118,120,113,109,115,94,97,95,92,90,101,113,113,92,115,21,18,21,24,24
845226754,115,114,107,116,114,118,100,108,123,120,107,121,111,115,121,121,119,118,118,110,111,106,108,106,106,120,88,106,121,20,23,21,24,24
845240690,118,118,109,109,103,119,105,113,109,114,111,105,83,111,113,111,119,112,116,72,67,68,116,66,98,107,103,116,110,23,19,22,22,19
845246242,116,117,112,109,109,117,105,109,112,109,98,94,86,107,113,113,114,111,115,61,68,60,103,58,112,109,98,109,107,14,13,18,13,17
846005467,109,105,83,93,70,91,79,78,107,93,90,107,73,84,91,97,96,114,115,115,118,115,117,118,116,114,121,115,105,21,20,19,21,20
846176944,105,102,111,111,108,116,105,101,116,112,95,113,86,98,111,115,101,116,115,103,117,113,121,106,121,116,121,117,109,18,19,15,16,18
846197781,109,109,110,105,110,113,99,101,117,115,107,115,105,113,117,114,116,113,111,63,88,78,87,65,95,109,93,92,116,18,19,18,19,20
846200724,110,110,82,101,73,103,83,80,112,93,95,108,90,92,91,103,102,109,110,111,110,112,108,112,110,107,110,110,103,15,19,16,15,18
846211110,110,111,115,112,115,116,113,112,114,113,113,114,111,117,116,111,116,113,114,59,65,57,85,58,97,108,94,94,115,18,19,18,16,18
846211117,108,108,109,106,105,117,111,103,116,117,97,105,89,99,111,113,110,106,111,87,74,78,113,77,101,111,110,98,106,18,19,18,21,16
846225953,114,115,113,110,107,113,100,101,107,111,106,98,94,109,113,103,113,114,109,71,62,55,87,53,110,108,93,96,109,18,19,16,17,15
848001179,68,86,34,63,38,40,44,48,72,73,40,73,34,36,43,65,103,100,117,51,44,52,42,51,91,73,71,108,108,120,119,104,120,121
848026709,108,108,85,111,100,89,77,80,116,102,92,116,90,102,98,111,98,113,114,118,119,118,115,119,115,110,117,117,116,25,24,22,24,23
848051539,68,86,44,58,38,43,32,44,73,84,44,81,43,51,48,65,95,98,116,40,40,45,48,43,98,83,63,110,113,122,119,110,118,120
848054050,116,116,121,122,118,120,119,113,118,115,113,119,115,120,117,118,116,123,117,80,88,74,113,74,119,118,120,114,118,24,25,26,25,25
848189271,107,109,88,103,96,104,96,94,117,104,94,117,92,106,117,117,108,119,117,116,119,121,110,120,109,113,120,113,115,23,25,26,24,23
848189332,120,122,94,101,98,121,93,94,119,108,118,115,98,115,113,116,120,121,120,118,118,123,98,118,103,120,119,110,116,24,23,25,24,23
848201942,114,115,117,115,110,121,114,107,118,118,97,105,93,112,120,114,117,114,118,78,87,72,118,68,107,119,107,115,118,23,25,23,24,25
848211117,116,116,120,116,116,123,119,114,120,119,108,120,98,114,122,120,117,114,119,91,85,82,121,84,106,121,122,109,121,24,23,23,25,25
848212831,81,87,41,73,43,43,43,50,81,93,42,100,50,51,52,75,103,101,118,47,48,52,48,44,104,69,76,102,108,119,119,112,119,121
848216150,118,115,98,115,118,117,99,89,117,110,120,106,99,118,111,112,109,110,113,112,116,112,105,116,104,115,109,106,110,23,26,25,24,23
848223273,107,109,102,109,109,119,116,96,119,115,102,117,92,106,112,117,110,108,116,99,109,107,108,95,110,115,112,110,115,23,25,26,24,23
848225439,105,105,98,115,116,109,116,105,117,117,115,117,109,117,111,118,110,111,113,115,117,111,103,113,110,115,114,107,118,25,22,22,24,23
848242664,116,117,97,106,107,114,96,83,116,114,114,98,96,106,120,116,119,108,116,94,106,87,83,94,94,112,112,94,112,23,25,26,24,23
848245541,118,119,103,113,116,117,98,96,117,117,116,104,102,112,120,116,118,104,117,64,70,64,92,61,98,112,105,96,114,23,27,26,24,23
848252154,70,73,40,68,42,43,38,48,67,76,43,62,43,50,46,52,75,78,115,49,47,46,52,45,93,68,63,98,86,119,115,105,116,120
848260697,116,107,79,91,80,88,79,83,113,93,77,110,71,84,102,107,99,111,111,116,120,116,117,114,120,113,118,116,106,23,25,23,24,23
850000027,114,117,109,114,113,117,106,93,111,106,111,105,103,116,119,115,118,116,113,67,63,67,88,61,97,110,102,96,117,22,25,24,24,27
850004000,113,113,115,115,118,117,107,110,113,111,101,107,110,115,115,123,113,116,113,48,58,59,98,62,109,112,95,100,120,21,22,23,24,23
850005471,110,111,117,117,120,121,119,122,119,117,109,119,113,116,114,119,109,115,117,87,98,99,108,88,109,117,111,106,118,24,26,27,24,22
850005589,117,118,108,116,116,115,105,115,112,116,120,109,118,120,119,115,117,115,112,66,70,72,95,71,108,117,107,97,118,22,22,22,23,21
850006235,117,116,112,117,119,114,107,101,114,114,116,114,114,115,118,118,115,119,113,93,98,103,104,92,102,122,115,98,119,21,22,24,23,21
850007763,100,100,100,114,116,107,86,114,119,116,117,121,122,121,115,122,107,115,110,97,105,111,87,96,101,115,100,91,122,25,26,21,22,25
850009676,120,120,122,113,114,121,117,115,102,93,103,99,110,115,115,114,121,118,118,61,50,55,105,51,105,115,105,111,121,23,20,21,23,24
850013128,119,119,121,114,112,119,115,114,104,101,97,91,109,117,114,112,119,115,114,47,46,57,116,45,108,108,103,115,119,24,24,23,25,23
850167198,112,113,117,114,117,116,114,115,113,115,107,113,113,115,118,120,111,118,108,52,65,61,117,68,110,115,120,110,120,25,24,21,24,25
850190045,113,119,119,109,116,117,115,114,117,116,112,114,113,120,122,121,117,114,116,62,58,76,105,57,102,110,106,101,120,24,22,25,24,22
851202695,99,98,87,99,85,101,82,88,106,99,88,118,90,96,106,107,102,112,113,121,119,118,122,118,121,121,117,122,114,22,22,24,23,23
851206511,111,108,101,121,120,113,106,112,120,119,120,122,120,121,109,118,108,106,112,112,116,112,106,113,107,119,118,103,114,19,21,21,22,22
851210047,100,98,97,115,114,100,88,91,109,110,99,117,97,102,98,105,92,110,110,117,115,116,117,115,116,114,116,115,108,21,21,19,22,22
851211378,111,110,108,111,110,115,100,100,114,115,108,112,103,108,111,114,107,106,117,113,113,113,118,110,120,121,115,119,113,18,18,19,19,18
851212096,113,114,115,122,119,116,111,111,119,122,124,116,122,123,117,117,116,116,116,81,78,66,95,72,106,118,95,106,117,20,22,19,22,19
851212194,115,113,109,113,111,116,113,88,119,119,118,115,113,116,114,116,117,113,115,65,83,80,85,65,105,117,95,96,115,22,22,22,22,22
851213655,116,118,117,115,117,116,114,98,116,119,117,114,90,117,122,117,119,116,116,76,83,76,84,76,114,114,101,99,115,21,19,20,20,22
851216435,110,111,104,105,106,111,93,95,123,116,101,121,93,110,115,120,117,118,119,112,119,114,91,106,101,121,116,107,116,18,21,23,22,22
851224415,114,116,108,115,114,113,115,115,111,114,116,106,107,117,116,115,117,115,115,61,66,63,88,57,93,115,96,95,112,21,22,22,19,20
851225201,119,120,113,113,111,117,101,107,115,114,115,105,113,114,117,116,118,115,115,101,101,102,101,99,98,116,110,106,117,18,19,18,18,17
851226168,105,101,96,114,109,102,87,91,112,109,95,111,89,106,112,113,107,111,114,112,115,113,111,114,112,121,114,113,114,21,19,18,22,21
851232658,110,109,88,89,63,94,77,65,108,91,79,107,64,78,91,106,97,109,103,115,114,113,116,113,117,113,110,113,107,19,19,21,22,20
851237712,116,118,118,117,111,119,117,112,111,107,106,97,100,109,112,115,114,114,118,68,68,66,119,64,109,116,117,119,110,19,18,16,17,17
851238900,114,113,118,118,107,119,115,110,110,111,107,93,88,112,109,110,109,113,115,83,89,72,116,83,116,111,113,112,112,20,19,22,16,18
851240359,104,103,88,113,111,103,87,81,109,95,90,116,109,103,111,109,108,104,112,121,118,117,120,115,119,112,117,119,109,19,20,18,18,19
851240740,121,123,114,113,115,115,101,99,117,114,113,106,108,113,120,116,122,116,116,82,73,76,94,76,103,108,97,106,114,22,19,17,16,22
851244717,118,117,91,104,96,112,92,90,111,115,117,107,103,116,112,115,113,111,116,115,116,112,106,113,107,116,103,112,107,15,15,15,14,14
851245426,103,103,90,90,62,98,79,66,107,82,77,108,64,73,92,102,96,110,109,115,115,113,117,114,115,114,115,116,106,18,18,17,17,21
851246242,115,116,113,108,108,117,106,108,113,111,97,93,84,108,112,113,113,113,114,60,67,59,104,57,112,110,97,108,109,19,19,20,17,19
851254796,120,121,111,113,110,112,103,97,110,110,108,94,103,115,118,116,117,114,113,78,72,66,91,67,108,107,93,111,110,17,19,16,18,19
851256292,103,108,107,110,109,110,88,80,112,108,100,112,89,105,109,110,101,100,109,115,115,115,118,112,112,119,115,118,108,18,17,15,18,18
851258937,113,116,112,113,111,114,109,113,117,115,109,114,108,109,116,115,114,112,113,83,103,100,105,93,108,115,108,110,116,18,19,21,19,18
851260178,116,115,80,88,81,110,83,80,106,103,109,93,85,104,107,108,109,105,110,112,114,112,108,113,105,115,109,114,105,16,16,15,15,14
851261654,116,116,80,92,82,101,75,84,113,107,111,110,77,107,110,112,116,110,115,116,117,115,110,118,109,117,117,114,108,19,19,18,18,17
851264172,116,115,81,89,93,109,88,83,112,107,110,103,81,109,109,111,111,105,112,110,114,113,107,108,103,114,109,113,106,16,18,17,16,17
851268474,108,99,117,119,107,117,106,108,108,100,97,91,102,100,110,115,97,95,112,68,71,61,117,67,118,111,111,119,111,16,18,18,20,20
851270728,114,117,94,109,101,111,92,89,108,107,110,102,102,110,113,114,116,108,108,107,113,113,102,113,104,116,107,110,110,16,16,17,17,16
851277839,110,107,115,116,114,118,111,109,111,108,91,88,111,110,111,112,105,102,113,67,71,60,115,69,118,110,108,117,107,19,18,15,16,16
852001041,118,117,92,113,108,116,99,93,119,110,111,115,90,107,116,117,114,121,116,116,118,118,108,116,112,122,118,99,116,22,21,22,21,21
852001201,112,120,120,118,116,119,111,115,115,112,113,108,120,121,122,119,121,122,119,73,79,63,100,62,97,113,97,97,120,22,22,22,20,20
852011141,117,117,124,114,100,125,118,114,113,114,96,95,87,112,112,119,115,121,119,67,69,74,126,57,115,113,117,126,123,22,23,24,24,23
852121944,112,110,107,118,115,112,103,103,117,116,117,116,116,116,118,117,111,115,111,108,111,111,107,109,109,121,119,106,115,21,19,21,21,21
852139869,106,106,111,121,121,114,111,109,118,120,117,119,121,120,112,115,112,114,114,82,78,83,86,78,99,111,96,92,115,22,21,22,20,18
852178509,105,100,117,118,102,118,117,111,113,109,89,91,96,112,109,116,98,116,115,68,76,60,121,55,120,111,113,117,118,21,22,22,22,22
852186153,77,79,43,70,43,44,43,43,89,83,40,95,40,43,42,66,93,94,114,43,44,38,41,43,96,71,77,110,93,117,117,115,115,114
852189908,80,81,43,67,48,48,50,48,72,68,35,68,42,41,33,48,86,78,112,43,45,47,38,43,96,72,58,103,68,115,112,103,117,114
852190815,107,107,87,108,103,109,103,87,117,108,111,116,96,111,107,112,105,110,110,114,116,115,111,115,109,113,110,107,114,19,18,17,22,21
852198141,108,109,84,99,90,93,77,79,111,106,93,110,76,93,99,108,105,104,112,113,114,112,108,111,108,105,112,112,110,21,22,21,19,20
852202024,102,104,94,103,97,113,101,96,115,107,102,110,100,102,108,109,104,105,111,113,116,113,96,114,103,115,116,95,109,18,19,16,20,16
852204092,73,74,43,67,48,54,45,43,73,83,43,80,58,52,46,53,74,88,110,47,50,46,46,47,106,68,72,108,100,117,115,108,117,115
852208830,116,117,114,113,101,118,113,115,99,100,100,87,93,111,107,110,106,111,116,81,83,55,107,84,100,115,111,99,108,18,18,19,18,19
852214100,120,119,113,122,118,118,113,110,116,117,119,114,117,118,119,117,117,118,115,92,110,101,119,98,121,117,117,119,118,21,22,21,21,22
852216201,122,121,119,115,107,120,115,104,110,110,113,99,91,115,120,112,114,109,121,70,72,63,110,63,114,119,108,118,112,18,19,21,18,16
852225193,108,108,110,111,108,112,89,100,116,115,106,114,98,110,114,114,106,108,113,109,115,113,118,108,111,115,112,117,112,19,21,19,22,21
852229880,116,117,83,97,83,104,77,84,107,104,102,98,77,94,115,109,111,111,109,116,115,118,97,117,104,114,115,93,107,17,18,16,18,18
852230142,115,117,114,114,110,117,110,121,115,116,113,106,108,116,117,116,115,111,114,77,76,66,102,63,102,116,101,99,116,22,22,21,21,22
852241925,114,115,108,109,100,115,106,89,112,116,114,98,92,107,116,111,114,109,113,59,75,65,81,60,93,113,90,88,113,16,17,18,16,16
852244675,109,109,114,114,106,115,107,112,116,116,98,105,89,103,117,113,111,114,114,91,99,74,108,90,106,114,106,107,113,18,19,21,20,21
852250954,105,102,74,82,69,92,73,78,108,92,84,103,69,86,99,101,103,103,110,114,115,113,115,115,116,109,110,116,106,19,19,18,19,18
852250959,106,108,96,110,110,105,103,83,118,117,115,116,98,116,112,116,110,115,115,113,116,114,104,115,104,116,114,105,115,18,21,19,18,21
852252021,110,113,115,111,107,118,108,107,109,107,96,99,93,105,105,108,106,111,111,71,74,72,115,67,110,112,96,114,116,18,19,18,18,19
853073466,112,110,87,99,85,95,91,87,112,96,89,116,81,92,97,98,103,112,111,118,118,116,117,113,119,115,117,117,103,23,25,26,24,25
853077661,113,118,108,118,118,113,102,99,118,120,118,118,101,111,119,117,118,108,115,71,71,65,93,69,101,113,106,97,117,21,21,21,22,21
853212432,74,88,43,63,45,49,47,54,73,91,44,68,55,45,44,63,102,96,115,63,48,53,46,47,87,88,57,100,107,117,115,108,119,115
853227632,110,108,83,105,83,93,91,87,116,103,90,116,80,89,95,101,107,111,111,118,117,114,118,117,117,118,117,117,105,26,23,25,26,23
853238570,70,77,31,68,41,36,39,35,67,88,42,75,34,34,41,54,89,88,115,43,51,45,41,47,91,85,66,100,89,120,121,117,115,116
853247844,112,116,90,109,98,114,96,93,116,108,99,114,90,97,114,114,115,117,115,116,119,115,103,114,100,118,119,105,110,27,25,27,25,25
853254225,118,120,112,120,119,114,107,105,115,121,120,104,103,120,121,117,121,118,118,76,77,75,98,75,101,117,99,107,121,23,25,28,24,23
853260396,112,113,119,117,102,119,116,102,107,98,91,90,79,98,107,112,109,113,117,67,71,65,119,63,117,113,116,120,116,24,23,25,28,23
853262447,109,107,120,117,99,120,117,119,109,98,83,95,96,101,109,117,105,103,115,62,66,60,121,55,121,111,109,120,117,20,21,21,22,22
853272992,115,111,121,119,107,121,119,114,108,94,89,86,91,101,104,117,104,113,115,63,69,66,122,58,122,115,102,120,119,28,27,26,24,25
854203376,125,121,101,113,94,110,105,95,121,111,83,126,89,96,102,114,118,127,120,127,128,125,127,121,128,124,121,125,129,26,23,26,23,22
854230621,81,83,42,80,46,49,39,44,77,91,45,82,45,49,54,83,107,95,123,56,51,52,52,43,109,74,84,114,114,125,120,110,126,122
854231747,133,134,133,127,127,129,125,130,122,118,114,115,110,128,128,124,131,123,130,64,69,64,107,65,117,122,97,109,128,27,22,25,23,28
855165153,111,111,122,117,113,122,119,115,118,118,104,110,111,118,117,120,108,117,113,60,57,60,119,51,114,113,98,111,122,17,16,19,21,19
855192119,80,80,47,66,51,50,44,57,60,80,45,61,50,51,48,59,98,99,118,52,51,47,46,53,99,72,77,107,102,120,119,104,122,119
855210602,117,117,118,116,110,117,111,115,117,118,115,109,102,118,118,118,117,118,115,78,72,71,98,69,109,114,109,101,117,21,16,17,20,18
855227236,115,115,109,114,113,116,112,100,121,117,108,117,103,109,120,120,116,120,118,114,119,117,116,111,121,120,120,117,115,16,16,23,15,22
855233419,126,127,119,124,122,125,115,121,121,124,124,118,119,126,123,122,124,117,121,80,84,72,113,75,105,123,116,112,124,22,21,24,24,22
855233556,119,121,119,119,115,118,115,120,113,113,121,117,114,121,122,119,123,116,119,77,68,58,108,63,105,114,105,107,119,16,18,18,16,20
855237238,115,112,121,125,121,124,119,100,125,117,109,121,100,115,120,119,113,120,118,119,123,120,121,118,123,126,123,116,118,23,20,20,21,23
855247851,111,112,111,116,118,115,105,105,124,123,111,122,104,118,121,118,114,121,118,116,124,114,110,112,116,126,125,110,124,21,22,19,19,18
855252371,120,120,117,120,118,125,110,112,123,120,109,122,99,114,124,121,120,124,120,112,123,118,118,116,115,126,121,115,124,19,16,17,22,19
855264862,116,119,112,113,113,119,116,110,120,120,117,110,107,116,121,121,121,117,120,87,100,93,95,83,99,119,102,100,121,22,22,20,18,19
855277954,125,125,116,120,121,118,109,111,122,121,119,114,103,122,124,119,125,119,120,75,88,73,112,68,115,117,107,117,117,18,19,19,17,22
856070004,109,110,105,113,101,112,90,86,113,109,96,107,82,106,112,112,111,106,108,69,92,81,87,67,87,106,88,88,109,13,14,15,14,16
856188545,100,100,108,107,102,108,106,107,97,98,88,89,103,106,102,103,99,107,102,35,57,52,110,50,104,103,88,104,108,20,21,20,20,19
856192366,102,101,81,96,85,88,79,76,112,96,78,116,69,89,89,105,96,108,107,114,113,115,116,114,111,106,114,115,110,22,22,21,21,22
856193747,100,101,94,107,99,100,87,89,111,109,108,111,104,109,108,109,102,111,106,105,106,105,91,101,106,114,107,91,108,18,19,20,17,16
856203574,107,104,91,101,86,105,86,78,115,101,89,110,68,90,101,112,105,110,109,112,113,110,114,110,108,106,107,110,109,16,21,21,18,19
856207421,116,118,114,114,109,117,111,101,112,111,115,104,101,115,113,112,119,117,116,58,71,57,94,57,98,109,93,98,113,16,20,20,19,19
856210514,106,106,84,103,101,105,86,83,104,106,105,105,98,107,107,102,106,103,105,101,104,104,96,102,91,104,102,100,105,18,19,19,17,17
856211738,56,76,31,75,36,33,33,34,71,68,33,78,36,35,33,44,77,79,113,35,35,32,41,33,91,77,66,94,96,114,110,110,117,115
856213331,108,99,84,91,69,88,87,70,111,91,71,109,66,72,89,99,90,103,105,107,111,108,112,108,113,107,109,108,104,19,18,18,18,17
856216549,113,108,115,114,101,115,107,103,101,98,91,89,92,103,101,107,94,100,108,57,58,57,116,54,115,106,103,111,110,21,22,21,18,22
856224232,111,111,94,111,109,112,108,96,114,114,113,114,105,111,113,114,113,114,112,101,110,96,97,108,101,116,113,101,113,21,22,22,22,21
856225193,107,107,111,112,107,116,104,101,115,115,103,114,99,111,113,114,107,109,115,109,114,110,118,109,112,116,116,118,112,21,20,19,21,20
856226300,76,79,44,71,45,45,36,43,77,83,42,71,47,44,43,48,86,86,115,47,47,50,43,45,107,63,65,107,89,121,118,112,121,121
856228702,104,104,90,94,97,99,96,83,112,110,97,111,90,105,111,111,109,112,108,102,103,102,101,100,99,111,106,105,113,19,20,20,18,16
856229391,98,97,97,109,105,101,88,88,114,101,89,115,87,98,102,110,97,105,108,114,118,110,113,115,113,116,118,112,107,18,23,23,21,22
856229476,108,99,88,93,87,98,89,78,110,91,92,109,78,92,106,99,94,107,104,109,112,112,111,110,114,110,114,111,106,14,15,16,17,18
856231512,107,103,74,77,62,84,64,71,111,92,82,110,69,72,96,106,94,93,105,111,114,110,114,111,117,112,115,113,107,17,16,17,20,19
856232440,112,112,81,91,85,109,85,82,111,113,113,107,91,111,109,113,111,107,110,111,113,113,95,111,97,109,101,102,110,18,22,18,17,16
856233800,111,111,82,98,91,109,73,70,107,100,108,103,76,103,110,107,112,107,106,105,109,105,92,107,99,112,105,100,101,16,18,19,17,19
856235073,70,69,36,64,43,37,36,38,71,71,60,62,42,42,41,56,89,92,109,48,49,45,43,50,99,64,71,97,95,110,108,101,110,111
856239837,107,108,104,111,112,112,102,108,115,111,107,112,108,110,112,113,111,112,111,107,112,104,108,105,103,116,114,105,113,20,21,22,22,21
856241096,110,110,99,111,106,109,88,93,112,112,112,111,108,112,109,113,107,113,112,110,113,108,97,108,104,115,113,94,114,19,15,16,17,19
856241159,102,101,79,88,83,90,78,72,106,90,78,105,72,83,100,102,99,101,100,103,104,103,100,104,102,102,101,102,104,19,20,20,18,17
856241461,113,114,115,110,105,116,110,95,105,107,106,100,79,105,111,111,113,105,114,65,70,57,104,60,101,106,96,105,111,19,17,20,21,22
856242516,117,118,116,116,111,114,106,101,112,119,121,98,105,118,118,111,116,110,113,65,63,61,101,57,106,110,93,105,115,20,18,18,20,19
856244669,108,106,93,110,111,107,88,101,116,116,102,114,100,111,114,114,104,107,113,112,115,118,110,114,111,116,117,112,113,26,26,27,25,26
856244778,118,120,114,117,121,117,103,98,117,120,114,110,103,120,122,120,120,106,120,84,87,72,97,70,105,117,107,105,119,23,23,24,22,23
856244915,109,106,73,96,66,76,64,76,107,65,80,96,68,84,89,101,93,92,103,112,113,112,111,111,117,106,115,115,103,18,17,21,18,22
856245211,111,112,93,105,103,112,81,81,113,107,111,111,88,102,107,108,108,109,111,111,111,111,106,110,110,111,111,111,109,18,19,17,18,18
856245253,110,111,108,103,100,111,99,94,113,111,98,110,91,104,104,113,114,114,112,110,110,111,105,106,100,119,112,107,110,18,19,14,15,16
856247463,116,116,116,115,106,116,107,111,106,105,97,96,94,97,111,106,116,111,112,60,58,55,106,58,112,108,101,103,116,14,16,17,16,17
856248695,111,106,72,80,73,91,73,64,108,94,74,107,73,76,101,98,98,103,106,109,110,113,112,109,108,104,109,112,104,19,18,15,17,15
856250753,73,74,83,85,46,44,45,54,80,87,54,71,53,59,58,68,78,80,110,43,47,53,93,48,108,70,67,102,91,111,112,111,118,118
856251470,115,114,117,118,112,120,114,108,118,122,116,117,100,113,119,117,116,110,118,73,84,71,119,71,113,114,103,117,113,22,23,22,22,23
856251809,105,105,67,92,69,84,73,74,115,93,82,113,74,87,96,107,96,110,106,114,115,112,117,115,119,108,115,112,110,18,14,15,18,15
856252802,117,116,88,104,88,108,89,85,111,94,108,114,76,104,111,111,112,110,112,112,115,117,114,114,114,111,113,115,109,21,21,21,20,21
856253124,115,112,95,104,99,114,91,95,116,109,111,112,91,107,111,111,110,108,113,109,112,109,92,111,104,114,108,98,110,17,18,16,18,16
856253163,103,100,81,81,66,95,67,58,101,87,82,100,59,83,88,93,92,93,100,101,102,101,106,101,105,100,104,107,92,15,15,12,12,13
856255069,106,105,92,104,94,106,88,84,116,110,93,115,88,96,112,114,102,96,110,106,114,109,111,102,114,112,113,111,111,19,21,20,16,18
856257179,107,107,88,87,68,100,76,74,111,100,70,112,68,77,88,105,101,97,106,110,110,109,110,109,108,105,108,110,105,23,23,24,23,24
856257345,112,112,85,100,86,100,90,67,110,99,109,104,90,98,111,113,113,110,106,106,113,106,89,111,99,112,104,106,108,17,14,15,16,17
856257368,101,95,71,85,56,69,55,65,106,70,71,99,57,79,93,105,93,101,102,108,109,107,110,108,110,100,109,114,94,15,16,16,18,18
856258781,103,97,73,78,56,78,60,70,103,90,72,104,68,68,90,96,95,97,101,102,109,105,104,107,107,100,98,106,100,17,17,17,16,16
856270579,117,119,106,108,106,113,100,100,110,112,108,97,86,105,117,110,117,109,112,67,75,65,89,65,90,106,90,91,109,17,18,16,16,16
856273018,103,107,95,106,105,104,99,84,110,104,86,105,90,104,104,105,107,103,106,101,107,105,106,107,101,108,108,109,105,17,17,15,14,14
856274246,97,100,93,101,92,106,84,75,112,110,96,109,89,98,110,111,107,103,107,96,103,100,92,93,97,111,85,103,108,16,12,13,15,14
856275028,106,104,77,85,84,99,76,73,100,97,103,85,79,96,103,104,105,101,106,100,102,103,93,102,90,105,99,99,94,13,13,14,13,14
861000240,108,109,98,111,110,118,100,93,119,117,94,119,97,105,114,117,109,119,117,117,119,115,111,119,117,121,121,113,115,25,26,28,26,25
861000570,112,117,100,118,115,114,105,105,113,117,113,117,114,116,123,119,121,117,117,55,70,68,95,65,99,114,93,89,120,22,21,18,18,21
861001179,67,90,40,70,43,44,49,49,70,83,51,75,43,47,50,73,106,107,122,56,55,59,49,55,95,77,80,114,116,125,123,106,124,124
861001605,114,114,100,113,113,111,99,103,116,116,116,113,106,119,116,112,114,113,113,65,77,77,96,62,100,108,96,100,114,20,21,22,24,22
861005479,93,103,46,68,40,53,55,58,65,88,53,63,53,58,59,63,109,99,120,58,54,63,49,56,102,89,68,114,113,123,123,110,125,125
861010264,116,119,117,116,105,120,117,115,102,102,96,88,98,117,115,115,115,116,115,58,63,63,116,60,110,111,99,112,118,21,22,21,22,22
861031432,114,114,119,122,114,122,119,107,103,103,95,95,110,109,108,117,110,119,115,66,67,63,122,63,121,113,117,118,117,28,29,31,24,28
861054050,113,114,115,119,114,116,114,111,111,111,111,111,111,117,115,116,112,119,113,73,78,73,110,70,114,111,120,111,117,19,18,21,20,20
861120274,114,115,116,117,113,115,117,110,110,116,117,114,110,118,112,117,114,114,115,63,58,58,98,55,99,109,91,98,117,21,21,20,18,21
861155897,116,116,120,118,119,120,115,110,118,116,108,110,110,115,120,119,116,116,118,73,76,66,116,70,113,118,110,114,119,28,28,25,28,26
861168880,113,113,99,112,113,117,102,103,117,118,116,107,105,112,119,117,118,117,116,80,95,87,95,80,100,112,116,100,118,23,24,23,21,24
861168886,117,119,116,117,109,119,117,116,111,106,109,107,103,111,116,114,112,109,119,64,70,67,111,65,102,115,99,109,114,21,21,22,21,20
861190053,73,83,53,70,45,53,38,63,62,96,52,61,42,48,51,63,95,98,118,51,48,54,66,45,104,89,90,104,109,121,120,106,118,118
861275049,114,117,107,117,113,118,110,118,121,117,107,113,117,118,121,121,120,105,117,60,67,65,112,60,102,115,99,112,119,25,26,25,28,28
862232000,109,113,111,106,107,112,109,99,109,112,108,93,94,110,113,110,115,109,113,64,58,52,102,56,89,108,116,93,110,18,19,16,19,18
863082240,109,110,90,93,88,100,86,77,107,97,108,80,75,104,103,108,106,104,109,110,110,110,95,111,106,112,104,104,105,17,15,17,18,18
863180930,105,104,123,117,113,121,117,109,106,108,101,106,93,114,110,117,105,115,109,72,55,64,122,47,116,102,106,114,119,22,20,23,19,19
863192123,105,104,118,114,107,120,116,118,109,91,87,86,83,100,103,113,99,102,114,64,63,63,121,61,120,112,110,114,114,18,18,19,19,17
863197445,110,109,89,111,103,104,89,103,113,109,113,112,107,110,106,110,105,108,111,111,114,113,109,111,105,108,114,107,111,17,18,16,19,18
863198710,102,99,112,121,121,115,117,117,121,123,123,123,119,124,116,122,110,105,114,68,72,63,94,69,101,107,102,96,118,20,19,26,23,22
863200145,105,105,94,108,106,102,97,92,115,105,90,116,92,96,109,113,104,115,112,113,115,114,115,115,114,116,116,114,111,19,23,21,22,17
863207439,102,101,91,113,108,106,91,109,116,114,105,116,98,112,108,115,106,108,109,111,113,108,97,109,107,112,111,106,114,22,26,24,19,21
863209818,109,110,91,91,87,107,80,84,107,106,108,103,77,102,105,106,108,103,106,105,108,106,99,108,103,110,108,99,105,16,15,15,18,13
863212219,105,97,78,95,80,97,78,83,111,98,99,103,82,95,103,111,99,99,107,114,115,113,113,112,116,114,118,115,109,21,21,22,24,23
863212491,109,107,75,114,109,106,91,78,114,106,117,104,109,113,109,113,106,106,109,109,112,113,105,114,102,114,110,103,111,18,20,17,20,17
863213991,109,109,103,114,107,106,109,95,113,107,99,113,103,104,114,113,110,113,111,112,112,114,112,113,113,118,116,117,109,19,23,21,23,21
863214026,114,113,89,97,98,107,80,84,113,103,114,103,103,111,112,110,108,104,108,109,113,109,102,111,107,114,109,104,103,23,19,18,20,18
863216158,118,115,100,110,95,108,85,91,116,101,108,105,92,106,110,116,113,106,116,115,119,115,106,117,113,113,116,118,110,19,15,16,19,19
863216267,113,114,82,105,96,114,84,84,110,112,119,115,105,114,107,110,109,111,111,109,111,111,100,113,103,117,113,103,113,19,18,20,18,20
863216325,70,72,35,72,40,42,38,37,74,79,38,63,36,37,34,66,84,85,112,44,44,47,43,33,99,75,71,110,100,117,114,108,118,113
863220380,110,108,88,103,94,95,89,93,113,100,94,108,83,87,98,107,105,107,110,113,116,114,116,114,116,110,119,115,109,14,13,17,15,19
863221671,109,114,112,104,110,119,110,84,117,116,103,107,97,108,112,114,115,113,116,90,88,93,118,83,95,117,117,106,114,18,20,20,19,20
863222492,119,119,113,109,108,114,100,86,113,115,110,99,104,112,116,110,118,107,115,56,63,58,95,55,98,108,98,99,108,21,19,20,21,20
863224158,108,107,98,115,108,105,105,98,121,110,101,124,103,112,118,119,104,121,113,113,116,111,97,119,116,117,117,105,120,19,19,21,18,24
863225859,110,103,86,92,81,91,82,109,111,98,95,104,78,86,99,104,97,102,109,114,115,113,114,113,117,113,117,113,110,22,17,16,18,19
863226045,110,109,93,94,88,108,97,82,114,105,109,95,86,100,112,107,110,107,113,108,112,110,108,114,96,114,104,103,103,16,21,19,22,16
863226652,97,98,83,101,93,91,85,87,111,108,91,112,88,91,96,107,94,97,99,105,110,108,111,102,110,107,113,109,102,18,16,19,18,18
863227535,107,108,83,103,101,106,93,92,117,112,107,113,98,103,117,115,108,104,108,105,114,113,101,105,101,116,114,107,113,21,17,14,16,18
863228010,108,109,98,112,111,110,91,102,117,115,111,117,111,110,117,115,115,116,116,90,96,93,91,91,99,117,107,101,116,18,21,20,21,22
863228082,110,109,86,98,97,100,85,78,107,105,111,109,84,102,107,112,105,103,110,105,111,110,93,110,105,111,110,105,107,17,16,18,14,18
863228505,65,86,32,54,36,31,30,34,71,74,33,77,38,34,39,69,94,78,107,38,33,32,38,36,87,66,71,100,90,109,108,100,111,109
863229348,117,118,81,95,92,111,87,82,108,111,116,112,87,110,112,110,115,113,114,113,114,115,110,109,104,118,114,115,111,20,23,19,22,19
863229880,115,116,83,95,82,103,79,83,108,103,105,99,79,95,113,109,110,108,108,114,114,116,98,117,105,114,116,93,105,19,21,18,18,21
863232639,116,119,110,112,115,115,106,89,110,109,117,99,95,116,118,114,119,116,117,82,100,79,98,88,97,117,113,95,113,17,18,21,19,22
863233493,113,114,83,103,86,108,78,84,107,99,107,104,79,104,109,108,113,108,110,111,112,109,105,111,107,112,109,111,104,18,19,22,21,23
863234824,117,117,117,113,113,119,116,96,110,106,109,95,89,114,113,115,116,109,117,72,58,55,105,67,107,113,113,111,114,18,20,20,17,21
863235173,106,106,95,114,111,107,93,101,115,106,100,114,93,102,116,113,106,113,110,110,119,116,114,111,119,116,114,116,115,20,16,17,20,20
863235410,115,116,116,114,109,119,109,100,109,102,90,88,89,102,110,113,110,113,118,65,65,66,120,62,111,110,106,120,108,19,19,19,18,20
863236764,105,106,99,109,102,102,95,96,111,108,99,113,99,104,105,110,111,109,108,109,110,110,93,108,98,113,112,101,110,16,18,16,13,14
863236792,99,98,106,108,102,116,102,107,114,109,96,115,92,102,102,112,94,108,111,114,116,115,118,114,114,117,115,116,112,22,23,23,21,19
863237424,99,103,97,103,97,101,78,102,108,107,97,108,105,102,107,107,106,102,102,85,100,102,96,89,96,106,99,107,102,16,17,16,18,18
863237841,115,113,87,101,90,111,83,91,110,110,117,111,91,111,112,108,111,107,115,110,112,113,108,112,113,117,114,115,107,18,18,17,19,14
863238227,116,116,98,103,102,106,97,79,110,103,114,85,73,107,112,113,115,113,115,112,114,112,103,115,100,111,89,106,111,17,18,16,18,16
863238743,113,110,114,114,105,113,108,110,102,105,89,87,83,107,111,110,105,106,108,73,74,75,110,70,113,109,101,111,107,19,22,17,23,22
863238744,112,110,92,110,101,117,93,86,116,118,115,113,90,113,116,116,110,115,116,113,116,105,114,115,111,119,111,116,115,21,20,16,22,20
863240311,80,70,41,52,37,36,33,44,76,77,38,66,28,43,44,72,91,82,101,48,42,37,42,45,85,69,72,90,74,104,102,102,105,102
863240359,103,101,87,110,104,104,87,78,105,94,89,111,102,99,110,105,106,104,110,119,115,114,119,112,119,109,116,117,107,21,19,18,18,19
863240638,113,113,108,114,114,112,97,97,116,114,105,115,105,108,114,112,114,111,112,102,111,105,94,105,105,116,108,106,112,19,21,23,20,22
863240709,112,115,105,106,105,111,96,88,106,103,110,106,85,108,107,107,111,113,110,106,112,107,97,111,104,113,109,104,108,17,19,18,19,19
863241236,115,116,112,114,105,115,104,88,111,112,109,89,95,112,118,117,117,114,116,60,58,58,103,59,111,113,109,109,111,17,17,17,20,18
863241496,118,120,113,112,108,117,109,98,110,113,110,108,86,105,118,113,118,114,116,83,90,80,107,82,110,107,93,111,111,21,19,19,21,23
863241602,116,117,112,110,108,113,104,97,116,115,117,106,98,112,117,116,119,117,113,85,83,79,88,80,107,116,98,111,113,20,20,22,21,19
863241671,75,79,38,63,36,35,34,33,77,83,33,73,35,36,44,48,93,75,113,44,47,43,39,43,97,73,50,100,91,118,115,103,119,118
863241775,110,100,85,86,87,90,79,82,112,94,87,111,76,86,93,108,103,100,108,114,113,112,115,112,116,112,115,114,109,21,19,15,16,15
863242280,114,113,108,113,109,116,102,106,114,114,107,113,104,115,111,116,115,114,110,110,114,111,109,109,111,118,119,118,112,18,16,16,19,15
863242380,105,104,97,106,105,105,93,97,115,110,109,114,99,112,105,111,109,111,113,106,113,110,94,109,101,116,114,110,113,20,19,19,19,21
863242444,111,115,114,111,111,117,110,100,112,112,104,100,95,113,114,113,118,111,118,58,59,61,114,55,98,105,100,108,112,17,17,17,17,18
863242835,107,102,76,86,75,73,49,78,111,96,74,109,55,71,97,107,97,94,103,111,110,109,106,108,112,103,110,109,106,23,26,21,25,22
863244915,111,109,77,96,68,81,67,77,110,72,87,102,73,88,89,104,96,95,104,114,114,115,115,112,118,109,116,117,104,18,18,19,20,20
863246055,115,114,98,102,106,106,86,93,109,96,113,99,84,95,113,111,113,107,110,112,110,109,98,112,106,115,106,107,106,18,17,17,20,22
863246688,115,116,84,95,86,109,80,87,109,102,112,101,83,105,114,108,114,111,112,109,111,108,102,112,103,113,105,112,107,18,21,19,17,19
863246863,107,106,97,108,105,102,89,89,110,104,91,104,90,101,103,107,103,107,104,102,107,103,105,98,107,105,103,105,105,14,15,17,16,16
863247124,116,116,94,108,95,101,79,84,114,102,116,104,89,111,111,109,114,111,111,110,113,112,107,115,106,115,109,111,106,18,21,21,20,19
863247228,71,73,47,44,53,41,51,38,72,77,38,89,40,36,45,62,81,83,110,50,42,46,44,46,93,67,70,98,85,109,108,101,111,110
863247819,111,108,81,93,81,95,82,77,113,98,105,118,82,102,102,109,97,103,106,113,114,111,113,115,114,104,112,114,108,20,17,18,16,16
863248342,109,108,75,94,87,86,82,78,113,82,81,98,76,77,94,111,99,97,106,115,115,111,114,113,116,110,112,111,107,20,21,21,21,24
863248712,109,111,112,112,99,112,106,102,102,95,89,82,83,97,106,106,105,103,110,61,61,55,108,56,110,108,107,107,102,18,17,17,16,16
863248808,111,114,87,101,100,105,93,81,111,104,110,106,81,102,111,109,111,105,107,112,113,107,99,112,93,113,106,103,110,16,19,21,20,19
863250954,106,104,77,81,69,95,76,79,110,92,86,104,70,87,101,104,103,104,111,114,116,114,118,114,118,111,111,117,107,19,19,17,21,21
863252059,104,107,89,91,89,102,84,85,112,107,104,109,77,105,103,111,107,110,112,109,113,111,103,108,111,115,114,109,109,17,18,21,20,17
863252064,110,107,99,111,100,111,83,102,112,99,101,112,86,96,105,110,102,108,110,117,116,118,117,114,116,111,117,117,109,19,19,22,19,23
863252162,115,110,119,115,109,118,112,112,107,103,89,89,96,106,105,112,114,108,115,70,72,68,117,69,109,113,104,115,117,15,17,16,13,15
863253157,110,111,96,106,99,108,88,82,111,110,103,108,83,111,114,116,114,109,114,111,113,113,82,112,104,117,114,96,112,18,14,20,17,16
863253354,72,75,37,75,46,38,37,36,72,77,44,67,38,45,47,67,99,93,116,42,44,49,43,47,95,73,77,102,98,116,116,111,119,117
863254262,115,108,93,106,105,94,79,80,119,110,95,122,87,102,110,115,100,97,113,115,116,113,117,114,115,118,114,118,114,21,23,19,21,21
863256853,115,117,113,113,111,115,99,104,115,114,107,111,96,112,116,114,115,114,113,96,112,111,106,90,106,110,115,109,111,18,17,23,23,24
863257470,116,117,104,106,102,114,100,89,106,114,117,88,94,111,112,110,116,113,114,63,72,62,102,61,97,113,91,110,108,19,18,18,19,21
863257946,109,105,77,99,79,95,82,75,106,89,107,97,73,95,101,108,102,106,109,111,111,110,106,110,107,111,109,111,107,16,18,17,20,17
863257980,123,123,116,116,113,118,114,113,118,118,115,109,98,113,122,116,122,116,120,75,75,67,98,73,112,115,109,109,111,20,23,22,22,22
863258575,113,103,85,93,79,92,69,78,105,97,83,108,76,84,99,103,95,109,110,110,112,110,109,109,114,102,114,108,108,19,17,21,17,18
863259868,113,113,108,113,113,119,100,95,117,111,108,118,102,109,114,118,111,115,113,110,112,110,112,110,110,115,114,111,115,18,15,18,17,15
863260779,118,120,114,112,107,113,106,101,112,116,118,104,93,114,119,114,118,114,116,67,66,69,91,64,94,111,100,96,114,17,18,19,19,18
863261298,112,110,85,110,106,102,85,108,115,113,113,115,109,110,107,114,106,104,111,110,110,110,96,107,107,113,116,108,110,21,18,18,16,19
863262881,107,110,96,113,108,102,97,87,115,112,106,115,103,104,112,112,110,109,113,109,114,106,96,110,109,115,115,109,108,23,16,18,19,19
863262956,72,76,32,52,39,45,41,40,43,77,37,71,43,44,41,58,86,78,111,44,41,50,47,44,92,63,73,97,96,113,110,105,115,113
863263824,105,108,106,103,108,109,93,86,115,117,114,113,104,115,110,115,114,110,113,88,93,91,82,87,99,107,101,97,113,18,18,21,20,18
863264309,111,115,106,110,114,113,109,108,117,118,115,119,111,118,119,115,119,117,113,78,77,76,92,64,99,111,93,101,115,22,23,17,21,19
863264697,124,125,124,115,112,121,116,115,114,113,106,108,97,113,122,118,125,122,118,89,88,83,108,93,97,113,109,114,119,18,20,15,22,18
863267920,112,107,90,95,88,106,85,75,109,97,109,95,79,104,105,107,97,98,107,108,114,108,111,112,110,114,106,109,103,19,18,16,10,17
863268611,111,107,75,79,79,90,69,77,109,91,80,110,73,75,87,105,102,107,106,110,110,112,110,107,114,109,113,115,103,18,18,18,15,16
863269278,107,109,103,109,107,108,96,94,110,115,106,109,105,108,113,111,106,104,109,104,115,113,104,106,111,114,117,107,108,20,19,22,16,20
863270670,107,108,102,107,109,110,94,97,113,113,110,109,100,112,111,113,110,110,110,101,104,105,98,98,106,111,105,104,108,17,21,18,16,18
863272569,110,110,111,113,102,110,103,90,102,91,89,86,73,92,114,106,106,104,107,56,52,54,109,51,111,106,88,111,103,17,22,16,14,20
863272781,115,116,110,115,112,113,108,106,114,112,112,107,96,112,118,118,118,117,113,65,70,65,94,68,100,109,100,105,115,21,24,21,22,15
863273906,114,105,94,108,105,103,105,96,112,106,103,108,109,106,107,110,107,98,109,110,113,108,110,112,117,115,114,112,111,20,19,17,20,17
863274000,109,111,112,112,102,109,94,92,109,109,105,101,109,105,114,112,114,109,108,69,75,68,87,72,98,110,93,103,107,15,13,16,15,16
863274559,113,112,105,108,107,106,88,93,111,113,103,110,94,108,112,114,115,102,112,72,86,98,89,82,93,107,93,93,110,16,18,22,19,17
863274915,112,114,81,86,85,99,86,77,108,102,110,94,85,104,108,109,105,104,110,106,112,109,108,111,111,111,108,111,102,16,15,13,17,19
863277427,108,106,81,104,92,102,79,78,112,102,105,97,81,103,106,111,106,105,109,111,110,109,106,109,104,112,106,107,109,21,17,20,18,16
864136553,110,109,123,120,119,123,123,119,108,108,98,97,98,116,109,119,107,118,117,68,71,67,122,66,119,114,113,118,122,24,19,25,22,23
864155630,111,113,118,118,109,119,116,111,112,105,102,97,93,109,110,114,109,116,114,69,72,67,122,68,118,112,109,121,116,24,21,22,24,23
866188567,126,126,125,118,112,126,122,113,111,114,112,90,109,116,117,120,121,111,121,59,67,68,112,60,112,115,95,113,121,21,21,22,23,20
866198705,120,118,92,105,87,114,98,97,118,113,119,113,96,118,119,120,120,119,118,120,121,121,108,117,112,117,123,117,116,21,18,19,18,16
866220710,117,118,119,123,118,125,116,111,122,122,126,119,123,125,118,124,124,126,118,87,87,84,97,84,100,119,89,103,124,13,18,15,15,18
866225859,123,113,79,80,71,97,63,106,120,95,87,112,69,76,101,112,107,113,118,122,121,120,121,119,122,116,123,120,113,18,19,18,15,16
866226456,113,114,118,118,119,119,112,100,124,125,122,122,111,116,120,122,118,115,121,101,103,104,97,97,105,122,113,102,123,14,16,18,19,13
866226807,118,118,111,117,117,120,102,102,120,117,111,122,98,115,118,118,120,110,118,103,113,114,116,107,104,118,117,120,118,21,21,20,21,22
866231913,117,116,100,114,115,112,74,103,120,121,122,120,99,120,120,122,119,120,118,116,121,118,109,115,116,121,121,115,120,19,18,21,20,19
866234505,118,118,120,119,124,118,107,111,121,123,122,122,123,119,123,120,121,120,120,81,82,75,89,66,101,116,111,95,122,18,22,23,22,20
866234579,119,119,125,123,114,125,119,113,115,113,94,100,86,101,118,117,117,116,119,70,83,68,123,73,122,116,108,119,117,18,17,22,19,22
866239342,83,93,36,77,44,36,27,39,70,86,40,76,34,45,44,58,106,97,122,54,40,35,34,38,106,72,72,110,100,124,118,118,124,119
866242596,119,119,91,91,67,93,86,68,112,86,91,113,61,81,107,109,113,113,116,121,120,121,117,117,118,117,117,117,110,18,19,16,18,19
866243169,122,121,125,118,107,126,106,118,111,109,99,94,90,105,116,119,115,120,121,60,62,64,111,58,114,117,91,112,116,18,18,16,15,21
866243830,61,63,37,69,46,37,36,38,74,87,36,89,36,36,33,51,79,70,115,46,33,37,43,35,113,56,61,102,70,120,119,113,118,119
866255205,117,118,100,106,112,113,97,97,125,121,118,124,107,111,112,118,120,118,118,112,121,113,95,108,106,121,115,112,118,19,18,19,17,18
866258601,125,125,105,120,118,113,114,98,124,120,101,126,98,112,120,124,122,123,121,118,122,124,104,114,120,127,124,111,121,17,17,19,19,17
866262580,112,108,95,116,115,109,101,88,122,117,99,121,96,103,115,119,108,116,116,119,122,118,110,117,118,118,112,117,120,16,16,15,19,18
866264432,126,127,118,116,115,120,110,91,115,114,121,107,86,119,125,122,125,124,122,74,88,71,96,78,111,117,109,112,113,18,16,18,15,17
866264862,119,120,115,114,114,122,117,111,122,121,118,113,108,119,122,124,122,118,123,87,101,96,96,83,101,120,105,101,123,23,23,23,20,21
866279015,120,121,109,112,110,118,103,99,122,119,99,114,96,102,123,119,120,119,123,109,116,118,103,110,103,125,122,111,119,21,19,18,16,18
867000488,87,87,44,75,45,55,45,60,69,80,47,64,48,46,45,59,99,108,122,65,59,54,49,51,109,88,126,120,120,124,120,103,128,124
867001668,113,115,88,98,93,106,84,90,120,107,96,115,87,96,116,117,114,123,118,121,122,123,93,121,112,121,122,112,121,23,27,24,28,22
867025924,119,118,98,115,115,118,98,101,120,106,120,108,109,113,112,115,112,120,117,118,121,119,116,117,106,122,118,107,114,28,27,29,27,22
867138956,112,112,94,108,89,102,87,86,114,102,99,121,87,101,103,107,106,124,112,122,123,121,123,124,122,116,124,122,117,26,26,25,24,27
867139869,104,103,113,121,120,113,110,109,121,121,119,119,120,121,112,119,110,117,113,80,78,85,84,78,99,109,103,89,117,22,26,26,24,25
867193082,122,123,101,115,114,118,105,103,119,119,123,121,113,121,121,118,122,118,120,117,119,115,101,118,105,120,119,109,116,27,23,26,24,24
867208135,112,111,116,118,114,118,118,90,117,113,96,116,88,106,117,115,111,116,113,114,119,114,115,111,119,120,121,114,115,28,25,25,27,28
867217870,120,122,107,111,110,117,102,93,119,113,120,118,99,112,113,118,115,120,119,123,122,117,120,118,111,124,117,120,114,21,23,24,27,23
867217940,114,113,88,101,83,98,74,82,111,83,103,112,80,94,111,106,113,115,117,121,119,122,121,118,119,113,121,124,106,21,28,25,24,23
867234060,111,110,116,118,116,119,98,98,122,115,110,116,93,107,120,115,108,119,118,118,121,119,121,117,116,120,121,121,113,28,25,24,22,27
