matchId,ouid,squad_fit_score,n_fit_players,matchResult,division
6a72e3432e08b807bcecec7c,1346d7a65df64366d7e2663f90d69a27,1.1111845216918086,6,패,1800
6a72ecbb31daf95f221a88bd,1346d7a65df64366d7e2663f90d69a27,1.1111845216918086,6,승,1700
6a72f12db332f41378a6f0d9,1346d7a65df64366d7e2663f90d69a27,1.1111845216918088,6,승,1700
6a72f12db332f41378a6f0d9,596b48f11164e472a37f5fa8ad1bffa2,1.0984289812124948,6,패,900
6a72f50e1b8f8aa52b9bc957,1346d7a65df64366d7e2663f90d69a27,1.1111845216918088,6,승,1100
6a72fbc2e9775f5da3ac7078,3247c0f38c9d9a3b7405b8639a2a85ce,1.128721214936714,6,패,800
6a72fbc2e9775f5da3ac7078,1346d7a65df64366d7e2663f90d69a27,1.1111845216918088,6,승,900
6a7300b75c35a7766838496a,1346d7a65df64366d7e2663f90d69a27,1.1111845216918088,6,승,900
6a73034663dd3c753e748324,1346d7a65df64366d7e2663f90d69a27,1.1205334576433978,6,승,900
6a7441977c3730ab747de622,1346d7a65df64366d7e2663f90d69a27,1.1034828114137747,6,패,800
6a7444219b1eaa22dee261b6,1346d7a65df64366d7e2663f90d69a27,1.1151106040984835,6,승,900
6a7448636e08c43b65fe88cd,1346d7a65df64366d7e2663f90d69a27,1.1151106040984835,6,승,800
6a744c2f0f5bc88d207c55e6,dbd92e3af57a94f4df9e711dcd230345,1.1053490437465758,6,승,800
6a744c2f0f5bc88d207c55e6,1346d7a65df64366d7e2663f90d69a27,1.1034828114137747,6,패,800
6a744fde58833405f72888aa,1346d7a65df64366d7e2663f90d69a27,1.1151106040984835,6,승,800
6a744fde58833405f72888aa,a99ebe2ef6e39fb470ba670bd4c26de3,1.111589176015767,6,패,800
6a7453ec03e83644650400c5,1346d7a65df64366d7e2663f90d69a27,1.1151106040984835,6,승,800
6a745698282852de08d69913,1346d7a65df64366d7e2663f90d69a27,1.1151106040984835,6,패,800
6a745698282852de08d69913,2eb2f940a69d3a359ff04d17662a4532,1.1327402751966986,6,승,800
6a74994729c313dafdc37676,1346d7a65df64366d7e2663f90d69a27,1.1151106040984835,6,승,800
6a749efb729542ee0d6c1630,dbd92e3af57a94f4df9e711dcd230345,1.1076069391048473,6,패,800
6a749efb729542ee0d6c1630,1346d7a65df64366d7e2663f90d69a27,1.1151106040984833,6,승,800
6a74a2567205c00ba6e94713,1346d7a65df64366d7e2663f90d69a27,1.1151106040984833,6,승,800
6a74a747df2aa6843e12b9c3,70798108de215d8b194c90da0d75a87c,1.1177404029063724,6,승,800
6a74a747df2aa6843e12b9c3,1346d7a65df64366d7e2663f90d69a27,1.1034828114137747,6,패,800
6a74aa940378a5660866faf5,edcabc4ff82ec1e48100c83ad31eafe6,1.1300117419151607,6,패,800
6a74aa940378a5660866faf5,1346d7a65df64366d7e2663f90d69a27,1.1151106040984835,6,승,800
6a74ad78c1842e22daf82dda,6fbe3816f7848b005f347069c96070a5,1.0917442892106417,6,패,800
6a74ad78c1842e22daf82dda,1346d7a65df64366d7e2663f90d69a27,1.1151106040984833,6,승,800
6a74afc6b55c090be9e1dd0a,8979f68fc7ec9230c47d90f0100badcd,1.1228879629021629,6,패,800
6a74afc6b55c090be9e1dd0a,1346d7a65df64366d7e2663f90d69a27,1.1151106040984833,6,승,800
6a75a3c528fa42ca46a73043,1346d7a65df64366d7e2663f90d69a27,1.1151106040984835,6,승,800
6a75aa9defe3ff01d10f5e77,1346d7a65df64366d7e2663f90d69a27,1.1151106040984835,6,무,1300
6a75af1c3f4bbbbe16de8826,1346d7a65df64366d7e2663f90d69a27,1.115110604098483,6,승,1300
6a76f4fc11bf56d902b7d848,1346d7a65df64366d7e2663f90d69a27,1.1034828114137747,6,패,800
6a76f8c4e3d52e031ce85120,85770c91c0193ca85a64a81995e2b9e4,1.127188097733152,6,승,900
6a76f8c4e3d52e031ce85120,1346d7a65df64366d7e2663f90d69a27,1.1034828114137747,6,패,800
6a771530402d810c6dfe46cc,eac7f378d102d21612ba9dc3059695f8,1.1163290794394283,5,승,800
6a771530402d810c6dfe46cc,1346d7a65df64366d7e2663f90d69a27,1.1034828114137747,6,패,800
6a7718731bce587860e0c1f8,1346d7a65df64366d7e2663f90d69a27,1.1034828114137747,6,패,800
6a778ee686d6c364898dfe99,33a3587fe645be7cc851cccd92783eb8,1.1439063647198469,6,패,2500
6a77a4b37c22af59a9f9bd29,33a3587fe645be7cc851cccd92783eb8,1.1351781419050238,6,패,2500
6a77a76038e63228f4815a00,33a3587fe645be7cc851cccd92783eb8,1.1351781419050238,6,승,2500
6a7855e13f38bbec7b333fa5,33a3587fe645be7cc851cccd92783eb8,1.1439063647198466,6,패,2500
6a7858b14a4a827f92be0176,33a3587fe645be7cc851cccd92783eb8,1.1439063647198469,6,무,2500
6a787e5afebd625a0de7174a,1346d7a65df64366d7e2663f90d69a27,1.1151106040984835,6,승,900
6a7881e377967612e838100c,33a3587fe645be7cc851cccd92783eb8,1.1351781419050238,6,패,2500
6a79a942a888e219203ad1b9,33a3587fe645be7cc851cccd92783eb8,1.146063912624324,6,무,2500
6a79ac2657d3c0c0734dd123,33a3587fe645be7cc851cccd92783eb8,1.1439063647198469,6,승,2500
6a79b3985a36a5620b73cb5e,33a3587fe645be7cc851cccd92783eb8,1.1439063647198469,6,패,2500
6a79b7f57ad2ae3eb9690960,33a3587fe645be7cc851cccd92783eb8,1.1460639126243242,6,승,2500
6a79d6d520b3dff818b5eae7,33a3587fe645be7cc851cccd92783eb8,1.146063912624324,6,승,2500
6a79e112018a3e54a6c9d62f,33a3587fe645be7cc851cccd92783eb8,1.1351781419050238,6,승,2400
6a79e9a54335d695fafe6ac5,33a3587fe645be7cc851cccd92783eb8,1.135178141905024,6,무,2400
6a79ee8e3f8c976be4122bf2,33a3587fe645be7cc851cccd92783eb8,1.1439063647198469,6,패,2400
6a79efc45e41a8a324f391cb,1346d7a65df64366d7e2663f90d69a27,1.0996544491877833,6,승,900
6a79fae4a410593f7e9bdf5e,33a3587fe645be7cc851cccd92783eb8,1.135178141905024,6,패,2400
6a7ac6bba761f509edb2b90c,c3e51479df54a0d6eb0b840eba788b6c,1.1014063740095648,6,승,1300
6a7ac6bba761f509edb2b90c,8406ec89efe0c686a6a49d35381933d5,1.1232943325472056,6,패,800
6a7ad8aa96684c1158253b09,1346d7a65df64366d7e2663f90d69a27,1.0996544491877833,6,승,900
6a7ad8aa96684c1158253b09,08e3b91cd9244dd5369f798d6303e5c6,1.1174134061336958,6,패,800
6a7adbb9f07695a2e2e7cae6,1346d7a65df64366d7e2663f90d69a27,1.1034828114137747,6,패,800
6a7ade7cb679a845e4c04d7a,1346d7a65df64366d7e2663f90d69a27,1.1111845216918086,6,패,900
6a7ade7cb679a845e4c04d7a,b2df117bcaf10dc2f20d55d43f93ee71,1.1382350259288,6,승,800
6a7af6eb20d4f53700cfda33,752f823e171bba144c516086bda3d89a,1.1466323831222545,6,패,1300
6a7af6eb20d4f53700cfda33,1346d7a65df64366d7e2663f90d69a27,1.1111845216918088,6,승,800
6a7b386c62c15a4746fa221a,1346d7a65df64366d7e2663f90d69a27,1.1111845216918088,6,승,800
6a7b386c62c15a4746fa221a,ace652363cc849d864cb08ffeffe4205,1.134800641137861,6,패,800
6a7b3b51bd42299fa5878305,2eb2f940a69d3a359ff04d17662a4532,1.1308699939626214,6,승,800
6a7b3bc913c9538d7c93876f,3247c0f38c9d9a3b7405b8639a2a85ce,1.1413780304654806,6,패,800
6a7b3bc913c9538d7c93876f,1346d7a65df64366d7e2663f90d69a27,1.1111845216918088,6,승,800
6a7b3ee895f6601dabfc972d,cec4995c4b6ded3530ccd59d6a680548,1.0837627333947317,6,패,800
6a7b3ee895f6601dabfc972d,2eb2f940a69d3a359ff04d17662a4532,1.1360373134746984,6,승,800
6a7b40085ba4a92b0a06e374,8dcb71aeef40848562bcf75338f7ff9f,1.12336949377458,6,패,900
6a7b40085ba4a92b0a06e374,1346d7a65df64366d7e2663f90d69a27,1.1111845216918088,6,승,800
6a7b42a2f2b3cfd0455d21a6,daa99f4160bb842dad27847959803941,1.1010449751058469,6,패,800
6a7b42a2f2b3cfd0455d21a6,1346d7a65df64366d7e2663f90d69a27,1.1111845216918088,6,승,800
6a7b462da201b90c38cfdc6b,cec4995c4b6ded3530ccd59d6a680548,1.0934609308166714,6,패,800
6a7b462da201b90c38cfdc6b,1346d7a65df64366d7e2663f90d69a27,1.1111845216918088,6,승,800
6a7b49674ddfd8b2e127dc6e,eac7f378d102d21612ba9dc3059695f8,1.1199669470733002,6,패,800
6a7b49674ddfd8b2e127dc6e,1346d7a65df64366d7e2663f90d69a27,1.1111845216918088,6,승,800
6a7b4fd56a87d96cf76ccfc1,33a3587fe645be7cc851cccd92783eb8,1.1439063647198466,6,승,2400
6a7b547c05274d4bcdd47522,33a3587fe645be7cc851cccd92783eb8,1.1439063647198466,6,패,2400
6a7b56fc4cb5b51a9260ce15,33a3587fe645be7cc851cccd92783eb8,1.146063912624324,6,패,2400
6a7b5b0a336f0f819e8a54e0,33a3587fe645be7cc851cccd92783eb8,1.1439063647198466,6,승,2400
6a7b5dc2bba2e34b49f3d67c,33a3587fe645be7cc851cccd92783eb8,1.146063912624324,6,승,2400
6a7b62f9ffb98b3ebebff7bb,33a3587fe645be7cc851cccd92783eb8,1.1460639126243242,6,승,2400
6a7ba0747db6fa363129332c,3434eb566aee44f0e71d8062f343c1ea,1.1307882071411337,6,승,2500
6a7ba457e86c75951bc9e6a5,3434eb566aee44f0e71d8062f343c1ea,1.127699911154774,6,무,2500
6a7c26cb74fe2e6690c2475d,1346d7a65df64366d7e2663f90d69a27,1.1111845216918088,6,승,800
6a7c26cb74fe2e6690c2475d,08e3b91cd9244dd5369f798d6303e5c6,1.1174134061336958,6,패,800
6a7c2ba905a8e821f926a4d0,1346d7a65df64366d7e2663f90d69a27,1.1111845216918088,6,승,800
6a7c2fbdc9f6785aa6e5fa8f,1346d7a65df64366d7e2663f90d69a27,1.1034828114137747,6,패,800
6a7c62bc20990e8571b7958b,2eb2f940a69d3a359ff04d17662a4532,1.1405377617142838,6,승,1300
6a7c754dd8285ffc0f875156,6ed4a7cf6827afb37dcfb2240c602688,1.097263746488473,6,승,800
6a7c754dd8285ffc0f875156,c3e51479df54a0d6eb0b840eba788b6c,1.1014063740095648,6,패,800
6a7c7f810d92847bef50bd35,c3e51479df54a0d6eb0b840eba788b6c,1.1014063740095648,6,승,800
6a7c7f810d92847bef50bd35,249b2ba0cdf53408f79512c2f2b4ca33,1.1079332097030195,6,패,800
6a7c8908f15aa993e0b69923,c3e51479df54a0d6eb0b840eba788b6c,1.1014063740095648,6,승,800
6a7ca789a2410e391ea9290c,2eb2f940a69d3a359ff04d17662a4532,1.1377131974279269,6,승,1300
6a7cb00b43b1bb7267f9b6c5,2eb2f940a69d3a359ff04d17662a4532,1.1405377617142836,6,승,800
6a7cb981060fa48fe2586492,6fbe3816f7848b005f347069c96070a5,1.0882897494244108,6,패,800
6a7cb981060fa48fe2586492,2eb2f940a69d3a359ff04d17662a4532,1.1366016407635111,6,승,800
6a7d4a8f8ecb806ef8353dad,2eb2f940a69d3a359ff04d17662a4532,1.1405377617142836,6,무,1300
6a7d5c390e8d27e400228df0,c3e51479df54a0d6eb0b840eba788b6c,1.106246089386754,6,패,800
6a7d627f8731e4886949a2b0,c3e51479df54a0d6eb0b840eba788b6c,1.1014063740095648,6,승,800
6a7d627f8731e4886949a2b0,038ed3fcd9df84101597cb4dfdefaa0f,1.125212400478772,6,패,800
6a7d83bfc060f667ba8c0cb4,9ff5f4929e62dac0a346ce9961d70261,1.1177617050479522,6,패,900
6a7d83bfc060f667ba8c0cb4,1346d7a65df64366d7e2663f90d69a27,1.1111845216918086,6,승,800
6a7d865341d1cb64b04a79bb,1346d7a65df64366d7e2663f90d69a27,1.1111845216918086,6,승,800
6a7d8a9e7e6374633af79cf5,39d4db153a75eea75cfd34efeed971c2,1.0849561480812706,6,패,900
6a7d8a9e7e6374633af79cf5,1346d7a65df64366d7e2663f90d69a27,1.1111845216918086,6,승,800
6a7d92ff4ef73c544f88d5b5,c305d74d5466eadc694c352a7c2d96af,1.1561476807440219,6,패,800
6a7d92ff4ef73c544f88d5b5,1346d7a65df64366d7e2663f90d69a27,1.1111845216918086,6,승,800
6a7d9615ed4bf7b381d7b95b,6a536bb407850c946f1383e8b0f99982,1.126123463193909,6,패,800
6a7d9615ed4bf7b381d7b95b,1346d7a65df64366d7e2663f90d69a27,1.1111845216918086,6,승,800
6a7da795773767892d8eea97,6a536bb407850c946f1383e8b0f99982,1.1426292499732755,6,승,800
6a7da795773767892d8eea97,2eb2f940a69d3a359ff04d17662a4532,1.11390736630246,6,패,800
6a7dabd6a270152fdeaad561,2eb2f940a69d3a359ff04d17662a4532,1.0952604757519633,9,패,800
6a7dabd6a270152fdeaad561,cdcab790a58aad2055ca7390ac0f1b5d,1.1391606715481888,6,승,800
6a7db8e31010a763edc834ba,2eb2f940a69d3a359ff04d17662a4532,1.1230814142120285,6,승,800
6a7dc093cc188f8cf2ad3652,c48abe97cbb68fe54e49d5b8da75a8fa,1.1583847538577667,6,패,800
6a7dc093cc188f8cf2ad3652,2eb2f940a69d3a359ff04d17662a4532,1.1405377617142836,6,승,800
6a7ded81e8a9051971d17a34,33a3587fe645be7cc851cccd92783eb8,1.146063912624324,6,무,2400
6a7df04dfce36fedb38e358f,33a3587fe645be7cc851cccd92783eb8,1.1439063647198469,6,패,2400
6a7df2fb7426d857d3890c8f,33a3587fe645be7cc851cccd92783eb8,1.1460639126243242,6,승,2400
6a7df72f71c4a22a77eaea7d,33a3587fe645be7cc851cccd92783eb8,1.1439063647198469,6,무,2400
6a7df9f245cdfa1ae727bf2f,33a3587fe645be7cc851cccd92783eb8,1.1439063647198466,6,패,2400
6a7e921c8616d624c3de1164,b6748b1f7b6a135ed2a232e8ac188ba1,1.137090586279146,6,승,900
6a7e921c8616d624c3de1164,2eb2f940a69d3a359ff04d17662a4532,1.1230814142120285,6,패,1300
6a7e9d8852740b4ed5fe818a,4f3fd3cf2a639bf0002c93993bf125da,1.1238976278656707,6,패,1300
6a7ea33fb4de49405bfa9980,4f3fd3cf2a639bf0002c93993bf125da,1.123897627865671,6,승,1300
6a7ea7c208db5e303bf003b8,4f3fd3cf2a639bf0002c93993bf125da,1.1334315146185945,6,패,1300
6a7ea9997a2461a90d51353f,dbd92e3af57a94f4df9e711dcd230345,1.1230271254020272,6,패,800
6a7ea9997a2461a90d51353f,2eb2f940a69d3a359ff04d17662a4532,1.1230814142120285,6,승,800
6a7ead6ecc257ea79aa89c58,2eb2f940a69d3a359ff04d17662a4532,1.1405377617142838,6,승,800
6a7eada8e7a4f5d6c3059013,4f3fd3cf2a639bf0002c93993bf125da,1.1334315146185945,6,패,1300
6a7eb053068f318514ffa780,4f3fd3cf2a639bf0002c93993bf125da,1.132292889980689,6,승,1300
6a7eb053068f318514ffa780,df3cdfbf6af8066412760fd3c89ce308,1.1235415564118085,6,패,1300
6a7eb13f7dce4b8b42dc434f,bf7aa48910ef14c5866851f455a9d37f,1.13147907809299,6,승,800
6a7eb13f7dce4b8b42dc434f,2eb2f940a69d3a359ff04d17662a4532,1.1405377617142836,6,패,800
6a7eb421d12de35f417a6fe4,4f3fd3cf2a639bf0002c93993bf125da,1.132292889980689,6,승,1300
6a7ec1b25dc40b680586c8ee,2eb2f940a69d3a359ff04d17662a4532,1.1168771060218612,6,승,800
6a7ecacb84fd252a7404bc05,1346d7a65df64366d7e2663f90d69a27,1.1111845216918086,6,무,1300
6a7ecd7293dbbac528999974,1346d7a65df64366d7e2663f90d69a27,1.1111845216918088,6,승,1300
6a7ed00a19a81067a2d41b68,1346d7a65df64366d7e2663f90d69a27,1.1111845216918088,6,승,1300
6a7ed00a19a81067a2d41b68,8e15ac08c307158d4c8bfe7b537e1364,1.1352604689153536,6,패,900
6a7ed3694f42885b13cad263,1346d7a65df64366d7e2663f90d69a27,1.1111845216918088,6,무,1300
6a7ed6804dc916668554e511,1346d7a65df64366d7e2663f90d69a27,1.1034828114137747,6,패,1300
6a7ed91516c39c10f77aebb2,31ceb1bfcb8c17b9fe9e92c98ad0031e,1.1358670653567378,6,패,1300
6a7ed91516c39c10f77aebb2,1346d7a65df64366d7e2663f90d69a27,1.1111845216918088,6,승,1300
6a7edd93032d5c5e5e6450ab,c305d74d5466eadc694c352a7c2d96af,1.1504143041165655,6,승,800
6a7edd93032d5c5e5e6450ab,d83327056d9eb986cabcec68fc276f4f,1.1301030448562182,6,패,800
6a7ee0bba7d7f165ef38b28f,c305d74d5466eadc694c352a7c2d96af,1.1504143041165655,6,승,800
6a7ee4c76e1a8a7c4b25da7f,c305d74d5466eadc694c352a7c2d96af,1.1561476807440219,6,패,800
6a7ee4c76e1a8a7c4b25da7f,68d4d4d58d0c2be4cbfe158d31b975ef,1.0898037946589199,6,승,1300
6a7eeb213f12f110901aa824,2eb2f940a69d3a359ff04d17662a4532,1.1097726076903065,9,패,800
6a7eeb213f12f110901aa824,c145f93540d1eab158e28e3303025982,1.1239768134177746,6,승,800
6a7eede811729c22ade7e63d,2eb2f940a69d3a359ff04d17662a4532,1.1071067389862987,9,패,800
6a7eede811729c22ade7e63d,b2df117bcaf10dc2f20d55d43f93ee71,1.136845522703238,6,승,800
6a7ef6a5f5d4d2819f1fdbbc,2eb2f940a69d3a359ff04d17662a4532,1.1230814142120285,6,승,800
6a7efe82638a902277d0527d,2eb2f940a69d3a359ff04d17662a4532,1.1405377617142836,6,승,800
6a7efe82638a902277d0527d,cdcab790a58aad2055ca7390ac0f1b5d,1.1391606715481888,6,패,1300
6a7f01d07b7bca185f9bc48a,2eb2f940a69d3a359ff04d17662a4532,1.1230814142120285,6,승,800
6a7f02fe9571758491236335,c305d74d5466eadc694c352a7c2d96af,1.1504143041165655,6,승,800
6a7f375f917c1e128cf02c1a,4877f586def5b5ef53b826c131d53c94,1.1027884355329989,6,승,800
6a7f375f917c1e128cf02c1a,2eb2f940a69d3a359ff04d17662a4532,1.120550511748463,6,패,800
6a7f3bdf2da44d3562e1e374,2eb2f940a69d3a359ff04d17662a4532,1.1056790909032586,9,패,800
6a7f3f2d9f7cb4610fe5116e,2eb2f940a69d3a359ff04d17662a4532,1.1230814142120285,6,승,800
6a7f3f2d9f7cb4610fe5116e,d7abae216a3b9abd88046209098b9642,1.1371632791657293,6,패,900
6a7f4431d7c816b37e5ada86,2eb2f940a69d3a359ff04d17662a4532,1.1405377617142838,6,무,800
6a7f4e3cdbe8da17562de5b3,33a3587fe645be7cc851cccd92783eb8,1.146063912624324,6,패,2400
6a7f5235a83ab856a75d8be5,33a3587fe645be7cc851cccd92783eb8,1.1351781419050238,6,패,2400
6a7f55a8367d6da247610c5a,33a3587fe645be7cc851cccd92783eb8,1.1439063647198469,6,패,2400
6a7f60a9c39b045d40fb3e02,bf7aa48910ef14c5866851f455a9d37f,1.13147907809299,6,승,800
6a7f60a9c39b045d40fb3e02,5db861ee4d9dfe7f46c6aba2e1bcf931,1.1292591676911787,6,패,1300
6a7fc317d02b3f6d2a9ae14e,8ff87c0a6f096baf0d572a33683c4e52,1.1574772183292934,5,승,2200
6a7fc64b0f148161fb7d5efa,8ff87c0a6f096baf0d572a33683c4e52,1.1574772183292934,5,패,2100
6a7fc9fb98efca1a565fbf3c,8ff87c0a6f096baf0d572a33683c4e52,1.157216068102545,5,승,2100
6a7fd43abb6dec66131efd57,8ff87c0a6f096baf0d572a33683c4e52,1.157216068102545,5,승,2100
6a7fd848a860cfbe3edcb6d8,8ff87c0a6f096baf0d572a33683c4e52,1.157216068102545,5,무,2100
6a80202b6002d02757cd1429,8979f68fc7ec9230c47d90f0100badcd,1.1093585792188507,6,패,800
6a80202b6002d02757cd1429,1346d7a65df64366d7e2663f90d69a27,1.1111845216918088,6,승,800
6a802bb799005b739175c0b1,c3e51479df54a0d6eb0b840eba788b6c,1.106246089386754,6,패,1300
6a80394289173564faa28158,c305d74d5466eadc694c352a7c2d96af,1.1504143041165655,6,승,800
6a80394289173564faa28158,2eb2f940a69d3a359ff04d17662a4532,1.1405377617142836,6,패,800
6a803d8403490602e9a76988,2eb2f940a69d3a359ff04d17662a4532,1.1405377617142836,6,승,800
6a8051a6ed5077785d6bd9a1,2eb2f940a69d3a359ff04d17662a4532,1.1405377617142838,6,승,1300
6a805379589aaa3847da0a4a,c3e51479df54a0d6eb0b840eba788b6c,1.1014063740095648,6,승,800
6a805379589aaa3847da0a4a,fa45e4eed74a2c455bd3fbb11b19d673,1.1540805886147851,6,패,900
6a8056eedc81c09304576eba,2eb2f940a69d3a359ff04d17662a4532,1.1168771060218612,6,패,800
6a805c01cf2a3772e061db38,c3e51479df54a0d6eb0b840eba788b6c,1.1014063740095648,6,패,800
6a805c01cf2a3772e061db38,79428c08c2530a754d27686cb29abadc,1.1412820918879838,6,승,800
6a805c2bfbb3c4a86ff3c407,01afcd5672e0e2ab5d63a2259445e8e9,1.1348328747907972,6,승,800
6a805c2bfbb3c4a86ff3c407,2eb2f940a69d3a359ff04d17662a4532,1.1302006880456352,6,패,800
6a805f3f64346a399858d8b3,2eb2f940a69d3a359ff04d17662a4532,1.1230814142120285,6,승,800
6a806052802741f0d7a13140,c3e51479df54a0d6eb0b840eba788b6c,1.1014063740095648,6,승,800
6a806398dd2a725f4e420f1f,01afcd5672e0e2ab5d63a2259445e8e9,1.1348328747907974,6,패,800
6a806398dd2a725f4e420f1f,c3e51479df54a0d6eb0b840eba788b6c,1.1014063740095648,6,승,800
6a806755f606c50c5527a2aa,c3e51479df54a0d6eb0b840eba788b6c,1.1012232207284727,6,승,800
6a806dd9c9db983ef7cab5ed,c3e51479df54a0d6eb0b840eba788b6c,1.106246089386754,6,패,800
6a806dd9c9db983ef7cab5ed,08e3b91cd9244dd5369f798d6303e5c6,1.1174134061336956,6,승,800
6a807137f28d833de4667977,08e3b91cd9244dd5369f798d6303e5c6,1.1174134061336958,6,패,800
6a807137f28d833de4667977,2eb2f940a69d3a359ff04d17662a4532,1.0908104001247685,9,승,800
6a8072622650671c3caa225b,c3e51479df54a0d6eb0b840eba788b6c,1.101223220728473,6,승,800
6a8072622650671c3caa225b,9bfca39d908117146364a11db4008d4f,1.088796161265394,6,패,900
6a8075db20acd0abdd801558,3247c0f38c9d9a3b7405b8639a2a85ce,1.133610003804847,6,승,900
6a8075db20acd0abdd801558,2eb2f940a69d3a359ff04d17662a4532,1.1302006880456354,6,패,800
6a807721d976830fcd5e33b8,c3e51479df54a0d6eb0b840eba788b6c,1.1014063740095648,6,승,800
6a807a2c1211cba61d57b749,c3e51479df54a0d6eb0b840eba788b6c,1.1014063740095648,6,승,800
6a807b004890bd56067495fb,b7e177f4eb59d9ca9cab7834a3ca5653,1.1676658451843658,6,승,900
6a807b004890bd56067495fb,2eb2f940a69d3a359ff04d17662a4532,1.1097726076903067,9,패,800
6a807eedac426344cc87612b,2eb2f940a69d3a359ff04d17662a4532,1.1405377617142836,6,승,800
6a8081e126aa38716f41aa8a,2eb2f940a69d3a359ff04d17662a4532,1.1405377617142836,6,승,800
6a8081e126aa38716f41aa8a,972229df86a4a8081e06723890601ad3,1.1444010124405033,6,패,800
6a809605ace83e41bfef426a,33a3587fe645be7cc851cccd92783eb8,1.1439063647198469,6,승,2400
6a8098a8cbb7df6b1e474418,33a3587fe645be7cc851cccd92783eb8,1.1439063647198466,6,승,2400
6a809c2193dbba1726aba753,33a3587fe645be7cc851cccd92783eb8,1.135178141905024,6,패,2400
6a809eb2efbc6b1e2d0d79f8,33a3587fe645be7cc851cccd92783eb8,1.1460639126243242,6,패,2400
6a80a79176ecf176639c2881,33a3587fe645be7cc851cccd92783eb8,1.135178141905024,6,패,2400
6a80aa80bfc145288f849b07,33a3587fe645be7cc851cccd92783eb8,1.1460639126243242,6,승,2400
6a80b536d8cdfa34e0a5e27e,33a3587fe645be7cc851cccd92783eb8,1.1456653020757452,6,승,2400
6a80b8cdfaa12455e5378c2f,33a3587fe645be7cc851cccd92783eb8,1.1393432777789727,6,패,2400
6a80bb8240a5ed1801975db7,33a3587fe645be7cc851cccd92783eb8,1.1456653020757452,6,패,2400
6a80be1da9e83cd236646bcf,33a3587fe645be7cc851cccd92783eb8,1.1456653020757452,6,승,2400
6a81013e8bccd51bbd7ca3fe,8ff87c0a6f096baf0d572a33683c4e52,1.136424398525178,5,무,2100
6a8104deca15b5643a229bbb,8ff87c0a6f096baf0d572a33683c4e52,1.1364243985251783,5,패,2100
6a810816b4c1ec5b9be97813,8ff87c0a6f096baf0d572a33683c4e52,1.136424398525178,5,패,2100
6a810e4d2e03c9428f085f9c,8ff87c0a6f096baf0d572a33683c4e52,1.136424398525178,5,승,2100
6a8111bc342ad2f160ad8e8e,8ff87c0a6f096baf0d572a33683c4e52,1.136424398525178,5,승,2100
6a8116a901cd6c709c65b433,8ff87c0a6f096baf0d572a33683c4e52,1.1271255972864425,4,승,2100
6a811b90658569538e9ae020,8ff87c0a6f096baf0d572a33683c4e52,1.136424398525178,5,승,2100
6a819f2583da5bcd6cc03ccc,33a3587fe645be7cc851cccd92783eb8,1.1377493011655022,6,패,2400
6a81a0e21402d53e2b22fda9,6a536bb407850c946f1383e8b0f99982,1.1461739962139468,6,승,800
6a81a0e21402d53e2b22fda9,bf7aa48910ef14c5866851f455a9d37f,1.1247570339162802,6,패,800
6a81a45ed8c8bf4eb12f05a0,bf7aa48910ef14c5866851f455a9d37f,1.1314790780929902,6,패,800
6a81a45ed8c8bf4eb12f05a0,70798108de215d8b194c90da0d75a87c,1.1091516853492565,6,승,800
6a81a99258e0fb5c0031e8dc,bf7aa48910ef14c5866851f455a9d37f,1.1314790780929902,6,승,800
6a81a99258e0fb5c0031e8dc,01afcd5672e0e2ab5d63a2259445e8e9,1.139025316147213,6,패,800
6a81ac5a1170ce767ac52781,bf7aa48910ef14c5866851f455a9d37f,1.13147907809299,6,승,800
6a81ac5a1170ce767ac52781,752f823e171bba144c516086bda3d89a,1.1397790160583634,6,패,800
6a81afad2359ffd38d5a2076,bf7aa48910ef14c5866851f455a9d37f,1.1314790780929902,6,승,800
6a81b2534dc916fb9d709f7a,bf7aa48910ef14c5866851f455a9d37f,1.1314790780929902,6,패,800
6a81b2534dc916fb9d709f7a,70798108de215d8b194c90da0d75a87c,1.1091516853492565,6,승,800
6a81b65322e41e3d6b391e19,33a3587fe645be7cc851cccd92783eb8,1.133086405989966,6,무,2400
6a81bcbd10eef19fd0db5548,33a3587fe645be7cc851cccd92783eb8,1.1439063647198469,6,승,2400
6a81c0fe2daa77763ab0428e,bf7aa48910ef14c5866851f455a9d37f,1.13147907809299,6,승,800
6a81c0fe2daa77763ab0428e,1346d7a65df64366d7e2663f90d69a27,1.1034828114137747,6,패,800
6a81c3ab27f3ea80ffd0ac60,bf7aa48910ef14c5866851f455a9d37f,1.13147907809299,6,승,800
6a81c3ab27f3ea80ffd0ac60,a9f000a1df20b9740479853a2ee99056,1.1177646722326149,6,패,800
6a81c65b9df19c43cdcd3538,bf7aa48910ef14c5866851f455a9d37f,1.1314790780929902,6,승,800
6a81cab2241a3b57ae9dd189,bf7aa48910ef14c5866851f455a9d37f,1.1314790780929902,6,승,800
6a81cbca7262824c20aa07cb,c3e51479df54a0d6eb0b840eba788b6c,1.106246089386754,6,패,800
6a81cbca7262824c20aa07cb,249b2ba0cdf53408f79512c2f2b4ca33,1.1079332097030195,6,승,800
6a81cdc5a9d795c30575a85b,bf7aa48910ef14c5866851f455a9d37f,1.1314790780929902,6,승,800
6a81cdc5a9d795c30575a85b,01afcd5672e0e2ab5d63a2259445e8e9,1.1348328747907974,6,패,800
6a81d00d5303382f95262b2d,33a3587fe645be7cc851cccd92783eb8,1.132719406113655,6,패,2300
6a81d020bf83e34d40da1f4a,c3e51479df54a0d6eb0b840eba788b6c,1.1014063740095648,6,승,800
6a81d5d77b7a0879ca75483f,6a536bb407850c946f1383e8b0f99982,1.1296682094345798,6,패,800
6a81d5d77b7a0879ca75483f,c3e51479df54a0d6eb0b840eba788b6c,1.1014063740095648,6,승,800
6a81eea93a98ab6c7a2a55eb,2edb12c5e12457a3cca52ff56ceedfa7,1.0808452409822997,6,패,900
6a81eea93a98ab6c7a2a55eb,2eb2f940a69d3a359ff04d17662a4532,1.1201653984157691,6,승,800
6a81fa73810d4c81003b3999,cec4995c4b6ded3530ccd59d6a680548,1.104815690077394,6,무,900
6a81fa73810d4c81003b3999,2eb2f940a69d3a359ff04d17662a4532,1.1302006880456352,6,무,1300
6a81fd980aad80dd3876f4ea,3434eb566aee44f0e71d8062f343c1ea,1.1364394303067724,6,패,2500
6a82006cbd133460f00e1ed1,3434eb566aee44f0e71d8062f343c1ea,1.1371000896294317,6,패,2500
6a821f15e093bd30ed1d4a5d,3434eb566aee44f0e71d8062f343c1ea,1.1432037124844576,6,승,2600
6a822216439df047a340bb70,3434eb566aee44f0e71d8062f343c1ea,1.1331875417373922,6,패,2500
6a822bf0306c1d7d09899562,3434eb566aee44f0e71d8062f343c1ea,1.1377531925573319,6,무,2600
6a822e7e31fdf73d9db7e0fa,3434eb566aee44f0e71d8062f343c1ea,1.146636988512047,6,승,2600
6a8233526638013dfbab7d1f,3434eb566aee44f0e71d8062f343c1ea,1.1408414885436913,6,무,2500
6a8236050021642c23e6adbd,3434eb566aee44f0e71d8062f343c1ea,1.1466369885120469,6,승,2500
6a82571fd063681b05486b74,8ff87c0a6f096baf0d572a33683c4e52,1.136424398525178,5,승,2100
6a825d43893e7108345b26fa,8ff87c0a6f096baf0d572a33683c4e52,1.1364243985251778,5,무,2100
6a82607c8eae23597d5b57f3,8ff87c0a6f096baf0d572a33683c4e52,1.136424398525178,5,승,2100
6a82947cb30fbb59105320ce,8979f68fc7ec9230c47d90f0100badcd,1.1199240041315026,6,승,1300
6a829770734283bdda94bc6e,8979f68fc7ec9230c47d90f0100badcd,1.1199240041315026,6,승,1300
6a829b0af17ed6589e2f64d2,8979f68fc7ec9230c47d90f0100badcd,1.1199240041315026,6,승,1300
6a829feddeb781eb853a6b2f,8979f68fc7ec9230c47d90f0100badcd,1.1199240041315028,6,승,800
6a82c0b1923c5b38fa26ed78,c3e51479df54a0d6eb0b840eba788b6c,1.101406374009565,6,패,800
6a82c4802718222feb48b58b,c3e51479df54a0d6eb0b840eba788b6c,1.1014063740095648,6,승,800
6a82c4802718222feb48b58b,c145f93540d1eab158e28e3303025982,1.1290890443325545,6,패,800
6a82c82c390bcc834b79a25a,c3e51479df54a0d6eb0b840eba788b6c,1.1014063740095648,6,승,800
6a82e0187c32e58cc945d017,bf7aa48910ef14c5866851f455a9d37f,1.13147907809299,6,승,800
6a82e0187c32e58cc945d017,a9f000a1df20b9740479853a2ee99056,1.1431366778323946,6,패,800
6a8311124b931f58a65fd681,33a3587fe645be7cc851cccd92783eb8,1.1498126137546318,6,승,2300
6a8316e3500352a396c1c3af,bf7aa48910ef14c5866851f455a9d37f,1.1314790780929902,6,승,800
6a8316e3500352a396c1c3af,6ed4a7cf6827afb37dcfb2240c602688,1.1246245793913952,6,패,800
6a831b70400c2a865ec4e665,bf7aa48910ef14c5866851f455a9d37f,1.1314790780929902,6,승,800
6a831e0564c6a5019d94174b,8979f68fc7ec9230c47d90f0100badcd,1.1093585792188507,6,패,800
6a831f1fd6ea585526910d8e,bf7aa48910ef14c5866851f455a9d37f,1.13147907809299,6,승,800
6a831f1fd6ea585526910d8e,865503614bd31b4146360d2225a2facd,1.135207537363534,6,패,800
6a8321dafe684ec11509eca2,8979f68fc7ec9230c47d90f0100badcd,1.1199240041315026,6,승,800
6a8321dafe684ec11509eca2,865503614bd31b4146360d2225a2facd,1.135207537363534,6,패,800
6a8322da653c2a01f915fc54,d753011af474cdf73253c6f273c11882,1.1035255770272752,6,승,900
6a8322da653c2a01f915fc54,bf7aa48910ef14c5866851f455a9d37f,1.1314790780929902,6,패,1300
6a832493a57161426eb96030,8979f68fc7ec9230c47d90f0100badcd,1.1199240041315026,6,승,800
6a832493a57161426eb96030,44d2861d6a8ed5e5ad447017386444df,1.1231929927821278,6,패,800
6a832ae43aa946660927814d,865503614bd31b4146360d2225a2facd,1.135207537363534,6,패,800
6a832ae43aa946660927814d,c3e51479df54a0d6eb0b840eba788b6c,1.1014063740095648,6,승,800
6a83b9c127fe102e978ae1d5,58a3b108d57eb3a4ed60f18eb3ca868e,1.131306053187522,6,승,2600
6a83bcec52268adeff0ec6d2,58a3b108d57eb3a4ed60f18eb3ca868e,1.131306053187522,6,무,2500
6a83c1a80fd1e07cea0c1782,58a3b108d57eb3a4ed60f18eb3ca868e,1.1313060531875223,6,패,2500
6a83c47ecbb7df6dbc6275cd,58a3b108d57eb3a4ed60f18eb3ca868e,1.1307829111404928,6,무,2500
6a83c7efd1c18371e4cfc3dc,58a3b108d57eb3a4ed60f18eb3ca868e,1.131306053187522,6,승,2500
6a83cdd65247d5368d8bdceb,8979f68fc7ec9230c47d90f0100badcd,1.1199240041315028,6,승,800
6a83ce910791956500a14a79,58a3b108d57eb3a4ed60f18eb3ca868e,1.131306053187522,6,승,2500
6a83d08261f23cff50b5a0a7,8979f68fc7ec9230c47d90f0100badcd,1.1199240041315028,6,승,800
6a83d08261f23cff50b5a0a7,e1f8215401de8ed6255e55eea89f91c4,1.1087022579094536,6,패,800
6a83dc7bfe53993c62e5e163,8979f68fc7ec9230c47d90f0100badcd,1.1093585792188507,6,패,800
6a83df4d6d021d357962a55f,8979f68fc7ec9230c47d90f0100badcd,1.1093585792188507,6,패,800
6a83e207ef96bf2540185b22,752f823e171bba144c516086bda3d89a,1.1397790160583632,6,패,900
6a83e207ef96bf2540185b22,8979f68fc7ec9230c47d90f0100badcd,1.1199240041315028,6,승,800
6a83e48ee1f9bfd8ea90ad1a,8979f68fc7ec9230c47d90f0100badcd,1.1093585792188507,6,패,800
6a83e705cfd7ef3f68b2730a,48de1d9a3e16381caed687fbfb652806,1.1233895847060815,6,패,900
6a83e705cfd7ef3f68b2730a,c145f93540d1eab158e28e3303025982,1.1239768134177746,6,승,800
6a83e74abf1f122809070b9f,8979f68fc7ec9230c47d90f0100badcd,1.1199240041315028,6,패,800
6a83eab20cbb4089f709b1a3,5889ac88cb81de7b5c95e53b29f197cf,1.1053613869031007,6,승,900
6a83eab20cbb4089f709b1a3,c145f93540d1eab158e28e3303025982,1.1290890443325543,6,패,800
6a83eb080b25783be40e5a25,8979f68fc7ec9230c47d90f0100badcd,1.1199240041315026,6,승,800
6a83eb080b25783be40e5a25,dd4267a3354284818a962d8dd283c338,1.0794945713276791,3,패,900
6a83ed91f0150c12d72d57f0,8979f68fc7ec9230c47d90f0100badcd,1.1199240041315026,6,승,800
6a83eeb7895e3077ddde99ee,c145f93540d1eab158e28e3303025982,1.1239768134177746,6,승,800
6a83f1589d7a7490f1e38d33,8979f68fc7ec9230c47d90f0100badcd,1.1093585792188507,6,패,800
6a83f1589d7a7490f1e38d33,f13f2f743bea9eda727d8c82f36370c4,1.1293877316807521,6,승,800
6a83f20dfc34591dd523a0a8,58a3b108d57eb3a4ed60f18eb3ca868e,1.1313060531875223,6,무,2500
6a83f29cbbcef23cfc52038e,c145f93540d1eab158e28e3303025982,1.1290890443325545,6,패,800
6a83f5ac092cec8df45cccdf,58a3b108d57eb3a4ed60f18eb3ca868e,1.1313060531875223,6,무,2500
6a83f870bf52cb6f9562025c,58a3b108d57eb3a4ed60f18eb3ca868e,1.131306053187522,6,무,2500
6a83fb1a746d2a9bae84941b,c145f93540d1eab158e28e3303025982,1.1290890443325543,6,패,800
6a83fb9a9d6e3d732180c61d,58a3b108d57eb3a4ed60f18eb3ca868e,1.1313060531875223,6,패,2500
6a83fcb60857a2c4c838b65a,8bf198976b441f2c496e1b2014a18b3e,1.1236655838491905,6,무,2200
6a83fe05e87b4647df9e2b07,c145f93540d1eab158e28e3303025982,1.1290890443325545,6,패,800
6a84015dc2d42a2340b6ef52,752f823e171bba144c516086bda3d89a,1.1466323831222542,6,패,900
6a84015dc2d42a2340b6ef52,c145f93540d1eab158e28e3303025982,1.1239768134177746,6,승,800
6a840406976f2c0751383f16,c145f93540d1eab158e28e3303025982,1.1239768134177746,6,승,800
6a840406976f2c0751383f16,07076782f2ff941a58b3b5bd42cf1e7f,1.1492848149158685,6,패,800
6a840695f7d3ab97e31c8084,c145f93540d1eab158e28e3303025982,1.1290890443325545,6,패,800
6a8412d6acebc94d8054f246,bf7aa48910ef14c5866851f455a9d37f,1.1314790780929902,6,승,800
6a8414e7e48ba4c9972a7e7d,58a3b108d57eb3a4ed60f18eb3ca868e,1.131306053187522,6,패,2500
6a8417c92946739058d22c73,58a3b108d57eb3a4ed60f18eb3ca868e,1.131306053187522,6,패,2500
6a841bf417744b0452bbb8aa,58a3b108d57eb3a4ed60f18eb3ca868e,1.1313060531875223,6,패,2500
6a841ecb0f7be471b7721d35,58a3b108d57eb3a4ed60f18eb3ca868e,1.131306053187522,6,승,2600
6a84221690f3a015332edd81,58a3b108d57eb3a4ed60f18eb3ca868e,1.131306053187522,6,승,2500
6a84304349a0434626c16dfe,c145f93540d1eab158e28e3303025982,1.1239768134177746,6,패,800
6a844b409a3d647b19e47b38,58a3b108d57eb3a4ed60f18eb3ca868e,1.131306053187522,6,승,2500
6a844b51dfa4b334790aa3ef,c145f93540d1eab158e28e3303025982,1.1290890443325543,6,패,800
6a844b51dfa4b334790aa3ef,afe3fe8b1d6e483e21600e282305e626,1.1342091314257454,6,승,800
6a844e47fbb3c4786c163240,58a3b108d57eb3a4ed60f18eb3ca868e,1.1313060531875223,6,패,2500
6a8450df8cda19b82ee90d1b,58a3b108d57eb3a4ed60f18eb3ca868e,1.131306053187522,6,패,2500
6a845399b7de147444932bc4,c145f93540d1eab158e28e3303025982,1.1239768134177746,6,승,800
6a845430828d2c6adda8b289,58a3b108d57eb3a4ed60f18eb3ca868e,1.1313060531875223,6,패,2600
6a845794cde4ce50431d0838,9ff5f4929e62dac0a346ce9961d70261,1.1167382613100305,6,패,900
6a845794cde4ce50431d0838,c145f93540d1eab158e28e3303025982,1.1239768134177746,6,승,800
6a8458d7efbc6b2dc52d1745,58a3b108d57eb3a4ed60f18eb3ca868e,1.1313060531875223,6,승,2600
6a845b64ed33321536d0ee9f,58a3b108d57eb3a4ed60f18eb3ca868e,1.1313060531875223,6,패,2600
6a845e95a81933a3d123c82d,58a3b108d57eb3a4ed60f18eb3ca868e,1.1313060531875223,6,패,2600
6a845f2be87b467425a1b3c1,c145f93540d1eab158e28e3303025982,1.1239768134177746,6,패,800
6a8461c22b5c6f2791404274,58a3b108d57eb3a4ed60f18eb3ca868e,1.098677925031583,3,패,2600
6a8462d6ffabbb0af5ff5764,31a20d01827a9c69bcae9d27fc96b315,1.1006362086395154,6,패,800
6a8462d6ffabbb0af5ff5764,c145f93540d1eab158e28e3303025982,1.1239768134177746,6,승,800
6a84648ae0a5c0aa89375f8e,58a3b108d57eb3a4ed60f18eb3ca868e,1.131306053187522,6,승,2600
6a8465ada75ca9791ff47982,bbfe0be20867d708ba3a66bb5ac83b5f,1.078273574596087,6,패,900
6a8465ada75ca9791ff47982,c145f93540d1eab158e28e3303025982,1.1191363146355269,6,승,800
6a846b1d30d94a5ce093be41,c145f93540d1eab158e28e3303025982,1.0974676882092949,9,패,800
6a846b1d30d94a5ce093be41,c5f20fce014f2466bdc61ac8136d4e77,1.1080381972164184,6,승,800
6a846d055875a0a31df82900,58a3b108d57eb3a4ed60f18eb3ca868e,1.1313060531875223,6,승,2600
6a846fb2c022c9cf65c17536,70798108de215d8b194c90da0d75a87c,1.110359011709395,6,패,800
6a846fb2c022c9cf65c17536,c3e51479df54a0d6eb0b840eba788b6c,1.1136703858087496,6,승,800
6a8472a4d6d002a939746925,4a59d8c669a35cc9f4ef766f4d4b321e,1.1023795615575487,6,패,2600
6a8474466a2ac573b4d0143b,58a3b108d57eb3a4ed60f18eb3ca868e,1.131306053187522,6,무,2500
6a847875591b152afe9195ae,4a59d8c669a35cc9f4ef766f4d4b321e,1.0844920814902885,6,패,2600
6a847a2e7df892d33eed9c6f,6ed4a7cf6827afb37dcfb2240c602688,1.1246245793913954,6,승,800
6a847a2e7df892d33eed9c6f,8979f68fc7ec9230c47d90f0100badcd,1.1093585792188507,6,패,800
6a847b37d577c7c3c9829fdf,4a59d8c669a35cc9f4ef766f4d4b321e,1.0713706002616814,6,승,2600
6a847d4d54fb294d4793358d,6a86dc2f1078f3f5cea4fbbe406910a1,1.1456802388013732,6,패,800
6a847d4d54fb294d4793358d,4f3fd3cf2a639bf0002c93993bf125da,1.1226571822885762,6,승,800
6a847e1a2c41c31a1f7d932e,8979f68fc7ec9230c47d90f0100badcd,1.1199240041315026,6,승,800
6a847e7f563b58713bb15e0e,4a59d8c669a35cc9f4ef766f4d4b321e,1.1023795615575487,6,승,2600
6a847ece2b825300144579c7,6fbe3816f7848b005f347069c96070a5,1.1052866696617143,6,승,900
6a84807d69c4dd2aa3b245e1,70798108de215d8b194c90da0d75a87c,1.110359011709395,6,승,800
6a84807d69c4dd2aa3b245e1,4f3fd3cf2a639bf0002c93993bf125da,1.135112238884247,6,패,800
6a8481afe25895468f8afa84,6fbe3816f7848b005f347069c96070a5,1.105286669661714,6,패,900
6a848307035b8785a59f4dbc,4f3fd3cf2a639bf0002c93993bf125da,1.1226571822885762,6,승,800
6a848307035b8785a59f4dbc,08e3b91cd9244dd5369f798d6303e5c6,1.1200264185023237,6,패,800
6a8483492e9b200afc8c400e,58a3b108d57eb3a4ed60f18eb3ca868e,1.1422864650976554,5,패,2500
6a848576b8a84c0331dcf2be,6fbe3816f7848b005f347069c96070a5,1.1052866696617143,6,패,900
6a84861f7599ef352d3594df,58a3b108d57eb3a4ed60f18eb3ca868e,1.1422864650976552,5,패,2500
6a84868af2d515666cbd47ee,4f3fd3cf2a639bf0002c93993bf125da,1.135112238884247,6,패,800
6a8488c4ee040a2a6ff850ef,6fbe3816f7848b005f347069c96070a5,1.1029641979124347,6,승,900
6a84899478652ceea465e60d,58a3b108d57eb3a4ed60f18eb3ca868e,1.1422864650976552,5,패,2600
6a848a71f9eea102fa825512,8bf198976b441f2c496e1b2014a18b3e,1.1236655838491905,6,승,2200
6a848ad1feb8a7c07df782a7,6ed4a7cf6827afb37dcfb2240c602688,1.1246245793913952,6,승,800
6a848ad1feb8a7c07df782a7,4f3fd3cf2a639bf0002c93993bf125da,1.1351122388842467,6,패,800
6a848b5fb9d75532236f0e98,39d4db153a75eea75cfd34efeed971c2,1.0849561480812706,6,패,900
6a848b5fb9d75532236f0e98,6fbe3816f7848b005f347069c96070a5,1.1029641979124347,6,승,900
6a848ce188558b27534242f6,8bf198976b441f2c496e1b2014a18b3e,1.1236655838491905,6,승,2200
6a848d40148d49f9f6665e67,58a3b108d57eb3a4ed60f18eb3ca868e,1.1422864650976554,5,패,2600
6a848dd594e5a881b1518fac,6fbe3816f7848b005f347069c96070a5,1.1029641979124347,6,패,900
6a848e2c513f0e666a49b5a2,4f3fd3cf2a639bf0002c93993bf125da,1.135112238884247,6,패,800
6a848f7167efa9ba8c6e8ab3,8bf198976b441f2c496e1b2014a18b3e,1.1243491470469162,6,패,2200
6a8490b8e99d4d38f1a54fc9,6fbe3816f7848b005f347069c96070a5,1.1029641979124347,6,승,900
6a8490c4603d5ebc8ab66289,58a3b108d57eb3a4ed60f18eb3ca868e,1.1422864650976554,5,패,2600
6a8491be5795617146e89799,70798108de215d8b194c90da0d75a87c,1.110359011709395,6,패,800
6a8491be5795617146e89799,4f3fd3cf2a639bf0002c93993bf125da,1.1332225400375002,6,승,800
6a84935a513f0e606349d645,fb9acbc7b4843ade8708a86dd5f22166,1.1318526825139676,6,승,800
6a84938c93dbbab512cd90df,6fbe3816f7848b005f347069c96070a5,1.1029641979124347,6,승,900
6a849496fe8d5e1da0e23a0a,58a3b108d57eb3a4ed60f18eb3ca868e,1.1361849299832225,5,패,2600
6a8496844ed1e4362b9e5379,6fbe3816f7848b005f347069c96070a5,1.1029641979124347,6,승,900
6a8496f7a623ae02c922c62f,4f3fd3cf2a639bf0002c93993bf125da,1.135112238884247,6,패,800
6a8496f7a623ae02c922c62f,fb9acbc7b4843ade8708a86dd5f22166,1.1318526825139676,6,승,800
6a84993cbf52e0ffa638646a,4a59d8c669a35cc9f4ef766f4d4b321e,1.1127842836933353,6,패,2500
6a849992caa92b3cef149796,58a3b108d57eb3a4ed60f18eb3ca868e,1.1344333562318718,5,패,2600
6a849b83634c4c6cd9d8b211,6ed4a7cf6827afb37dcfb2240c602688,1.1246245793913954,6,승,800
6a849b83634c4c6cd9d8b211,4f3fd3cf2a639bf0002c93993bf125da,1.1127843739072378,6,패,800
6a849d610a6e5ec11bdf2ae6,58a3b108d57eb3a4ed60f18eb3ca868e,1.134433356231872,5,패,2600
6a849f1dcf1953c076c6e63d,6a536bb407850c946f1383e8b0f99982,1.1461739962139463,6,승,800
6a849f1dcf1953c076c6e63d,4f3fd3cf2a639bf0002c93993bf125da,1.1127843739072378,6,패,800
6a84a07f35eed23d5c0b8a12,58a3b108d57eb3a4ed60f18eb3ca868e,1.134433356231872,5,패,2600
6a84a3f5cbef5410d5a2b22b,4a59d8c669a35cc9f4ef766f4d4b321e,1.1010262839146014,6,패,2600
6a84a9efa1943c31c05e99f0,58a3b108d57eb3a4ed60f18eb3ca868e,1.134433356231872,5,패,2600
6a84acc05dbe1a73eaa6d028,58a3b108d57eb3a4ed60f18eb3ca868e,1.134433356231872,5,패,2600
6a84b00fc597b2f114e2d52c,58a3b108d57eb3a4ed60f18eb3ca868e,1.1344333562318718,5,무,2600
6a84b2e97335cf5049758eca,3434eb566aee44f0e71d8062f343c1ea,1.1444382591473665,6,패,2500
6a84b5863d863ee67a9e4ef4,3434eb566aee44f0e71d8062f343c1ea,1.1399916968415238,6,승,2500
6a84c5ac006f944cfe04b145,3434eb566aee44f0e71d8062f343c1ea,1.1443901744998897,6,승,2500
6a84c85a390bcc41d088a729,3434eb566aee44f0e71d8062f343c1ea,1.144750278703636,6,승,2500
6a84cb5922480d409952d43b,58a3b108d57eb3a4ed60f18eb3ca868e,1.1190416454943792,6,무,2600
6a84ce78cb682b3321723af2,58a3b108d57eb3a4ed60f18eb3ca868e,1.1190416454943795,6,승,2600
6a84cf65d803403c1cbecc7b,3434eb566aee44f0e71d8062f343c1ea,1.144750278703636,6,패,2400
6a84d1424bc91c6b5ec0ea2c,58a3b108d57eb3a4ed60f18eb3ca868e,1.1190416454943792,6,패,2500
6a84d5423e48b78187f46327,58a3b108d57eb3a4ed60f18eb3ca868e,1.1190416454943792,6,패,2500
6a84dbad51d4dffc53eec46d,58a3b108d57eb3a4ed60f18eb3ca868e,1.1190416454943792,6,승,2500
6a84e31a2a7ab7d64086d32e,58a3b108d57eb3a4ed60f18eb3ca868e,1.1190416454943792,6,승,2500
6a84e67673d69bdc80c146f3,58a3b108d57eb3a4ed60f18eb3ca868e,1.1190416454943795,6,패,2500
6a8529ba13548371249b3956,c145f93540d1eab158e28e3303025982,1.1239768134177746,6,승,800
6a852cec830478269dca444c,c145f93540d1eab158e28e3303025982,1.1290890443325543,6,패,800
6a8530d14b69ff0ffc8e74f3,c145f93540d1eab158e28e3303025982,1.1290890443325545,6,패,800
6a8534312e7eb5b1aa3775f1,c145f93540d1eab158e28e3303025982,1.1239768134177746,6,승,800
6a85370a2b966f3465f8b0aa,c145f93540d1eab158e28e3303025982,1.1290890443325543,6,패,800
6a853ee5a81baad2b915ce92,2a761d25aff27002db4fcccdcdc84e62,1.1247476428809364,6,승,800
6a853ee5a81baad2b915ce92,c145f93540d1eab158e28e3303025982,1.1290890443325545,6,패,800
6a85427a6616f7b9829d1f3b,c145f93540d1eab158e28e3303025982,1.1239768134177746,6,승,900
6a85427a6616f7b9829d1f3b,9bfca39d908117146364a11db4008d4f,1.085915431335365,6,패,900
6a8544c6d64541617ef29dc0,8979f68fc7ec9230c47d90f0100badcd,1.1199240041315028,6,승,800
6a854731da43aa66069a99c3,8979f68fc7ec9230c47d90f0100badcd,1.1199240041315026,6,승,800
6a854731da43aa66069a99c3,31ceb1bfcb8c17b9fe9e92c98ad0031e,1.135867065356738,6,패,800
6a8549e55f417406d14a8ba4,2a761d25aff27002db4fcccdcdc84e62,1.1247476428809364,6,패,800
6a8549e55f417406d14a8ba4,8979f68fc7ec9230c47d90f0100badcd,1.1199240041315028,6,승,800
6a854d4a3ff0848003f1cb19,6ed4a7cf6827afb37dcfb2240c602688,1.1246245793913952,6,패,800
6a854d4a3ff0848003f1cb19,8979f68fc7ec9230c47d90f0100badcd,1.1199240041315026,6,승,800
6a855038ec00515b9d0b49aa,8979f68fc7ec9230c47d90f0100badcd,1.1093585792188507,6,패,800
6a8559f77fd37ab750b9fb59,c145f93540d1eab158e28e3303025982,1.1239768134177746,6,승,800
6a8559f77fd37ab750b9fb59,c5f20fce014f2466bdc61ac8136d4e77,1.1190202755679908,6,패,900
6a8561265f41741e054b419b,2a761d25aff27002db4fcccdcdc84e62,1.1247476428809364,6,패,800
6a8561265f41741e054b419b,fb9acbc7b4843ade8708a86dd5f22166,1.1318526825139676,6,승,800
6a8567b5dc0580ea0f77330b,2eb2f940a69d3a359ff04d17662a4532,1.1302006880456352,6,승,1300
6a856b2a9d356c542a46ef80,2eb2f940a69d3a359ff04d17662a4532,1.1302006880456354,6,승,1300
6a856e63090efcbbd3d91f36,70798108de215d8b194c90da0d75a87c,1.110359011709395,6,승,800
6a856e63090efcbbd3d91f36,c145f93540d1eab158e28e3303025982,1.1239768134177746,6,패,800
6a856f9f2e1811a879268a69,c3e51479df54a0d6eb0b840eba788b6c,1.1266856629303865,6,패,1300
6a857034167d1bdd19502f8b,c305d74d5466eadc694c352a7c2d96af,1.1444594460450108,6,승,800
6a857034167d1bdd19502f8b,6a536bb407850c946f1383e8b0f99982,1.1437478522441367,6,패,800
6a8583c30c26cd2003f22684,ebc08cdfda1bcfcaace1a6d698524783,1.1129349140679154,6,패,2200
6a8585e0b57d4e9f27d3c89f,c305d74d5466eadc694c352a7c2d96af,1.1443982907468653,6,승,800
6a8586d19470140ff33fc392,c145f93540d1eab158e28e3303025982,1.1239768134177746,6,승,900
6a85885e124f197826425cd3,c3e51479df54a0d6eb0b840eba788b6c,1.1266856629303863,6,무,1300
6a8598fda7b9ad0db372c416,bf7aa48910ef14c5866851f455a9d37f,1.1314790780929902,6,패,800
6a8598fda7b9ad0db372c416,79261904b91d0a0ba2d699ebafdaeaf3,1.1237529397896964,5,승,900
6a859ac0cdd0766d8525934c,4a59d8c669a35cc9f4ef766f4d4b321e,1.1093121193616893,6,패,2600
6a859c18a54b972161d2e3f0,bf7aa48910ef14c5866851f455a9d37f,1.1314790780929902,6,승,800
6a859eb702cdb8d200e912c0,4a59d8c669a35cc9f4ef766f4d4b321e,1.1093121193616893,6,승,2600
6a859ff0de4c547340ffabc6,6fbe3816f7848b005f347069c96070a5,1.0980349607629918,6,승,900
6a85a09ed92471f1eadcb82c,bf7aa48910ef14c5866851f455a9d37f,1.13147907809299,6,패,800
6a85a09ed92471f1eadcb82c,cdcab790a58aad2055ca7390ac0f1b5d,1.1382478796479927,6,승,800
6a85a1892f7afe029473e684,c305d74d5466eadc694c352a7c2d96af,1.1443982907468653,6,승,800
6a85a1892f7afe029473e684,70798108de215d8b194c90da0d75a87c,1.110359011709395,6,패,800
6a85a25d1170ce9be9e3d1bc,6fbe3816f7848b005f347069c96070a5,1.0980349607629918,6,승,900
6a85a336044bdc3842080274,4a59d8c669a35cc9f4ef766f4d4b321e,1.1093121193616893,6,승,2600
6a85a34154f9750eca13e849,c3e51479df54a0d6eb0b840eba788b6c,1.1136703858087496,6,승,1300
6a85a383e9ced41c56fed59d,c145f93540d1eab158e28e3303025982,1.1239768134177746,6,승,800
6a85a6008dd9911efa98a0ad,c3e51479df54a0d6eb0b840eba788b6c,1.1136703858087496,6,승,1300
6a85a65bf7a4d0a0f6575184,6ed4a7cf6827afb37dcfb2240c602688,1.1246245793913954,6,패,800
6a85a65bf7a4d0a0f6575184,c145f93540d1eab158e28e3303025982,1.119136314635527,6,승,800
6a85a70757400c3dc6579fec,4a59d8c669a35cc9f4ef766f4d4b321e,1.1093121193616893,6,승,2500
6a85a790448e73b5c74bbdde,bf7aa48910ef14c5866851f455a9d37f,1.1314790780929902,6,승,800
6a85a790448e73b5c74bbdde,70798108de215d8b194c90da0d75a87c,1.110359011709395,6,패,800
6a85a7d372c7fa6000c36ea9,3247c0f38c9d9a3b7405b8639a2a85ce,1.1413780304654806,6,패,900
6a85a7d372c7fa6000c36ea9,6fbe3816f7848b005f347069c96070a5,1.0980349607629916,6,승,900
6a85a8071d80b405c483432c,c305d74d5466eadc694c352a7c2d96af,1.1529813990916453,6,패,1300
6a85a899fc34593aea302f56,c3e51479df54a0d6eb0b840eba788b6c,1.1136703858087496,6,승,1300
6a85a92198c7d73365a6587b,eca7a466af056f0bef92d79720d6c813,1.129944399374699,6,승,800
6a85a92198c7d73365a6587b,c145f93540d1eab158e28e3303025982,1.1290890443325543,6,패,800
6a85aa27ad43ef167cd794f0,6a536bb407850c946f1383e8b0f99982,1.1437478522441367,6,패,800
6a85aa27ad43ef167cd794f0,bf7aa48910ef14c5866851f455a9d37f,1.1314790780929902,6,승,800
6a85aa7979240cde52807787,6fbe3816f7848b005f347069c96070a5,1.0980349607629916,6,패,800
6a85aa7979240cde52807787,5db861ee4d9dfe7f46c6aba2e1bcf931,1.1171348763084563,6,승,900
6a85ab3401c87c5933cb9d2f,c305d74d5466eadc694c352a7c2d96af,1.1443982907468653,6,승,800
6a85ab3401c87c5933cb9d2f,5889ac88cb81de7b5c95e53b29f197cf,1.1053613869031007,6,패,900
6a85ac1d05f79e567f08dca9,4a59d8c669a35cc9f4ef766f4d4b321e,1.1093121193616893,6,무,2500
6a85ac725d7cf6132832052a,c145f93540d1eab158e28e3303025982,1.100547228868118,6,패,800
6a85acaa5f2e6ea53965b861,bf7aa48910ef14c5866851f455a9d37f,1.13147907809299,6,패,800
6a85acaa5f2e6ea53965b861,6ed4a7cf6827afb37dcfb2240c602688,1.119939553195979,6,승,800
6a85aef2de38d2d1ce406780,6fbe3816f7848b005f347069c96070a5,1.0980349607629918,6,패,800
6a85af7cd750f03a8dfcd3c6,c145f93540d1eab158e28e3303025982,1.1191363146355273,6,패,800
6a85af7cd750f03a8dfcd3c6,ace652363cc849d864cb08ffeffe4205,1.134800641137861,6,승,900
6a85b082e7703b9d0e20acf9,bf7aa48910ef14c5866851f455a9d37f,1.1314790780929902,6,승,800
6a85b2a9ee621b3d72ce80fe,6ed4a7cf6827afb37dcfb2240c602688,1.0988558911205415,6,패,800
6a85b2a9ee621b3d72ce80fe,6fbe3816f7848b005f347069c96070a5,1.0980349607629916,6,승,900
6a85b366a3b08a0d46d29923,5889ac88cb81de7b5c95e53b29f197cf,1.1053613869031007,6,승,900
6a85b366a3b08a0d46d29923,c145f93540d1eab158e28e3303025982,1.1290890443325543,6,패,900
6a85b4d464cc88bd3fc6951f,3247c0f38c9d9a3b7405b8639a2a85ce,1.1298443332253585,6,승,900
6a85b4d464cc88bd3fc6951f,bf7aa48910ef14c5866851f455a9d37f,1.1247570339162802,6,패,800
6a85b61fb3dd22647ea8742a,6fbe3816f7848b005f347069c96070a5,1.0980349607629916,6,패,800
6a85b61fb3dd22647ea8742a,5889ac88cb81de7b5c95e53b29f197cf,1.1053613869031007,6,승,900
6a85b6ba31c3f9ba3346db18,c305d74d5466eadc694c352a7c2d96af,1.1443982907468653,6,패,1300
6a85b883f9b5fe433f33a5a2,6fbe3816f7848b005f347069c96070a5,1.0980349607629916,6,승,900
6a85b883f9b5fe433f33a5a2,c145f93540d1eab158e28e3303025982,1.1290890443325547,6,패,900
6a85bbc0e6c5c708f37bf116,6ed4a7cf6827afb37dcfb2240c602688,1.1214140130958483,6,승,800
6a85bbc0e6c5c708f37bf116,c145f93540d1eab158e28e3303025982,1.1290890443325545,6,패,900
6a85bc208d32be03cd2b9b32,6a536bb407850c946f1383e8b0f99982,1.1437478522441367,6,패,800
6a85bc208d32be03cd2b9b32,6fbe3816f7848b005f347069c96070a5,1.0980349607629916,6,승,800
6a85bd4f22480d14a9597c51,c305d74d5466eadc694c352a7c2d96af,1.1443982907468653,6,승,1300
6a85bfd178f7f5fcbfd108a6,c305d74d5466eadc694c352a7c2d96af,1.1443982907468653,6,승,1300
6a85d0adc2d42a9e81c4aea6,4a59d8c669a35cc9f4ef766f4d4b321e,1.1093121193616893,6,승,2500
6a85dc02a75ca98237fec959,ebc08cdfda1bcfcaace1a6d698524783,1.112934914067915,6,패,2200
6a85de9a2e181107932ad978,6ed4a7cf6827afb37dcfb2240c602688,1.1214140130958483,6,패,800
6a85de9a2e181107932ad978,fb9acbc7b4843ade8708a86dd5f22166,1.1318526825139676,6,승,800
6a85dec4c290ed02fdbb7a7b,ebc08cdfda1bcfcaace1a6d698524783,1.112934914067915,6,승,2300
6a85e1f8c5d4d18ddc6e5e20,ebc08cdfda1bcfcaace1a6d698524783,1.112934914067915,6,무,2200
6a85e4a38b9e9a3f34bb73ac,ebc08cdfda1bcfcaace1a6d698524783,1.112934914067915,6,패,2200
6a85e4a91d1b751d44fdeee9,33a3587fe645be7cc851cccd92783eb8,1.1439063647198469,6,무,2300
6a86a8e96c249e599c8c6f43,2eb2f940a69d3a359ff04d17662a4532,1.1405377617142838,6,승,1100
6a86a9beed0f877e3c825c7b,c305d74d5466eadc694c352a7c2d96af,1.1529813990916453,6,패,1100
6a86aeae6933a731d58fd9c6,c305d74d5466eadc694c352a7c2d96af,1.1443982907468653,6,승,1100
6a86ba513d2cca1690148b0e,c305d74d5466eadc694c352a7c2d96af,1.1443982907468655,6,승,1100
6a86bb6627ed479efc23a25d,58a3b108d57eb3a4ed60f18eb3ca868e,1.1173088105060438,6,승,2500
6a86bd2e745035608e5022d2,c305d74d5466eadc694c352a7c2d96af,1.1443982907468653,6,승,1100
6a86be9e7704285c8b28061a,58a3b108d57eb3a4ed60f18eb3ca868e,1.1173088105060438,6,무,2500
6a86c045b2ad47417d1a28fd,c305d74d5466eadc694c352a7c2d96af,1.1443982907468655,6,승,800
6a86c045b2ad47417d1a28fd,d7abae216a3b9abd88046209098b9642,1.1371632791657293,6,패,1100
6a86c71a43c81a05b6e96295,2eb2f940a69d3a359ff04d17662a4532,1.1405377617142838,6,승,1100
6a86c903ef53777da5aca5ad,c305d74d5466eadc694c352a7c2d96af,1.150409147832496,6,승,800
6a86c9d2cd1f2d2198e7351a,2eb2f940a69d3a359ff04d17662a4532,1.1405377617142836,6,승,1100
6a86ec1c0bf5f1bf9f2d9644,4a59d8c669a35cc9f4ef766f4d4b321e,1.1093121193616893,6,패,2500
6a86ef63c0c8202a294c08a1,c305d74d5466eadc694c352a7c2d96af,1.150409147832496,6,승,800
6a86ef63c0c8202a294c08a1,6ed4a7cf6827afb37dcfb2240c602688,1.121414013095848,6,패,800
6a86f4735fb19e465f24cb23,58a3b108d57eb3a4ed60f18eb3ca868e,1.1173088105060438,6,승,2500
6a86fb5ead992c8fa459684d,58a3b108d57eb3a4ed60f18eb3ca868e,1.1173088105060438,6,패,2400
6a8701e63b92b83a14ac26b8,58a3b108d57eb3a4ed60f18eb3ca868e,1.1173088105060438,6,승,2400
6a870928aa1642fe8fdcd615,58a3b108d57eb3a4ed60f18eb3ca868e,1.1173088105060438,6,무,2400
6a870cf1f8abdccfc348d81b,58a3b108d57eb3a4ed60f18eb3ca868e,1.1173088105060438,6,패,2400
6a870ea4163089d5abc0f54a,4a59d8c669a35cc9f4ef766f4d4b321e,1.1020418777770196,6,패,2500
6a870fa4b0e73b49133c34db,58a3b108d57eb3a4ed60f18eb3ca868e,1.1173088105060436,6,패,2400
6a871d9cf6a6de1a91162873,6fbe3816f7848b005f347069c96070a5,1.0980349607629916,6,승,1100
6a871e99c2281b59abbe4113,fb9acbc7b4843ade8708a86dd5f22166,1.1318526825139676,6,승,1300
6a87220273e0317c3d2f5d40,6a536bb407850c946f1383e8b0f99982,1.1453939511062627,6,승,1300
6a872668e63152de54594179,58a3b108d57eb3a4ed60f18eb3ca868e,1.1173088105060438,6,패,2400
6a87267aadd08575f4da109c,6fbe3816f7848b005f347069c96070a5,1.0980349607629916,6,승,1100
6a872917e0c365b1bafc91f4,6fbe3816f7848b005f347069c96070a5,1.0980349607629916,6,승,1100
6a872bb9147dc03b6ad6be8a,6fbe3816f7848b005f347069c96070a5,1.091451070190348,6,승,1100
6a8730d65444ea105792ee72,6fbe3816f7848b005f347069c96070a5,1.0980349607629916,6,승,1300
6a87323c217df8a8347d36f9,fb9acbc7b4843ade8708a86dd5f22166,1.1318526825139676,6,승,1300
6a873311bada6e0f10ffe1cd,ebc08cdfda1bcfcaace1a6d698524783,1.112934914067915,6,승,2300
6a87339578350783ed9cc50a,6fbe3816f7848b005f347069c96070a5,1.0980349607629916,6,승,1300
6a8737316715be243491e968,6fbe3816f7848b005f347069c96070a5,1.0980349607629913,6,승,1300
6a8739872498d75f2efcc107,33a3587fe645be7cc851cccd92783eb8,1.1158038506554744,6,승,2300
6a8739de10969f636679e974,ebc08cdfda1bcfcaace1a6d698524783,1.112934914067915,6,승,2300
6a873cc957fa2557e2591f2e,33a3587fe645be7cc851cccd92783eb8,1.1351781419050238,6,승,2300
6a873d32c16da93e9ef241d1,ebc08cdfda1bcfcaace1a6d698524783,1.112934914067915,6,패,2200
6a873f62ccea296b59d84636,33a3587fe645be7cc851cccd92783eb8,1.1439063647198469,6,패,2300
6a873fe00517751886d4afad,ebc08cdfda1bcfcaace1a6d698524783,1.1129349140679152,6,승,2300
6a8741f77240c249ee132e8a,33a3587fe645be7cc851cccd92783eb8,1.146063912624324,6,패,2300
6a8744d70b2411f7e45aabd4,33a3587fe645be7cc851cccd92783eb8,1.1351781419050238,6,패,2300
6a8748dba40c2726f9393934,fb9acbc7b4843ade8708a86dd5f22166,1.1318526825139676,6,승,1100
6a8748e7489916606d513474,33a3587fe645be7cc851cccd92783eb8,1.1351781419050238,6,패,2300
6a874c0123930ea0477102e5,33a3587fe645be7cc851cccd92783eb8,1.1460639126243242,6,패,2400
6a874e0787ff3ffcaa30dd8b,fb9acbc7b4843ade8708a86dd5f22166,1.1318526825139676,6,승,1100
6a87536ce48e9363822dbe01,fb9acbc7b4843ade8708a86dd5f22166,1.1318526825139676,6,승,800
6a877129489cee5dbc7f06f4,fb9acbc7b4843ade8708a86dd5f22166,1.1318526825139676,6,승,800
6a87c1f47367393b74318dcf,fb9acbc7b4843ade8708a86dd5f22166,1.1318526825139676,6,승,800
6a87cd41710897308e6640e2,c145f93540d1eab158e28e3303025982,1.1189219670117747,6,승,1300
6a87cfc6c77d28135b8b6ad4,c145f93540d1eab158e28e3303025982,1.1189219670117747,6,승,1300
6a87d456809f2f43fd87fc9f,c145f93540d1eab158e28e3303025982,1.1189219670117745,6,무,1300
6a87d6ef8eb37d5da906f5b8,c145f93540d1eab158e28e3303025982,1.1189219670117747,6,승,1300
6a87d997919e44da6f25fffe,c145f93540d1eab158e28e3303025982,1.1290890443325543,6,패,1300
6a87d997919e44da6f25fffe,5b544cdb2cf24da4076751bdec549e31,1.1123805976527037,6,승,1300
6a87dceed027996add9d18ce,c145f93540d1eab158e28e3303025982,1.1189219670117745,6,승,1300
6a87e2cb412cefb8f18838b2,c145f93540d1eab158e28e3303025982,1.1189219670117747,6,승,1300
6a87e6a00db4d2e9ebe91a6c,c145f93540d1eab158e28e3303025982,1.1290890443325545,6,패,1300
6a87e7eb733adb48c22c5a7b,4f3fd3cf2a639bf0002c93993bf125da,1.129891745799376,6,승,1300
6a87eaed18bb76c37f9ad988,4f3fd3cf2a639bf0002c93993bf125da,1.129891745799376,6,승,1300
6a87ed90d1556a59061dbc98,8bf198976b441f2c496e1b2014a18b3e,1.1236655838491905,6,승,2200
6a87fa73805f4e6c0c28053e,c3e51479df54a0d6eb0b840eba788b6c,1.1136703858087496,6,승,1300
6a87feb12ac5b44bd9d22f69,c3e51479df54a0d6eb0b840eba788b6c,1.11367038580875,6,승,1300
6a8807be7ccf91e5ab14ae8a,c305d74d5466eadc694c352a7c2d96af,1.150409147832496,6,승,800
6a8813b2733adb75322ddfd2,c305d74d5466eadc694c352a7c2d96af,1.150409147832496,6,승,800
6a881cedde12b321c267ce44,c305d74d5466eadc694c352a7c2d96af,1.150409147832496,6,승,1300
6a881ff85b6f24d9068358ae,c305d74d5466eadc694c352a7c2d96af,1.150409147832496,6,승,1300
6a8822619390af130457d3d4,c3e51479df54a0d6eb0b840eba788b6c,1.1134872325276577,6,승,1300
6a8824ab21a12f60b08bf63e,c145f93540d1eab158e28e3303025982,1.1189219670117745,6,승,1300
6a88260453d4a16b483ccb9a,c3e51479df54a0d6eb0b840eba788b6c,1.1136703858087496,6,승,1300
6a88279cfa8ca961b28b1332,c305d74d5466eadc694c352a7c2d96af,1.150409147832496,6,승,1300
6a8828152943db03b3af207f,c145f93540d1eab158e28e3303025982,1.1189219670117747,6,승,1300
6a882a6319b39d8431f642e9,c305d74d5466eadc694c352a7c2d96af,1.150409147832496,6,승,1300
6a882a9d015a30bbc9704a74,eac7f378d102d21612ba9dc3059695f8,1.1156049543206692,6,패,1100
6a882d5a4825519b10ed7a34,c305d74d5466eadc694c352a7c2d96af,1.150409147832496,6,승,1300
6a88318a76b0521d03ba2010,c305d74d5466eadc694c352a7c2d96af,1.150409147832496,6,승,1300
6a883316cac867f17e9dfe9a,c145f93540d1eab158e28e3303025982,1.1189219670117745,6,승,1100
6a88332d32b49f317be9f660,865503614bd31b4146360d2225a2facd,1.1415838275172396,6,승,1300
6a8834b7852f7d1178adab26,c3e51479df54a0d6eb0b840eba788b6c,1.1136703858087496,6,승,1300
6a8835dd4049cc199b3ed245,c145f93540d1eab158e28e3303025982,1.1189219670117747,6,승,1100
6a8835ef8bf4192858de693a,865503614bd31b4146360d2225a2facd,1.1415838275172396,6,승,1300
6a88386ed899521b22f5885f,c3e51479df54a0d6eb0b840eba788b6c,1.1136703858087496,6,승,1300
6a88389b0d94d416791186c7,865503614bd31b4146360d2225a2facd,1.1415838275172396,6,승,1300
6a8838d72d3b920904064f3e,c145f93540d1eab158e28e3303025982,1.1189219670117745,6,무,1100
6a883aff08293b762b4ddd94,c3e51479df54a0d6eb0b840eba788b6c,1.1136703858087496,6,승,1300
6a883b64a38bf747cc4add0c,c145f93540d1eab158e28e3303025982,1.1189219670117747,6,승,1100
6a883dcb8f84745964efb185,c145f93540d1eab158e28e3303025982,1.1189219670117747,6,승,1100
6a883ddf057aa37fc3d7b664,c3e51479df54a0d6eb0b840eba788b6c,1.1136703858087496,6,승,1300
6a883e333cc56b862df78b8d,6fbe3816f7848b005f347069c96070a5,1.0914510701903477,6,패,900
6a8840c1f93ffdc23011bca3,c145f93540d1eab158e28e3303025982,1.1189219670117745,6,승,1100
6a8840d9a53c0b92eff676e0,c3e51479df54a0d6eb0b840eba788b6c,1.1136703858087496,6,승,1300
6a8842726d97786a3b10b167,6fbe3816f7848b005f347069c96070a5,1.091451070190348,6,승,900
6a88434ffb4a6653ed81af5e,d753011af474cdf73253c6f273c11882,1.1246202745317555,6,패,1300
6a88434ffb4a6653ed81af5e,c3e51479df54a0d6eb0b840eba788b6c,1.1136703858087496,6,승,1300
6a88436a4049cc85953f6b8c,e99433352621f14bec2fac17c8d57d79,1.0808395382974232,6,승,800
6a88436a4049cc85953f6b8c,c145f93540d1eab158e28e3303025982,1.1290890443325543,6,패,900
6a8844a9512b85706af26419,3247c0f38c9d9a3b7405b8639a2a85ce,1.1298443332253585,6,패,1300
6a8844a9512b85706af26419,c305d74d5466eadc694c352a7c2d96af,1.150409147832496,6,승,1300
6a8844f89856dc245ccc80e2,4a59d8c669a35cc9f4ef766f4d4b321e,1.1159563152596708,6,승,2500
6a8845bda3fcc0618c952a2b,9809482bbb0eea976febf4516f5c828a,1.0973232976821947,6,패,800
6a8845bda3fcc0618c952a2b,6fbe3816f7848b005f347069c96070a5,1.0980349607629916,6,승,900
6a8845de02b1bf42ad633843,865503614bd31b4146360d2225a2facd,1.1415838275172396,6,패,1300
6a8845de02b1bf42ad633843,c3e51479df54a0d6eb0b840eba788b6c,1.1136703858087496,6,승,1300
6a88465d8840c1caeeb6cd06,c145f93540d1eab158e28e3303025982,1.1189219670117747,6,승,1100
6a88486f2ef5e8548df33c6e,6fbe3816f7848b005f347069c96070a5,1.0980349607629913,6,승,800
6a8848b1e348405f055b4a9e,865503614bd31b4146360d2225a2facd,1.1415838275172396,6,승,1300
6a884904323ab6a9c950ac05,c145f93540d1eab158e28e3303025982,1.1189219670117747,6,승,900
6a8849560f77d3df2c7a7cba,c3e51479df54a0d6eb0b840eba788b6c,1.1266856629303863,6,패,1300
6a884aa9f4471d4f3f1cbc37,4a59d8c669a35cc9f4ef766f4d4b321e,1.1159563152596708,6,승,2500
6a884acd90d90b7d0f849436,c305d74d5466eadc694c352a7c2d96af,1.150409147832496,6,승,1300
6a884b8428ff79abd9c3efe9,865503614bd31b4146360d2225a2facd,1.1415838275172396,6,승,1300
6a884bed62c25aa482332c82,6fbe3816f7848b005f347069c96070a5,1.0980349607629916,6,승,1300
6a884c788f1e4e30e6604aff,c145f93540d1eab158e28e3303025982,1.097467688209295,9,패,900
6a884c788f1e4e30e6604aff,0a253aa42a18f96f48d8de06254b5e67,1.145457595601532,6,승,900
6a884c9791c4bc6e31473589,c3e51479df54a0d6eb0b840eba788b6c,1.1136703858087496,6,승,1300
6a884dafb0cd3f17390eaa7c,c305d74d5466eadc694c352a7c2d96af,1.150409147832496,6,승,1300
6a884f15186e067629dece5d,4a59d8c669a35cc9f4ef766f4d4b321e,1.1159563152596708,6,무,2500
6a884f1afeffa646cd5031c6,865503614bd31b4146360d2225a2facd,1.1415838275172396,6,승,1300
6a884f2f74ef7832aad5c911,c3e51479df54a0d6eb0b840eba788b6c,1.1136703858087496,6,승,1300
6a884fa34c4a741503330221,c145f93540d1eab158e28e3303025982,1.1290890443325545,6,패,900
6a884fa34c4a741503330221,afe3fe8b1d6e483e21600e282305e626,1.1342091314257454,6,승,900
6a8850a6f45c6c74ca64e75b,c305d74d5466eadc694c352a7c2d96af,1.150409147832496,6,승,1300
6a8851274e1396fb181c377e,6fbe3816f7848b005f347069c96070a5,1.0980349607629916,6,승,800
6a885143f75caa3952ab0bce,6a536bb407850c946f1383e8b0f99982,1.1453939511062627,6,승,1300
6a8852219af357a7c477118d,c3e51479df54a0d6eb0b840eba788b6c,1.1136703858087496,6,승,1300
6a8853f25085e90f2590b14e,6a536bb407850c946f1383e8b0f99982,1.1437478522441367,6,패,1300
6a8856c69d93940c9f1e6b50,4a59d8c669a35cc9f4ef766f4d4b321e,1.1159563152596708,6,패,2500
6a8858ba82e915c07c3aefa8,c3e51479df54a0d6eb0b840eba788b6c,1.1136703858087496,6,승,1300
6a8859457f94e96eda36f862,6a536bb407850c946f1383e8b0f99982,1.1453939511062627,6,승,1300
6a885b8f5ef60eafebc2aeac,c3e51479df54a0d6eb0b840eba788b6c,1.1136703858087496,6,승,1300
6a885cfa9d93943fcc1eb686,6a536bb407850c946f1383e8b0f99982,1.1453939511062627,6,승,1300
6a8869fd7bbdea5536ec2075,58a3b108d57eb3a4ed60f18eb3ca868e,1.147651217444772,6,승,2400
6a886a279626921620ad6b71,865503614bd31b4146360d2225a2facd,1.1415838275172396,6,승,800
6a886ccba1bec7ff9401c44d,58a3b108d57eb3a4ed60f18eb3ca868e,1.1476512174447715,6,패,2400
6a887c90047a1aaf8d3398e6,4a59d8c669a35cc9f4ef766f4d4b321e,1.118335747936255,6,승,2500
6a8886a306584ca6a16ba3ce,33a3587fe645be7cc851cccd92783eb8,1.1351781419050238,6,패,2400
6a88899f35e69f757bf60863,33a3587fe645be7cc851cccd92783eb8,1.1351781419050238,6,승,2400
6a888c67d5f7726a6d5e69f6,33a3587fe645be7cc851cccd92783eb8,1.1351781419050238,6,패,2400
6a8890603f912275e0d05109,33a3587fe645be7cc851cccd92783eb8,1.1351781419050238,6,승,2400
6a889c53d0501e7ef7107369,33a3587fe645be7cc851cccd92783eb8,1.1351781419050238,6,패,2400
6a88f7fd99edcd6d91d82ae0,8ff87c0a6f096baf0d572a33683c4e52,1.136424398525178,5,승,2000
6a88fb47c2b40a0bcfcf841b,8ff87c0a6f096baf0d572a33683c4e52,1.1364243985251778,5,패,2000
6a88fe9db541a4d0c4d17d73,8ff87c0a6f096baf0d572a33683c4e52,1.136424398525178,5,무,2000
6a8904b3240a6f62033ed825,8ff87c0a6f096baf0d572a33683c4e52,1.136424398525178,5,패,2000
6a890983fb4a66261a87b691,8ff87c0a6f096baf0d572a33683c4e52,1.1364243985251778,5,승,2000
6a8909e6038d737b42119e12,fb9acbc7b4843ade8708a86dd5f22166,1.1318526825139676,6,승,800
6a890cae220e5d46dc8986df,8ff87c0a6f096baf0d572a33683c4e52,1.1364243985251778,5,무,2000
6a891c72b70e4a25cdb6767b,fb9acbc7b4843ade8708a86dd5f22166,1.1318526825139676,6,승,1300
6a891f6b9e9bbb13f879bbed,fb9acbc7b4843ade8708a86dd5f22166,1.1273831363148492,6,무,1300
6a892591444edcaf11ec6860,fb9acbc7b4843ade8708a86dd5f22166,1.1318526825139676,6,승,1300
6a8928d09aebc30aa7d41d24,c145f93540d1eab158e28e3303025982,1.1189219670117745,6,승,1100
6a892bc7b34adb66a0d6d89a,865503614bd31b4146360d2225a2facd,1.1415838275172396,6,승,800
6a892e4a9c762e8d35513bb6,865503614bd31b4146360d2225a2facd,1.1415838275172396,6,승,800
6a89334c6f3db75192a383a6,b8f996af9ea90e2c3c82f09a2cc8dc76,1.1357648272213936,6,패,1300
6a893804ee62171286add41d,4f3fd3cf2a639bf0002c93993bf125da,1.1326987361480476,6,승,1300
6a89387f3fb78a3e1bd1eb9a,fb9acbc7b4843ade8708a86dd5f22166,1.1273831363148492,6,패,1300
6a8938e5bd2c731037a50455,c145f93540d1eab158e28e3303025982,1.1189219670117747,6,승,900
6a8946486d3d895595266e54,fb9acbc7b4843ade8708a86dd5f22166,1.1318526825139676,6,승,1300
6a89478b811f51042a5fc3fa,c305d74d5466eadc694c352a7c2d96af,1.150409147832496,6,승,1300
6a89478b811f51042a5fc3fa,01afcd5672e0e2ab5d63a2259445e8e9,1.1212703463129585,6,패,1300
6a8947b49005796ee11d4d11,4f3fd3cf2a639bf0002c93993bf125da,1.1212635752065168,6,승,1300
6a8947b49005796ee11d4d11,df3cdfbf6af8066412760fd3c89ce308,1.131676745741121,6,패,1300
6a8949332fad63429377bb8c,fb9acbc7b4843ade8708a86dd5f22166,1.1318526825139676,6,패,1300
6a8949332fad63429377bb8c,d7abae216a3b9abd88046209098b9642,1.1430712735181412,6,승,1300
6a89519c8dc40b574b2eac07,c305d74d5466eadc694c352a7c2d96af,1.150409147832496,6,승,800
6a89519c8dc40b574b2eac07,fb9acbc7b4843ade8708a86dd5f22166,1.1273831363148492,6,패,800
6a895333442f1d8d1f235570,c145f93540d1eab158e28e3303025982,1.1189219670117747,6,승,900
6a8961875085e93b9f99903a,c305d74d5466eadc694c352a7c2d96af,1.150409147832496,6,승,800
6a8962049f9ab86de5357cfd,6ed4a7cf6827afb37dcfb2240c602688,1.1315180277269363,6,패,800
6a8962049f9ab86de5357cfd,fb9acbc7b4843ade8708a86dd5f22166,1.1318526825139676,6,승,800
6a8969e8ada299e63d2d805a,fb9acbc7b4843ade8708a86dd5f22166,1.1318526825139676,6,승,1300
6a896c8591867e10d5aabdef,fb9acbc7b4843ade8708a86dd5f22166,1.1318526825139676,6,승,1300
6a897073b0e37e49dac209b0,6ed4a7cf6827afb37dcfb2240c602688,1.1315180277269363,6,패,800
6a897073b0e37e49dac209b0,865503614bd31b4146360d2225a2facd,1.1415838275172396,6,승,800
6a8984c9d82a796ab4e67bde,865503614bd31b4146360d2225a2facd,1.1415838275172396,6,패,1300
6a898814b158ec4fcea31a82,865503614bd31b4146360d2225a2facd,1.1415838275172396,6,승,1300
6a89888a36bbe7c65647d019,cdcab790a58aad2055ca7390ac0f1b5d,1.13628535205793,6,승,1100
6a898ace840d9857c71b318d,09c673f32b5e7e8235bed9bb9bca2168,1.147894718951107,7,패,1300
6a898ace840d9857c71b318d,865503614bd31b4146360d2225a2facd,1.1415838275172396,6,승,1300
6a898b19c2656805a4d36c2d,4f3fd3cf2a639bf0002c93993bf125da,1.142724334894399,6,승,1300
6a898e90820bfb1d67f8852f,6fbe3816f7848b005f347069c96070a5,1.0980349607629918,6,승,1300
6a898f1e7ab3df56fde24613,c145f93540d1eab158e28e3303025982,1.1189219670117747,6,승,900
6a898f2bd852f9423f48254a,865503614bd31b4146360d2225a2facd,1.1415838275172396,6,승,1300
6a899105e0b6825e0d66685d,6fbe3816f7848b005f347069c96070a5,1.0980349607629916,6,승,1300
6a899376eda4216a6de0f84b,865503614bd31b4146360d2225a2facd,1.1415838275172396,6,승,1300
6a899376eda4216a6de0f84b,b7e177f4eb59d9ca9cab7834a3ca5653,1.1701017267100164,6,패,1300
6a89955d49cdf9064b55dadd,4f3fd3cf2a639bf0002c93993bf125da,1.1433578061713687,6,승,1300
6a8997037deb8dd84ce89d82,6fbe3816f7848b005f347069c96070a5,1.0980349607629918,6,승,1300
6a8997037deb8dd84ce89d82,b7e177f4eb59d9ca9cab7834a3ca5653,1.1701017267100167,6,패,1300
6a899b429b89d91a3a054aec,6fbe3816f7848b005f347069c96070a5,1.0980349607629918,6,패,800
6a899c3885ca8e1df9972fb3,6a536bb407850c946f1383e8b0f99982,1.1453939511062627,6,승,1300
6a899c3885ca8e1df9972fb3,c145f93540d1eab158e28e3303025982,1.1189219670117747,6,패,1300
6a899ee690a198e780c57289,c145f93540d1eab158e28e3303025982,1.1290890443325543,6,패,1300
6a89a10b2baa40c0985e7c28,6fbe3816f7848b005f347069c96070a5,1.0980349607629916,6,승,800
6a89a1ecedba0bf6a879ba65,6a536bb407850c946f1383e8b0f99982,1.1453939511062627,6,승,1300
6a89a26b59c99661e4fe04bf,c145f93540d1eab158e28e3303025982,1.1189219670117747,6,승,1300
6a89a64718d12e037c22791c,6a536bb407850c946f1383e8b0f99982,1.1453939511062627,6,승,1300
6a89a67fa569de657d707eab,c145f93540d1eab158e28e3303025982,1.1189219670117747,6,승,1300
6a89a6f3885a4c6973a5720f,8979f68fc7ec9230c47d90f0100badcd,1.1199240041315028,6,승,1300
6a89a7f879c5bad6992e7d94,b7e177f4eb59d9ca9cab7834a3ca5653,1.1701017267100167,6,승,1300
6a89a9341dfa020e875440b6,6fbe3816f7848b005f347069c96070a5,1.0980349607629916,6,승,800
6a89a9edd7a5b06c33ef6f51,c145f93540d1eab158e28e3303025982,1.1189219670117747,6,승,1300
6a89aafcf659f42b236175fe,b7e177f4eb59d9ca9cab7834a3ca5653,1.1701017267100167,6,승,1300
6a89ac5576285133ad60e217,6a536bb407850c946f1383e8b0f99982,1.1453939511062627,6,승,1300
6a89adcefb5d05ce7e779af8,c145f93540d1eab158e28e3303025982,1.1189219670117745,6,승,1300
6a89addf3e8a07a31455e041,6fbe3816f7848b005f347069c96070a5,1.0980349607629916,6,승,800
6a89aeccdbc29a1c96c204b0,6a536bb407850c946f1383e8b0f99982,1.1437478522441364,6,패,1300
6a89aeccdbc29a1c96c204b0,1108c86f12ac641cc297ce60671cd0aa,1.1237570326075925,6,승,1300
6a89aed176ee80f9290571cc,b8f996af9ea90e2c3c82f09a2cc8dc76,1.1337767494419222,6,승,1300
6a89aed176ee80f9290571cc,b7e177f4eb59d9ca9cab7834a3ca5653,1.1701017267100167,6,패,1300
6a89b092fa9d6b412b7cd2b4,c145f93540d1eab158e28e3303025982,1.1290890443325547,6,패,1300
6a89b26f01de49b611606ece,b7e177f4eb59d9ca9cab7834a3ca5653,1.1701017267100164,6,패,1300
6a89b2f4361978db1fcf52d5,9ff5f4929e62dac0a346ce9961d70261,1.1167382613100305,6,패,1300
6a89b2f4361978db1fcf52d5,c145f93540d1eab158e28e3303025982,1.1189219670117747,6,승,1300
6a89b518feffa6ac405ce184,b7e177f4eb59d9ca9cab7834a3ca5653,1.1701017267100164,6,승,1300
6a89bacf147dc08a91eba734,fb9acbc7b4843ade8708a86dd5f22166,1.1273831363148492,6,패,1300
6a89bb84d888c406ec2881d8,cdcab790a58aad2055ca7390ac0f1b5d,1.1362853520579301,6,승,1100
6a89be50b199c86cc6309a42,fb9acbc7b4843ade8708a86dd5f22166,1.1273831363148492,6,패,1300
6a89c247d02e3afc1546ec59,4f3fd3cf2a639bf0002c93993bf125da,1.1542907944046326,6,승,1300
6a89c41e34adc0877d7a8486,58a3b108d57eb3a4ed60f18eb3ca868e,1.147651217444772,6,패,2400
6a89c4f8b2715f367d996a59,cdcab790a58aad2055ca7390ac0f1b5d,1.1362853520579297,6,승,1100
6a89c5458187dbeef037d939,4f3fd3cf2a639bf0002c93993bf125da,1.1542907944046323,6,승,1300
6a89c6b86586eb307bdde3b9,58a3b108d57eb3a4ed60f18eb3ca868e,1.147651217444772,6,승,2400
6a89c875adf1622502332677,4f3fd3cf2a639bf0002c93993bf125da,1.1542907944046323,6,승,1300
6a89c8dde407c5921b91841a,cdcab790a58aad2055ca7390ac0f1b5d,1.1427173919655014,6,패,1100
6a89ca5505bf651bc1d56dc0,6a536bb407850c946f1383e8b0f99982,1.1453939511062627,6,승,1100
6a89cc8f03a3e94f74eb145a,c145f93540d1eab158e28e3303025982,1.1189219670117747,6,승,1300
6a89ce3d354373db812baab8,4f3fd3cf2a639bf0002c93993bf125da,1.1542907944046326,6,승,1300
6a89ce3d354373db812baab8,ace652363cc849d864cb08ffeffe4205,1.1214487467809748,6,패,1300
6a89cf600920772c8137fff5,c145f93540d1eab158e28e3303025982,1.12109536650908,6,패,1300
6a89cfaaa04c6676317a7254,33a3587fe645be7cc851cccd92783eb8,1.1460639126243242,6,패,2400
6a89d08147fe951f4ac73301,ebc08cdfda1bcfcaace1a6d698524783,1.1129349140679152,6,승,2200
6a89d12877d5e8854882922c,4f3fd3cf2a639bf0002c93993bf125da,1.1542907944046326,6,승,1300
6a89d21aacc84a7944b245ee,9ff5f4929e62dac0a346ce9961d70261,1.1167382613100303,6,패,1300
6a89d21aacc84a7944b245ee,c145f93540d1eab158e28e3303025982,1.1189219670117747,6,승,1300
6a89d23d30b12d39ad151bf4,33a3587fe645be7cc851cccd92783eb8,1.1439063647198469,6,패,2400
6a89d3a1fba2377c4316d6fc,8979f68fc7ec9230c47d90f0100badcd,1.1199240041315026,6,승,1300
6a89d4053aaf5ab5d8bcca71,b7e177f4eb59d9ca9cab7834a3ca5653,1.1701017267100167,6,승,1300
6a89d4679be16a29fc0086c4,ebc08cdfda1bcfcaace1a6d698524783,1.1129349140679152,6,패,2200
6a89d5207df9d15b28756688,33a3587fe645be7cc851cccd92783eb8,1.1460639126243242,6,승,2400
6a89d524b4b1bb60496f61a1,6a536bb407850c946f1383e8b0f99982,1.145393951106263,6,승,1100
6a89d5449347230a081e5f2d,c145f93540d1eab158e28e3303025982,1.1239768134177746,6,승,1300
6a89d65a4e349a79d24377e6,8979f68fc7ec9230c47d90f0100badcd,1.1199240041315026,6,승,1300
6a89d6f2cceeed1674ddc557,b7e177f4eb59d9ca9cab7834a3ca5653,1.1701017267100167,6,승,1300
6a89d79cc4e2faa76352411b,ebc08cdfda1bcfcaace1a6d698524783,1.112934914067915,6,승,2200
6a89d897c9bfdbbdad0bd5e6,33a3587fe645be7cc851cccd92783eb8,1.146063912624324,6,승,2400
6a89d98a3de99453f9b7b70b,b7e177f4eb59d9ca9cab7834a3ca5653,1.1701017267100167,6,패,1300
6a89d98a3de99453f9b7b70b,c145f93540d1eab158e28e3303025982,1.1290890443325545,6,승,1300
6a89da8b9732a8e294e670c7,ebc08cdfda1bcfcaace1a6d698524783,1.112934914067915,6,무,2200
6a89dc3c4443e758eb4e7aab,b7e177f4eb59d9ca9cab7834a3ca5653,1.1701017267100164,6,패,1300
6a89dc3c4443e758eb4e7aab,8e15ac08c307158d4c8bfe7b537e1364,1.1236484027432603,6,승,1300
6a89dc72232c5f909b19f88e,c145f93540d1eab158e28e3303025982,1.1239768134177746,6,승,1300
6a89dd009331a16a941b04ed,33a3587fe645be7cc851cccd92783eb8,1.1351781419050238,6,패,2400
6a89dd51a8bcf6411a54e3cc,ebc08cdfda1bcfcaace1a6d698524783,1.112934914067915,6,패,2200
6a89de95f72e95e2abfab857,fb9acbc7b4843ade8708a86dd5f22166,1.1318526825139676,6,승,1300
6a89dee1b7cc4b60c0a88a67,b7e177f4eb59d9ca9cab7834a3ca5653,1.1701017267100167,6,승,1300
6a89df32847cd95a93e6d2d1,c145f93540d1eab158e28e3303025982,1.1239768134177746,6,승,1300
6a89e0a412c79c0d6f73afe9,ebc08cdfda1bcfcaace1a6d698524783,1.112934914067915,6,무,2200
6a89e0cf18fbf085b9a794eb,8979f68fc7ec9230c47d90f0100badcd,1.1199240041315026,6,승,1300
6a89e17435d4c84f017297d5,fb9acbc7b4843ade8708a86dd5f22166,1.1318526825139676,6,승,1300
6a89e1c740a6801026af3bce,c145f93540d1eab158e28e3303025982,1.1189219670117747,6,승,1300
6a89e3ff83776e3e309defbb,ebc08cdfda1bcfcaace1a6d698524783,1.112934914067915,6,승,2200
6a89e4482f58a8da93fda5f9,8979f68fc7ec9230c47d90f0100badcd,1.1199240041315028,6,승,1300
6a89e65bf42fc90d21513229,fb9acbc7b4843ade8708a86dd5f22166,1.1318526825139676,6,승,800
6a89e898bea2ae90be702090,b7e177f4eb59d9ca9cab7834a3ca5653,1.1701017267100167,6,승,1300
6a89ea970c9eeef2f1bb2f10,fb9acbc7b4843ade8708a86dd5f22166,1.1318526825139676,6,승,800
6a89eb29244ae1f2a57520ac,b7e177f4eb59d9ca9cab7834a3ca5653,1.1701017267100167,6,무,1300
6a89f1effce20b67b56fa8dd,fb9acbc7b4843ade8708a86dd5f22166,1.1318526825139676,6,승,800
6a8a1989f7688e41a8af365c,ebc08cdfda1bcfcaace1a6d698524783,1.112934914067915,6,패,2200
6a8a1c64d42adf20a73e16a2,ebc08cdfda1bcfcaace1a6d698524783,1.112934914067915,6,패,2200
6a8a202dd5f77213e66b49ab,ebc08cdfda1bcfcaace1a6d698524783,1.112934914067915,6,승,2200
6a8a22f147fe9587a7c903fd,ebc08cdfda1bcfcaace1a6d698524783,1.112934914067915,6,패,2200
6a8a5dfa726e8cc68582b768,8bf198976b441f2c496e1b2014a18b3e,1.1310982599619936,6,승,2200
6a8a61703669779923e83d75,8bf198976b441f2c496e1b2014a18b3e,1.1310982599619932,6,승,2200
6a8a643f9e53d163c9b5327b,8bf198976b441f2c496e1b2014a18b3e,1.114798018768786,6,무,2200
6a8a646b9cd96f2c89b683be,cdcab790a58aad2055ca7390ac0f1b5d,1.13628535205793,6,승,900
6a8a6770734b0b660c0d3b43,8bf198976b441f2c496e1b2014a18b3e,1.1319807973444307,6,무,2200
6a8a68e6da308b5f3b2cbde7,cdcab790a58aad2055ca7390ac0f1b5d,1.1427173919655014,6,패,900
6a8a693c1821d33ad251c065,8ff87c0a6f096baf0d572a33683c4e52,1.1572160681025452,5,패,2000
6a8a6a303ec71a1ad10f923e,8bf198976b441f2c496e1b2014a18b3e,1.1207016792586,6,승,2200
6a8a6beb3f9f3c60b3949d02,cdcab790a58aad2055ca7390ac0f1b5d,1.1362853520579297,6,승,900
6a8a6c479be4ef9db62d23ca,8ff87c0a6f096baf0d572a33683c4e52,1.1572160681025452,5,무,2000
6a8a6e18d8fcbe448c6224fe,8bf198976b441f2c496e1b2014a18b3e,1.1261167670705818,6,패,2200
6a8a730b6d33380ec3a6bbcf,8bf198976b441f2c496e1b2014a18b3e,1.129093014351698,6,승,2200
6a8a739ab1d19292a814e952,8ff87c0a6f096baf0d572a33683c4e52,1.1572160681025452,5,패,2000
6a8a744d0c999e36e8b2fd45,cdcab790a58aad2055ca7390ac0f1b5d,1.1362853520579301,6,승,900
6a8a759412c79c7b1077130b,8bf198976b441f2c496e1b2014a18b3e,1.1319807973444307,6,패,2200
6a8a77a08e67c71258ceabd6,8ff87c0a6f096baf0d572a33683c4e52,1.1572160681025452,5,패,2000
6a8a795eee9dca6e7b0ecbc6,c305d74d5466eadc694c352a7c2d96af,1.150409147832496,6,승,800
6a8a799b2005d66e63ea968c,fb9acbc7b4843ade8708a86dd5f22166,1.1318526825139676,6,승,1300
6a8a7bed935c6e6aa5924d45,8bf198976b441f2c496e1b2014a18b3e,1.1230794450922439,6,무,2200
6a8a7c16a48a370d245c8664,8ff87c0a6f096baf0d572a33683c4e52,1.1572160681025452,5,패,2000
6a8a828db60ec6bf6a369135,8ff87c0a6f096baf0d572a33683c4e52,1.1572160681025452,5,패,2000
6a8a85c7a5faaf732b6e7560,cdcab790a58aad2055ca7390ac0f1b5d,1.1362853520579301,6,승,800
6a8a89ab74b824470418ccec,cdcab790a58aad2055ca7390ac0f1b5d,1.1362853520579301,6,승,800
6a8a8c69f42fc98c155559a1,8979f68fc7ec9230c47d90f0100badcd,1.1199240041315028,6,승,1300
6a8a8db761229d43b389cd82,cdcab790a58aad2055ca7390ac0f1b5d,1.1362853520579301,6,승,800
6a8a9a92c7921710246481b6,b7e177f4eb59d9ca9cab7834a3ca5653,1.1701017267100167,6,패,1300
6a8a9a92c7921710246481b6,314c9e7e68905690be4bde7f27bd2022,1.117366948553681,6,승,1300
6a8a9e150ecbb45ce5572371,b7e177f4eb59d9ca9cab7834a3ca5653,1.1701017267100167,6,승,1300
6a8a9e21532c1e20113b5b85,08e3b91cd9244dd5369f798d6303e5c6,1.0987648599104112,6,패,1300
6a8a9e4a41f71e96c26eb965,4f3fd3cf2a639bf0002c93993bf125da,1.1542907944046326,6,승,1100
6a8a9e7710e4fad370cce59f,c305d74d5466eadc694c352a7c2d96af,1.150409147832496,6,승,800
6a8aa0db5e9074545c301dbd,b7e177f4eb59d9ca9cab7834a3ca5653,1.1701017267100164,6,승,1300
6a8aa39af55c7948a12ce007,4f3fd3cf2a639bf0002c93993bf125da,1.1507771602079524,6,패,1100
6a8aa3a71ff37e60a3e0b717,b7e177f4eb59d9ca9cab7834a3ca5653,1.1701017267100167,6,패,1300
6a8aa3d3a56a15029d6f7213,c305d74d5466eadc694c352a7c2d96af,1.150409147832496,6,승,800
6a8aa779020e9a3318afb46a,b7e177f4eb59d9ca9cab7834a3ca5653,1.1701017267100167,6,패,1300
6a8aa9117e14b86e51dafcf8,c305d74d5466eadc694c352a7c2d96af,1.150409147832496,6,패,800
6a8aaa17a622a5950d8284dd,b7e177f4eb59d9ca9cab7834a3ca5653,1.1701017267100167,6,패,1300
6a8ab014da7c33ca1bfc69ae,b7e177f4eb59d9ca9cab7834a3ca5653,1.1701017267100167,6,패,1300
6a8ab014da7c33ca1bfc69ae,314c9e7e68905690be4bde7f27bd2022,1.1172680564274629,6,승,1300
6a8ab042e55b8823ac6b46c9,6fbe3816f7848b005f347069c96070a5,1.0980349607629918,6,승,1300
6a8ab2a3d8e970686bc78a82,b7e177f4eb59d9ca9cab7834a3ca5653,1.1701017267100167,6,패,1300
6a8ab2a3d8e970686bc78a82,48de1d9a3e16381caed687fbfb652806,1.1056264762872139,6,승,1300
6a8ab586bad24ce48177799c,9ff5f4929e62dac0a346ce9961d70261,1.1105283478990529,6,승,1300
6a8ab586bad24ce48177799c,6397dd70d327c084bdd58b2a091494dd,1.109631392810113,6,패,1300
6a8ab82375f64dd4e5495573,6397dd70d327c084bdd58b2a091494dd,1.1164994748521817,6,승,1300
6a8aba143b8655f55461e208,cdcab790a58aad2055ca7390ac0f1b5d,1.1362853520579301,6,승,800
6a8aba143b8655f55461e208,afe3fe8b1d6e483e21600e282305e626,1.1549033494280276,6,패,800
6a8abaa91029f85f44e03e78,6397dd70d327c084bdd58b2a091494dd,1.1164994748521815,6,승,1300
6a8abaa91029f85f44e03e78,d7abae216a3b9abd88046209098b9642,1.1430712735181414,6,패,1300
6a8abbf9f9d1dc64432fe0e7,b7e177f4eb59d9ca9cab7834a3ca5653,1.1701017267100167,6,승,1300
6a8abd0bb3b9a39f3efcc88f,8bf198976b441f2c496e1b2014a18b3e,1.1371929384695694,6,승,2200
6a8abd3b78bfb2153119cbc6,6397dd70d327c084bdd58b2a091494dd,1.1164994748521817,6,승,1300
6a8abf1951217adc639cc0bb,cdcab790a58aad2055ca7390ac0f1b5d,1.1427173919655014,6,패,800
6a8ac065c3eccaf203ff3313,8bf198976b441f2c496e1b2014a18b3e,1.1319807973444307,6,승,2200
6a8ac17e84c6a090e533dee3,6fbe3816f7848b005f347069c96070a5,1.0980349607629916,6,패,1300
6a8ac17e84c6a090e533dee3,ace652363cc849d864cb08ffeffe4205,1.118440295848117,6,승,1300
6a8ac1d5d323105bce1c49f8,6397dd70d327c084bdd58b2a091494dd,1.1164994748521815,6,승,1300
6a8ac33fff752514bed26d4e,8bf198976b441f2c496e1b2014a18b3e,1.129093014351698,6,승,2200
6a8ac4778f4489ac64ab5234,cdcab790a58aad2055ca7390ac0f1b5d,1.1362853520579297,6,승,800
6a8ac53852157918be049f0f,6397dd70d327c084bdd58b2a091494dd,1.1164994748521817,6,승,1300
6a8ac5ea174d5d638bd21cb3,6fbe3816f7848b005f347069c96070a5,1.0980349607629916,6,승,1300
6a8ac91ffa9d6bf72885ceb5,6397dd70d327c084bdd58b2a091494dd,1.1164994748521817,6,승,1300
6a8ac91ffa9d6bf72885ceb5,249b2ba0cdf53408f79512c2f2b4ca33,1.1079332097030195,6,패,1300
6a8acdd151e3bc270179f28e,6397dd70d327c084bdd58b2a091494dd,1.1164994748521817,6,패,1300
6a8acdd151e3bc270179f28e,6fbe3816f7848b005f347069c96070a5,1.0980349607629916,6,승,1300
6a8ad63f2fe3b26cee7bd284,752f823e171bba144c516086bda3d89a,1.111682440177201,6,패,900
6a8ad7c561427de7e94bb24e,cdcab790a58aad2055ca7390ac0f1b5d,1.1427173919655014,6,패,800
6a8ad923f0ebd9469d757dea,70798108de215d8b194c90da0d75a87c,1.092830210388185,6,패,1300
6a8ad923f0ebd9469d757dea,6fbe3816f7848b005f347069c96070a5,1.0980349607629916,6,승,1300
6a8ada71d9beef3965fcbad9,6ed4a7cf6827afb37dcfb2240c602688,1.1301165119491838,6,패,800
6a8ada71d9beef3965fcbad9,cdcab790a58aad2055ca7390ac0f1b5d,1.13628535205793,6,승,800
6a8adb3d5c9e4b315e178e88,08e3b91cd9244dd5369f798d6303e5c6,1.098764859910411,6,패,800
6a8ae128b86a4d862c193377,8406ec89efe0c686a6a49d35381933d5,1.1156232507821497,6,패,900
6a8ae1a7a1db019525b190d5,e99433352621f14bec2fac17c8d57d79,1.0882324844869042,6,승,800
6a8ae1a7a1db019525b190d5,cdcab790a58aad2055ca7390ac0f1b5d,1.1427173919655014,6,패,800
6a8ae3c7f3e7ac068dab1ec0,6ed4a7cf6827afb37dcfb2240c602688,1.1301165119491838,6,승,800
6a8ae79af9d36971db23a705,cdcab790a58aad2055ca7390ac0f1b5d,1.1362853520579301,6,승,800
6a8ae7ff46a91f55eb84e1a4,44d2861d6a8ed5e5ad447017386444df,1.1088457476734799,9,패,1300
6a8ae7ff46a91f55eb84e1a4,fb9acbc7b4843ade8708a86dd5f22166,1.1318526825139676,6,승,1300
6a8ae81b552d4517d4b6187e,9d94e6434ffa6439470bd27dd9ecd012,1.1229471844787753,6,승,900
6a8aec522f1c315606ff7b64,6fbe3816f7848b005f347069c96070a5,1.0980349607629918,6,승,1300
6a8afef3abd3cabdaf370f6f,6a536bb407850c946f1383e8b0f99982,1.1471916829302014,6,패,900
6a8b01643bce0821cec4e7e8,6a536bb407850c946f1383e8b0f99982,1.143949078055807,6,패,1300
6a8b01643bce0821cec4e7e8,972229df86a4a8081e06723890601ad3,1.1444010124405033,6,승,1300
6a8b0602018ea0764553b566,6a536bb407850c946f1383e8b0f99982,1.143949078055807,6,패,1300
6a8b064ef3316d6e49de1799,44d2861d6a8ed5e5ad447017386444df,1.112430610705112,6,패,800
6a8b08444e62fc71293aaf4d,cdcab790a58aad2055ca7390ac0f1b5d,1.1362853520579301,6,승,800
6a8b0e173843cf2630154a71,58a3b108d57eb3a4ed60f18eb3ca868e,1.1476512174447717,6,승,2400
6a8b1719f740d11bfa66d59d,d753011af474cdf73253c6f273c11882,1.1246202745317555,6,패,1300
6a8b1719f740d11bfa66d59d,6a536bb407850c946f1383e8b0f99982,1.1439490780558073,6,승,1300
6a8b195f8889b419ebe32dbb,fb9acbc7b4843ade8708a86dd5f22166,1.1318526825139676,6,승,800
6a8b1bec9b59477eb001aab3,6a536bb407850c946f1383e8b0f99982,1.1439490780558073,6,승,1300
6a8b1bec9b59477eb001aab3,31ceb1bfcb8c17b9fe9e92c98ad0031e,1.135867065356738,6,패,1300
6a8b1c4909d8180ecdf622e8,fb9acbc7b4843ade8708a86dd5f22166,1.1318526825139676,6,승,1300
6a8b1dced82a79eec1f4cae5,cdcab790a58aad2055ca7390ac0f1b5d,1.1362853520579301,6,승,800
6a8b1f00f082b10c62862a26,6a536bb407850c946f1383e8b0f99982,1.1439490780558073,6,패,1300
6a8b1f9bdf16c0132611506b,fb9acbc7b4843ade8708a86dd5f22166,1.1318526825139676,6,승,1300
6a8b250757b9e01744b36aca,cdcab790a58aad2055ca7390ac0f1b5d,1.13628535205793,6,패,800
6a8b28ed28c19aa446f3628e,6a536bb407850c946f1383e8b0f99982,1.143949078055807,6,패,900
6a8b29ba166462cda0b83cfa,6ed4a7cf6827afb37dcfb2240c602688,1.1301165119491838,6,승,800
6a8b29ba166462cda0b83cfa,cdcab790a58aad2055ca7390ac0f1b5d,1.1427173919655014,6,패,800
6a8b2b5f2eb61b3a6803816d,3434eb566aee44f0e71d8062f343c1ea,1.144750278703636,6,승,2400
6a8b2bcf37be82115367d552,6a536bb407850c946f1383e8b0f99982,1.143949078055807,6,승,900
6a8b2e613e016c36f72e1ba3,6ed4a7cf6827afb37dcfb2240c602688,1.1301165119491838,6,패,800
6a8b30005f45b1ae41de1a04,6a536bb407850c946f1383e8b0f99982,1.143949078055807,6,승,900
6a8b35190db4d2e824069642,6a536bb407850c946f1383e8b0f99982,1.143949078055807,6,승,900
6a8b37b019fbb3dd969131c9,3434eb566aee44f0e71d8062f343c1ea,1.1549929274085655,6,승,2400
6a8b383347655daea83297d3,6a536bb407850c946f1383e8b0f99982,1.143949078055807,6,승,900
6a8b3ac3351314024b423862,3434eb566aee44f0e71d8062f343c1ea,1.1447502787036359,6,무,2400
6a8b3b1654c598cc20b45e84,6a536bb407850c946f1383e8b0f99982,1.143949078055807,6,승,900
6a8b43369e408bf25e405aa1,3434eb566aee44f0e71d8062f343c1ea,1.1549929274085657,6,패,2400
6a8b497e32a73a149b4c56c0,3434eb566aee44f0e71d8062f343c1ea,1.144750278703636,6,승,2400
6a8b4d0ae692228e9a717280,3434eb566aee44f0e71d8062f343c1ea,1.1413170026760466,6,패,2400
6a8b515f68afcdae0d610a2e,3434eb566aee44f0e71d8062f343c1ea,1.144750278703636,6,패,2400
6a8b53efc0ab7b7247c02303,3434eb566aee44f0e71d8062f343c1ea,1.1269529989154432,6,승,2400
6a8b59e8ccd751672bde3161,3434eb566aee44f0e71d8062f343c1ea,1.1409188282100402,6,승,2400
6a8b5f65578cdf19e1fdf617,3434eb566aee44f0e71d8062f343c1ea,1.1363531773901008,6,패,2400
6a8b631383776e1f14a98695,3434eb566aee44f0e71d8062f343c1ea,1.144750278703636,6,승,2400
6a8b65c7cecabed3286b090f,3434eb566aee44f0e71d8062f343c1ea,1.1409188282100404,6,승,2400
6a8bbbd1e8a79b7792485be2,8979f68fc7ec9230c47d90f0100badcd,1.1115485504686073,6,승,1300
6a8bbece23930e104993afa1,8979f68fc7ec9230c47d90f0100badcd,1.1115485504686078,6,승,1300
6a8bc19ce596b55a619d0e51,8979f68fc7ec9230c47d90f0100badcd,1.1115485504686076,6,승,1300
6a8bc4ca42330b33b1d71714,8979f68fc7ec9230c47d90f0100badcd,1.1115485504686076,6,승,1300
6a8bc76a0ce6982554a51aa7,8979f68fc7ec9230c47d90f0100badcd,1.1119724434927225,6,패,1300
6a8bca2dc336f6c6c03ff7cc,b6748b1f7b6a135ed2a232e8ac188ba1,1.114762495951456,6,승,1300
6a8bca2dc336f6c6c03ff7cc,8979f68fc7ec9230c47d90f0100badcd,1.1115485504686076,6,패,1300
6a8bcb339d9394ba8c39f136,bf7aa48910ef14c5866851f455a9d37f,1.1314790780929902,6,승,1300
6a8bcece8f0469cae3a86df1,bf7aa48910ef14c5866851f455a9d37f,1.1314790780929902,6,승,1300
6a8bd14cde4141ee272fc736,bf7aa48910ef14c5866851f455a9d37f,1.1314790780929902,6,승,1300
6a8bd538f86b3148347830ce,ebc08cdfda1bcfcaace1a6d698524783,1.112934914067915,6,무,2200
6a8bd9200aabb84c96d279a5,8979f68fc7ec9230c47d90f0100badcd,1.1115485504686076,6,승,1300
6a8bd9200aabb84c96d279a5,c5f20fce014f2466bdc61ac8136d4e77,1.101092337976125,6,패,1300
6a8be003ef3e909b96881e4a,8bf198976b441f2c496e1b2014a18b3e,1.1185815626591387,6,승,2200
6a8be3af0723a913e8267482,8bf198976b441f2c496e1b2014a18b3e,1.1230794450922437,6,무,2200
6a8be4cbd374da76adff631c,bf7aa48910ef14c5866851f455a9d37f,1.1314790780929902,6,승,1300
6a8bed641418d7138f5a044d,fb9acbc7b4843ade8708a86dd5f22166,1.1318526825139676,6,승,1300
6a8bf0a621009dd6ea5b754c,fb9acbc7b4843ade8708a86dd5f22166,1.1318526825139676,6,승,1300
6a8bf3cfae8f6a554121a117,fb9acbc7b4843ade8708a86dd5f22166,1.1318526825139676,6,승,1300
6a8bf7821e00254653f32a35,fb9acbc7b4843ade8708a86dd5f22166,1.1318526825139676,6,승,1300
6a8bfa3a27e67c674cb25b39,fb9acbc7b4843ade8708a86dd5f22166,1.1318526825139676,6,승,1300
6a8c093e58b2673a0b0d08d8,33a3587fe645be7cc851cccd92783eb8,1.1351781419050238,6,무,2400
6a8c0c1942e82e5b23b6e5ea,33a3587fe645be7cc851cccd92783eb8,1.1460639126243242,6,패,2400
6a8c0ecb2c211019a8caf511,33a3587fe645be7cc851cccd92783eb8,1.146063912624324,6,승,2400
6a8c17e512a98fd8d558e950,e1590f0bbb6f24565be5ecb8c7d9c3ea,1.085288098706427,6,승,2200
6a8c192006ddfa1c2ed97f78,4a59d8c669a35cc9f4ef766f4d4b321e,1.118335747936255,6,승,2500
6a8c1d9033012b0556237b11,6a536bb407850c946f1383e8b0f99982,1.1471916829302014,6,패,800
6a8c1d9033012b0556237b11,01afcd5672e0e2ab5d63a2259445e8e9,1.1361564330640297,6,승,800
6a8c1f4bf44f729c14d1af3b,33a3587fe645be7cc851cccd92783eb8,1.151970161659109,6,패,2400
6a8c20213f19ba36fbe4b9a2,6a536bb407850c946f1383e8b0f99982,1.1471916829302014,6,승,900
6a8c2677c6a7143f6778f96e,4a59d8c669a35cc9f4ef766f4d4b321e,1.118335747936255,6,패,2500
6a8c28b2588e02199e38af3a,33a3587fe645be7cc851cccd92783eb8,1.146063912624324,6,승,2400
6a8c2c4c2e66bbfc2b319ec0,33a3587fe645be7cc851cccd92783eb8,1.1460639126243242,6,승,2400
6a8c30d8698f71959d51e4a6,afe3fe8b1d6e483e21600e282305e626,1.1534771669025161,6,패,800
6a8c3c545085e9422cb02d3d,6397dd70d327c084bdd58b2a091494dd,1.1164994748521817,6,패,900
6a8c3c545085e9422cb02d3d,01afcd5672e0e2ab5d63a2259445e8e9,1.1403737551300555,6,승,800
6a8c3cb363160095b7ebbc9a,4a59d8c669a35cc9f4ef766f4d4b321e,1.1199470403968974,6,패,2500
6a8c3ee1cb87074c8072a08b,6397dd70d327c084bdd58b2a091494dd,1.109631392810113,6,패,1300
6a8c3ee1cb87074c8072a08b,f13f2f743bea9eda727d8c82f36370c4,1.1293877316807523,6,승,1300
6a8c3f3f2511c962bb3178e5,6fbe3816f7848b005f347069c96070a5,1.0980349607629916,6,승,800
6a8c41094c4a7444c152dc5f,4a59d8c669a35cc9f4ef766f4d4b321e,1.1173637977794726,6,패,2500
6a8c41a9b60ec6601a441088,6397dd70d327c084bdd58b2a091494dd,1.1164994748521817,6,승,1300
6a8c4307a70199e7bed3be2b,6fbe3816f7848b005f347069c96070a5,1.0980349607629913,6,패,800
6a8c44837e520a94649930bb,4a59d8c669a35cc9f4ef766f4d4b321e,1.1173637977794726,6,승,2600
6a8c45db4d83cb3816c2cd9f,6fbe3816f7848b005f347069c96070a5,1.0980349607629918,6,승,800
6a8c49cb3df8a58b9369c7d4,6fbe3816f7848b005f347069c96070a5,1.0980349607629916,6,승,800
6a8c49d8c0cff22a8951f9cf,c305d74d5466eadc694c352a7c2d96af,1.150409147832496,6,승,1300
6a8c4d413c6d867de6449700,c305d74d5466eadc694c352a7c2d96af,1.150409147832496,6,승,1300
6a8c4d413c6d867de6449700,5889ac88cb81de7b5c95e53b29f197cf,1.1053613869031007,6,패,1300
6a8c50c026555cc11c5693a0,3247c0f38c9d9a3b7405b8639a2a85ce,1.1298443332253585,6,패,1300
6a8c50c026555cc11c5693a0,6397dd70d327c084bdd58b2a091494dd,1.1164994748521817,6,승,1300
6a8c51dfbce214c8baf4cdb5,c305d74d5466eadc694c352a7c2d96af,1.150409147832496,6,승,1300
6a8c51dfbce214c8baf4cdb5,eca7a466af056f0bef92d79720d6c813,1.1091607758429458,6,패,1300
6a8c55b879e37555a4340843,08e3b91cd9244dd5369f798d6303e5c6,1.098764859910411,6,승,1300
6a8c59ee5867db3edce751ce,08e3b91cd9244dd5369f798d6303e5c6,1.103747664778185,6,승,1300
6a8c5b09fae0c42bc0a2ccb6,2a761d25aff27002db4fcccdcdc84e62,1.1247476428809364,6,패,1300
6a8c5b5ec9e6b29c3abaea21,4f3fd3cf2a639bf0002c93993bf125da,1.1539290622330576,6,승,1100
6a8c5e212c5aac0d76f591c3,4f3fd3cf2a639bf0002c93993bf125da,1.1539290622330576,6,승,900
6a8c5e4133f60307df93cd65,b8f996af9ea90e2c3c82f09a2cc8dc76,1.1337767494419222,6,승,900
6a8c610b00f04b2d0419f623,4f3fd3cf2a639bf0002c93993bf125da,1.1491823863971955,6,승,900
6a8c6128125ac2224a222185,2a761d25aff27002db4fcccdcdc84e62,1.1247476428809362,6,승,1300
6a8c647cc41cb079e4fc2a36,4f3fd3cf2a639bf0002c93993bf125da,1.1539290622330574,6,승,900
6a8c647cc41cb079e4fc2a36,b0a24490f42c6b16fd07cdc5059b45cd,1.0707844241900497,9,패,900
6a8c664805cf119cd208b484,5dc2fe3e2d80ac6976b372a78668bb83,1.1077507129934865,6,패,1300
6a8c664805cf119cd208b484,1108c86f12ac641cc297ce60671cd0aa,1.1237570326075927,6,승,1300
6a8c698fdf1c570eca8a637c,c305d74d5466eadc694c352a7c2d96af,1.150409147832496,6,승,800
6a8c698fdf1c570eca8a637c,01afcd5672e0e2ab5d63a2259445e8e9,1.1361564330640297,6,패,800
6a8c6b0b2368e1eb90548e58,1108c86f12ac641cc297ce60671cd0aa,1.1237570326075925,6,승,1300
6a8c6b0b2368e1eb90548e58,d7abae216a3b9abd88046209098b9642,1.114799463588988,6,패,1300
6a8c6b59acc84a62cac5cc05,4f3fd3cf2a639bf0002c93993bf125da,1.1539290622330574,6,승,800
6a8c6cb1d7b9cb17ff7ac3df,6fbe3816f7848b005f347069c96070a5,1.0980349607629916,6,승,800
6a8c6ddafd94a49e07f4e5e0,1108c86f12ac641cc297ce60671cd0aa,1.1237570326075927,6,승,1300
6a8c6f610b241101dd83a316,2a761d25aff27002db4fcccdcdc84e62,1.1247476428809362,6,승,1300
6a8c71a37deb8da3deff1373,9ff5f4929e62dac0a346ce9961d70261,1.1072205414141374,6,무,1300
6a8c71a37deb8da3deff1373,1108c86f12ac641cc297ce60671cd0aa,1.1237570326075927,6,무,1300
6a8c72aef55c7950de3abe03,01afcd5672e0e2ab5d63a2259445e8e9,1.1361564330640297,6,승,800
6a8c73ea9318bda069a805a8,2a761d25aff27002db4fcccdcdc84e62,1.1247476428809362,6,패,1300
6a8c73ea9318bda069a805a8,e1f8215401de8ed6255e55eea89f91c4,1.109089640697852,6,승,1300
6a8c751088e4053caacc817e,b6748b1f7b6a135ed2a232e8ac188ba1,1.108225008263724,6,패,1300
6a8c751088e4053caacc817e,1108c86f12ac641cc297ce60671cd0aa,1.1237570326075925,6,승,1300
6a8c7674698f715f9a54919d,2a761d25aff27002db4fcccdcdc84e62,1.1247476428809362,6,승,1300
6a8c7674698f715f9a54919d,d7abae216a3b9abd88046209098b9642,1.114799463588988,6,패,1300
6a8c77f47caf4e7e203e2230,1108c86f12ac641cc297ce60671cd0aa,1.1237570326075927,6,승,1300
6a8c77f47caf4e7e203e2230,ace652363cc849d864cb08ffeffe4205,1.1214487467809748,6,패,1300
6a8c793d33aa5e3d44a7e42b,2a761d25aff27002db4fcccdcdc84e62,1.1247476428809364,6,승,1300
6a8c79f300594ebf75e5cea1,992819c32a72af2b1e208a4431a7dd14,1.117779490311942,6,패,900
6a8c7cc154c59872c8bcd771,4f3fd3cf2a639bf0002c93993bf125da,1.1539446851465451,6,패,800
6a8c7cc154c59872c8bcd771,992819c32a72af2b1e208a4431a7dd14,1.1177794903119418,6,승,900
6a8c7ddab7cc4b8068bc15d5,2a761d25aff27002db4fcccdcdc84e62,1.1247476428809362,6,승,1300
6a8c7ddab7cc4b8068bc15d5,44d2861d6a8ed5e5ad447017386444df,1.1124306107051118,6,패,1300
6a8c8034b14f945e26f2d4d6,4f3fd3cf2a639bf0002c93993bf125da,1.1513136442101846,6,승,800
6a8c80a1738cecfc2abaf843,2a761d25aff27002db4fcccdcdc84e62,1.1247476428809362,6,승,1300
6a8c8333323b07337f711ac9,4f3fd3cf2a639bf0002c93993bf125da,1.1513136442101846,6,승,800
6a8c857f87c57305ce3934a3,2a761d25aff27002db4fcccdcdc84e62,1.1247476428809364,6,승,1300
6a8c85f790bc123ae6ed4e5d,4f3fd3cf2a639bf0002c93993bf125da,1.1513136442101846,6,승,800
6a8c87e37884cf22d68019ac,9ff5f4929e62dac0a346ce9961d70261,1.1167382613100305,6,패,1300
6a8c87e37884cf22d68019ac,2a761d25aff27002db4fcccdcdc84e62,1.1247476428809364,6,승,1300
6a8c8bb16a763a630ecf66e3,2a761d25aff27002db4fcccdcdc84e62,1.1247476428809364,6,승,1300
6a8c8e92411df13ce8c53500,2a761d25aff27002db4fcccdcdc84e62,1.1263832421374278,6,패,1300
6a8c91519c6571672804be2a,2a761d25aff27002db4fcccdcdc84e62,1.1247476428809364,6,승,1300
6a8c9498b63e0287805a3a77,2a761d25aff27002db4fcccdcdc84e62,1.1263832421374278,6,패,1300
6a8c97c96d0d2bd6db896c5a,2a761d25aff27002db4fcccdcdc84e62,1.1247476428809362,6,승,1300
6a8c9a64fdcb6b7d7a025b0e,2a761d25aff27002db4fcccdcdc84e62,1.1263832421374276,6,패,1300
6a8c9d3e15287f9624fd5b44,2a761d25aff27002db4fcccdcdc84e62,1.1247476428809362,6,승,1300
6a8c9edab2715f2490aebbff,ebc08cdfda1bcfcaace1a6d698524783,1.112934914067915,6,패,2200
6a8c9fc7ef1a6c763c4f28dc,2a761d25aff27002db4fcccdcdc84e62,1.1247476428809364,6,패,1300
6a8ca2361857b5546fefa8d5,ebc08cdfda1bcfcaace1a6d698524783,1.112934914067915,6,패,2300
6a8ca4d82698e98e675584f9,ebc08cdfda1bcfcaace1a6d698524783,1.112934914067915,6,무,2300
6a8ca512a927aa329b76422d,2a761d25aff27002db4fcccdcdc84e62,1.1247476428809364,6,승,1300
6a8ca82aabd3d76e7bb90512,2a761d25aff27002db4fcccdcdc84e62,1.1263832421374278,6,승,1300
6a8ca8fa54319d535734d99f,ebc08cdfda1bcfcaace1a6d698524783,1.112934914067915,6,무,2300
6a8caaafa7cf813b861258f3,2a761d25aff27002db4fcccdcdc84e62,1.1263832421374276,6,패,1300
6a8caaafa7cf813b861258f3,2155557fcaa74d184e5ed355b68ca9b4,1.1140903976020489,7,승,1300
6a8cb0c24be0a79d2adaa686,ebc08cdfda1bcfcaace1a6d698524783,1.112934914067915,6,패,2200
6a8cb0cd7260dfe19ed12b9f,2a761d25aff27002db4fcccdcdc84e62,1.1263832421374278,6,승,1300
6a8cb3ec631f0f23091c4fea,2a761d25aff27002db4fcccdcdc84e62,1.1263832421374278,6,승,1300
6a8cb82e7610ea1f3e2fbfb4,2a761d25aff27002db4fcccdcdc84e62,1.1263832421374278,6,승,1300
6a8cb85a76e8f36683bddca7,ebc08cdfda1bcfcaace1a6d698524783,1.112934914067915,6,승,2300
6a8cbb62b10efc1523678c2e,2a761d25aff27002db4fcccdcdc84e62,1.1263832421374276,6,승,1300
6a8cbbcf15081fafac936751,ebc08cdfda1bcfcaace1a6d698524783,1.112934914067915,6,무,2200
6a8ceab881196e6f00417f51,1108c86f12ac641cc297ce60671cd0aa,1.1237570326075925,6,승,1300
6a8cf6a380f41f240bd83ea8,1108c86f12ac641cc297ce60671cd0aa,1.1237570326075925,6,승,900
6a8d07dbc4f1b55aec89fc5d,e1590f0bbb6f24565be5ecb8c7d9c3ea,1.0835810671888324,6,패,2200
6a8d0ae668f92abde4a2e211,e1590f0bbb6f24565be5ecb8c7d9c3ea,1.085288098706427,6,승,2200
6a8d21d19c20ab1d10a5238d,e1590f0bbb6f24565be5ecb8c7d9c3ea,1.0845631037920476,5,무,2200
6a8d253c296512c705a2871b,e1590f0bbb6f24565be5ecb8c7d9c3ea,1.085288098706427,6,승,2200
6a8d26990b45b5908dc966ae,afe3fe8b1d6e483e21600e282305e626,1.1549033494280276,6,패,800
6a8d290cfec2568d1d348bb8,86caf7598ea79a833b176139b7d76fcb,1.126238091232531,6,승,800
6a8d291d35d4c8ce9c891442,4a59d8c669a35cc9f4ef766f4d4b321e,1.1154390505121436,6,승,2500
6a8d2cd6cc21eb7ae143c43a,4a59d8c669a35cc9f4ef766f4d4b321e,1.1154390505121439,6,무,2500
6a8d2db0ae8f6a0a6529bdec,08e3b91cd9244dd5369f798d6303e5c6,1.103747664778185,6,패,800
6a8d30fd12c4716ab8e70a29,08e3b91cd9244dd5369f798d6303e5c6,1.098764859910411,6,패,1300
6a8d30fd12c4716ab8e70a29,df3cdfbf6af8066412760fd3c89ce308,1.1107198431795504,6,승,1300
6a8d33ac38cf3e990f5750b3,08e3b91cd9244dd5369f798d6303e5c6,1.0987648599104112,6,승,1300
6a8d358c89aae20e67c83e59,4a59d8c669a35cc9f4ef766f4d4b321e,1.1154390505121439,6,승,2500
6a8d368cb68f6e7584a39ec2,08e3b91cd9244dd5369f798d6303e5c6,1.098764859910411,6,승,1300
6a8d395246ed7c6c13cf3631,2edb12c5e12457a3cca52ff56ceedfa7,1.076699888742479,6,패,1300
6a8d395246ed7c6c13cf3631,08e3b91cd9244dd5369f798d6303e5c6,1.0987648599104112,6,승,1300
6a8d3c2a3885cfe662c5f60f,08e3b91cd9244dd5369f798d6303e5c6,1.0987648599104112,6,승,1300
6a8d3ecaae695b1750fbc24b,08e3b91cd9244dd5369f798d6303e5c6,1.0987648599104112,6,패,800
6a8d42ab280d9244ae279dc9,752f823e171bba144c516086bda3d89a,1.112488877043948,6,패,800
6a8d42ab280d9244ae279dc9,08e3b91cd9244dd5369f798d6303e5c6,1.0987648599104112,6,승,900
6a8d45e0bc9838084abd84b2,8bf198976b441f2c496e1b2014a18b3e,1.1371929384695696,6,승,2200
6a8d464e0180caffd0875496,eac7f378d102d21612ba9dc3059695f8,1.1181803846323315,6,패,900
6a8d464e0180caffd0875496,08e3b91cd9244dd5369f798d6303e5c6,1.0987648599104112,6,승,800
6a8d48ce6286cc9bd47dde5f,08e3b91cd9244dd5369f798d6303e5c6,1.098764859910411,6,패,800
6a8d48ce6286cc9bd47dde5f,afe3fe8b1d6e483e21600e282305e626,1.153477166902516,6,승,800
6a8d4c234063f9e366d7b744,08e3b91cd9244dd5369f798d6303e5c6,1.103747664778185,6,승,800
6a8d4c234063f9e366d7b744,07076782f2ff941a58b3b5bd42cf1e7f,1.1406981763834934,6,패,800
6a8d4f1ed169dcfad0d8d044,bf7aa48910ef14c5866851f455a9d37f,1.1314790780929902,6,승,1300
6a8d4fa20bd90d1a74f1e605,4f3fd3cf2a639bf0002c93993bf125da,1.1539290622330576,6,승,800
6a8d5011d1d01435bfcf6a72,865503614bd31b4146360d2225a2facd,1.1415838275172396,6,승,1300
6a8d50901f4c981a801628fb,7b16d10af4dcf9d956bd6b0faee5f3d8,1.0790481000745,6,승,2300
6a8d51d3a9ac0501e2c0624d,bf7aa48910ef14c5866851f455a9d37f,1.13147907809299,6,승,1300
6a8d531919d0db6468d6ed17,1108c86f12ac641cc297ce60671cd0aa,1.1248401698857708,6,패,900
6a8d531919d0db6468d6ed17,715fc158c8a08f3fef034d29a286a164,1.0970815091120854,6,승,900
6a8d539c2005d65fb8fec344,865503614bd31b4146360d2225a2facd,1.1415838275172396,6,패,1300
6a8d543486cd4cc15f6495ba,6a536bb407850c946f1383e8b0f99982,1.143949078055807,6,승,1300
6a8d543486cd4cc15f6495ba,d7abae216a3b9abd88046209098b9642,1.114799463588988,6,패,1300
6a8d5637bc297f55bbf3fc61,70798108de215d8b194c90da0d75a87c,1.1012240555138773,6,패,1300
6a8d5637bc297f55bbf3fc61,865503614bd31b4146360d2225a2facd,1.1415838275172396,6,승,1300
6a8d57972ef65bb8de49a98b,4a59d8c669a35cc9f4ef766f4d4b321e,1.1154390505121436,6,무,2500
6a8d58cbf7432b27111b5b05,752f823e171bba144c516086bda3d89a,1.1196172153594603,6,패,800
6a8d58cbf7432b27111b5b05,1108c86f12ac641cc297ce60671cd0aa,1.1237570326075925,6,승,900
6a8d595b0392e86dbb1cf907,bf7aa48910ef14c5866851f455a9d37f,1.1314790780929902,6,승,1300
6a8d5a3d631f0f8f0a1fc03a,865503614bd31b4146360d2225a2facd,1.1415838275172396,6,승,1300
6a8d5b6f0f7b224a5c6861d5,4a59d8c669a35cc9f4ef766f4d4b321e,1.1154390505121439,6,패,2500
6a8d5c12e6a2c22328edff9e,4f3fd3cf2a639bf0002c93993bf125da,1.1539290622330576,6,승,800
6a8d5c12e6a2c22328edff9e,715fc158c8a08f3fef034d29a286a164,1.092850832213587,6,패,900
6a8d5c212ffba88d6828f2c4,e1590f0bbb6f24565be5ecb8c7d9c3ea,1.085288098706427,6,승,2100
6a8d5d0e81abf6728a1c024e,865503614bd31b4146360d2225a2facd,1.1415838275172396,6,승,1300
6a8d5f11c08aeda7dd0c159e,e1590f0bbb6f24565be5ecb8c7d9c3ea,1.085288098706427,6,패,2100
6a8d61e101d51a18ff4e1256,752f823e171bba144c516086bda3d89a,1.1196172153594603,6,패,800
6a8d61e101d51a18ff4e1256,4f3fd3cf2a639bf0002c93993bf125da,1.1539290622330576,6,승,800
6a8d62c79e4e391ebb21413c,7b16d10af4dcf9d956bd6b0faee5f3d8,1.0790481000745,6,무,2300
6a8d62ea74a029a6a520c4d2,e1590f0bbb6f24565be5ecb8c7d9c3ea,1.085288098706427,6,패,2100
6a8d690906d2357645165646,e1590f0bbb6f24565be5ecb8c7d9c3ea,1.085288098706427,6,패,2100
6a8d6a91095eb8cbb9c3cc05,865503614bd31b4146360d2225a2facd,1.1415838275172396,6,승,1300
6a8d6d70ca430ff22ee1a3a3,3444a7830f1c014414555325aa704145,1.118566718596177,6,패,800
6a8d6d70ca430ff22ee1a3a3,4f3fd3cf2a639bf0002c93993bf125da,1.1539290622330576,6,승,800
6a8d7b848b4902ad58fea71d,3444a7830f1c014414555325aa704145,1.118076012080355,6,승,800
6a8d7b848b4902ad58fea71d,08e3b91cd9244dd5369f798d6303e5c6,1.0987648599104112,6,패,800
6a8d7e9bb66950086194fdcd,08e3b91cd9244dd5369f798d6303e5c6,1.0987648599104112,6,승,1300
6a8d8136015a30cc7e998cf6,865503614bd31b4146360d2225a2facd,1.1415838275172396,6,승,800
6a8d8136015a30cc7e998cf6,08e3b91cd9244dd5369f798d6303e5c6,1.0987648599104112,6,패,800
6a8d858dda308b7d26432bd0,865503614bd31b4146360d2225a2facd,1.1415838275172396,6,패,800
6a8d858dda308b7d26432bd0,76c3297d3bc93d8371d58de802f77310,1.1559696392815122,6,승,800
6a8d888c4443e74afd682bb9,865503614bd31b4146360d2225a2facd,1.1415838275172396,6,패,800
6a8d8c12b64178c925502fa1,865503614bd31b4146360d2225a2facd,1.1415838275172396,6,패,800
6a8d8c12b64178c925502fa1,afe3fe8b1d6e483e21600e282305e626,1.153477166902516,6,승,800
6a8d8ed15e11aa62e202d865,bf7aa48910ef14c5866851f455a9d37f,1.1314790780929902,6,승,1300
6a8d8ed15e11aa62e202d865,70798108de215d8b194c90da0d75a87c,1.101224055513877,6,패,1300
6a8d8f0e3774bb6c9a17ea1a,865503614bd31b4146360d2225a2facd,1.1415838275172396,6,승,800
6a8d91dcd0ba4a538708a441,865503614bd31b4146360d2225a2facd,1.1415838275172396,6,승,800
6a8d9456cde2fb20cf264c0f,865503614bd31b4146360d2225a2facd,1.1415838275172396,6,패,800
6a8d9456cde2fb20cf264c0f,e99433352621f14bec2fac17c8d57d79,1.0882324844869042,6,승,800
6a8d96e39b8924ab81d2308a,865503614bd31b4146360d2225a2facd,1.1415838275172396,6,승,800
6a8d97de7b55311875ac2259,6397dd70d327c084bdd58b2a091494dd,1.1164994748521817,6,패,1300
6a8d98e2c7921783e779ba6c,4f3fd3cf2a639bf0002c93993bf125da,1.1539446851465451,6,패,1300
6a8d99c9fb7698df9986de38,865503614bd31b4146360d2225a2facd,1.1415838275172396,6,패,800
6a8d9abfea6ea17d3341ae2e,6a536bb407850c946f1383e8b0f99982,1.143949078055807,6,승,1300
6a8d9abfea6ea17d3341ae2e,8dcb71aeef40848562bcf75338f7ff9f,1.1239780892683988,6,패,1300
6a8d9b2e89c4b8157051008b,6397dd70d327c084bdd58b2a091494dd,1.1164994748521815,6,승,1300
6a8d9d25d755ea71c32b822c,70798108de215d8b194c90da0d75a87c,1.1012240555138773,6,패,800
6a8d9d25d755ea71c32b822c,865503614bd31b4146360d2225a2facd,1.1415838275172396,6,승,800
6a8d9d8d4db641028b0b7d50,6a536bb407850c946f1383e8b0f99982,1.143949078055807,6,승,1300
6a8da03cf20ee1eba8aba2c3,4f3fd3cf2a639bf0002c93993bf125da,1.1539290622330574,6,승,1300
6a8da09509fc5f17ef14b2ac,6397dd70d327c084bdd58b2a091494dd,1.109631392810113,6,패,1300
6a8da09509fc5f17ef14b2ac,07076782f2ff941a58b3b5bd42cf1e7f,1.1492848149158685,6,승,1300
6a8da164de026df9e7c352cb,6a536bb407850c946f1383e8b0f99982,1.143949078055807,6,승,1300
6a8da2cfb4bccc6b50f46c41,4f3fd3cf2a639bf0002c93993bf125da,1.1539290622330574,6,승,1300
6a8da436179c36b2f5a204c1,6397dd70d327c084bdd58b2a091494dd,1.1164994748521817,6,승,1300
6a8da543758e77dee611a5f8,6a536bb407850c946f1383e8b0f99982,1.143949078055807,6,승,900
6a8da543758e77dee611a5f8,ace652363cc849d864cb08ffeffe4205,1.1214487467809748,6,패,800
6a8da7ece8210000bcb3c63b,6a536bb407850c946f1383e8b0f99982,1.143949078055807,6,승,900
6a8da7ece8210000bcb3c63b,d4dd1a49179e02a9afadb0cc144ac08d,1.1356714480170498,6,패,900
6a8da827117d2ae95f77282c,6397dd70d327c084bdd58b2a091494dd,1.1164994748521817,6,승,1300
6a8daaaf7d5a35813d6e1a98,6a536bb407850c946f1383e8b0f99982,1.143949078055807,6,승,800
6a8daaaf7d5a35813d6e1a98,01afcd5672e0e2ab5d63a2259445e8e9,1.1403737551300555,6,패,800
6a8dab18c017a928de1b4616,6397dd70d327c084bdd58b2a091494dd,1.1164994748521817,6,승,1300
6a8dab18c017a928de1b4616,2525f5791686fc3d07e7047b5d9705e7,1.1163759922592154,5,패,1300
6a8dad4db8ceb044ade29110,4f3fd3cf2a639bf0002c93993bf125da,1.1562624664388101,6,승,1300
6a8db028dc35c39d22c69995,4f3fd3cf2a639bf0002c93993bf125da,1.1588778844616832,6,승,1300
6a8db8b4b4d91f704d0e6dc9,e9601e0afc66e969ee7cfdc3706bb7a2,1.1594624273699745,5,승,900
6a8db8b4b4d91f704d0e6dc9,cdcab790a58aad2055ca7390ac0f1b5d,1.1353823470788569,6,패,800
6a8dbcc03a4ae09a29f03dd0,cdcab790a58aad2055ca7390ac0f1b5d,1.1353823470788569,6,승,800
6a8dc29fce82f9b8e921a4fa,4f3fd3cf2a639bf0002c93993bf125da,1.1588778844616832,6,승,1300
6a8dc29fce82f9b8e921a4fa,1108c86f12ac641cc297ce60671cd0aa,1.124840169885771,6,패,1300
6a8dc5b5a557ae8192fbef99,1108c86f12ac641cc297ce60671cd0aa,1.124840169885771,6,패,1300
6a8dc8e0d5cf073b8ce9ac97,1108c86f12ac641cc297ce60671cd0aa,1.124840169885771,6,패,1300
6a8dc8e0d5cf073b8ce9ac97,4ae84483040ac4d35a90be2e579241ec,1.119132786665169,6,승,1300
6a8dcc1388f2b700effacaa4,1108c86f12ac641cc297ce60671cd0aa,1.1237570326075927,6,승,1300
6a8dcd56564fbeeebd28cf6d,cdcab790a58aad2055ca7390ac0f1b5d,1.137571127125753,6,패,800
6a8dcf953da326359dd87410,1108c86f12ac641cc297ce60671cd0aa,1.1237570326075927,6,승,1300
6a8dd1c89429746443fdc689,5db861ee4d9dfe7f46c6aba2e1bcf931,1.1171348763084563,6,패,800
6a8dd1c89429746443fdc689,cdcab790a58aad2055ca7390ac0f1b5d,1.137571127125753,6,승,800
6a8dd2407fd01f2754861fa2,1108c86f12ac641cc297ce60671cd0aa,1.1237570326075927,6,승,1300
6a8dd78d9322d361f0fb26ac,1108c86f12ac641cc297ce60671cd0aa,1.1237570326075927,6,승,1300
6a8dd8d52f1c31cae71354dc,3434eb566aee44f0e71d8062f343c1ea,1.144750278703636,6,무,2300
6a8ddba1d758a513b2ddc602,3434eb566aee44f0e71d8062f343c1ea,1.144750278703636,6,패,2300
6a8de10f934723091c3b1a33,6397dd70d327c084bdd58b2a091494dd,1.109631392810113,6,패,900
6a8de10f934723091c3b1a33,5db861ee4d9dfe7f46c6aba2e1bcf931,1.1171348763084565,6,승,900
6a8de39f37863247f5c68a17,3434eb566aee44f0e71d8062f343c1ea,1.1416205051423252,6,패,2300
6a8de3da01eb204b249b7e6e,6397dd70d327c084bdd58b2a091494dd,1.1164994748521817,6,패,900
6a8de3da01eb204b249b7e6e,39d4db153a75eea75cfd34efeed971c2,1.0887141098989976,6,승,900
6a8de6496f08b44da1b8301b,3434eb566aee44f0e71d8062f343c1ea,1.1398165080628235,6,승,2400
6a8de9f150565e044011f5a4,6397dd70d327c084bdd58b2a091494dd,1.1164994748521815,6,패,900
6a8decff445cacb17f4414db,3434eb566aee44f0e71d8062f343c1ea,1.1447502787036359,6,패,2400
6a8df3c4d4a01b75aa4d4a7c,3434eb566aee44f0e71d8062f343c1ea,1.1605925935000032,6,무,2400
6a8df6632fad63873f9b1d02,3434eb566aee44f0e71d8062f343c1ea,1.1290571405350793,7,승,2400
6a8df97e28b27138e7158b9a,3434eb566aee44f0e71d8062f343c1ea,1.1470841289188012,5,무,2300
6a8df9eb05437aee689ad683,6397dd70d327c084bdd58b2a091494dd,1.109631392810113,6,패,900
6a8dfc9bc43b68b403c6586d,6397dd70d327c084bdd58b2a091494dd,1.1164994748521815,6,승,1000
6a8dff45d4a01b75264d7053,6397dd70d327c084bdd58b2a091494dd,1.1164994748521817,6,승,900
6a8e061ecdeb5b208bc51654,08e3b91cd9244dd5369f798d6303e5c6,1.0987648599104112,6,승,800
6a8e09669be0f5b40fd06e1f,08e3b91cd9244dd5369f798d6303e5c6,1.098764859910411,6,승,1300
6a8e0c086dd22174f8b202c1,08e3b91cd9244dd5369f798d6303e5c6,1.0987648599104112,6,승,1300
6a8e0e57478cea3a8198a64b,6a536bb407850c946f1383e8b0f99982,1.143949078055807,6,승,1300
6a8e0ecbb06ee7df486af03a,08e3b91cd9244dd5369f798d6303e5c6,1.0987648599104112,6,승,800
6a8e0ecbb06ee7df486af03a,afe3fe8b1d6e483e21600e282305e626,1.1549033494280279,6,패,800
6a8e13094fde964f48374125,6a536bb407850c946f1383e8b0f99982,1.1439490780558073,6,승,1300
6a8e15e11037507b4951bb9d,6a536bb407850c946f1383e8b0f99982,1.143949078055807,6,승,1300
6a8e195299edcdea47fec5b1,6a536bb407850c946f1383e8b0f99982,1.1471916829302016,6,패,1300
6a8e1c87b346fff325cbe8b0,6a536bb407850c946f1383e8b0f99982,1.143949078055807,6,승,1300
6a8e4b1224256ce4eb50f31b,e1590f0bbb6f24565be5ecb8c7d9c3ea,1.085288098706427,6,패,2100
6a8e4b98da138c31131c7497,7b16d10af4dcf9d956bd6b0faee5f3d8,1.0790481000745,6,패,2300
6a8e4dbfad63fc8d300be435,e1590f0bbb6f24565be5ecb8c7d9c3ea,1.085288098706427,6,승,2100
6a8e4e62070b5ee1935ebfe1,7b16d10af4dcf9d956bd6b0faee5f3d8,1.0790481000745,6,무,2300
6a8e5f198d20d225ccfb8ef3,7b16d10af4dcf9d956bd6b0faee5f3d8,1.0790481000745,6,무,2300
6a8e64a62daa50d8025df83b,ebc08cdfda1bcfcaace1a6d698524783,1.112934914067915,6,패,2300
6a8e6698f9d36929f139eaf9,dbd92e3af57a94f4df9e711dcd230345,1.131855782560313,6,패,1300
6a8e6698f9d36929f139eaf9,1108c86f12ac641cc297ce60671cd0aa,1.1237570326075927,6,승,1300
6a8e695c742cf25976c87857,865503614bd31b4146360d2225a2facd,1.1415838275172396,6,승,800
6a8e6bee52baf165e090a56d,ebc08cdfda1bcfcaace1a6d698524783,1.112934914067915,6,패,2300
6a8e6cd6cd6ee68d4d5cd713,6397dd70d327c084bdd58b2a091494dd,1.1164994748521817,6,승,1300
6a8e6cd6cd6ee68d4d5cd713,2386dc0493f783478a60bb17f1c7556d,1.1290223983327978,6,패,1300
6a8e7853fac3d6347c32fc2a,865503614bd31b4146360d2225a2facd,1.1415838275172396,6,승,800
6a8e7a4ecf3f5ad30f54d91c,7b16d10af4dcf9d956bd6b0faee5f3d8,1.0790481000744998,6,승,2300
6a8e7b18cd1f2d735f21fe0a,865503614bd31b4146360d2225a2facd,1.1415838275172396,6,승,800
6a8e7b18cd1f2d735f21fe0a,ace652363cc849d864cb08ffeffe4205,1.1214487467809748,6,패,800
6a8e7d07ddecfce39813ed55,e1590f0bbb6f24565be5ecb8c7d9c3ea,1.085288098706427,6,패,2100
6a8e7de8979da792d82ed8e4,6ed4a7cf6827afb37dcfb2240c602688,1.1372768934438913,6,패,800
6a8e7de8979da792d82ed8e4,865503614bd31b4146360d2225a2facd,1.1415838275172396,6,승,800
6a8e800dc16da98f332780dc,e1590f0bbb6f24565be5ecb8c7d9c3ea,1.085288098706427,6,승,2100
6a8e83155ed5d3fe335ac1f4,e1590f0bbb6f24565be5ecb8c7d9c3ea,1.085288098706427,6,승,2100
6a8e84f0a9ac056929c81528,865503614bd31b4146360d2225a2facd,1.1415838275172396,6,승,800
6a8e850ad78dcae121cf3728,7b16d10af4dcf9d956bd6b0faee5f3d8,1.0790481000745,6,승,2300
6a8e8a58cebdc86ad6a7d450,865503614bd31b4146360d2225a2facd,1.1415838275172396,6,패,800
6a8e8c81f7084892e3b7556c,6ed4a7cf6827afb37dcfb2240c602688,1.1391404395530642,6,패,800
6a8e8c81f7084892e3b7556c,4f3fd3cf2a639bf0002c93993bf125da,1.1588778844616832,6,승,800
6a8e8e5cd1fe46861f41be15,ace652363cc849d864cb08ffeffe4205,1.118440295848117,6,패,800
6a8e906e893a5159b34118ba,865503614bd31b4146360d2225a2facd,1.1415838275172396,6,패,1300
6a8e9145dc6c36bce603237e,7b16d10af4dcf9d956bd6b0faee5f3d8,1.0790481000745,6,패,2300
6a8e923c775f2c13c7de29dc,038ed3fcd9df84101597cb4dfdefaa0f,1.1088416153068437,6,승,900
6a8e93ab775f2c2952de3435,865503614bd31b4146360d2225a2facd,1.1415838275172396,6,승,1300
6a8e9491cdc5763573a9fae4,1108c86f12ac641cc297ce60671cd0aa,1.1237570326075927,6,승,1300
6a8e9565b24df65bcf1f2783,7b16d10af4dcf9d956bd6b0faee5f3d8,1.0790481000744998,6,승,2300
6a8e971aff6da113ed7068dd,865503614bd31b4146360d2225a2facd,1.1415838275172396,6,승,1300
6a8e97c5aaf3bf4e799494e8,1108c86f12ac641cc297ce60671cd0aa,1.1237570326075927,6,승,1300
6a8e9995ce82f9f57a25b958,7b16d10af4dcf9d956bd6b0faee5f3d8,1.0790481000745,6,승,2300
6a8e9cf5d7b9cb2b5c8786a0,1108c86f12ac641cc297ce60671cd0aa,1.1237570326075927,6,승,1300
6a8ea15519ceba3495045fcf,08e3b91cd9244dd5369f798d6303e5c6,1.0987648599104112,6,승,800
6a8ea3c260c06d2231a7ba74,7b16d10af4dcf9d956bd6b0faee5f3d8,1.0790481000745,6,무,2200
6a8ea424f7688edf63ce4577,08e3b91cd9244dd5369f798d6303e5c6,1.0987648599104112,6,승,800
6a8ea6ec1100aa694d1fad16,6ed4a7cf6827afb37dcfb2240c602688,1.1391404395530642,6,승,800
6a8ea6ec1100aa694d1fad16,08e3b91cd9244dd5369f798d6303e5c6,1.0987648599104112,6,패,800
6a8ead208d7609ad169b9298,1108c86f12ac641cc297ce60671cd0aa,1.1237570326075925,6,승,900
6a8ead208d7609ad169b9298,ace652363cc849d864cb08ffeffe4205,1.1214487467809746,6,패,800
6a8eaf117df9d161a6965df4,2eb2f940a69d3a359ff04d17662a4532,1.1346801289497486,6,승,1300
6a8ebfb8a1bb21dde79ed1fb,2eb2f940a69d3a359ff04d17662a4532,1.1346801289497483,6,무,1300
6a8ebfe0d3598bea43ed6d3a,865503614bd31b4146360d2225a2facd,1.1415838275172396,6,패,1300
6a8ebfe0d3598bea43ed6d3a,273cb73976b33dc7ee374a1dde36f16b,1.146758532932665,6,승,1300
6a8ec358b7e99fc74360c8d5,865503614bd31b4146360d2225a2facd,1.1415838275172396,6,패,1300
6a8ec4a36b376d4445bbf202,2eb2f940a69d3a359ff04d17662a4532,1.1346801289497483,6,승,1300
6a8ec71bc3620214220ae6a2,865503614bd31b4146360d2225a2facd,1.1415838275172396,6,승,1300
6a8ec74b19ceba2e78059aaf,2eb2f940a69d3a359ff04d17662a4532,1.1416081794398574,6,승,1300
6a8ec9e0cbb7d32cc908f548,6ed4a7cf6827afb37dcfb2240c602688,1.1391404395530642,6,패,800
6a8ec9e0cbb7d32cc908f548,865503614bd31b4146360d2225a2facd,1.1415838275172396,6,승,800
6a8ecbca733f331ee041129a,2eb2f940a69d3a359ff04d17662a4532,1.1346801289497483,6,패,1300
6a8ecc8ebbe4f9d7f9fae732,865503614bd31b4146360d2225a2facd,1.1415838275172396,6,승,1300
6a8ecc8ebbe4f9d7f9fae732,79261904b91d0a0ba2d699ebafdaeaf3,1.1237529397896964,5,패,1300
6a8ece8bc2281b3129f6cc99,2eb2f940a69d3a359ff04d17662a4532,1.1416081794398572,6,승,1300
6a8ed1f0c97e2213f86abf4a,865503614bd31b4146360d2225a2facd,1.1415838275172396,6,무,1300
6a8ed2cb9a71a76e3a8b72ba,2eb2f940a69d3a359ff04d17662a4532,1.1346801289497483,6,승,1300
6a8ed498837e8dcf5da4344a,6a536bb407850c946f1383e8b0f99982,1.143949078055807,6,승,1300
6a8ed6948a5b8aea3655ad30,2eb2f940a69d3a359ff04d17662a4532,1.1416081794398574,6,승,1300
6a8ed7e6d84b623039212822,865503614bd31b4146360d2225a2facd,1.1415838275172396,6,승,1300
6a8edad99c20ab0db8b0bfa0,2eb2f940a69d3a359ff04d17662a4532,1.1416081794398576,6,승,1300
6a8edb1e149eb77168b2e79a,865503614bd31b4146360d2225a2facd,1.1415838275172396,6,승,1300
6a8edb9cf58418ca367402fe,6a536bb407850c946f1383e8b0f99982,1.143949078055807,6,승,1300
6a8edb9cf58418ca367402fe,4e07b7cc824b0af9703a6c0eb7727e77,1.120205756867874,5,패,1300
6a8ede39c24ad245fb40a027,4e07b7cc824b0af9703a6c0eb7727e77,1.120205756867874,5,패,1300
6a8ede39c24ad245fb40a027,fb9acbc7b4843ade8708a86dd5f22166,1.1318526825139676,6,승,1300
6a8ee2bfa6440a13e98a5297,6a536bb407850c946f1383e8b0f99982,1.1289955861716738,6,패,1300
6a8ee2bfa6440a13e98a5297,fb9acbc7b4843ade8708a86dd5f22166,1.1318526825139676,6,승,1300
6a8ee4d56d29cf194dd7b3a5,6fbe3816f7848b005f347069c96070a5,1.0980349607629916,6,패,1300
6a8ee4d56d29cf194dd7b3a5,4e07b7cc824b0af9703a6c0eb7727e77,1.115411517023216,5,승,1300
6a8ee751e711d56bd2544af2,6fbe3816f7848b005f347069c96070a5,1.0980349607629918,6,승,1300
6a8eea38c5800308cf6cdb50,6fbe3816f7848b005f347069c96070a5,1.0980349607629916,6,패,1300
6a8eea38c5800308cf6cdb50,e48b6f05d0f58f776bdb9dbaecc09d7e,1.1486768658733675,6,승,1300
6a8eeaad03bf9bfe9421d47c,2eb2f940a69d3a359ff04d17662a4532,1.1346801289497483,6,패,1300
6a8eeaad03bf9bfe9421d47c,1108c86f12ac641cc297ce60671cd0aa,1.1237570326075927,6,승,1300
6a8eebd27b0d36e69cd23ed1,6a536bb407850c946f1383e8b0f99982,1.143949078055807,6,승,1300
6a8eed4e491d61115630e007,2eb2f940a69d3a359ff04d17662a4532,1.1416081794398574,6,승,1300
6a8eed8a77a4a00248d3b97c,08e3b91cd9244dd5369f798d6303e5c6,1.0987648599104112,6,패,800
6a8eed8a77a4a00248d3b97c,1108c86f12ac641cc297ce60671cd0aa,1.1237570326075925,6,승,800
6a8eefa40398f0456b800c58,70798108de215d8b194c90da0d75a87c,1.101224055513877,6,패,1300
6a8eefa40398f0456b800c58,cdcab790a58aad2055ca7390ac0f1b5d,1.1353823470788569,6,승,1300
6a8ef08ca065d5f3386be77b,6a536bb407850c946f1383e8b0f99982,1.143949078055807,6,승,1300
6a8ef133026fc97c3abf3968,08e3b91cd9244dd5369f798d6303e5c6,1.0987648599104112,6,패,800
6a8ef16d5d8c560db03c325c,09c673f32b5e7e8235bed9bb9bca2168,1.1399531682725617,7,패,1300
6a8ef16d5d8c560db03c325c,6fbe3816f7848b005f347069c96070a5,1.091451070190348,6,승,1300
6a8ef193038d73143f3d9aa9,1108c86f12ac641cc297ce60671cd0aa,1.124840169885771,6,승,800
6a8ef193038d73143f3d9aa9,2155557fcaa74d184e5ed355b68ca9b4,1.1205642982863029,6,패,900
6a8ef28315081f9ab0a1ba0c,2eb2f940a69d3a359ff04d17662a4532,1.1416081794398574,6,무,1300
6a8ef36e85d57f690737fc90,6a536bb407850c946f1383e8b0f99982,1.1439490780558073,6,승,1300
6a8ef49dde10ad1e59935c70,09c673f32b5e7e8235bed9bb9bca2168,1.1399531682725617,7,패,1300
6a8ef49dde10ad1e59935c70,08e3b91cd9244dd5369f798d6303e5c6,1.098764859910411,6,승,1300
6a8ef830ab4a5f270dcbdc0d,6a536bb407850c946f1383e8b0f99982,1.1289955861716738,6,패,1300
6a8ef830ab4a5f270dcbdc0d,3da122a7abe044dd338a434981f6329c,1.1596498889494244,6,승,1300
6a8efaba8f0671cb4807066a,a9f000a1df20b9740479853a2ee99056,1.1290054055171839,6,패,800
6a8efb4e6286cc5e8389dc35,2eb2f940a69d3a359ff04d17662a4532,1.1416081794398574,6,승,1300
6a8efd249e670518c0288b95,6a536bb407850c946f1383e8b0f99982,1.143949078055807,6,승,800
6a8efd5f55b9b9f8927d7765,a9f000a1df20b9740479853a2ee99056,1.1290054055171839,6,패,900
6a8efd91a37579b82911438a,d753011af474cdf73253c6f273c11882,1.0989957794132947,6,패,800
6a8efe4175f64d3bbd6684e8,2eb2f940a69d3a359ff04d17662a4532,1.1346801289497483,6,무,1300
6a8f00d98e37b71614f65704,6fbe3816f7848b005f347069c96070a5,1.0980349607629916,6,승,800
6a8f03c5541b8c97d02e4935,d753011af474cdf73253c6f273c11882,1.0989957794132947,6,패,800
6a8f041135d4c87f43963582,6fbe3816f7848b005f347069c96070a5,1.0980349607629918,6,승,800
6a8f041135d4c87f43963582,d7abae216a3b9abd88046209098b9642,1.114799463588988,6,패,800
6a8f096acf5a9a0647dabe14,d7abae216a3b9abd88046209098b9642,1.114799463588988,6,패,900
6a8f0fe27e39db0c6b3740bd,1108c86f12ac641cc297ce60671cd0aa,1.1237570326075927,6,패,1300
6a8f14327a9a274f1d647290,cdcab790a58aad2055ca7390ac0f1b5d,1.137571127125753,6,패,800
6a8f14327a9a274f1d647290,d7abae216a3b9abd88046209098b9642,1.114799463588988,6,승,800
6a8f169dce11f97a0ce43232,6a536bb407850c946f1383e8b0f99982,1.143949078055807,6,승,1300
6a8f169dce11f97a0ce43232,1108c86f12ac641cc297ce60671cd0aa,1.124840169885771,6,패,1300
6a8f17d38d6a1995cca0141f,cdcab790a58aad2055ca7390ac0f1b5d,1.137571127125753,6,패,800
6a8f199be6db98176a80ec25,1108c86f12ac641cc297ce60671cd0aa,1.1237570326075925,6,승,1300
6a8f1a557ac15cd3b631080d,48de1d9a3e16381caed687fbfb652806,1.1125186173581592,6,패,1300
6a8f1a557ac15cd3b631080d,2eb2f940a69d3a359ff04d17662a4532,1.1416081794398574,6,승,1300
6a8f1a7a9e9a09875638a40a,6a536bb407850c946f1383e8b0f99982,1.143949078055807,6,패,1300
6a8f1c97fe550f3dde536d63,1108c86f12ac641cc297ce60671cd0aa,1.1237570326075925,6,승,1300
6a8f1d65adf1624f3b58504c,cdcab790a58aad2055ca7390ac0f1b5d,1.1353823470788569,6,승,800
6a8f1dd3c08aed281018408e,3da122a7abe044dd338a434981f6329c,1.1596498889494247,6,무,1300
6a8f1fe870ba4fdbe9bf7c51,2eb2f940a69d3a359ff04d17662a4532,1.1346801289497483,6,승,1300
6a8f207c1f4c98748d230056,3da122a7abe044dd338a434981f6329c,1.1596498889494244,6,패,1300
6a8f207c1f4c98748d230056,1108c86f12ac641cc297ce60671cd0aa,1.1237570326075927,6,승,1300
6a8f239a10df5c058f7006bb,1108c86f12ac641cc297ce60671cd0aa,1.1237570326075927,6,승,1300
6a8f23fdc0c8202d4a8a72b7,cdcab790a58aad2055ca7390ac0f1b5d,1.1353823470788569,6,패,800
6a8f246dfb49bddaf7b4cb73,2eb2f940a69d3a359ff04d17662a4532,1.1346801289497486,6,승,1300
6a8f266b81fc7b68e6de05bd,1108c86f12ac641cc297ce60671cd0aa,1.124840169885771,6,패,1300
6a8f2d9198b519e94637f0fa,1108c86f12ac641cc297ce60671cd0aa,1.1237570326075927,6,패,1300
6a8f38a8412c8ab67bb31e37,6a536bb407850c946f1383e8b0f99982,1.1439490780558073,6,승,1300
6a8f3c5ca8e8b55d3ffa5244,8979f68fc7ec9230c47d90f0100badcd,1.104748292075878,6,패,1300
6a8f3cc9b0c260393eee5037,fb9acbc7b4843ade8708a86dd5f22166,1.1318526825139676,6,승,1300
6a8f3e12e180428d08cb7ace,6a536bb407850c946f1383e8b0f99982,1.1439490780558073,6,승,1300
6a8f40695ed6ea317402a844,8979f68fc7ec9230c47d90f0100badcd,1.1047482920758782,6,승,1300
6a8f41ad20900d9f7655945a,6a536bb407850c946f1383e8b0f99982,1.143949078055807,6,승,1300
6a8f42f7c2d578fb925f00b0,8979f68fc7ec9230c47d90f0100badcd,1.1137603676180141,6,패,1300
6a8f42f7c2d578fb925f00b0,fd51a181de9e8cc749bad03aa85726cb,1.0965338108875196,6,승,1300
6a8f46a1fe607149fdaec8d2,8979f68fc7ec9230c47d90f0100badcd,1.1047482920758782,6,승,1300
6a8f4741894586d6b48f2e28,6a536bb407850c946f1383e8b0f99982,1.143949078055807,6,승,1300
6a8f4aa3a4245a2f10eb8bda,6a536bb407850c946f1383e8b0f99982,1.1439490780558073,6,승,1300
6a8f4ad9c7c4ce3703695d3e,8979f68fc7ec9230c47d90f0100badcd,1.1047482920758782,6,승,1300
6a8f4ea339857a152024ec62,8979f68fc7ec9230c47d90f0100badcd,1.1047482920758782,6,승,1300
6a8fa2a8f8c977283fa07255,8ff87c0a6f096baf0d572a33683c4e52,1.157216068102545,5,승,2000
6a8fa56529a7266436c98171,8ff87c0a6f096baf0d572a33683c4e52,1.1572160681025452,5,무,2000
6a8fabe8b455db6d27a4e486,8ff87c0a6f096baf0d572a33683c4e52,1.157216068102545,5,패,2000
6a8fb00fae973c228804e7b2,8ff87c0a6f096baf0d572a33683c4e52,1.157216068102545,5,패,2000
6a8fbcf9bfb825f82a7938ca,8ff87c0a6f096baf0d572a33683c4e52,1.157216068102545,5,패,2100
6a8fc061b452014c0fa98052,08e3b91cd9244dd5369f798d6303e5c6,1.098764859910411,6,무,1300
6a8fc19e11377571c8ce9fbf,2eb2f940a69d3a359ff04d17662a4532,1.1346801289497483,6,승,1100
6a8fc25d68d774705bb4dc8e,8ff87c0a6f096baf0d572a33683c4e52,1.1572160681025452,5,무,2100
6a8fc297aded74194967b893,6397dd70d327c084bdd58b2a091494dd,1.1164994748521817,6,무,1300
6a8fc2f19e734b79cd22abe9,08e3b91cd9244dd5369f798d6303e5c6,1.098764859910411,6,승,1300
6a8fc4a58a45c0291e2191eb,2eb2f940a69d3a359ff04d17662a4532,1.1346801289497481,6,승,1000
6a8fc520eeab8d7ecbb9b125,6397dd70d327c084bdd58b2a091494dd,1.1164994748521817,6,승,1300
6a8fc63603cb19fff8b30e6f,b4c82084d4ef8bb53170747b9f4e9a61,1.1063730423221056,6,패,900
6a8fc6e99e58e4513557196b,08e3b91cd9244dd5369f798d6303e5c6,1.0987648599104112,6,승,1300
6a8fc78370dcf53d3d2e49f9,2eb2f940a69d3a359ff04d17662a4532,1.1346801289497483,6,승,900
6a8fc8349b5e0ff99f30cc8e,6397dd70d327c084bdd58b2a091494dd,1.1164994748521817,6,승,900
6a8fca81e1f323cc38316251,08e3b91cd9244dd5369f798d6303e5c6,1.0987648599104112,6,승,1300
6a8fcc5a1a23de2cd6971fd6,6397dd70d327c084bdd58b2a091494dd,1.1164994748521815,6,승,900
6a8fcdd29aa7ce99a1301b8e,2eb2f940a69d3a359ff04d17662a4532,1.1416081794398574,6,승,900
6a8fd12eec0f2959c89444bc,2eb2f940a69d3a359ff04d17662a4532,1.1346801289497483,6,승,900
6a8fd20ac6e8aa5c33026762,bf7aa48910ef14c5866851f455a9d37f,1.13147907809299,6,승,1300
6a8fd49bbaf10a176da0f62a,bf7aa48910ef14c5866851f455a9d37f,1.1314790780929902,6,승,1300
6a8fd727e82260083262c201,d4dd1a49179e02a9afadb0cc144ac08d,1.1356714480170498,6,패,900
6a8fd727e82260083262c201,2eb2f940a69d3a359ff04d17662a4532,1.1346801289497483,6,승,900
6a8fd974a5cafe8be2f62d36,bf7aa48910ef14c5866851f455a9d37f,1.1247570339162802,6,패,1300
6a8fd974a5cafe8be2f62d36,2155557fcaa74d184e5ed355b68ca9b4,1.1064059566153255,4,승,900
6a8fda45acb6440016a7e339,afe3fe8b1d6e483e21600e282305e626,1.1534771669025157,6,승,800
6a8fdabdef0bbe8025eba059,2eb2f940a69d3a359ff04d17662a4532,1.1346801289497483,6,승,800
6a8fdabdef0bbe8025eba059,d2d4076ce7350769f6ea623dad94ed5a,1.1451322560965143,6,패,900
6a8fdc128647f7067224e029,bf7aa48910ef14c5866851f455a9d37f,1.13147907809299,6,패,1300
6a8fddff2452c005ecef0029,2eb2f940a69d3a359ff04d17662a4532,1.1346801289497483,6,패,800
6a8fef7268a7ec37e60fc3a8,08e3b91cd9244dd5369f798d6303e5c6,1.098764859910411,6,승,1300
6a8fef7268a7ec37e60fc3a8,d2d4076ce7350769f6ea623dad94ed5a,1.1366153928323277,6,패,900
6a8ff098cfa2db6aa3a9db4f,e1590f0bbb6f24565be5ecb8c7d9c3ea,1.0820874806718856,6,패,2100
6a8ff2484a660a01be92e594,08e3b91cd9244dd5369f798d6303e5c6,1.0987648599104112,6,승,800
6a8ff35cbc7e3b459a8b3fd6,e1590f0bbb6f24565be5ecb8c7d9c3ea,1.0820874806718856,6,승,2100
6a8ff63b463d0e61d7b7478a,e1590f0bbb6f24565be5ecb8c7d9c3ea,1.0824963729419315,5,패,2100
6a8ffa0e132618850d677723,7b16d10af4dcf9d956bd6b0faee5f3d8,1.0790481000745,6,무,2200
6a8ffc96936169029f5d61fa,2eb2f940a69d3a359ff04d17662a4532,1.1346801289497483,6,승,800
6a8fffdb30f6901a84b06e09,e1590f0bbb6f24565be5ecb8c7d9c3ea,1.082301642157985,6,패,2100
6a9007728959cb13c782862e,a9f000a1df20b9740479853a2ee99056,1.1297715202300265,6,패,800
6a9007728959cb13c782862e,2eb2f940a69d3a359ff04d17662a4532,1.1346801289497483,6,승,800
6a9009239e36926d51ac9568,6397dd70d327c084bdd58b2a091494dd,1.1164994748521817,6,패,1300
6a900aed8e1f9e07f1e01a55,08e3b91cd9244dd5369f798d6303e5c6,1.0987648599104112,6,패,900
6a900baf4bc5407907268151,e48b6f05d0f58f776bdb9dbaecc09d7e,1.1486768658733675,6,패,900
6a900baf4bc5407907268151,2eb2f940a69d3a359ff04d17662a4532,1.1416081794398574,6,승,800
6a900c14a518ea49dfdfd88f,6397dd70d327c084bdd58b2a091494dd,1.1164994748521817,6,승,900
6a900cacaad502284db8cc99,e1590f0bbb6f24565be5ecb8c7d9c3ea,1.0873193587614938,6,승,2100
6a900ed4904273a3e906a494,6397dd70d327c084bdd58b2a091494dd,1.1164994748521817,6,승,900
6a900fdc158441d7e3768481,e1590f0bbb6f24565be5ecb8c7d9c3ea,1.0873193587614938,6,패,2100
6a9010bfb782de659a8f14c3,7b16d10af4dcf9d956bd6b0faee5f3d8,1.0790481000745,6,패,2200
6a90126e4c52a05f78380362,6397dd70d327c084bdd58b2a091494dd,1.109631392810113,6,패,900
6a90126e4c52a05f78380362,70798108de215d8b194c90da0d75a87c,1.101224055513877,6,승,800
6a90150f72c4084b8a09bc3e,6397dd70d327c084bdd58b2a091494dd,1.1164994748521817,6,승,900
6a9015bab020a27a6ab4c395,7b16d10af4dcf9d956bd6b0faee5f3d8,1.0790481000745,6,패,2200
6a90177e514cb865ea500877,70798108de215d8b194c90da0d75a87c,1.1012240555138773,6,패,800
6a90177e514cb865ea500877,2eb2f940a69d3a359ff04d17662a4532,1.1406080771669376,6,승,800
6a9017adec29ec54af882845,6397dd70d327c084bdd58b2a091494dd,1.109631392810113,6,패,900
6a9017adec29ec54af882845,76c3297d3bc93d8371d58de802f77310,1.1559696392815122,6,승,900
6a901a4598604f50a8efcba5,6397dd70d327c084bdd58b2a091494dd,1.1164994748521817,6,패,900
6a901ceef6633284e83c5a1e,865503614bd31b4146360d2225a2facd,1.1389073395042197,6,패,800
6a901d444855c660da375d97,7b16d10af4dcf9d956bd6b0faee5f3d8,1.0790481000744998,6,패,2300
6a901e4bcaeff50e95e52521,6397dd70d327c084bdd58b2a091494dd,1.109631392810113,6,패,900
6a901e89ce2ada5abc2fc9b0,cdcab790a58aad2055ca7390ac0f1b5d,1.1353823470788569,6,무,1300
6a902120163b6c2b214b1b05,865503614bd31b4146360d2225a2facd,1.13890733950422,6,패,800
6a902120163b6c2b214b1b05,b4c82084d4ef8bb53170747b9f4e9a61,1.1095390589657812,6,승,800
6a90218912ce3252bc47fc2a,6397dd70d327c084bdd58b2a091494dd,1.1164994748521817,6,승,900
6a90218912ce3252bc47fc2a,32a7460f0f60888bdfa3516ca384205c,1.0997658392886631,6,패,1300
6a902192f5e0b483c7147559,cdcab790a58aad2055ca7390ac0f1b5d,1.1353823470788569,6,승,1300
6a902263313b34d31d808964,7b16d10af4dcf9d956bd6b0faee5f3d8,1.0790481000745,6,패,2300
6a90233ec0333d5713eef959,d753011af474cdf73253c6f273c11882,1.0989957794132945,6,승,800
6a90233ec0333d5713eef959,2eb2f940a69d3a359ff04d17662a4532,1.1346801289497483,6,패,800
6a9024444fc9ee39998a6eeb,cdcab790a58aad2055ca7390ac0f1b5d,1.1353823470788569,6,승,1300
6a902477e2805f9fa80eed75,865503614bd31b4146360d2225a2facd,1.13890733950422,6,승,800
6a9026f55b0dbcfcde9593de,c305d74d5466eadc694c352a7c2d96af,1.1599297564342683,6,승,800
6a9026f55b0dbcfcde9593de,2eb2f940a69d3a359ff04d17662a4532,1.1075656102903233,9,패,800
6a90286a8c85afa94fefcecd,865503614bd31b4146360d2225a2facd,1.13890733950422,6,승,800
6a90286a8c85afa94fefcecd,07076782f2ff941a58b3b5bd42cf1e7f,1.1492848149158685,6,패,800
6a90295dccd03a3253bd90a3,cdcab790a58aad2055ca7390ac0f1b5d,1.1353823470788569,6,승,1300
6a902a29f5b90381bf633f5b,6397dd70d327c084bdd58b2a091494dd,1.1164994748521817,6,승,900
6a902a4cf9e5bde48c7e9e05,2eb2f940a69d3a359ff04d17662a4532,1.1075656102903235,9,패,800
6a902cbd2908336fb240d078,6fbe3816f7848b005f347069c96070a5,1.0980349607629916,6,패,1300
6a902d35fddc08583efa9873,7b16d10af4dcf9d956bd6b0faee5f3d8,1.0790481000745,6,패,2300
6a902d6cf6836e64db9d0dba,2eb2f940a69d3a359ff04d17662a4532,1.1346801289497483,6,승,800
6a902db3cc9b426e12671a35,6397dd70d327c084bdd58b2a091494dd,1.109631392810113,6,승,900
6a902f7dd8b964a2727fa37a,6fbe3816f7848b005f347069c96070a5,1.0980349607629916,6,패,1300
6a902ffd444eaed82b77dbaf,fb9acbc7b4843ade8708a86dd5f22166,1.1318526825139676,6,승,1300
6a90303c27a50395c0d1d22a,6397dd70d327c084bdd58b2a091494dd,1.109631392810113,6,패,900
6a9030fb1e12b4f682750d86,6ed4a7cf6827afb37dcfb2240c602688,1.1391404395530642,6,승,800
6a9030fb1e12b4f682750d86,2eb2f940a69d3a359ff04d17662a4532,1.1346801289497483,6,패,800
6a9031b207783c3f194ae7fa,4a59d8c669a35cc9f4ef766f4d4b321e,1.1154390505121439,6,승,2500
6a903257f8c97784ffa599d3,7b16d10af4dcf9d956bd6b0faee5f3d8,1.075063253746179,6,무,2300
6a90340cd8998acdcf83bb69,6fbe3816f7848b005f347069c96070a5,1.0980349607629916,6,승,1300
6a9036235c4d6a50786ba11a,2eb2f940a69d3a359ff04d17662a4532,1.1346801289497483,6,패,800
6a90371f1ded906fb2f6efd6,6ed4a7cf6827afb37dcfb2240c602688,1.1343552724503934,6,패,800
6a90371f1ded906fb2f6efd6,fb9acbc7b4843ade8708a86dd5f22166,1.1318526825139676,6,승,800
6a903765efdffd7b84ad291e,7b16d10af4dcf9d956bd6b0faee5f3d8,1.0702207322193107,6,패,2300
6a903794504357b187b55563,1108c86f12ac641cc297ce60671cd0aa,1.1237570326075927,6,승,1300
6a90399c86353df5f076e986,6ed4a7cf6827afb37dcfb2240c602688,1.1351184737612618,6,패,800
6a90399c86353df5f076e986,cdcab790a58aad2055ca7390ac0f1b5d,1.1353823470788569,6,승,800
6a903a020cd98c1041643d0c,2525f5791686fc3d07e7047b5d9705e7,1.1163759922592154,5,패,900
6a903a020cd98c1041643d0c,08e3b91cd9244dd5369f798d6303e5c6,1.098764859910411,6,승,900
6a903bbf71cd1139c0f65ab4,1108c86f12ac641cc297ce60671cd0aa,1.1237570326075927,6,승,1300
6a903c8dcceec6ef50f5a3bb,2eb2f940a69d3a359ff04d17662a4532,1.1075656102903233,9,패,800
6a903c8dcceec6ef50f5a3bb,dd4267a3354284818a962d8dd283c338,1.0794945713276791,3,승,900
6a903d920134b7ffe2b7129d,70798108de215d8b194c90da0d75a87c,1.1012240555138773,6,승,800
6a903d920134b7ffe2b7129d,08e3b91cd9244dd5369f798d6303e5c6,1.098764859910411,6,패,900
6a9040301cdc574019b5a121,08e3b91cd9244dd5369f798d6303e5c6,1.0987648599104112,6,승,900
6a9042a6f02e42e4631416cf,bf7aa48910ef14c5866851f455a9d37f,1.1314790780929902,6,무,1300
6a9042d429a7266270cf46cd,08e3b91cd9244dd5369f798d6303e5c6,1.098764859910411,6,승,900
6a9042d429a7266270cf46cd,249b2ba0cdf53408f79512c2f2b4ca33,1.1079332097030192,6,패,800
6a9045901ff86749f6576133,4a59d8c669a35cc9f4ef766f4d4b321e,1.117486843946318,6,무,2500
6a90470a19c44b7dba4c7125,a9f000a1df20b9740479853a2ee99056,1.1290054055171839,6,승,800
6a90470a19c44b7dba4c7125,08e3b91cd9244dd5369f798d6303e5c6,1.0987648599104112,6,패,800
6a90490af41c391baf8dca09,6fbe3816f7848b005f347069c96070a5,1.0980349607629916,6,승,1300
6a90497fc440f40a94a1cbcf,08e3b91cd9244dd5369f798d6303e5c6,1.0987648599104112,6,승,800
6a904b6b16133b1d23fb33ac,6fbe3816f7848b005f347069c96070a5,1.0980349607629918,6,승,1300
6a904cdeac90f947056627ec,08e3b91cd9244dd5369f798d6303e5c6,1.098764859910411,6,승,800
6a904d3a386fd076659aa23b,3b6d553a931611f6452b3c292887aec4,1.1303862615772335,6,승,1300
6a904d71cdd6df3b2f1ebca7,bf7aa48910ef14c5866851f455a9d37f,1.1314790780929902,6,승,1100
6a904dcb26b40d0d16fc35db,2525f5791686fc3d07e7047b5d9705e7,1.1163759922592154,5,패,900
6a904dcb26b40d0d16fc35db,1108c86f12ac641cc297ce60671cd0aa,1.1237570326075927,6,승,800
6a904e3177d2590a42f06655,6fbe3816f7848b005f347069c96070a5,1.0980349607629916,6,패,1300
6a904fcda68433bb8597ca1b,3b6d553a931611f6452b3c292887aec4,1.1303862615772335,6,승,1300
6a90506270549a4b806c6305,bf7aa48910ef14c5866851f455a9d37f,1.1314790780929902,6,승,1100
6a905096d3b97cad411e9717,fb9acbc7b4843ade8708a86dd5f22166,1.1318526825139676,6,승,1300
6a9050dfb00b8f14a00a71d1,6fbe3816f7848b005f347069c96070a5,1.0980349607629916,6,무,1300
6a90534693c0473ea0a6e2ab,3b6d553a931611f6452b3c292887aec4,1.1303862615772335,6,승,1300
6a9055eadbccd766f9520235,6fbe3816f7848b005f347069c96070a5,1.0980349607629916,6,패,800
6a9055eadbccd766f9520235,cdcab790a58aad2055ca7390ac0f1b5d,1.1353823470788569,6,승,800
6a90593bdf840c59aed42379,6fbe3816f7848b005f347069c96070a5,1.0980349607629916,6,패,800
6a905996abf61e1cebaebb25,cdcab790a58aad2055ca7390ac0f1b5d,1.1353823470788569,6,승,800
6a905996abf61e1cebaebb25,249b2ba0cdf53408f79512c2f2b4ca33,1.1079332097030195,6,패,900
6a905a7bbc1e921dc19d9693,ebc08cdfda1bcfcaace1a6d698524783,1.1250428358807456,6,무,2300
6a905d368cdaffbef4bd86f3,ebc08cdfda1bcfcaace1a6d698524783,1.1250428358807456,6,패,2300
6a9060013d980f4b450769dc,ebc08cdfda1bcfcaace1a6d698524783,1.1250428358807456,6,승,2300
6a90614582dac6d48e19c560,2eb2f940a69d3a359ff04d17662a4532,1.1416081794398574,6,패,900
6a90614582dac6d48e19c560,cdcab790a58aad2055ca7390ac0f1b5d,1.1353823470788569,6,승,800
6a906674d1e39d3f3b626c0b,2eb2f940a69d3a359ff04d17662a4532,1.1416081794398574,6,승,900
6a90695ca254e975e1267a96,2eb2f940a69d3a359ff04d17662a4532,1.1416081794398572,6,승,800
6a9069bf877610213742bcf7,cdcab790a58aad2055ca7390ac0f1b5d,1.1353823470788569,6,승,800
6a906c57b33c3fc762e9728b,2eb2f940a69d3a359ff04d17662a4532,1.1416081794398574,6,승,800
6a906ef26ca62c505c225d97,2eb2f940a69d3a359ff04d17662a4532,1.1416081794398572,6,승,800
6a9079178761b2da88a9d550,2a761d25aff27002db4fcccdcdc84e62,1.1404397191650666,6,승,1100
6a907970cceec60404f80aa6,2eb2f940a69d3a359ff04d17662a4532,1.1416081794398574,6,승,800
6a907b82d6c25a48e9d9b06e,2a761d25aff27002db4fcccdcdc84e62,1.1404397191650668,6,승,1100
6a907e497ae6474355fe00ae,2a761d25aff27002db4fcccdcdc84e62,1.1404397191650668,6,승,900
6a907ff06e7a554bfc16f2a5,ebc08cdfda1bcfcaace1a6d698524783,1.1250428358807456,6,무,2300
6a9082aa1fb798388f49887e,ebc08cdfda1bcfcaace1a6d698524783,1.1250428358807458,6,승,2300
6a9085526459d3e03ec9d9ff,ebc08cdfda1bcfcaace1a6d698524783,1.1250428358807458,6,패,2300
6a908858699e5b37e4c6a19e,ebc08cdfda1bcfcaace1a6d698524783,1.1250428358807456,6,승,2300
6a908876b95100145ee6a73d,fb9acbc7b4843ade8708a86dd5f22166,1.1318526825139676,6,승,800
6a908b1a4da1976e22a878a5,ebc08cdfda1bcfcaace1a6d698524783,1.1250428358807456,6,패,2300
6a908e0a13934d3d57858042,ebc08cdfda1bcfcaace1a6d698524783,1.1250428358807456,6,패,2300
6a909162ecf2c22187f1fe4e,ebc08cdfda1bcfcaace1a6d698524783,1.1250428358807456,6,승,2300
6a909210402c8f3606241277,2a761d25aff27002db4fcccdcdc84e62,1.1404397191650666,6,승,900
6a909445279452ecde951d2d,ebc08cdfda1bcfcaace1a6d698524783,1.1250428358807456,6,무,2300
6a90949f7a0ea0382ec4d3fb,2a761d25aff27002db4fcccdcdc84e62,1.1404397191650666,6,승,900
6a9096c69c31389bb21f59e6,ebc08cdfda1bcfcaace1a6d698524783,1.1250428358807456,6,무,2300
6a909a36df43f639f9faea10,ebc08cdfda1bcfcaace1a6d698524783,1.116363000378717,6,승,2300
6a909b1d0e59330d4077d7be,2a761d25aff27002db4fcccdcdc84e62,1.1404397191650666,6,승,900
6a909d6948364ffd5ece1685,ebc08cdfda1bcfcaace1a6d698524783,1.1163630003787173,6,패,2300
6a909e4dadebd211396afde9,2a761d25aff27002db4fcccdcdc84e62,1.1404397191650666,6,승,900
6a909ff818ca778d18224297,ebc08cdfda1bcfcaace1a6d698524783,1.1163630003787173,6,승,2300
6a90a110f64d777e6eab50cb,2a761d25aff27002db4fcccdcdc84e62,1.1404397191650668,6,패,800
6a90a1c30499be67e907cafb,6a536bb407850c946f1383e8b0f99982,1.143949078055807,6,승,800
6a90a2d619b649601b4f5057,ebc08cdfda1bcfcaace1a6d698524783,1.116363000378717,6,승,2300
6a90a3ce7384ce6538d2f040,2a761d25aff27002db4fcccdcdc84e62,1.1404397191650666,6,승,900
6a90a9756ae81864849d4ddd,2a761d25aff27002db4fcccdcdc84e62,1.1404397191650666,6,승,800
6a90ab260a2580abae3d87ff,6a536bb407850c946f1383e8b0f99982,1.1289955861716738,6,패,800
6a90bc079b14eda7e20b0827,4f3fd3cf2a639bf0002c93993bf125da,1.158893507375171,6,패,800
6a90be6a8803355d10d9757b,afe3fe8b1d6e483e21600e282305e626,1.1549033494280279,6,패,800
6a90c10738141fb967ef8f80,4f3fd3cf2a639bf0002c93993bf125da,1.1588778844616832,6,승,800
6a90c1f7d31da851725efb1b,afe3fe8b1d6e483e21600e282305e626,1.1534771669025161,6,승,800
6a90c572c5e3af84c2a10237,8e15ac08c307158d4c8bfe7b537e1364,1.1236484027432603,6,승,1100
6a90ccad60ffef453d80d4b5,8e15ac08c307158d4c8bfe7b537e1364,1.1255931382155504,6,승,1100
6a90cf663a1e3c365c635172,8e15ac08c307158d4c8bfe7b537e1364,1.1255931382155504,6,승,1000
6a90d3de60a7611c8f25a0eb,4f3fd3cf2a639bf0002c93993bf125da,1.1588778844616832,6,승,1300
6a90d7924d0b4776ba74c40e,4f3fd3cf2a639bf0002c93993bf125da,1.1588778844616832,6,승,1300
6a90d805ce2ada5d00352f87,e1590f0bbb6f24565be5ecb8c7d9c3ea,1.0873193587614935,6,무,2100
6a90da79d58b8ced438e65e3,4f3fd3cf2a639bf0002c93993bf125da,1.1588778844616832,6,승,1300
6a90db34bace7b50c3c9158e,e1590f0bbb6f24565be5ecb8c7d9c3ea,1.0782195996738393,5,승,2100
6a90dce308c50af12d8316bf,afe3fe8b1d6e483e21600e282305e626,1.1534771669025161,6,패,800
6a90ddb84de74f228d70379e,4f3fd3cf2a639bf0002c93993bf125da,1.1588778844616832,6,승,800
6a90e1845dbff67c1f9e2e57,4f3fd3cf2a639bf0002c93993bf125da,1.1588778844616832,6,승,800
6a90e1845dbff67c1f9e2e57,d2d4076ce7350769f6ea623dad94ed5a,1.1366153928323277,6,패,900
6a90e40c3f743f47e69dbac9,bf7aa48910ef14c5866851f455a9d37f,1.1314790780929902,6,승,1000
6a90e463c5bfbf9f1a9b7ab6,4f3fd3cf2a639bf0002c93993bf125da,1.1588778844616832,6,승,800
6a90e6f268ed4d5fb142b615,bf7aa48910ef14c5866851f455a9d37f,1.1247570339162802,6,패,900
6a90e6f268ed4d5fb142b615,d5b6b8e9bae095b5f1557444b397024c,1.1280160005845117,6,승,900
6a90e77dc686d275b90a5d76,6a536bb407850c946f1383e8b0f99982,1.143949078055807,6,승,800
6a90e77dc686d275b90a5d76,d2d4076ce7350769f6ea623dad94ed5a,1.1451322560965143,6,패,900
6a90e9afcc9b427e1a6c1b91,bf7aa48910ef14c5866851f455a9d37f,1.13147907809299,6,승,1000
6a90ea6fa2dbd4614451a7f4,6a536bb407850c946f1383e8b0f99982,1.143949078055807,6,승,800
6a90ea6fa2dbd4614451a7f4,5db861ee4d9dfe7f46c6aba2e1bcf931,1.1109710788527027,6,패,800
6a90ec0f704c283b44432672,7b16d10af4dcf9d956bd6b0faee5f3d8,1.0790481000745,6,패,2300
6a90ec2dc4b606362faaf07b,bf7aa48910ef14c5866851f455a9d37f,1.1314790780929902,6,승,900
6a90ef128fbe69e30a4ebbeb,bf7aa48910ef14c5866851f455a9d37f,1.1314790780929902,6,승,900
6a90f181bcfb5c14dabef226,7b16d10af4dcf9d956bd6b0faee5f3d8,1.0790481000745,6,패,2400
6a90f1ea7f3009b9703663aa,6a536bb407850c946f1383e8b0f99982,1.143949078055807,6,승,800
6a90f27299bc6446909742b3,afe3fe8b1d6e483e21600e282305e626,1.1534771669025157,6,승,800
6a90f7670b17314c1f09e17e,6a536bb407850c946f1383e8b0f99982,1.1289955861716736,6,패,800
6a90f7670b17314c1f09e17e,afe3fe8b1d6e483e21600e282305e626,1.1534771669025157,6,승,800
6a90ff4c3975be2133dcec1d,7b16d10af4dcf9d956bd6b0faee5f3d8,1.0790481000745,6,승,2400
6a91041139b9488cdc11cbb7,7b16d10af4dcf9d956bd6b0faee5f3d8,1.0790481000745,6,승,2400
6a910456b6aa8b0cc19ad027,afe3fe8b1d6e483e21600e282305e626,1.1534771669025157,6,승,800
6a910af39301646a09138fd0,31a20d01827a9c69bcae9d27fc96b315,1.095841954931265,6,승,800
6a910af39301646a09138fd0,afe3fe8b1d6e483e21600e282305e626,1.1549033494280279,6,패,800
6a910d4e2a8a35583aa74596,7b16d10af4dcf9d956bd6b0faee5f3d8,1.0790481000745,6,승,2300
6a910dd4fc681828db7b8ea6,865503614bd31b4146360d2225a2facd,1.1389073395042197,6,패,800
6a910dd4fc681828db7b8ea6,86caf7598ea79a833b176139b7d76fcb,1.126238091232531,6,승,800
6a911126f4c474075d772767,7b16d10af4dcf9d956bd6b0faee5f3d8,1.0790481000745,6,패,2300
6a911574786ba2006116822c,865503614bd31b4146360d2225a2facd,1.1389073395042202,6,승,800
6a911574786ba2006116822c,2525f5791686fc3d07e7047b5d9705e7,1.1163759922592154,5,패,800
6a9119218ba5f75ab5801e69,6a536bb407850c946f1383e8b0f99982,1.143949078055807,6,승,1300
6a911c52c84e207d663a19d4,865503614bd31b4146360d2225a2facd,1.1389073395042202,6,승,800
6a911c5e4aac66290c28505c,6a536bb407850c946f1383e8b0f99982,1.143949078055807,6,무,1300
6a911f31637d2e4d8f77a867,6a536bb407850c946f1383e8b0f99982,1.1293479802721162,6,승,1300
6a91207ab5951f68130fe7e6,865503614bd31b4146360d2225a2facd,1.1389073395042197,6,승,800
6a91207ab5951f68130fe7e6,bb0b4f065fcdebcf571118d9ca1a0ac0,1.1467312086518278,6,패,800
6a9123265764744b7e0ca30f,865503614bd31b4146360d2225a2facd,1.13890733950422,6,승,800
6a9123265764744b7e0ca30f,4877f586def5b5ef53b826c131d53c94,1.1339704542999371,6,패,800
6a91240a910a95ce5db320ff,6a536bb407850c946f1383e8b0f99982,1.143949078055807,6,승,1300
6a912411ede5fe1b9008aa8b,afe3fe8b1d6e483e21600e282305e626,1.153477166902516,6,승,800
6a912411ede5fe1b9008aa8b,bb0b4f065fcdebcf571118d9ca1a0ac0,1.1432992336517582,6,패,900
6a9126811b5c0d3894ea4c9e,865503614bd31b4146360d2225a2facd,1.13890733950422,6,패,800
6a912723d8610215f768195c,afe3fe8b1d6e483e21600e282305e626,1.1534771669025157,6,승,800
6a91276f34cc54556007953a,6a536bb407850c946f1383e8b0f99982,1.1293479802721162,6,패,1300
6a912c2dc1fb7050e2a217da,752f823e171bba144c516086bda3d89a,1.112488877043948,6,패,800
6a912c2dc1fb7050e2a217da,865503614bd31b4146360d2225a2facd,1.1389073395042197,6,승,800
6a91307c1ac5fd0bd742cb6b,752f823e171bba144c516086bda3d89a,1.112488877043948,6,승,800
6a9131551ce865d468fb7496,865503614bd31b4146360d2225a2facd,1.13890733950422,6,승,800
6a91328306c633cab14db1c0,afe3fe8b1d6e483e21600e282305e626,1.153477166902516,6,승,800
6a91328306c633cab14db1c0,d7abae216a3b9abd88046209098b9642,1.1230009505101293,6,패,800
6a9135d3250c8925af5134c0,afe3fe8b1d6e483e21600e282305e626,1.1534771669025157,6,승,800
6a913e933b995a357c9e3d61,6a536bb407850c946f1383e8b0f99982,1.1293479802721165,6,패,800
6a913e933b995a357c9e3d61,dbd92e3af57a94f4df9e711dcd230345,1.130351487360793,6,승,800
6a91466b613ab7b672cfa7e6,08e3b91cd9244dd5369f798d6303e5c6,1.090228043810413,6,승,800
6a914773110f263488e8b8d9,cdcab790a58aad2055ca7390ac0f1b5d,1.1353823470788569,6,승,800
6a914773110f263488e8b8d9,ace652363cc849d864cb08ffeffe4205,1.1214487467809748,6,패,800
6a91492bffbcad4ccd93a35c,08e3b91cd9244dd5369f798d6303e5c6,1.090228043810413,6,패,800
6a9149ad9222a2d8b83be6a3,c305d74d5466eadc694c352a7c2d96af,1.1633921479154326,6,승,800
6a9149ad9222a2d8b83be6a3,07076782f2ff941a58b3b5bd42cf1e7f,1.1492848149158685,6,패,800
6a914bd9b0e4d47569a8c436,08e3b91cd9244dd5369f798d6303e5c6,1.0873288392776288,6,승,800
6a914bd9b0e4d47569a8c436,cdcab790a58aad2055ca7390ac0f1b5d,1.1353823470788569,6,패,800
6a914caee5c95b3dbdc01c88,8bf198976b441f2c496e1b2014a18b3e,1.1343050370164065,6,무,2200
6a914f0d444eae20b87fa46a,7b16d10af4dcf9d956bd6b0faee5f3d8,1.0790481000745,6,승,2300
6a914f3bb0050853ef1abfdd,865503614bd31b4146360d2225a2facd,1.13890733950422,6,승,800
6a914f3bb0050853ef1abfdd,ace652363cc849d864cb08ffeffe4205,1.118440295848117,6,패,800
6a914fdd6520746166cbaa6a,8bf198976b441f2c496e1b2014a18b3e,1.1282888541626155,6,승,2200
6a9150503a37fff6a9985dee,5db861ee4d9dfe7f46c6aba2e1bcf931,1.1109710788527025,6,패,800
6a9150503a37fff6a9985dee,08e3b91cd9244dd5369f798d6303e5c6,1.090228043810413,6,승,800
6a91509ae58d7118ca5cce99,c305d74d5466eadc694c352a7c2d96af,1.1687876345936623,6,패,800
6a91509ae58d7118ca5cce99,6ed4a7cf6827afb37dcfb2240c602688,1.1324917263412204,6,승,800
6a9152626459d31274ce721e,8bf198976b441f2c496e1b2014a18b3e,1.1171590115680077,6,승,2200
6a9152d3be334251de1c462b,08e3b91cd9244dd5369f798d6303e5c6,1.0873288392776288,6,승,800
6a9152d3be334251de1c462b,ace652363cc849d864cb08ffeffe4205,1.118440295848117,6,패,800
6a9153450af60e11e23ea48c,865503614bd31b4146360d2225a2facd,1.1389073395042197,6,패,800
6a91554ea815cc106e67de77,6ed4a7cf6827afb37dcfb2240c602688,1.1324917263412202,6,패,800
6a91554ea815cc106e67de77,08e3b91cd9244dd5369f798d6303e5c6,1.090228043810413,6,승,800
6a915632df12c450357ea45d,7b16d10af4dcf9d956bd6b0faee5f3d8,1.0790481000745,6,무,2300
6a9156c3eb213b5995f344a4,c305d74d5466eadc694c352a7c2d96af,1.1633921479154328,6,패,800
6a9156c3eb213b5995f344a4,865503614bd31b4146360d2225a2facd,1.13890733950422,6,승,800
6a91575a0e1539979919a330,8979f68fc7ec9230c47d90f0100badcd,1.1047482920758782,6,승,1100
6a915cbb09031a041ff74984,c305d74d5466eadc694c352a7c2d96af,1.1633921479154326,6,승,800
6a915d1a06bb616d4b089486,752f823e171bba144c516086bda3d89a,1.112488877043948,6,패,800
6a915e3e525a7fd1eb43cd3b,8979f68fc7ec9230c47d90f0100badcd,1.1047482920758782,6,승,1100
6a915fa16df50cd96086a5a4,752f823e171bba144c516086bda3d89a,1.112488877043948,6,패,800
6a91614949da1187fa77bde2,f527ccf33bc30a42718492febe92a011,1.1487702810418048,6,패,2100
6a9163a11a886cae5d10a3d5,752f823e171bba144c516086bda3d89a,1.112488877043948,6,패,800
6a9163a11a886cae5d10a3d5,44d2861d6a8ed5e5ad447017386444df,1.1217759082188263,6,승,900
6a91662c6c2cfdf7185e7c6c,f527ccf33bc30a42718492febe92a011,1.1487702810418048,6,무,2100
6a9169f5baf10a2237ad961e,f527ccf33bc30a42718492febe92a011,1.1487702810418048,6,무,2100
6a916aa2e12de299922d1fa4,b4c82084d4ef8bb53170747b9f4e9a61,1.0987270409594148,6,패,800
6a916aa2e12de299922d1fa4,08e3b91cd9244dd5369f798d6303e5c6,1.090228043810413,6,승,800
6a916d18cde1b390d6154385,08e3b91cd9244dd5369f798d6303e5c6,1.0902280438104133,6,패,800
6a916d18cde1b390d6154385,fb9acbc7b4843ade8708a86dd5f22166,1.1318526825139676,6,승,800
6a916e65f689e07eff31a84c,752f823e171bba144c516086bda3d89a,1.112488877043948,6,승,800
6a916e65f689e07eff31a84c,ace652363cc849d864cb08ffeffe4205,1.118440295848117,6,패,800
6a916fd1ed08c6bbbbe3f45a,08e3b91cd9244dd5369f798d6303e5c6,1.090228043810413,6,패,800
6a9170a8e4f8255802b0cace,6fbe3816f7848b005f347069c96070a5,1.0980349607629918,6,패,800
6a9171b7938a3c5748ca260c,752f823e171bba144c516086bda3d89a,1.112488877043948,6,승,800
6a91735a2417281ac9ee3c3b,08e3b91cd9244dd5369f798d6303e5c6,1.090228043810413,6,승,800
6a91735a2417281ac9ee3c3b,ace652363cc849d864cb08ffeffe4205,1.1214487467809748,6,패,800
6a9176a42470ce7b23067b7a,08e3b91cd9244dd5369f798d6303e5c6,1.090228043810413,6,승,800
6a9176a42470ce7b23067b7a,07076782f2ff941a58b3b5bd42cf1e7f,1.1492848149158685,6,패,800
6a9176ffed9aa137e39a01e8,c305d74d5466eadc694c352a7c2d96af,1.1633921479154326,6,승,800
6a9176ffed9aa137e39a01e8,6fbe3816f7848b005f347069c96070a5,1.0980349607629918,6,패,800
6a9179eac7683840761dbd89,6ed4a7cf6827afb37dcfb2240c602688,1.1324917263412202,6,패,800
6a9179eac7683840761dbd89,6fbe3816f7848b005f347069c96070a5,1.0980349607629916,6,승,800
6a917b40165c934ae1cb7f5f,bbfe0be20867d708ba3a66bb5ac83b5f,1.0697115213105814,6,승,1300
6a917b40165c934ae1cb7f5f,8e15ac08c307158d4c8bfe7b537e1364,1.1254624248920726,6,패,900
6a917bd583aba45a15e8ad57,70798108de215d8b194c90da0d75a87c,1.101224055513877,6,승,800
6a917bd583aba45a15e8ad57,08e3b91cd9244dd5369f798d6303e5c6,1.090228043810413,6,패,800
6a917c0a98ce0410900f5ef4,c305d74d5466eadc694c352a7c2d96af,1.1687876345936623,6,패,800
6a917e220d26cb287328ae37,8e15ac08c307158d4c8bfe7b537e1364,1.1286162905094013,6,패,900
6a917f6ac02a541890a74864,c305d74d5466eadc694c352a7c2d96af,1.1633921479154326,6,승,800
6a917f6ac02a541890a74864,70798108de215d8b194c90da0d75a87c,1.101224055513877,6,패,800
6a917f6d71ddf5792d4c2803,08e3b91cd9244dd5369f798d6303e5c6,1.090228043810413,6,승,800
6a91803c21f85b310aa6d41a,8979f68fc7ec9230c47d90f0100badcd,1.1047482920758782,6,승,1000
6a91847c1284f9e3836bceff,c305d74d5466eadc694c352a7c2d96af,1.1687876345936623,6,패,800
6a9187c7877610f74d4a5d51,6fbe3816f7848b005f347069c96070a5,1.0980349607629913,6,패,800
6a918869345b035c5abde25c,c305d74d5466eadc694c352a7c2d96af,1.1633921479154326,6,승,800
6a918869345b035c5abde25c,d7abae216a3b9abd88046209098b9642,1.1230009505101293,6,패,900
6a91887d3de1474497fcee37,8979f68fc7ec9230c47d90f0100badcd,1.1047482920758782,6,승,900
6a9189269435974bdf82a57d,fb9acbc7b4843ade8708a86dd5f22166,1.1318526825139676,6,승,1300
6a918a2caaab52abefca01be,6fbe3816f7848b005f347069c96070a5,1.0980349607629916,6,승,800
6a918e363685c1eb360ea2b0,c305d74d5466eadc694c352a7c2d96af,1.1633921479154326,6,승,800
6a9190a02aeaeaa8715c8f3f,8979f68fc7ec9230c47d90f0100badcd,1.1047482920758782,6,승,900
6a9190cbe4d3e31e296c2282,c305d74d5466eadc694c352a7c2d96af,1.1687876345936623,6,패,800
6a9190cbe4d3e31e296c2282,5db861ee4d9dfe7f46c6aba2e1bcf931,1.1171348763084563,6,승,800
6a91928b7739b24dcfeffdfa,1108c86f12ac641cc297ce60671cd0aa,1.1248401698857708,6,패,800
6a91928b7739b24dcfeffdfa,249b2ba0cdf53408f79512c2f2b4ca33,1.1079332097030195,6,승,900
6a9194fdc793c91c784ca8df,1108c86f12ac641cc297ce60671cd0aa,1.1248401698857708,6,패,800
6a9194fdc793c91c784ca8df,2155557fcaa74d184e5ed355b68ca9b4,1.1193208077506471,7,승,900
6a9197c41204b2b215f35ecc,1108c86f12ac641cc297ce60671cd0aa,1.1248401698857708,6,패,900
6a9198d9c81be5d3656bc1ac,4a59d8c669a35cc9f4ef766f4d4b321e,1.1202391021427436,6,무,2500
6a91990e64399c6f18ec4a53,f527ccf33bc30a42718492febe92a011,1.1396019488474687,6,패,2100
6a919b95a7dd239235fe267c,8e15ac08c307158d4c8bfe7b537e1364,1.123929698661169,6,승,1000
6a919bfe8f82718cf9c4ed22,f527ccf33bc30a42718492febe92a011,1.1396019488474687,6,승,2200
6a919c715af19b5b296b7ceb,1108c86f12ac641cc297ce60671cd0aa,1.1237570326075927,6,승,900
6a919e980a0691d735542f84,3b6d553a931611f6452b3c292887aec4,1.1303862615772335,6,승,800
6a919e980a0691d735542f84,ace652363cc849d864cb08ffeffe4205,1.1214487467809748,6,패,800
6a919f9673dbc1b174023e55,f527ccf33bc30a42718492febe92a011,1.1396019488474685,6,승,2100
6a919fb8405a77fee7a67823,1108c86f12ac641cc297ce60671cd0aa,1.1237570326075927,6,패,900
6a919fb8405a77fee7a67823,d7abae216a3b9abd88046209098b9642,1.1230009505101295,6,승,900
6a91a175a5ce24ce1061c575,3b6d553a931611f6452b3c292887aec4,1.1318315153014618,6,패,1300
6a91a2421251888b12dfd8ae,f527ccf33bc30a42718492febe92a011,1.1396019488474685,6,승,2100
6a91a391fb0e87c4362e8236,4a59d8c669a35cc9f4ef766f4d4b321e,1.119416590973762,6,패,2500
6a91a3dc8c1664285e589e4e,1108c86f12ac641cc297ce60671cd0aa,1.1237570326075927,6,패,900
6a91a42611e943c85d26e484,3b6d553a931611f6452b3c292887aec4,1.1318315153014618,6,패,1300
6a91a5a798be6362ae137a12,f527ccf33bc30a42718492febe92a011,1.1396019488474687,6,무,2100
6a91a7ac10091a812cce27e1,1108c86f12ac641cc297ce60671cd0aa,1.1248401698857708,6,패,900
6a91a8775cc25f2554ab5f40,f527ccf33bc30a42718492febe92a011,1.1396019488474685,6,패,2100
6a91aa55e4cf42ad659701de,3b6d553a931611f6452b3c292887aec4,1.1303862615772335,6,승,1300
6a91adb57ff5f21b11ed35a5,4a59d8c669a35cc9f4ef766f4d4b321e,1.1202391021427431,6,패,2500
6a91b01c782fe41b27c04ddf,2a761d25aff27002db4fcccdcdc84e62,1.1404397191650666,6,승,800
6a91b01c782fe41b27c04ddf,2525f5791686fc3d07e7047b5d9705e7,1.1163759922592154,5,패,900
6a91b38e5bab7fe733d6e96f,2a761d25aff27002db4fcccdcdc84e62,1.1404397191650668,6,승,1300
6a91b5ee49da114ba97b9cf5,2a761d25aff27002db4fcccdcdc84e62,1.1404397191650666,6,승,1300
6a91b8b539b9483b4a18c6f1,2a761d25aff27002db4fcccdcdc84e62,1.1404397191650666,6,승,1300
6a91bb377fc6dffba704d204,2a761d25aff27002db4fcccdcdc84e62,1.1404397191650666,6,승,1300
6a91bdb15d3e630d8cc9baa0,2a761d25aff27002db4fcccdcdc84e62,1.1404397191650668,6,승,1300
6a91bdb15d3e630d8cc9baa0,992819c32a72af2b1e208a4431a7dd14,1.1263144707958206,5,패,900
6a91c191a4bcbf5f5a7a6b10,2a761d25aff27002db4fcccdcdc84e62,1.1404397191650666,6,승,800
6a91c53ee6cc27594c5a1ecd,2a761d25aff27002db4fcccdcdc84e62,1.1404397191650668,6,패,800
6a91c81cf2fa616182e6823f,2eb2f940a69d3a359ff04d17662a4532,1.1416081794398574,6,승,800
6a91c8e49ea09061b065ae89,2a761d25aff27002db4fcccdcdc84e62,1.1404397191650668,6,승,800
6a91cb6829a726f77bdb8b53,2a761d25aff27002db4fcccdcdc84e62,1.1404397191650666,6,승,800
6a91cd9758e8005830c3d58a,5889ac88cb81de7b5c95e53b29f197cf,1.0568892762379958,5,패,900
6a91cd9758e8005830c3d58a,2eb2f940a69d3a359ff04d17662a4532,1.1416081794398574,6,승,800
6a91cfcb6a29b42a4a590fb1,2a761d25aff27002db4fcccdcdc84e62,1.1404397191650668,6,패,800
6a91d6f709564d31b26991da,2a761d25aff27002db4fcccdcdc84e62,1.1404397191650666,6,승,800
6a91dcfd6f61380173bfbd64,2a761d25aff27002db4fcccdcdc84e62,1.1404397191650666,6,승,800
6a91e6a7f448721b199545f1,8dcb71aeef40848562bcf75338f7ff9f,1.1229847902878376,6,승,900
6a91e6a7f448721b199545f1,fb9acbc7b4843ade8708a86dd5f22166,1.1318526825139676,6,패,800
6a91edfa16dcf22bd6897363,fd51a181de9e8cc749bad03aa85726cb,1.0965338108875196,6,패,800
6a91edfa16dcf22bd6897363,fb9acbc7b4843ade8708a86dd5f22166,1.1318526825139676,6,승,800
6a91f06109031a2f8ffce429,ebc08cdfda1bcfcaace1a6d698524783,1.1250428358807456,6,무,2200
6a91f135ba467a65bb0aba7c,fb9acbc7b4843ade8708a86dd5f22166,1.1318526825139676,6,승,800
6a91f343f3c947760cf166b7,ebc08cdfda1bcfcaace1a6d698524783,1.1250428358807458,6,승,2200
6a91f4efff33faefef7f269b,2a761d25aff27002db4fcccdcdc84e62,1.1404397191650668,6,패,800
6a91f4efff33faefef7f269b,fb9acbc7b4843ade8708a86dd5f22166,1.1318526825139676,6,승,800
6a91f9fe97eac686c51c840c,ebc08cdfda1bcfcaace1a6d698524783,1.1212868144351222,6,무,2200
6a91fa8b8f03555f348937ac,fb9acbc7b4843ade8708a86dd5f22166,1.1268992475557351,6,승,800
6a91fab12f42e25e5da67d8d,2a761d25aff27002db4fcccdcdc84e62,1.1404397191650666,6,승,800
6a91fcd5068ab07736a45441,ebc08cdfda1bcfcaace1a6d698524783,1.1212868144351225,6,승,2200
6a91ffab2a2d668496b2f534,8e15ac08c307158d4c8bfe7b537e1364,1.1286162905094013,6,패,1000
6a920256707e781bda80c1ca,8e15ac08c307158d4c8bfe7b537e1364,1.1239296986611693,6,승,1000
6a920260d1e5416e8b98c910,ebc08cdfda1bcfcaace1a6d698524783,1.1212868144351222,6,무,2200
6a9204695d029982543d67ce,2a761d25aff27002db4fcccdcdc84e62,1.1404397191650666,6,패,800
6a920524c072392d6147d739,8e15ac08c307158d4c8bfe7b537e1364,1.1291086716949834,6,승,1000
6a920563751a7a6b87be4a72,ebc08cdfda1bcfcaace1a6d698524783,1.1212868144351222,6,패,2200
6a920820878427b020d6eb28,8e15ac08c307158d4c8bfe7b537e1364,1.1307721112493647,6,승,900
6a920981bc19ccb759e53cf1,2a761d25aff27002db4fcccdcdc84e62,1.1404397191650666,6,승,800
6a920981bc19ccb759e53cf1,b4c82084d4ef8bb53170747b9f4e9a61,1.0987270409594145,6,패,900
6a920c252cbe9b24187de1e2,b4c82084d4ef8bb53170747b9f4e9a61,1.1095390589657808,6,승,900
6a920c252cbe9b24187de1e2,8e15ac08c307158d4c8bfe7b537e1364,1.1286162905094013,6,패,900
6a920eeac9d227577507d61f,8e15ac08c307158d4c8bfe7b537e1364,1.1255931382155504,6,승,900
6a9211bef2aec9b64565fb3c,8e15ac08c307158d4c8bfe7b537e1364,1.123929698661169,6,패,900
6a9211bef2aec9b64565fb3c,a99ebe2ef6e39fb470ba670bd4c26de3,1.0916007632330704,5,승,900
6a921287e4cb386c14b885d4,afe3fe8b1d6e483e21600e282305e626,1.1483880911319888,6,패,800
6a92168368d7746fc6c7867b,8e15ac08c307158d4c8bfe7b537e1364,1.1286162905094013,6,패,900
6a921820593d1f3208995674,afe3fe8b1d6e483e21600e282305e626,1.148388091131989,6,승,800
6a921820593d1f3208995674,a99ebe2ef6e39fb470ba670bd4c26de3,1.100834394414258,5,패,800
6a92216a9b31da826b9b5702,6397dd70d327c084bdd58b2a091494dd,1.1373136032909896,6,승,1300
6a922512e83733392aaa8229,e1590f0bbb6f24565be5ecb8c7d9c3ea,1.0873193587614938,6,패,2100
6a9225fa03aa8f268b44efbd,4a59d8c669a35cc9f4ef766f4d4b321e,1.1398441475108751,6,무,2500
6a9228ea1ca96db84e8714ed,7b16d10af4dcf9d956bd6b0faee5f3d8,1.0790481000745,6,무,2300
6a9228f3c1cc2066d5ce0927,8e15ac08c307158d4c8bfe7b537e1364,1.1239296986611693,6,승,1000
6a92299a290b757b444f45d2,e1590f0bbb6f24565be5ecb8c7d9c3ea,1.072180590195388,5,승,2100
6a922ccad9433778cdba247c,6397dd70d327c084bdd58b2a091494dd,1.1373136032909896,6,패,1300
6a922d5385e9e5f9a2ff32ec,eac7f378d102d21612ba9dc3059695f8,1.1194402375362729,6,패,800
6a922d5385e9e5f9a2ff32ec,afe3fe8b1d6e483e21600e282305e626,1.148388091131989,6,승,800
6a922e6f6af493917a0227c5,4a59d8c669a35cc9f4ef766f4d4b321e,1.1448201363790274,6,패,2500
6a922e747c21dc86423067e5,7b16d10af4dcf9d956bd6b0faee5f3d8,1.0790481000745,6,패,2300
6a922ef5f7d96917cdb4093e,8e15ac08c307158d4c8bfe7b537e1364,1.1239296986611693,6,승,900
6a922f4f4fd0d54c77a6e021,6397dd70d327c084bdd58b2a091494dd,1.1373136032909896,6,승,1300
6a922f5ee140e869c82cc80c,09c673f32b5e7e8235bed9bb9bca2168,1.1427445591031606,6,승,900
6a922f5ee140e869c82cc80c,08e3b91cd9244dd5369f798d6303e5c6,1.0902280438104133,6,패,800
6a9231dddc767985bd122677,eac7f378d102d21612ba9dc3059695f8,1.1194402375362729,6,패,800
6a9231dddc767985bd122677,08e3b91cd9244dd5369f798d6303e5c6,1.087328839277629,6,승,800
6a92320eb8e31955e7d2f155,09c673f32b5e7e8235bed9bb9bca2168,1.1427445591031606,6,패,900
6a92320eb8e31955e7d2f155,afe3fe8b1d6e483e21600e282305e626,1.148388091131989,6,승,800
6a9233f0199a05e55fd85725,6397dd70d327c084bdd58b2a091494dd,1.1036139146372075,6,패,900
6a9234fafb839ddabe8a54f8,08e3b91cd9244dd5369f798d6303e5c6,1.090228043810413,6,승,800
6a9234fafb839ddabe8a54f8,afe3fe8b1d6e483e21600e282305e626,1.149814273657501,6,패,800
6a9237b278a82354cb782901,08e3b91cd9244dd5369f798d6303e5c6,1.0902280438104133,6,승,800
6a9239ea95e499876be9057b,b7e177f4eb59d9ca9cab7834a3ca5653,1.096700387504946,6,승,1300
6a923a357dab3d9fa28fe33a,eac7f378d102d21612ba9dc3059695f8,1.1194402375362726,6,패,800
6a923a357dab3d9fa28fe33a,afe3fe8b1d6e483e21600e282305e626,1.148388091131989,6,승,800
6a923a4d7114d75a0bfb8a23,4a59d8c669a35cc9f4ef766f4d4b321e,1.1380648833887934,6,무,2500
6a923b0d6745b4737e795627,08e3b91cd9244dd5369f798d6303e5c6,1.090228043810413,6,패,800
6a923c0638141f2d63fac726,7b16d10af4dcf9d956bd6b0faee5f3d8,1.0790481000745,6,무,2300
6a923c840d0c3b44ed2f370e,b7e177f4eb59d9ca9cab7834a3ca5653,1.096700387504946,6,승,1300
6a923cf46ae8182aeca8fd0b,6397dd70d327c084bdd58b2a091494dd,1.1373136032909896,6,패,900
6a923d89c1ed6587c7789b3c,b4c82084d4ef8bb53170747b9f4e9a61,1.098727040959415,6,패,800
6a923d89c1ed6587c7789b3c,08e3b91cd9244dd5369f798d6303e5c6,1.090228043810413,6,승,800
6a923f190efa0841b5668775,b7e177f4eb59d9ca9cab7834a3ca5653,1.096700387504946,6,패,1300
6a9240d571434f4af28b1357,2525f5791686fc3d07e7047b5d9705e7,1.1163759922592154,5,패,900
6a9240d571434f4af28b1357,afe3fe8b1d6e483e21600e282305e626,1.148388091131989,6,승,800
6a9241dd3dc9c66cfda8f20f,6397dd70d327c084bdd58b2a091494dd,1.1374442884709375,6,무,900
6a9241dd3dc9c66cfda8f20f,b7e177f4eb59d9ca9cab7834a3ca5653,1.096700387504946,6,무,1300
6a92435e9191dbb32770c02b,8979f68fc7ec9230c47d90f0100badcd,1.104748292075878,6,승,900
6a924418c27727b07af1e633,08e3b91cd9244dd5369f798d6303e5c6,1.090228043810413,6,승,800
6a9244626292da824989c2f4,b7e177f4eb59d9ca9cab7834a3ca5653,1.096700387504946,6,패,1300
6a9244a87adcee84918178d6,6397dd70d327c084bdd58b2a091494dd,1.1373136032909896,6,승,900
6a9244a87adcee84918178d6,2525f5791686fc3d07e7047b5d9705e7,1.1163759922592154,5,패,900
6a9245da3cf7db6b8460f4a8,afe3fe8b1d6e483e21600e282305e626,1.148388091131989,6,승,800
6a924634d56544b68db71f26,8979f68fc7ec9230c47d90f0100badcd,1.104748292075878,6,승,900
6a9247156c5031792ff6bb47,b7e177f4eb59d9ca9cab7834a3ca5653,1.096700387504946,6,승,1300
6a92485f1187910cc54ef52d,08e3b91cd9244dd5369f798d6303e5c6,1.0902280438104133,6,승,800
6a924b076473eb65337d0181,7b16d10af4dcf9d956bd6b0faee5f3d8,1.0790481000745,6,패,2300
6a924c19c7d4a539a53f1b95,e1590f0bbb6f24565be5ecb8c7d9c3ea,1.0873193587614935,6,무,2100
6a924e2d4b5f892434d7816a,afe3fe8b1d6e483e21600e282305e626,1.149814273657501,6,패,800
6a924e2d4b5f892434d7816a,a99ebe2ef6e39fb470ba670bd4c26de3,1.0916007632330702,5,승,800
6a924ed6731412afa2f8c3f9,e1590f0bbb6f24565be5ecb8c7d9c3ea,1.0873193587614935,6,패,2100
6a92511be58f1b85344797b7,afe3fe8b1d6e483e21600e282305e626,1.1483880911319888,6,승,800
6a925513b59e3f20d7e6093e,e99433352621f14bec2fac17c8d57d79,1.0882324844869042,6,패,800
6a925513b59e3f20d7e6093e,afe3fe8b1d6e483e21600e282305e626,1.1483880911319888,6,승,800
6a925ca610a157d63238904e,8979f68fc7ec9230c47d90f0100badcd,1.1047482920758782,6,승,900
6a925ca610a157d63238904e,e99433352621f14bec2fac17c8d57d79,1.0882324844869042,6,패,800
6a925d46886461a6410f571d,afe3fe8b1d6e483e21600e282305e626,1.148388091131989,6,승,800
6a925d46886461a6410f571d,13047e440c03ca17e7ea239a2edfc0f1,1.1498065966891249,6,패,900
6a925f5f0f3b39b3c5801eee,e99433352621f14bec2fac17c8d57d79,1.0882324844869042,6,패,800
6a92624f98be63984e18ba3d,8979f68fc7ec9230c47d90f0100badcd,1.1047482920758782,6,승,800
6a92647a19384a590dcca7b9,6397dd70d327c084bdd58b2a091494dd,1.1373136032909896,6,승,900
6a9264a690ab11ce67250a43,a9f000a1df20b9740479853a2ee99056,1.1290054055171839,6,승,800
6a9264a690ab11ce67250a43,afe3fe8b1d6e483e21600e282305e626,1.149814273657501,6,패,800
6a92657a14792683dc227a15,8979f68fc7ec9230c47d90f0100badcd,1.1047482920758782,6,승,800
6a92672c0ee16ca3caffb667,1108c86f12ac641cc297ce60671cd0aa,1.1237570326075927,6,승,900
6a92682d724569116c4631b6,6397dd70d327c084bdd58b2a091494dd,1.1274454003104284,6,패,900
6a92685932d24463aefcb362,865503614bd31b4146360d2225a2facd,1.1389073395042197,6,패,800
6a926bccb29a0bec675f499f,6397dd70d327c084bdd58b2a091494dd,1.1274454003104284,6,패,900
6a926bccb29a0bec675f499f,e99433352621f14bec2fac17c8d57d79,1.0882324844869042,6,승,800
6a926db8d95a90797ce6220b,865503614bd31b4146360d2225a2facd,1.13890733950422,6,패,800
6a926db8d95a90797ce6220b,a9f000a1df20b9740479853a2ee99056,1.1290054055171839,6,승,800
6a926f7f2149b8cf21b04957,6397dd70d327c084bdd58b2a091494dd,1.1274454003104284,6,패,900
6a926f9c584805177c31e5b7,08e3b91cd9244dd5369f798d6303e5c6,1.090228043810413,6,승,800
6a926f9c584805177c31e5b7,afe3fe8b1d6e483e21600e282305e626,1.148388091131989,6,패,800
6a92723ed3c1db2dc0087cba,afe3fe8b1d6e483e21600e282305e626,1.148388091131989,6,패,800
6a9272cb122c8f150b5dabac,6397dd70d327c084bdd58b2a091494dd,1.1373136032909896,6,승,900
6a9273edfddc087e780c6810,08e3b91cd9244dd5369f798d6303e5c6,1.0902280438104133,6,승,800
6a9274bbb0f1293da644cc23,2a761d25aff27002db4fcccdcdc84e62,1.1404397191650666,6,승,800
6a9276c1a95e86ca06ca1006,f527ccf33bc30a42718492febe92a011,1.1396019488474682,6,무,2100
6a92777213711dd24efc37e4,08e3b91cd9244dd5369f798d6303e5c6,1.090228043810413,6,패,800
6a92792b8aae81cc82da59f2,f527ccf33bc30a42718492febe92a011,1.1396019488474682,6,승,2100
6a92796647071c5468da5a5c,2a761d25aff27002db4fcccdcdc84e62,1.1404397191650666,6,승,800
6a927a8ccde1b31f151e16f3,08e3b91cd9244dd5369f798d6303e5c6,1.090228043810413,6,승,800
6a927d30e7cc4f6ce77ad533,f527ccf33bc30a42718492febe92a011,1.1396019488474687,6,승,2100
6a927d5059ed31491c79c1db,c305d74d5466eadc694c352a7c2d96af,1.1633921479154328,6,승,800
6a927d5059ed31491c79c1db,08e3b91cd9244dd5369f798d6303e5c6,1.090228043810413,6,패,800
6a92800dc7e00d3aa4eed508,f527ccf33bc30a42718492febe92a011,1.1396019488474687,6,패,2100
6a928246a68095a40531a9b4,865503614bd31b4146360d2225a2facd,1.13890733950422,6,승,800
6a9282931e19c2f301051040,f527ccf33bc30a42718492febe92a011,1.1396019488474682,6,승,2100
6a9282e2974adb0e9c681563,1108c86f12ac641cc297ce60671cd0aa,1.1237570326075925,6,승,900
6a928565d870e05ba7253b83,b7e177f4eb59d9ca9cab7834a3ca5653,1.1305620249149015,6,승,1100
6a9285f15ba001b0ba6dd4d6,1108c86f12ac641cc297ce60671cd0aa,1.1237570326075927,6,승,900
6a92867b4c60bd13a3eea2f3,f527ccf33bc30a42718492febe92a011,1.1396019488474685,6,패,2100
6a92874436c5b0fd51edb81c,e1590f0bbb6f24565be5ecb8c7d9c3ea,1.0873193587614938,6,승,2100
6a928991b165a01f81525207,b7e177f4eb59d9ca9cab7834a3ca5653,1.1305620249149018,6,승,1100
6a9289fefd6a697ef143db32,48de1d9a3e16381caed687fbfb652806,1.121292101732319,6,패,900
6a9289fefd6a697ef143db32,1108c86f12ac641cc297ce60671cd0aa,1.1237570326075925,6,승,800
6a928a68cdb10b3d76c66146,e1590f0bbb6f24565be5ecb8c7d9c3ea,1.0873193587614938,6,무,2100
6a928c0381a11d75395a23dc,7b16d10af4dcf9d956bd6b0faee5f3d8,1.0790481000745,6,승,2300
6a928c24a89ea06a06e1a295,b7e177f4eb59d9ca9cab7834a3ca5653,1.1305620249149018,6,승,1100
6a928cec13261880747c797d,865503614bd31b4146360d2225a2facd,1.13890733950422,6,승,1300
6a928d92aff728e01e6aafd4,f527ccf33bc30a42718492febe92a011,1.1396019488474685,6,승,2100
6a928e46e15ce04b1500afcc,e9601e0afc66e969ee7cfdc3706bb7a2,1.1256512960324356,6,패,800
6a928e46e15ce04b1500afcc,1108c86f12ac641cc297ce60671cd0aa,1.1237570326075925,6,승,800
6a928ee9cc11d40d9b054db2,7b16d10af4dcf9d956bd6b0faee5f3d8,1.0790481000745,6,승,2300
6a928f8c8f341bb5567cafe8,865503614bd31b4146360d2225a2facd,1.13890733950422,6,승,1300
6a928f8c8f341bb5567cafe8,b7e177f4eb59d9ca9cab7834a3ca5653,1.1305620249149015,6,패,1000
6a92903afefb1794a3b5e591,f527ccf33bc30a42718492febe92a011,1.1396019488474685,6,승,2100
6a9290ef27502d2f5bc00944,1108c86f12ac641cc297ce60671cd0aa,1.1237570326075927,6,승,800
6a9293186da5fc7107e9f786,7b16d10af4dcf9d956bd6b0faee5f3d8,1.0790481000745,6,무,2300
6a929365cceec6a80d081697,b7e177f4eb59d9ca9cab7834a3ca5653,1.1305620249149018,6,무,1000
6a9294776e1cb157804b6868,c305d74d5466eadc694c352a7c2d96af,1.1633921479154328,6,승,800
6a9294776e1cb157804b6868,1108c86f12ac641cc297ce60671cd0aa,1.124840169885771,6,패,800
6a9294d4a62517933bbb90bb,f527ccf33bc30a42718492febe92a011,1.1396019488474687,6,승,2100
6a9295ba5a0c9b5cf2b12ea5,afe3fe8b1d6e483e21600e282305e626,1.149814273657501,6,승,800
6a9295f3a5affaa6e4f2520e,b7e177f4eb59d9ca9cab7834a3ca5653,1.1305620249149018,6,패,1000
6a9298d1358180c4cbae2516,b7e177f4eb59d9ca9cab7834a3ca5653,1.1305620249149018,6,승,1000
6a9298db46dfb4278d2ff04b,f527ccf33bc30a42718492febe92a011,1.1396019488474685,6,패,2100
6a9298fb2a1b139c7dd8cc97,c305d74d5466eadc694c352a7c2d96af,1.1633921479154326,6,승,800
6a9298fb2a1b139c7dd8cc97,a99ebe2ef6e39fb470ba670bd4c26de3,1.100834394414258,5,패,800
6a9299444e098001a8855b62,e1590f0bbb6f24565be5ecb8c7d9c3ea,1.0824786233876906,5,패,2100
6a929d382e6b00872a85013c,c305d74d5466eadc694c352a7c2d96af,1.1687876345936623,6,패,800
6a929e1c50ec8d167eef7c21,b7e177f4eb59d9ca9cab7834a3ca5653,1.1305620249149015,6,패,900
6a929e1c50ec8d167eef7c21,2bc37f13c6e428688b4c701a9f92e604,1.0885404925970068,6,승,900
6a929f6dd92432f8b281b16a,afe3fe8b1d6e483e21600e282305e626,1.148388091131989,6,패,800
6a92a151f3c9472d93f6f83a,c305d74d5466eadc694c352a7c2d96af,1.1633921479154326,6,승,800
6a92a1e296f5cf08b81b8bf1,7b16d10af4dcf9d956bd6b0faee5f3d8,1.0790481000745,6,승,2300
6a92a212c822eb3e7410efda,b7e177f4eb59d9ca9cab7834a3ca5653,1.1305620249149018,6,승,900
6a92a287e7b2e173d0a27359,70798108de215d8b194c90da0d75a87c,1.1012240555138773,6,승,800
6a92a287e7b2e173d0a27359,afe3fe8b1d6e483e21600e282305e626,1.149814273657501,6,패,800
6a92a3fc402c8f48a1344ec3,c305d74d5466eadc694c352a7c2d96af,1.1687876345936623,6,패,800
6a92a4c38507ee73bfd8e7fa,b7e177f4eb59d9ca9cab7834a3ca5653,1.1305620249149015,6,승,900
6a92a5cb8ded5ac0ba382034,e1590f0bbb6f24565be5ecb8c7d9c3ea,1.0873193587614938,6,패,2200
6a92a785d1b385203dc49ec1,b7e177f4eb59d9ca9cab7834a3ca5653,1.1293812107298853,6,패,900
6a92a881de8d37d443896e7d,c305d74d5466eadc694c352a7c2d96af,1.1687876345936623,6,패,800
6a92a881de8d37d443896e7d,e9601e0afc66e969ee7cfdc3706bb7a2,1.1256512960324356,6,승,800
6a92a8e6edce414c850b01ae,e48b6f05d0f58f776bdb9dbaecc09d7e,1.1486768658733673,6,패,800
6a92a8e6edce414c850b01ae,afe3fe8b1d6e483e21600e282305e626,1.148388091131989,6,승,800
6a92a950c7f1a9d455ba1202,e1590f0bbb6f24565be5ecb8c7d9c3ea,1.0873193587614938,6,승,2200
6a92ac281ded903a0c0aae33,b7e177f4eb59d9ca9cab7834a3ca5653,1.1305620249149018,6,승,900
6a92ac58f5a1289695d6cf30,e1590f0bbb6f24565be5ecb8c7d9c3ea,1.0873193587614938,6,승,2200
6a92aff957165116bb28f71e,b7e177f4eb59d9ca9cab7834a3ca5653,1.1305620249149018,6,패,900
6a92b44a6aca7b0e8a6da0be,b7e177f4eb59d9ca9cab7834a3ca5653,1.1293812107298855,6,승,900
6a92b6dfeb9d86af80351083,b7e177f4eb59d9ca9cab7834a3ca5653,1.1305620249149018,6,승,900
6a92b6dfeb9d86af80351083,e48b6f05d0f58f776bdb9dbaecc09d7e,1.1486768658733675,6,패,900
6a92b9d7ea7e415a0e805b10,4a59d8c669a35cc9f4ef766f4d4b321e,1.1448201363790274,6,승,2500
6a92bbc01000eeb1b4dce2d8,6ed4a7cf6827afb37dcfb2240c602688,1.1343552724503934,6,패,800
6a92bbc01000eeb1b4dce2d8,865503614bd31b4146360d2225a2facd,1.1389073395042197,6,승,800
6a92bcb4a712fc7a1b293331,4a59d8c669a35cc9f4ef766f4d4b321e,1.1448201363790271,6,승,2500
6a92bf3ef2602c83acd2579d,70798108de215d8b194c90da0d75a87c,1.101224055513877,6,패,800
6a92bf3ef2602c83acd2579d,865503614bd31b4146360d2225a2facd,1.13890733950422,6,승,800
6a92bf5d0dfce01012d2fd81,8e15ac08c307158d4c8bfe7b537e1364,1.1239296986611693,6,승,900
6a92bfb445db0a707eb542d1,f527ccf33bc30a42718492febe92a011,1.1396019488474685,6,승,2100
6a92c0db0728c3d2eda26d32,6397dd70d327c084bdd58b2a091494dd,1.1373136032909896,6,승,900
6a92c0db0728c3d2eda26d32,afe3fe8b1d6e483e21600e282305e626,1.1483880911319888,6,패,900
6a92c1d8b703ba300916ee61,8e15ac08c307158d4c8bfe7b537e1364,1.1286162905094013,6,패,900
6a92c1f1fc3106ce971a45ce,7b16d10af4dcf9d956bd6b0faee5f3d8,1.0790481000745,6,승,2300
6a92c3030cfbe9e75975794a,f527ccf33bc30a42718492febe92a011,1.1396019488474687,6,패,2100
6a92c49a61d6b52fd8229bbd,8e15ac08c307158d4c8bfe7b537e1364,1.1239296986611693,6,승,900
6a92c717128a3cdfecf913eb,8e15ac08c307158d4c8bfe7b537e1364,1.1291086716949836,6,승,900
6a92c828aca8c7fa7ac21ed5,afe3fe8b1d6e483e21600e282305e626,1.148388091131989,6,승,900
6a92cb2fde052e3a0e4ee3c3,2525f5791686fc3d07e7047b5d9705e7,1.1163759922592154,5,패,800
6a92cb2fde052e3a0e4ee3c3,afe3fe8b1d6e483e21600e282305e626,1.148388091131989,6,승,900
6a92cd860a679b8318282273,afe3fe8b1d6e483e21600e282305e626,1.1498142736575008,6,패,900
6a92cdf78d31212b08f98ed5,4a59d8c669a35cc9f4ef766f4d4b321e,1.1448201363790274,6,패,2500
6a92ce276756eaaa81a8cc7f,8e15ac08c307158d4c8bfe7b537e1364,1.1239296986611693,6,승,900
6a92d18ff667e45ff5d5b7b2,4a59d8c669a35cc9f4ef766f4d4b321e,1.1448201363790271,6,패,2500
6a92d2ef67c708c0bfd725aa,8e15ac08c307158d4c8bfe7b537e1364,1.1239296986611693,6,승,900
6a92d562f1fa640a6c98a6bc,4a59d8c669a35cc9f4ef766f4d4b321e,1.141504574421849,6,승,2600
6a92d5a04923c00b27eadf2f,8e15ac08c307158d4c8bfe7b537e1364,1.1239296986611693,6,승,900
6a92d7f6c9f72300208b6fc6,8e15ac08c307158d4c8bfe7b537e1364,1.1239296986611693,6,승,900
6a92da7ba0d73a5c72d93e11,8e15ac08c307158d4c8bfe7b537e1364,1.1239296986611693,6,승,900
6a92dce150bd91b21811e5b0,c145f93540d1eab158e28e3303025982,1.1189219670117747,6,무,900
6a92dd2881df115bfa11a705,6ed4a7cf6827afb37dcfb2240c602688,1.1343552724503934,6,승,800
6a92dd2881df115bfa11a705,8e15ac08c307158d4c8bfe7b537e1364,1.1286162905094013,6,패,800
6a92de7fb5482f722d8209e9,8979f68fc7ec9230c47d90f0100badcd,1.1047482920758782,6,승,800
6a92de7fb5482f722d8209e9,01afcd5672e0e2ab5d63a2259445e8e9,1.1361564330640297,6,패,800
6a92df72569c48fa433f6af2,70798108de215d8b194c90da0d75a87c,1.1012240555138773,6,승,800
6a92df72569c48fa433f6af2,6fbe3816f7848b005f347069c96070a5,1.0980349607629918,6,패,800
6a92dfa9974adb1f466be3a6,c145f93540d1eab158e28e3303025982,1.1189219670117747,6,승,900
6a92e008a0d73a7d87d97826,6397dd70d327c084bdd58b2a091494dd,1.1373136032909896,6,승,900
6a92e218c94f646b95a185a1,6fbe3816f7848b005f347069c96070a5,1.0980349607629916,6,승,800
6a92e218c94f646b95a185a1,e48b6f05d0f58f776bdb9dbaecc09d7e,1.1486768658733675,6,패,900
6a92e225623282654212c1b5,d83327056d9eb986cabcec68fc276f4f,1.1050230132509098,6,패,800
6a92e225623282654212c1b5,8979f68fc7ec9230c47d90f0100badcd,1.1047482920758782,6,승,800
6a92e2330b664f270e819161,4a59d8c669a35cc9f4ef766f4d4b321e,1.141504574421849,6,패,2500
6a92e6dfb79a883450b5e838,4a59d8c669a35cc9f4ef766f4d4b321e,1.144313584116354,6,패,2600
6a92e75c747f26201ea78f13,6fbe3816f7848b005f347069c96070a5,1.0980349607629916,6,패,800
6a92e812a0d5ad1c7fe88112,6ed4a7cf6827afb37dcfb2240c602688,1.1343552724503934,6,승,800
6a92eb733f743f2a94af8ce8,4a59d8c669a35cc9f4ef766f4d4b321e,1.1386972988411876,6,패,2600
6a92eba16bca79e5c5588116,8e15ac08c307158d4c8bfe7b537e1364,1.1239296986611693,6,승,900
6a92ee30f66eb25b737d1b4b,8e15ac08c307158d4c8bfe7b537e1364,1.1286162905094013,6,승,800
6a92ee7037921d094347d66b,4a59d8c669a35cc9f4ef766f4d4b321e,1.142802573954991,6,승,2600
6a92eea423147184ebb491cf,4f3fd3cf2a639bf0002c93993bf125da,1.153138304080489,6,승,800
6a92eea423147184ebb491cf,ace652363cc849d864cb08ffeffe4205,1.118440295848117,6,패,800
6a92f16cb7c1694acaec1d37,4a59d8c669a35cc9f4ef766f4d4b321e,1.142802573954991,6,무,2600
6a92f5ad74abef396f6b9e4c,4a59d8c669a35cc9f4ef766f4d4b321e,1.1418458210018907,6,패,2600
6a92f8d006ae2450ba59b602,4a59d8c669a35cc9f4ef766f4d4b321e,1.1389200121935932,6,패,2600
6a9302306bd2b1bfea541d4c,9809482bbb0eea976febf4516f5c828a,1.097323297682195,6,패,800
6a9302306bd2b1bfea541d4c,01afcd5672e0e2ab5d63a2259445e8e9,1.1361564330640297,6,승,800
6a93040f84320ff4a4880017,f527ccf33bc30a42718492febe92a011,1.1428347538144439,5,승,2100
6a93052b5a164c71183f3b57,01afcd5672e0e2ab5d63a2259445e8e9,1.1361564330640297,6,승,800
6a9306d554d5dcc8b741e101,f527ccf33bc30a42718492febe92a011,1.1428347538144439,5,승,2100
6a93085819b649a52b638f52,01afcd5672e0e2ab5d63a2259445e8e9,1.1361564330640297,6,승,800
6a9309dca050c63b51ea0156,f527ccf33bc30a42718492febe92a011,1.130931092168717,6,무,2100
6a930e8c5648f381eafea210,f527ccf33bc30a42718492febe92a011,1.1309310921687168,6,무,2100
6a9340c5d270990f015d4326,2a761d25aff27002db4fcccdcdc84e62,1.1404397191650666,6,승,800
6a9345a5444e0728a5e8f685,2a761d25aff27002db4fcccdcdc84e62,1.1404397191650666,6,패,800
6a934ffe6fa78a27b7fe4e03,2a761d25aff27002db4fcccdcdc84e62,1.1404397191650668,6,패,800
6a934ffe6fa78a27b7fe4e03,fd51a181de9e8cc749bad03aa85726cb,1.107964766365354,6,승,800
6a9352f9a600b24f08f0f343,2a761d25aff27002db4fcccdcdc84e62,1.1404397191650666,6,승,800
6a93579e448d027e0d288605,2a761d25aff27002db4fcccdcdc84e62,1.1404397191650666,6,패,800
6a935cb400110a5486e24209,2a761d25aff27002db4fcccdcdc84e62,1.1404397191650668,6,승,800
6a936244ceeb3251c2eceee2,01afcd5672e0e2ab5d63a2259445e8e9,1.1361564330640295,6,승,800
6a936516569c48b43e435288,2a761d25aff27002db4fcccdcdc84e62,1.1404397191650666,6,패,800
6a9369cdca933b8f43fb414e,2a761d25aff27002db4fcccdcdc84e62,1.1404397191650666,6,승,800
6a9369cdca933b8f43fb414e,48593565dc7edf9471cce0d3c2e97bc9,1.1228075088926779,6,패,900
6a936c829be0c03b341e1f36,2a761d25aff27002db4fcccdcdc84e62,1.1404397191650668,6,승,800
6a9374ade2473b50989e344f,8ff87c0a6f096baf0d572a33683c4e52,1.157216068102545,5,패,2100
6a93782248e7eb8596cf9a15,8ff87c0a6f096baf0d572a33683c4e52,1.1572160681025447,5,승,2100
6a937bd0f6f83132d239c2f0,b7e177f4eb59d9ca9cab7834a3ca5653,1.1305620249149018,6,패,900
6a937e0c72c408294e259410,8ff87c0a6f096baf0d572a33683c4e52,1.1572160681025452,5,승,2100
6a937ed307d7f260253d45ab,08e3b91cd9244dd5369f798d6303e5c6,1.0902280438104133,6,승,800
6a937f171e2336281bf5cef0,b7e177f4eb59d9ca9cab7834a3ca5653,1.1305620249149018,6,패,900
6a93839ab700f4af6204eabe,08e3b91cd9244dd5369f798d6303e5c6,1.090228043810413,6,패,800
6a93840f95f40e0839ab9aeb,b7e177f4eb59d9ca9cab7834a3ca5653,1.1293812107298853,6,패,900
6a93847d042a5dd17b3564b0,8ff87c0a6f096baf0d572a33683c4e52,1.157216068102545,5,패,2100
6a93869bd943370914c5c560,09c673f32b5e7e8235bed9bb9bca2168,1.1427445591031606,6,패,900
6a93869bd943370914c5c560,08e3b91cd9244dd5369f798d6303e5c6,1.090228043810413,6,승,800
6a9387f3297ae5fe3497cf07,b7e177f4eb59d9ca9cab7834a3ca5653,1.1305620249149018,6,패,900
6a93893a19b2735e158d08d8,8ff87c0a6f096baf0d572a33683c4e52,1.1572160681025452,5,승,2100
6a938c6bbe3dcffbd9f3d6a3,752f823e171bba144c516086bda3d89a,1.1196172153594601,6,패,1300
6a938f1209aaf82321dca466,752f823e171bba144c516086bda3d89a,1.112488877043948,6,무,1300
6a938fd4b0a6f5548d7ba664,2525f5791686fc3d07e7047b5d9705e7,1.1163759922592154,5,승,800
6a938fd4b0a6f5548d7ba664,08e3b91cd9244dd5369f798d6303e5c6,1.090228043810413,6,패,800
6a93911a06fdbb1d70091543,8979f68fc7ec9230c47d90f0100badcd,1.1047482920758782,6,승,800
6a9392878891146168e6295d,752f823e171bba144c516086bda3d89a,1.1196172153594603,6,패,800
6a9392878891146168e6295d,08e3b91cd9244dd5369f798d6303e5c6,1.0902280438104133,6,승,800
6a939501110f26e335fc6ae0,752f823e171bba144c516086bda3d89a,1.112488877043948,6,승,800
6a939501110f26e335fc6ae0,4ae84483040ac4d35a90be2e579241ec,1.1246850386398377,6,패,900
6a93960182b23312a1dcea78,8979f68fc7ec9230c47d90f0100badcd,1.1137603676180141,6,패,800
6a93960182b23312a1dcea78,08e3b91cd9244dd5369f798d6303e5c6,1.090228043810413,6,승,800
6a93982c5d674d0b2e2e4293,752f823e171bba144c516086bda3d89a,1.1196172153594601,6,패,800
6a93982c5d674d0b2e2e4293,2525f5791686fc3d07e7047b5d9705e7,1.1163759922592154,5,승,800
6a939a68d0609b1f2a1f8af2,8979f68fc7ec9230c47d90f0100badcd,1.1047482920758782,6,승,800
6a939c69dbe78fce49c607a8,752f823e171bba144c516086bda3d89a,1.112488877043948,6,승,800
6a939d04f380ced60a547e0b,8979f68fc7ec9230c47d90f0100badcd,1.104748292075878,6,패,800
6a939d04f380ced60a547e0b,a9f000a1df20b9740479853a2ee99056,1.1290054055171839,6,승,800
6a939f971a654994c68417ed,752f823e171bba144c516086bda3d89a,1.112488877043948,6,승,800
6a93a7f9abcc9469920deb78,7b16d10af4dcf9d956bd6b0faee5f3d8,1.0790481000745,6,승,2300
6a93ac18b020a2e4d2d1fdfe,7b16d10af4dcf9d956bd6b0faee5f3d8,1.0790481000745,6,패,2200
6a93b3142bee1779ae026d6d,8e15ac08c307158d4c8bfe7b537e1364,1.1286162905094013,6,패,800
6a93b60578a2ee6ae8bdd5a5,8bf198976b441f2c496e1b2014a18b3e,1.1319628864594016,6,승,2300
6a93baff6fa78a22ed0129ee,8bf198976b441f2c496e1b2014a18b3e,1.1109738632757573,6,무,2200
6a93bd9c4cfad84f42dd53f7,7b16d10af4dcf9d956bd6b0faee5f3d8,1.0790481000745,6,패,2300
6a93beed751727ece2481039,8bf198976b441f2c496e1b2014a18b3e,1.120903188736778,6,패,2200
6a93c2041fb94d159a5b116d,8bf198976b441f2c496e1b2014a18b3e,1.1209031887367782,6,승,2200
6a93c470be33423dcd313bc4,8bf198976b441f2c496e1b2014a18b3e,1.120903188736778,6,승,2200
6a93c76b36c5b0ecbcf86f05,8bf198976b441f2c496e1b2014a18b3e,1.120903188736778,6,승,2200
6a93ca96f297b28b5e23797c,8bf198976b441f2c496e1b2014a18b3e,1.1209031887367782,6,승,2200
6a93cd65d5f404bbdd961292,8bf198976b441f2c496e1b2014a18b3e,1.1209031887367782,6,패,2200
6a93dba668839083f23ecc46,ebc08cdfda1bcfcaace1a6d698524783,1.1212868144351222,6,패,2200
6a93e0dc2e74595866a022bc,6fbe3816f7848b005f347069c96070a5,1.0980349607629918,6,승,800
6a93e77f93c0472be9c3fe59,70798108de215d8b194c90da0d75a87c,1.101224055513877,6,패,800
6a93e77f93c0472be9c3fe59,6fbe3816f7848b005f347069c96070a5,1.0980349607629916,6,승,800
6a93e910ed4c7b44e7723e85,ebc08cdfda1bcfcaace1a6d698524783,1.1212868144351222,6,무,2200
6a93ea81a03faaa23bd06aeb,70798108de215d8b194c90da0d75a87c,1.1012240555138773,6,승,800
6a93ea81a03faaa23bd06aeb,01afcd5672e0e2ab5d63a2259445e8e9,1.131637050365296,6,패,800
6a93ebc793f3a79e4a35161a,ebc08cdfda1bcfcaace1a6d698524783,1.1212868144351222,6,패,2200
6a93ee6de2981065b9cf7719,ebc08cdfda1bcfcaace1a6d698524783,1.1212868144351222,6,승,2200
6a93f2f043a6872e8f725c25,70798108de215d8b194c90da0d75a87c,1.101224055513877,6,패,800
6a93f2f043a6872e8f725c25,08e3b91cd9244dd5369f798d6303e5c6,1.090228043810413,6,승,800
6a93f579b7c169110ff4a417,70798108de215d8b194c90da0d75a87c,1.1012240555138773,6,패,800
6a93f579b7c169110ff4a417,cdcab790a58aad2055ca7390ac0f1b5d,1.1353823470788569,6,승,800
6a93f89fc01018972ea3939d,6fbe3816f7848b005f347069c96070a5,1.0980349607629916,6,승,800
6a93f89fc01018972ea3939d,ace652363cc849d864cb08ffeffe4205,1.1214487467809746,6,패,800
6a93fa44f667e4efaedfa0a0,2a761d25aff27002db4fcccdcdc84e62,1.1404397191650668,6,패,800
6a93fa44f667e4efaedfa0a0,cdcab790a58aad2055ca7390ac0f1b5d,1.1353823470788569,6,승,800
6a93fa8d0b2bdb1838bc2681,c145f93540d1eab158e28e3303025982,1.1189219670117747,6,승,900
6a93fc8d3c82741ab370aa72,7b16d10af4dcf9d956bd6b0faee5f3d8,1.0790481000745,6,패,2300
6a93fe025d693c3cb41f9b63,2a761d25aff27002db4fcccdcdc84e62,1.1404397191650668,6,승,800
6a93fef206863fb018168513,c145f93540d1eab158e28e3303025982,1.1189219670117747,6,승,900
6a93ff53b1e9b875aef6d027,cdcab790a58aad2055ca7390ac0f1b5d,1.1353823470788569,6,승,800
6a9400ce667b9d5f5ad8f79b,2a761d25aff27002db4fcccdcdc84e62,1.1404397191650668,6,승,800
6a94042d3eb3417501991d5b,c145f93540d1eab158e28e3303025982,1.1189219670117747,6,무,1300
6a94044c54129a0f439c9775,7b16d10af4dcf9d956bd6b0faee5f3d8,1.0790481000745,6,패,2300
6a9404606a491624402cdcd9,2a761d25aff27002db4fcccdcdc84e62,1.1404397191650666,6,패,800
6a9404606a491624402cdcd9,865503614bd31b4146360d2225a2facd,1.13890733950422,6,승,800
6a9406ec0395e0a96371ee6c,f527ccf33bc30a42718492febe92a011,1.1309310921687168,6,패,2100
6a94081b98604f09371107c1,c145f93540d1eab158e28e3303025982,1.1290890443325545,6,무,1300
6a940a2a56039e65ef446bd6,2a761d25aff27002db4fcccdcdc84e62,1.1385945162373916,6,패,800
6a940a7990ab11bfc4347370,f527ccf33bc30a42718492febe92a011,1.1309310921687168,6,패,2100
6a940ab86a7ee93b04843416,c145f93540d1eab158e28e3303025982,1.1189219670117747,6,승,1300
6a940d625618ee426ec11a2a,cdcab790a58aad2055ca7390ac0f1b5d,1.137571127125753,6,패,800
6a940e04d6de47fbeec696e4,752f823e171bba144c516086bda3d89a,1.112488877043948,6,패,800
6a940eea38fed4b12ca30089,6fbe3816f7848b005f347069c96070a5,1.0980349607629916,6,승,800
6a940eecc9f723cdc495f9cb,f527ccf33bc30a42718492febe92a011,1.1309310921687168,6,무,2100
6a940f3e8f03557e639b8e81,c145f93540d1eab158e28e3303025982,1.1189219670117747,6,승,1300
6a94107864da31fccb28fb27,2a761d25aff27002db4fcccdcdc84e62,1.1385945162373916,6,승,800
6a94107864da31fccb28fb27,2155557fcaa74d184e5ed355b68ca9b4,1.1205642982863029,6,패,900
6a9410b19523029a67d70b74,752f823e171bba144c516086bda3d89a,1.112488877043948,6,승,800
6a9410b19523029a67d70b74,cdcab790a58aad2055ca7390ac0f1b5d,1.137571127125753,6,패,800
6a9412e4dd730963897e54fa,c145f93540d1eab158e28e3303025982,1.1189219670117747,6,승,1300
6a941383ce48fce9ad4c2306,70798108de215d8b194c90da0d75a87c,1.101224055513877,6,패,800
6a94146268210146fbacd2cb,d753011af474cdf73253c6f273c11882,1.1221317528686268,6,승,800
6a94146268210146fbacd2cb,752f823e171bba144c516086bda3d89a,1.1196172153594601,6,패,800
6a9414e7fa43b1610ec9e785,4877f586def5b5ef53b826c131d53c94,1.133056368343037,6,패,800
6a9414e7fa43b1610ec9e785,cdcab790a58aad2055ca7390ac0f1b5d,1.1353823470788569,6,승,800
6a94169655808c25c9850a8b,f527ccf33bc30a42718492febe92a011,1.130931092168717,6,승,2100
6a9416d1dea277fde10d7441,4a59d8c669a35cc9f4ef766f4d4b321e,1.1389200121935927,6,무,2600
6a9416d86a49163dac2da867,daa99f4160bb842dad27847959803941,1.0974035855223774,6,패,800
6a9416d86a49163dac2da867,752f823e171bba144c516086bda3d89a,1.112488877043948,6,승,800
6a94187b9ff6717d2acabf53,4f3fd3cf2a639bf0002c93993bf125da,1.1531539269939763,6,패,800
6a941b8a75bfab80efb4bf4a,4f3fd3cf2a639bf0002c93993bf125da,1.1531539269939763,6,패,800
6a941bdf6345ff33235af2fb,8bf198976b441f2c496e1b2014a18b3e,1.1209031887367782,6,승,2200
6a941c466da5fcc2fcf7f09d,4a59d8c669a35cc9f4ef766f4d4b321e,1.1386972988411872,6,승,2600
6a941e6c952e39c0db1e6bb9,2a761d25aff27002db4fcccdcdc84e62,1.1385945162373916,6,승,800
6a941e6c952e39c0db1e6bb9,2525f5791686fc3d07e7047b5d9705e7,1.1163759922592154,5,패,800
6a9420427bc40b5c4f8f3913,8bf198976b441f2c496e1b2014a18b3e,1.1209031887367782,6,승,2200
6a94204dcf1933290fb390bf,4a59d8c669a35cc9f4ef766f4d4b321e,1.1386972988411876,6,무,2600
6a94209c1301f41944804fd7,7b16d10af4dcf9d956bd6b0faee5f3d8,1.0790481000745,6,패,2300
6a9420be751a7a3e18d12e95,f527ccf33bc30a42718492febe92a011,1.1325926805924837,6,패,2100
6a9424ea54595454028169a8,1108c86f12ac641cc297ce60671cd0aa,1.1237570326075925,6,승,800
6a94274b93016468712f6f6f,1108c86f12ac641cc297ce60671cd0aa,1.1237570326075927,6,승,800
6a94274b93016468712f6f6f,d7abae216a3b9abd88046209098b9642,1.1230009505101295,6,패,800
6a9428bf3e84d623b4ec61c4,70798108de215d8b194c90da0d75a87c,1.1012240555138773,6,패,800
6a9428bf3e84d623b4ec61c4,4f3fd3cf2a639bf0002c93993bf125da,1.1531383040804888,6,승,800
6a942c096ee1ef41abd332a6,f527ccf33bc30a42718492febe92a011,1.1309310921687168,6,승,2200
6a942c42dff3a657c7f01086,4f3fd3cf2a639bf0002c93993bf125da,1.153138304080489,6,승,800
6a942c42dff3a657c7f01086,e99433352621f14bec2fac17c8d57d79,1.0882324844869042,6,패,800
6a942ca79ffa5a520cbab2fe,8e15ac08c307158d4c8bfe7b537e1364,1.1239296986611693,6,승,900
6a942d8dc7fe203f21053c77,1108c86f12ac641cc297ce60671cd0aa,1.1237570326075927,6,승,800
6a942e432f54072e01315bad,4a59d8c669a35cc9f4ef766f4d4b321e,1.1443135841163545,6,무,2500
6a942e588275762c0618149b,8bf198976b441f2c496e1b2014a18b3e,1.120903188736778,6,승,2200
6a9430d6b3add48558a34e28,8bf198976b441f2c496e1b2014a18b3e,1.1033083500445278,9,승,2200
6a943918bf1981028641428f,79428c08c2530a754d27686cb29abadc,1.141282091887984,6,승,900
6a943918bf1981028641428f,1108c86f12ac641cc297ce60671cd0aa,1.1248401698857708,6,패,800
6a943b8426b40d6bb41d36f1,4f3fd3cf2a639bf0002c93993bf125da,1.1531383040804888,6,승,800
6a943b8426b40d6bb41d36f1,038ed3fcd9df84101597cb4dfdefaa0f,1.1351326171078633,6,패,900
6a943b95d9cf668524900343,70798108de215d8b194c90da0d75a87c,1.1012240555138773,6,승,800
6a943b95d9cf668524900343,1108c86f12ac641cc297ce60671cd0aa,1.1237570326075927,6,패,800
6a943bb3a260fd22aa622a00,4a59d8c669a35cc9f4ef766f4d4b321e,1.144313584116354,6,무,2500
6a943bd50054852ad69e2e2b,fb9acbc7b4843ade8708a86dd5f22166,1.1273831363148492,6,패,800
6a943f64ed86081030ca884b,b2df117bcaf10dc2f20d55d43f93ee71,1.124343369066611,6,패,800
6a943f64ed86081030ca884b,fb9acbc7b4843ade8708a86dd5f22166,1.1318526825139676,6,승,800
6a943f71326e1f7eed66bbd8,4a59d8c669a35cc9f4ef766f4d4b321e,1.144313584116354,6,승,2500
6a94459d0a08e5eca2734681,1108c86f12ac641cc297ce60671cd0aa,1.1237570326075925,6,승,800
6a9448674167416877f5e682,1108c86f12ac641cc297ce60671cd0aa,1.1237570326075925,6,승,800
6a9449f856039e892e47132e,b7e177f4eb59d9ca9cab7834a3ca5653,1.1305620249149018,6,승,900
6a944b174fc9ee120eadff9f,3b6d553a931611f6452b3c292887aec4,1.1303862615772335,6,승,800
6a944c56de9cb595c81d5d2d,1108c86f12ac641cc297ce60671cd0aa,1.1237570326075925,6,승,800
6a944c56de9cb595c81d5d2d,b2df117bcaf10dc2f20d55d43f93ee71,1.117654086335832,6,패,800
6a944d16e665ec5335166816,b7e177f4eb59d9ca9cab7834a3ca5653,1.1305620249149015,6,승,900
6a944d16e665ec5335166816,ace652363cc849d864cb08ffeffe4205,1.1214487467809748,6,패,900
6a944d26078e525e7263e739,eac7f378d102d21612ba9dc3059695f8,1.1167619127237784,6,승,800
6a944d26078e525e7263e739,cdcab790a58aad2055ca7390ac0f1b5d,1.137571127125753,6,패,800
6a944f14d4fd49ed5c29eb79,1108c86f12ac641cc297ce60671cd0aa,1.1237570326075927,6,승,800
6a944fee52106d549827cc43,b7e177f4eb59d9ca9cab7834a3ca5653,1.1305620249149018,6,승,900
6a945070aa4a1a1dd13bc639,cdcab790a58aad2055ca7390ac0f1b5d,1.137571127125753,6,패,800
6a94544fb4ad20bc39e9b9db,cdcab790a58aad2055ca7390ac0f1b5d,1.1353823470788569,6,승,800
6a94552062a5d076fba465b3,b6748b1f7b6a135ed2a232e8ac188ba1,1.106364816757796,6,승,900
6a94552062a5d076fba465b3,b7e177f4eb59d9ca9cab7834a3ca5653,1.1305620249149018,6,패,900
6a9458339179850bc4868e30,b7e177f4eb59d9ca9cab7834a3ca5653,1.1305620249149018,6,패,900
6a94586ae28d026484c97bdc,cdcab790a58aad2055ca7390ac0f1b5d,1.1353823470788569,6,승,800
6a94586ae28d026484c97bdc,fb9acbc7b4843ade8708a86dd5f22166,1.1318526825139676,6,패,800
6a945e43d59933403820b06f,fb9acbc7b4843ade8708a86dd5f22166,1.1318526825139676,6,승,800
6a945e8b1b82ad360428372f,b7e177f4eb59d9ca9cab7834a3ca5653,1.1293812107298853,6,승,900
6a945ed0d89cf3812370097d,cdcab790a58aad2055ca7390ac0f1b5d,1.137571127125753,6,패,800
6a945ed0d89cf3812370097d,ace652363cc849d864cb08ffeffe4205,1.118440295848117,6,승,900
6a946302cfbe7604a6cbb592,cdcab790a58aad2055ca7390ac0f1b5d,1.137571127125753,6,패,800
6a946302cfbe7604a6cbb592,d7abae216a3b9abd88046209098b9642,1.1230009505101295,6,승,800
6a9463badbbab6507e62d7fe,fb9acbc7b4843ade8708a86dd5f22166,1.1318526825139676,6,승,800
6a9464143bf05c09b8bc4f6a,b7e177f4eb59d9ca9cab7834a3ca5653,1.1293812107298853,6,승,900
6a9466eb53fcbe9643b341ed,b7e177f4eb59d9ca9cab7834a3ca5653,1.1305620249149015,6,패,900
6a9466eb53fcbe9643b341ed,ace652363cc849d864cb08ffeffe4205,1.1184402958481168,6,승,800
6a94698d428d2560f8290f3f,e9601e0afc66e969ee7cfdc3706bb7a2,1.1256512960324356,6,승,800
6a94698d428d2560f8290f3f,b7e177f4eb59d9ca9cab7834a3ca5653,1.1305620249149018,6,패,900
6a946ad2baac4470d46382f8,3434eb566aee44f0e71d8062f343c1ea,1.1205151319468807,7,승,2300
6a946c357b61dd245e28f0a7,b48da215ca3a6872dcfcdfd3191c3ad5,1.1181101838393064,6,패,900
6a946c357b61dd245e28f0a7,b7e177f4eb59d9ca9cab7834a3ca5653,1.1293812107298855,6,승,900
6a946c57a379a7dac1af8b9f,33a3587fe645be7cc851cccd92783eb8,1.1351781419050238,6,승,2400
6a946f1f34fd9ddcfcb75997,b7e177f4eb59d9ca9cab7834a3ca5653,1.1293812107298853,6,승,900
6a946f964d4803315ed18740,33a3587fe645be7cc851cccd92783eb8,1.146063912624324,6,패,2400
6a9472716e10c15ed108664f,3434eb566aee44f0e71d8062f343c1ea,1.1194816218975123,7,패,2300
6a947326353667e8d4d6046f,b7e177f4eb59d9ca9cab7834a3ca5653,1.1305620249149018,6,패,900
6a9474b103ac1c53c6789745,58a3b108d57eb3a4ed60f18eb3ca868e,1.1316970235388346,6,승,2400
6a9476031301f483c683530a,b7e177f4eb59d9ca9cab7834a3ca5653,1.1305620249149015,6,패,900
6a9478952994b3606597d3d6,b7e177f4eb59d9ca9cab7834a3ca5653,1.1293812107298855,6,승,900
6a9478952994b3606597d3d6,2155557fcaa74d184e5ed355b68ca9b4,1.1205642982863029,6,패,900
6a9479064d7a0c01ba216044,3434eb566aee44f0e71d8062f343c1ea,1.1194446113594234,7,승,2300
6a947bf22b5909fb36712e61,3434eb566aee44f0e71d8062f343c1ea,1.1389938075258523,6,패,2300
6a947cf1dc4f245777022911,2a761d25aff27002db4fcccdcdc84e62,1.1385945162373916,6,승,800
6a947cf1dc4f245777022911,fd51a181de9e8cc749bad03aa85726cb,1.107964766365354,6,패,800
6a947db56eb51e49ee112e33,fa45e4eed74a2c455bd3fbb11b19d673,1.1466313472159904,6,승,800
6a947db56eb51e49ee112e33,b7e177f4eb59d9ca9cab7834a3ca5653,1.1305620249149018,6,패,900
6a94816c30eda4db47e33b23,3434eb566aee44f0e71d8062f343c1ea,1.1194446113594234,7,패,2300
6a948281b0f1291dce57a0e4,2a761d25aff27002db4fcccdcdc84e62,1.1385945162373916,6,승,800
6a948281b0f1291dce57a0e4,e1f8215401de8ed6255e55eea89f91c4,1.1090896406978523,6,패,900
6a9484359b4ee32c4e7db60e,b7e177f4eb59d9ca9cab7834a3ca5653,1.1293812107298855,6,승,900
6a94891ea600b21af1fbbaee,2a761d25aff27002db4fcccdcdc84e62,1.1385945162373916,6,승,800
6a94891ea600b21af1fbbaee,d7abae216a3b9abd88046209098b9642,1.1230009505101295,6,패,800
6a948c66809b28722c236de6,3434eb566aee44f0e71d8062f343c1ea,1.1180781618832143,7,패,2300
6a948ef584b59494efa1813d,3434eb566aee44f0e71d8062f343c1ea,1.1180781618832143,7,패,2400
6a9494666d17f0ff168ee2f7,3434eb566aee44f0e71d8062f343c1ea,1.1194446113594234,7,무,2400
6a9495814add710f73fa19aa,79261904b91d0a0ba2d699ebafdaeaf3,1.1237529397896961,5,승,800
6a9495814add710f73fa19aa,8e15ac08c307158d4c8bfe7b537e1364,1.1286162905094013,6,패,900
6a9498149792ab3ec3ea0a9c,8e15ac08c307158d4c8bfe7b537e1364,1.1286162905094013,6,패,900
6a94984d070a55cfa4e0a4c9,01afcd5672e0e2ab5d63a2259445e8e9,1.1361564330640295,6,승,800
6a94984d070a55cfa4e0a4c9,79261904b91d0a0ba2d699ebafdaeaf3,1.1237529397896964,5,패,800
6a9499bf3cf7db8adc75f0a8,3434eb566aee44f0e71d8062f343c1ea,1.1194446113594234,7,승,2400
6a94a07078917ac4e3dd3fb2,3434eb566aee44f0e71d8062f343c1ea,1.1194446113594234,7,승,2400
6a94a3625eb4442b8fbf14b4,3434eb566aee44f0e71d8062f343c1ea,1.1205151319468807,7,승,2400
6a94a80a71ddf56668673593,3434eb566aee44f0e71d8062f343c1ea,1.1194446113594234,7,패,2300
6a94adab2110fe04070b5e94,3434eb566aee44f0e71d8062f343c1ea,1.1205151319468807,7,패,2400
6a94b0aeaa1438d0d756862e,3434eb566aee44f0e71d8062f343c1ea,1.1389506285647484,6,패,2400
6a94b5db81df1113a220a87a,3434eb566aee44f0e71d8062f343c1ea,1.118078161883214,7,승,2400
6a94b89c9e313f1d5484400b,3434eb566aee44f0e71d8062f343c1ea,1.1191856930087605,7,무,2400
6a94b8ef237ddf5160e655a1,6fbe3816f7848b005f347069c96070a5,1.0980349607629918,6,승,800
6a94be23c95c7beac42a7237,3434eb566aee44f0e71d8062f343c1ea,1.1194446113594234,7,승,2400
6a94bede1178fdfbeca110a9,e1590f0bbb6f24565be5ecb8c7d9c3ea,1.072180590195388,5,무,2100
6a94c0fbd4f63c3a8b986a4f,3434eb566aee44f0e71d8062f343c1ea,1.1194816218975123,7,패,2300
6a94c2fe0a62d8afb804cfb7,8ff87c0a6f096baf0d572a33683c4e52,1.1572160681025452,5,패,2100
6a94c31bc1efbce6b6076508,e1590f0bbb6f24565be5ecb8c7d9c3ea,1.0873193587614938,6,승,2100
6a94c545405df26d85b8ec9c,3434eb566aee44f0e71d8062f343c1ea,1.1245245312818788,7,승,2400
6a94c9660af60e39995c11f3,8ff87c0a6f096baf0d572a33683c4e52,1.1572160681025452,5,패,2100
6a94cc204445c359aab75fbd,8ff87c0a6f096baf0d572a33683c4e52,1.1572160681025452,5,패,2200
6a94cd048f11851336c724cd,ebc08cdfda1bcfcaace1a6d698524783,1.1212868144351225,6,승,2200
6a94cdc8a0d51c04d58173a7,6fbe3816f7848b005f347069c96070a5,1.0980349607629916,6,승,1300
6a94d04119648e0d2631002f,6fbe3816f7848b005f347069c96070a5,1.0980349607629916,6,승,1300
6a94d2120df09c46be29b51d,ebc08cdfda1bcfcaace1a6d698524783,1.1212868144351222,6,패,2200
6a94d3c944196a756c7c202e,8ff87c0a6f096baf0d572a33683c4e52,1.157216068102545,5,패,2200
6a94d4ae97ee57d4762f967a,ebc08cdfda1bcfcaace1a6d698524783,1.1212868144351222,6,승,2200
6a94d68c42bd9d0b3e7689d4,6fbe3816f7848b005f347069c96070a5,1.0980349607629916,6,승,1300
6a94d7e9d5d10a47b2a39271,ebc08cdfda1bcfcaace1a6d698524783,1.1212868144351222,6,패,2200
6a94d93fd6de478023cbe218,6fbe3816f7848b005f347069c96070a5,1.0980349607629916,6,승,1300
6a94da69ca1819a1dee0885a,ebc08cdfda1bcfcaace1a6d698524783,1.1212868144351222,6,패,2200
6a94dbc04f66aeee7ef850e2,e1590f0bbb6f24565be5ecb8c7d9c3ea,1.0873193587614935,6,패,2100
6a94dcf8d42acf0c4576c33e,ebc08cdfda1bcfcaace1a6d698524783,1.1212868144351225,6,무,2200
6a94ddac6df50c0c98a3cd51,8ff87c0a6f096baf0d572a33683c4e52,1.1572160681025447,5,승,2300
6a94de896a3b724d3fe35d72,7b16d10af4dcf9d956bd6b0faee5f3d8,1.0790481000745,6,승,2400
6a94dfe21ad42a1260152950,08e3b91cd9244dd5369f798d6303e5c6,1.090228043810413,6,승,1300
6a94e113e9a802b2b29f6e87,e1590f0bbb6f24565be5ecb8c7d9c3ea,1.0873193587614935,6,패,2100
6a94e1d6e3b72b6195c91167,7b16d10af4dcf9d956bd6b0faee5f3d8,1.0790481000745,6,패,2300
6a94e27bd31da8856780b9dc,08e3b91cd9244dd5369f798d6303e5c6,1.090228043810413,6,승,1300
6a94e2f04296633747fbd1e7,8ff87c0a6f096baf0d572a33683c4e52,1.157216068102545,5,무,2200
6a94e54af1d9302f58fb8ee6,08e3b91cd9244dd5369f798d6303e5c6,1.0902280438104133,6,승,1300
6a94e6590860e22c1c53870b,8ff87c0a6f096baf0d572a33683c4e52,1.157216068102545,5,승,2200
6a94e92793616963bf8572c8,08e3b91cd9244dd5369f798d6303e5c6,1.090228043810413,6,승,1300
6a94e92793616963bf8572c8,48593565dc7edf9471cce0d3c2e97bc9,1.128642704493789,6,패,1300
6a94eaafbd6461a5ece54276,7b16d10af4dcf9d956bd6b0faee5f3d8,1.0790481000745,6,승,2300
6a94eae564d8f106d8852625,8ff87c0a6f096baf0d572a33683c4e52,1.157216068102545,5,승,2200
6a94ed934aac66eaf1488158,08e3b91cd9244dd5369f798d6303e5c6,1.0902280438104133,6,패,800
6a94edc648364f6038f06dfb,7b16d10af4dcf9d956bd6b0faee5f3d8,1.0790481000745,6,승,2300
6a94ef4413336a4c5ac62bb6,8ff87c0a6f096baf0d572a33683c4e52,1.1572160681025452,5,무,2200
6a94f056dad1ff4f7eaec016,dbd92e3af57a94f4df9e711dcd230345,1.125562148357866,6,승,800
6a94f056dad1ff4f7eaec016,08e3b91cd9244dd5369f798d6303e5c6,1.090228043810413,6,패,800
6a94f0c5928cf1051e2b1d32,7b16d10af4dcf9d956bd6b0faee5f3d8,1.0790481000745,6,패,2300
6a94f27dd1e39d1ec285f369,8ff87c0a6f096baf0d572a33683c4e52,1.157216068102545,5,패,2200
6a94f4f6e35b715e047152c4,4f3fd3cf2a639bf0002c93993bf125da,1.1531383040804888,6,승,1300
6a94f7bf81b8106928e3936d,4f3fd3cf2a639bf0002c93993bf125da,1.1531383040804888,6,패,1300
6a94fdbc6a29b41590723dcb,4f3fd3cf2a639bf0002c93993bf125da,1.1531383040804888,6,승,800
6a9500e63d2bfcf65beb09d6,4f3fd3cf2a639bf0002c93993bf125da,1.1531383040804888,6,패,800
6a9500e63d2bfcf65beb09d6,dbd92e3af57a94f4df9e711dcd230345,1.125562148357866,6,승,800
6a9501019e02a8994019fd48,7b16d10af4dcf9d956bd6b0faee5f3d8,1.0790481000745,6,무,2300
6a950426d886e717282268c4,7b16d10af4dcf9d956bd6b0faee5f3d8,1.078446393566553,6,무,2300
6a9508755288514d0f8ce11c,c145f93540d1eab158e28e3303025982,1.1290890443325543,6,패,900
6a95097d0efeaa32b7fb00e4,4f3fd3cf2a639bf0002c93993bf125da,1.1531383040804888,6,승,800
6a950ca17dab3d5a07a73ac1,70798108de215d8b194c90da0d75a87c,1.101224055513877,6,패,800
6a950ca17dab3d5a07a73ac1,4f3fd3cf2a639bf0002c93993bf125da,1.1531383040804888,6,승,800
6a950f9390427371872f0014,4f3fd3cf2a639bf0002c93993bf125da,1.1531383040804888,6,패,1300
6a951d8c327dd61e9c72d2dd,7b16d10af4dcf9d956bd6b0faee5f3d8,1.0790481000745,6,무,2300
6a951da6a72d1050d1a0173a,c145f93540d1eab158e28e3303025982,1.1290890443325543,6,패,900
6a95203c0e64204fefd3974c,c145f93540d1eab158e28e3303025982,1.1189219670117747,6,승,900
6a95205e528713288c46459c,4f3fd3cf2a639bf0002c93993bf125da,1.1531383040804888,6,승,1300
6a95218910a157cf224f52b7,8bf198976b441f2c496e1b2014a18b3e,1.1209031887367782,6,승,2200
6a95218c321842dde224a3c3,f527ccf33bc30a42718492febe92a011,1.1309310921687168,6,패,2200
6a9522bbe6660266e579ec4b,70798108de215d8b194c90da0d75a87c,1.1012240555138773,6,패,800
6a9522d8cfa134d92024ce57,c145f93540d1eab158e28e3303025982,1.1189219670117747,6,승,900
6a9524fcf9f0401075590754,8bf198976b441f2c496e1b2014a18b3e,1.1209031887367782,6,무,2200
6a9524ffe1970e2eae2c9638,08e3b91cd9244dd5369f798d6303e5c6,1.090228043810413,6,승,800
6a9524ffe1970e2eae2c9638,038ed3fcd9df84101597cb4dfdefaa0f,1.1253927075115817,6,패,800
6a9526009da571fbacf8c2a6,f527ccf33bc30a42718492febe92a011,1.130931092168717,6,승,2200
6a95261cc497b70166c40091,4f3fd3cf2a639bf0002c93993bf125da,1.153138304080489,6,승,1300
6a952772546fa4c5cd1192ef,7b16d10af4dcf9d956bd6b0faee5f3d8,1.0790481000745,6,패,2300
6a95285dd21398cad7347ec9,08e3b91cd9244dd5369f798d6303e5c6,1.090228043810413,6,패,800
6a952b5c690bc81e2ced9895,f527ccf33bc30a42718492febe92a011,1.1309310921687168,6,패,2200
6a952bbdad7dfd91bf04eba4,8bf198976b441f2c496e1b2014a18b3e,1.1209031887367782,6,무,2200
6a952d7d1e49c7649efe2317,08e3b91cd9244dd5369f798d6303e5c6,1.0886315634365777,6,패,800
6a952fe377f5347f2f5fe7b6,8bf198976b441f2c496e1b2014a18b3e,1.1261302191554594,6,승,2200
6a9536db397628f76db4dc4c,f527ccf33bc30a42718492febe92a011,1.1309310921687168,6,승,2200
6a953b6db2f29849aa3d9b12,f527ccf33bc30a42718492febe92a011,1.1309310921687168,6,패,2200
6a953c1a6d17f04f66924a8d,b7e177f4eb59d9ca9cab7834a3ca5653,1.1305620249149018,6,패,900
6a953f620f96ac552afa08ff,ace652363cc849d864cb08ffeffe4205,1.118440295848117,6,패,800
6a9540378345985eb3662a4d,f527ccf33bc30a42718492febe92a011,1.1309310921687168,6,패,2200
6a9540dd6d5dd41ada8c2868,b7e177f4eb59d9ca9cab7834a3ca5653,1.1293812107298855,6,승,800
6a9540dd6d5dd41ada8c2868,b2df117bcaf10dc2f20d55d43f93ee71,1.124343369066611,6,패,800
6a95423f1e49c718fffed2b8,86caf7598ea79a833b176139b7d76fcb,1.126238091232531,6,패,800
6a954639d67fc975b4122d74,e1590f0bbb6f24565be5ecb8c7d9c3ea,1.0844510230176707,6,패,2100
6a954677679482634ae6853d,3b6d553a931611f6452b3c292887aec4,1.1318315153014618,6,패,1300
6a95486cd776e4feeb287ccc,8bf198976b441f2c496e1b2014a18b3e,1.085410032624291,6,승,2100
6a954c16dc9b472ff5732106,3b6d553a931611f6452b3c292887aec4,1.1303862615772335,6,승,1300
6a954c4a356d90bb1d641824,3da122a7abe044dd338a434981f6329c,1.166178731532764,6,승,1300
6a954c5af7805f559e814c21,e1590f0bbb6f24565be5ecb8c7d9c3ea,1.079036620495103,5,무,2100
6a954fa47b21737dbe8ee09b,3b6d553a931611f6452b3c292887aec4,1.1303862615772335,6,패,1300
6a954fa47b21737dbe8ee09b,273cb73976b33dc7ee374a1dde36f16b,1.1545657742012054,6,승,900
6a954fe50ba8c44f405226b4,3da122a7abe044dd338a434981f6329c,1.1572318734362381,6,패,1300
6a95527348e7eb0eccde1ee2,3b6d553a931611f6452b3c292887aec4,1.1303862615772335,6,승,1300
6a95528c003bac35d5ec26ef,3da122a7abe044dd338a434981f6329c,1.166178731532764,6,승,1300
6a95576230e28c0a6011764d,865503614bd31b4146360d2225a2facd,1.1389073395042197,6,승,1300
6a9557d52a7fa43989f7e597,ebc08cdfda1bcfcaace1a6d698524783,1.1250428358807456,6,승,2200
6a9559f01e49c73f31ffa5c5,865503614bd31b4146360d2225a2facd,1.13890733950422,6,승,1300
6a9559f01e49c73f31ffa5c5,d7abae216a3b9abd88046209098b9642,1.1230009505101295,6,패,900
6a955adcc1fb703a8dc4a844,ebc08cdfda1bcfcaace1a6d698524783,1.1250428358807456,6,승,2200
6a955d78de8d373a4c9ee6d6,865503614bd31b4146360d2225a2facd,1.13890733950422,6,패,1300
6a95620c6861727c8a1862e6,865503614bd31b4146360d2225a2facd,1.13890733950422,6,승,1300
6a95640f84c7722a09ecd34a,3444a7830f1c014414555325aa704145,1.1260633057312552,6,승,1300
6a95640f84c7722a09ecd34a,3b6d553a931611f6452b3c292887aec4,1.1303862615772335,6,패,1300
6a956430f297b298d02fa760,4a59d8c669a35cc9f4ef766f4d4b321e,1.144313584116354,6,승,2500
6a956c193ffaff0a75276767,08e3b91cd9244dd5369f798d6303e5c6,1.0902280438104133,6,승,800
6a956c193ffaff0a75276767,ace652363cc849d864cb08ffeffe4205,1.118440295848117,6,패,800
6a957273019d3ed6f9978d01,3444a7830f1c014414555325aa704145,1.126063305731255,6,승,800
6a957273019d3ed6f9978d01,fb9acbc7b4843ade8708a86dd5f22166,1.1273831363148492,6,패,800
6a957661076da8df3cb9f749,fb9acbc7b4843ade8708a86dd5f22166,1.1318526825139676,6,승,800
6a95795406863f4b502148a7,ace652363cc849d864cb08ffeffe4205,1.118440295848117,6,패,800
6a95795406863f4b502148a7,fb9acbc7b4843ade8708a86dd5f22166,1.1318526825139676,6,승,800
6a9579d7e9f29dbdb65eb778,cdcab790a58aad2055ca7390ac0f1b5d,1.1353823470788569,6,승,1300
6a9581c3041c5d06e3649569,b7e177f4eb59d9ca9cab7834a3ca5653,1.1293812107298853,6,승,1300
6a9583594f66ae147bfd7a7d,1108c86f12ac641cc297ce60671cd0aa,1.1237570326075925,6,승,1300
6a9585ad1179370e8282f036,b7e177f4eb59d9ca9cab7834a3ca5653,1.1293812107298853,6,승,1300
6a958690766595027a9cd179,1108c86f12ac641cc297ce60671cd0aa,1.1237570326075927,6,무,1300
6a9586e37603db71e811afe9,fb9acbc7b4843ade8708a86dd5f22166,1.1318526825139676,6,승,1300
6a9587fd5e44422b25f4d01c,4a59d8c669a35cc9f4ef766f4d4b321e,1.122963871302808,6,패,2500
6a95883baa4a1a402b43b6db,2525f5791686fc3d07e7047b5d9705e7,1.1163759922592154,5,승,900
6a95883baa4a1a402b43b6db,b7e177f4eb59d9ca9cab7834a3ca5653,1.1305620249149018,6,패,1300
6a958950087a752b1d1eaf98,1108c86f12ac641cc297ce60671cd0aa,1.1237570326075927,6,승,1300
6a958a0eddb395180151c0f2,fb9acbc7b4843ade8708a86dd5f22166,1.1318526825139676,6,승,1300
6a958d6699c47619f5cdc9f3,4a59d8c669a35cc9f4ef766f4d4b321e,1.1177747424977191,6,패,2500
6a958fffa6b20012ddcecba6,4a59d8c669a35cc9f4ef766f4d4b321e,1.1277386438566845,6,무,2500
6a9597b064eb609bfe9d450f,b7e177f4eb59d9ca9cab7834a3ca5653,1.1293812107298853,6,무,1300
6a959ca4018d9bd38ae9c049,cdcab790a58aad2055ca7390ac0f1b5d,1.1353823470788569,6,승,1300
6a95a00ff93d5a18ae42e34e,b95234f5ae88d9caf5aafc33383b7900,1.150023554011269,6,패,900
6a95a00ff93d5a18ae42e34e,cdcab790a58aad2055ca7390ac0f1b5d,1.1353823470788569,6,승,1300
6a95a58d2df2fe415e100457,e9601e0afc66e969ee7cfdc3706bb7a2,1.1256512960324356,6,패,800
6a95a58d2df2fe415e100457,cdcab790a58aad2055ca7390ac0f1b5d,1.1353823470788569,6,승,1300
6a95a80300110a07f9f4e3dc,cdcab790a58aad2055ca7390ac0f1b5d,1.1353823470788569,6,승,1300
6a95ade4992efc3280b38e37,8e15ac08c307158d4c8bfe7b537e1364,1.1193878372922643,6,승,900
6a95afdb6d3f433c1fa9c021,cdcab790a58aad2055ca7390ac0f1b5d,1.1353823470788569,6,승,800
6a95afdb6d3f433c1fa9c021,ace652363cc849d864cb08ffeffe4205,1.118440295848117,6,패,900
6a95b12324e92ce02859a0d2,c5f20fce014f2466bdc61ac8136d4e77,1.1427593909933866,6,패,900
6a95b12324e92ce02859a0d2,8e15ac08c307158d4c8bfe7b537e1364,1.1239296986611693,6,승,900
6a95b54bc7e00de78e09c167,cdcab790a58aad2055ca7390ac0f1b5d,1.1353823470788569,6,승,800
6a95b54bc7e00de78e09c167,d7abae216a3b9abd88046209098b9642,1.1230009505101293,6,패,800
6a95b5e6f4ad67cb6471dae2,58a3b108d57eb3a4ed60f18eb3ca868e,1.1316970235388344,6,패,2400
6a95b6d669e54ef2d21bb83d,8e15ac08c307158d4c8bfe7b537e1364,1.1239296986611693,6,승,900
6a95b991c6111616bf1ec47c,cdcab790a58aad2055ca7390ac0f1b5d,1.137571127125753,6,패,800
6a95b991c6111616bf1ec47c,8e15ac08c307158d4c8bfe7b537e1364,1.1239296986611693,6,승,900
6a95bda85c4d6aae95988869,e1f8215401de8ed6255e55eea89f91c4,1.1078388313433674,6,승,900
6a95bda85c4d6aae95988869,8e15ac08c307158d4c8bfe7b537e1364,1.1254624248920726,6,패,900
6a95c43e593572774b4e8d45,3434eb566aee44f0e71d8062f343c1ea,1.1194446113594234,7,패,2400
6a95c781e1970e78d932ae16,2a761d25aff27002db4fcccdcdc84e62,1.1108576887271093,6,승,1300
6a95c83f063994c86515e1bf,3434eb566aee44f0e71d8062f343c1ea,1.1194446113594236,7,패,2400
6a95cb1cb5429b7bad3de05f,3434eb566aee44f0e71d8062f343c1ea,1.1190599472524565,7,무,2400
6a95cd14ca933b349e0ee396,fb9acbc7b4843ade8708a86dd5f22166,1.125954983034419,6,승,1300
6a95cdfb7e751cd279aadc83,3434eb566aee44f0e71d8062f343c1ea,1.126300834371591,7,승,2400
6a95d4e26ada1f8054994645,3434eb566aee44f0e71d8062f343c1ea,1.1194446113594234,7,무,2400
6a95d703f96377e4451fedee,2a761d25aff27002db4fcccdcdc84e62,1.1108576887271095,6,승,1300
6a95d9ad3e86db0d59d22eef,2a761d25aff27002db4fcccdcdc84e62,1.1108576887271093,6,승,1300
6a95d9ad3e86db0d59d22eef,8e15ac08c307158d4c8bfe7b537e1364,1.1340726912067989,6,패,900
6a95db762a801b883e2657ad,3434eb566aee44f0e71d8062f343c1ea,1.1194446113594234,7,승,2400
6a95dc3503ac1c7987825a33,2a761d25aff27002db4fcccdcdc84e62,1.1108576887271093,6,승,1300
6a95dc3503ac1c7987825a33,edcabc4ff82ec1e48100c83ad31eafe6,1.1125979323189776,6,패,800
6a95de412bc49e0d9bdd75aa,3434eb566aee44f0e71d8062f343c1ea,1.1205151319468805,7,패,2400
6a95dfb4c440f45703ce47b5,58a3b108d57eb3a4ed60f18eb3ca868e,1.1316970235388346,6,패,2400
6a95e0750d1d2f1a11ca6af8,8e15ac08c307158d4c8bfe7b537e1364,1.1344528059200405,6,패,900
6a95e32c242d370abeed4235,8e15ac08c307158d4c8bfe7b537e1364,1.134072691206799,6,무,900
6a95e3c47b387a1b179bc03b,58a3b108d57eb3a4ed60f18eb3ca868e,1.1316970235388346,6,패,2400
6a95e402865fc76f7ff993fa,3434eb566aee44f0e71d8062f343c1ea,1.1180781618832143,7,무,2400
6a95e5c675533d243c07ea03,edcabc4ff82ec1e48100c83ad31eafe6,1.110430720076155,3,승,900
6a95e5c675533d243c07ea03,8e15ac08c307158d4c8bfe7b537e1364,1.1344528059200407,6,패,900
6a95e6b615143e1b7261d788,3434eb566aee44f0e71d8062f343c1ea,1.1194446113594234,7,승,2400
6a95eb5831df55596ad8991b,3434eb566aee44f0e71d8062f343c1ea,1.1194446113594234,7,승,2300
6a95ec15f2602c7651ebdbff,8406ec89efe0c686a6a49d35381933d5,1.1156232507821497,6,패,1300
6a95ec15f2602c7651ebdbff,8e15ac08c307158d4c8bfe7b537e1364,1.1340726912067989,6,승,900
6a95f0b53f1fb36c1427d286,8e15ac08c307158d4c8bfe7b537e1364,1.1344528059200405,6,패,900
6a95f29dde7bd9927e6899d0,7b16d10af4dcf9d956bd6b0faee5f3d8,1.0790481000745,6,패,2300
6a95f3ae405a777becc96620,8e15ac08c307158d4c8bfe7b537e1364,1.1340726912067989,6,승,900
6a95f78547059d29dfe5d124,edcabc4ff82ec1e48100c83ad31eafe6,1.1079544226154552,6,승,1300
6a95f78547059d29dfe5d124,8e15ac08c307158d4c8bfe7b537e1364,1.1340726912067989,6,패,900
6a95fbc92030f043552dcdb2,8e15ac08c307158d4c8bfe7b537e1364,1.1344528059200405,6,패,900
6a9600e65939dd7edab85550,8e15ac08c307158d4c8bfe7b537e1364,1.1344528059200407,6,패,900
6a9604c0e58f1b1cc065f87c,8e15ac08c307158d4c8bfe7b537e1364,1.1344528059200405,6,패,900
6a96144a8915d493f485c286,2a761d25aff27002db4fcccdcdc84e62,1.1248928313618818,6,승,1300
6a96144a8915d493f485c286,5889ac88cb81de7b5c95e53b29f197cf,1.0568892762379958,5,패,900
6a961f8463192ee706a9fa4b,afe3fe8b1d6e483e21600e282305e626,1.1350569062211138,6,승,900
6a962027f02e424175427392,8ff87c0a6f096baf0d572a33683c4e52,1.1572160681025452,5,승,2200
6a962262df3bf32d611756ce,31a20d01827a9c69bcae9d27fc96b315,1.0917811429076751,6,패,800
6a962262df3bf32d611756ce,afe3fe8b1d6e483e21600e282305e626,1.1350569062211138,6,승,900
6a96230a128a1dfcf1e2991a,8ff87c0a6f096baf0d572a33683c4e52,1.157216068102545,5,무,2200
6a96280ac8f67338528fd970,8ff87c0a6f096baf0d572a33683c4e52,1.157216068102545,5,패,2200
6a962b171ec8d6a3d838836e,afe3fe8b1d6e483e21600e282305e626,1.1350569062211138,6,승,900
6a962bbeb8b231dce18b86b3,8ff87c0a6f096baf0d572a33683c4e52,1.157216068102545,5,승,2200
6a962e2374a4212a883e85bb,e1590f0bbb6f24565be5ecb8c7d9c3ea,1.0844510230176707,6,승,2100
6a962f0201e3f11884cac472,afe3fe8b1d6e483e21600e282305e626,1.1350569062211138,6,승,900
6a9630ef125188e5f103d5b6,8ff87c0a6f096baf0d572a33683c4e52,1.1572160681025447,5,승,2200
6a9634327c333d9a2b99d4c7,fd51a181de9e8cc749bad03aa85726cb,1.1121852410236628,6,패,1300
6a9634327c333d9a2b99d4c7,afe3fe8b1d6e483e21600e282305e626,1.1350569062211138,6,승,800
6a9637cb3bdbd576814aa09a,afe3fe8b1d6e483e21600e282305e626,1.1350569062211135,6,승,800
6a9640294d38c23d772ad1a1,afe3fe8b1d6e483e21600e282305e626,1.1350569062211138,6,승,900
6a964748f7f1efe72e688012,afe3fe8b1d6e483e21600e282305e626,1.1350569062211138,6,패,800
6a964efab17cbf4eea083f4f,f527ccf33bc30a42718492febe92a011,1.130931092168717,6,승,2200
6a9653ba12d2af758ab3d077,6397dd70d327c084bdd58b2a091494dd,1.1373136032909896,6,무,1300
6a965759eb258f11f14c55a2,f527ccf33bc30a42718492febe92a011,1.1395617140876595,6,승,2200
6a9658cd36a24bb6a4c83824,6397dd70d327c084bdd58b2a091494dd,1.1373136032909896,6,승,1300
6a965b86cebcdba5fff6c2c6,f527ccf33bc30a42718492febe92a011,1.1395617140876593,6,무,2200
6a965bb9da0638854d2381b8,6397dd70d327c084bdd58b2a091494dd,1.1373136032909896,6,승,1300
6a965e0541dce97e90ba5f25,f527ccf33bc30a42718492febe92a011,1.1395617140876595,6,패,2200
6a965e798854d1c7d080a627,6397dd70d327c084bdd58b2a091494dd,1.1373136032909896,6,승,900
6a96603d444e0736d70014a7,1cd736e3d7f76e65ab84e92d5bd15d17,1.1151516450928687,6,패,2100
6a9662e6a89e93f055487e77,08e3b91cd9244dd5369f798d6303e5c6,1.090228043810413,6,승,800
6a9662e6a89e93f055487e77,bb0b4f065fcdebcf571118d9ca1a0ac0,1.146573319193392,6,패,800
6a966342612c575793aba9ca,f527ccf33bc30a42718492febe92a011,1.1395617140876595,6,승,2200
6a9665f452d2f5bea00499a0,1cd736e3d7f76e65ab84e92d5bd15d17,1.1151516450928687,6,패,2200
6a966832606a957a52d31155,c48abe97cbb68fe54e49d5b8da75a8fa,1.124908335896688,6,패,900
6a966832606a957a52d31155,afe3fe8b1d6e483e21600e282305e626,1.1350569062211135,6,승,900
6a96687801052683766a4283,1cd736e3d7f76e65ab84e92d5bd15d17,1.1151516450928687,6,패,2200
6a966b15c5f98036bf2a1117,1cd736e3d7f76e65ab84e92d5bd15d17,1.115151645092869,6,패,2200
6a966bd83f7a911faa8bb3b7,afe3fe8b1d6e483e21600e282305e626,1.1350569062211135,6,승,900
6a966d58aad5106d81e66ff3,f527ccf33bc30a42718492febe92a011,1.1391485187969208,6,무,2200
6a966e6e8f0f3e02fa22d022,e12025eed658876fdce204dc14a156c4,1.1280047496726513,5,패,900
6a966e6e8f0f3e02fa22d022,afe3fe8b1d6e483e21600e282305e626,1.1350569062211135,6,승,800
6a966fdd6eb51e37bc1dfb5d,f527ccf33bc30a42718492febe92a011,1.1391485187969208,6,승,2200
6a9671cf1d1949c41b1f6e47,dbd92e3af57a94f4df9e711dcd230345,1.1058229831965043,9,패,800
6a9671cf1d1949c41b1f6e47,afe3fe8b1d6e483e21600e282305e626,1.1350569062211138,6,승,800
6a96743c6d5dd47950954461,e1590f0bbb6f24565be5ecb8c7d9c3ea,1.0844510230176707,6,승,2100
6a967483a815ccda7b914f6d,f527ccf33bc30a42718492febe92a011,1.1391485187969208,6,패,2200
6a96775ea59e42134d74ea82,f527ccf33bc30a42718492febe92a011,1.139638416443611,6,패,2200
6a96795d3b239c6ab08f9524,afe3fe8b1d6e483e21600e282305e626,1.1350569062211135,6,승,800
6a967bb498f8026e1f3d8802,f527ccf33bc30a42718492febe92a011,1.139638416443611,6,패,2200
6a967ed285018a5c905ac14b,afe3fe8b1d6e483e21600e282305e626,1.135056906221114,6,패,800
6a967f95a05e0c3c5a4e335e,f527ccf33bc30a42718492febe92a011,1.139638416443611,6,승,2300
6a96835229af420fc2989214,f527ccf33bc30a42718492febe92a011,1.139638416443611,6,패,2200
6a968472adebd210ce994714,8979f68fc7ec9230c47d90f0100badcd,1.1306674083379147,6,승,1300
6a96852755808c59a19640c9,bf7aa48910ef14c5866851f455a9d37f,1.1314790780929902,6,승,900
6a9686b66ea7639456e03e98,afe3fe8b1d6e483e21600e282305e626,1.1394552064279906,6,패,800
6a9686b66ea7639456e03e98,ace652363cc849d864cb08ffeffe4205,1.118440295848117,6,승,900
6a9687b980628afa06a69eba,bf7aa48910ef14c5866851f455a9d37f,1.1314790780929902,6,승,900
6a968815b6d22c8e8081608b,8979f68fc7ec9230c47d90f0100badcd,1.1306674083379147,6,승,1300
6a96893fe39a526ee6691d3c,afe3fe8b1d6e483e21600e282305e626,1.1350569062211138,6,패,1300
6a968aa5b63f1386ab070b7f,8979f68fc7ec9230c47d90f0100badcd,1.1306674083379147,6,승,1300
6a968aea499569035b7e39b4,f527ccf33bc30a42718492febe92a011,1.139638416443611,6,승,2300
6a968bef6d0e8d03aa1dad0b,afe3fe8b1d6e483e21600e282305e626,1.1350569062211138,6,승,1300
6a968d36607f96157d7a3631,8979f68fc7ec9230c47d90f0100badcd,1.1306674083379147,6,승,1300
6a968e9b4c60bd3ebe0e6d29,e1590f0bbb6f24565be5ecb8c7d9c3ea,1.0844510230176707,6,무,2100
6a9690700894b655001c0777,afe3fe8b1d6e483e21600e282305e626,1.1350569062211138,6,승,1300
6a9690c5426bef5970208ac7,c145f93540d1eab158e28e3303025982,1.1189219670117747,6,승,900
6a96913b67e77aba0881a3b4,8979f68fc7ec9230c47d90f0100badcd,1.1306674083379147,6,패,800
6a9692c3172aef8cf78e06ba,08e3b91cd9244dd5369f798d6303e5c6,1.090228043810413,6,승,800
6a9692c3172aef8cf78e06ba,2eb2f940a69d3a359ff04d17662a4532,1.1075656102903233,9,패,800
6a96930661817d4958d75bca,afe3fe8b1d6e483e21600e282305e626,1.1350569062211138,6,무,1300
6a969446aca8c7f1efdf733a,f527ccf33bc30a42718492febe92a011,1.139638416443611,6,승,2200
6a96979c72e6b30cad489ec4,7b16d10af4dcf9d956bd6b0faee5f3d8,1.0790481000745,6,패,2300
6a96982d6ae81834d2cbf25d,afe3fe8b1d6e483e21600e282305e626,1.1394552064279908,6,패,800
6a96982d6ae81834d2cbf25d,32a7460f0f60888bdfa3516ca384205c,1.119064415945384,6,승,900
6a969ae4f5322f3ffa7fd0e6,afe3fe8b1d6e483e21600e282305e626,1.1350569062211138,6,승,800
6a969ae4f5322f3ffa7fd0e6,b2df117bcaf10dc2f20d55d43f93ee71,1.124343369066611,6,패,800
6a969cbadcd544017a8897c1,6397dd70d327c084bdd58b2a091494dd,1.1373136032909896,6,승,1300
6a969ed99a88a32152766e1f,e1590f0bbb6f24565be5ecb8c7d9c3ea,1.0844510230176707,6,패,2100
6a969f4352106dd61b37a82d,6397dd70d327c084bdd58b2a091494dd,1.1373136032909896,6,승,900
6a969f70850c92ae276d4de6,3da122a7abe044dd338a434981f6329c,1.1572318734362381,6,패,900
6a969f70850c92ae276d4de6,fb9acbc7b4843ade8708a86dd5f22166,1.1318526825139676,6,승,1300
6a96a1ab3976286947bff836,752f823e171bba144c516086bda3d89a,1.112488877043948,6,패,1300
6a96a21bdd1b577ec4eca937,eca7a466af056f0bef92d79720d6c813,1.1103468791014128,6,패,900
6a96a21bdd1b577ec4eca937,3da122a7abe044dd338a434981f6329c,1.1661787315327639,6,승,900
6a96a525f4a3704bd1bb0edd,3da122a7abe044dd338a434981f6329c,1.1661787315327639,6,승,900
6a96a5b25b570b52080805ce,afe3fe8b1d6e483e21600e282305e626,1.1350569062211135,6,승,800
6a96a5b25b570b52080805ce,fb9acbc7b4843ade8708a86dd5f22166,1.1273831363148492,6,패,800
6a96a67f21536905572e33ef,752f823e171bba144c516086bda3d89a,1.1196172153594601,6,승,1300
6a96a8621194423c93626d1f,ebc08cdfda1bcfcaace1a6d698524783,1.1218775780743215,6,무,2200
6a96a8a76907647afe2428b9,8e15ac08c307158d4c8bfe7b537e1364,1.1344528059200405,6,패,900
6a96a935327e9d7d9d8d80ca,6397dd70d327c084bdd58b2a091494dd,1.1274454003104284,6,패,900
6a96a935327e9d7d9d8d80ca,afe3fe8b1d6e483e21600e282305e626,1.1350569062211138,6,승,800
6a96ab4ff93d5aac674a3c13,8e15ac08c307158d4c8bfe7b537e1364,1.1344378656183889,6,승,1000
6a96ab6e84c7723f1df6c5b2,ebc08cdfda1bcfcaace1a6d698524783,1.1218775780743213,6,패,2200
6a96ac35306bc61d4e4af86d,752f823e171bba144c516086bda3d89a,1.112488877043948,6,승,800
6a96ac7dfd6a6957b064fc46,01afcd5672e0e2ab5d63a2259445e8e9,1.1438832018652574,6,승,1300
6a96acb1a682aa8fc6d68627,6397dd70d327c084bdd58b2a091494dd,1.1373136032909896,6,패,900
6a96ad8976f30d679f3473fb,afe3fe8b1d6e483e21600e282305e626,1.1350569062211138,6,패,800
6a96ae2bdc767910563692ad,ebc08cdfda1bcfcaace1a6d698524783,1.1218775780743213,6,승,2200
6a96ae9b809b280cb7327a20,fb9acbc7b4843ade8708a86dd5f22166,1.1273831363148492,6,패,800
6a96af61f238d6a0e5159d6c,8e15ac08c307158d4c8bfe7b537e1364,1.1344528059200407,6,패,900
6a96af985b1b6de510c5d4ab,752f823e171bba144c516086bda3d89a,1.112488877043948,6,승,1300
6a96b0c338141f588a1ef439,ebc08cdfda1bcfcaace1a6d698524783,1.1218775780743213,6,승,2200
6a96b0e7877610000b740944,6397dd70d327c084bdd58b2a091494dd,1.1373136032909896,6,승,900
6a96b1269191db4a2294fa1d,afe3fe8b1d6e483e21600e282305e626,1.1394552064279908,6,패,800
6a96b152a186155958541106,1cd736e3d7f76e65ab84e92d5bd15d17,1.1151516450928687,6,무,2200
6a96b390c6f36e7df9ca83dc,6397dd70d327c084bdd58b2a091494dd,1.1274454003104284,6,패,900
6a96b3f1155c5d09028d744d,1cd736e3d7f76e65ab84e92d5bd15d17,1.115151645092869,6,패,2200
6a96b444eef3233c0c17462a,4a59d8c669a35cc9f4ef766f4d4b321e,1.1385553466683385,6,무,2500
6a96b501c1dc85123b210545,afe3fe8b1d6e483e21600e282305e626,1.1394552064279906,6,패,800
6a96b501c1dc85123b210545,488c7f587382d8f4edfb16871c17a0f4,1.1381972711660824,6,승,900
6a96b503b066a0b17cefd4f4,8e15ac08c307158d4c8bfe7b537e1364,1.1344378656183889,6,승,900
6a96b51997eac67f174264cc,7b16d10af4dcf9d956bd6b0faee5f3d8,1.0790481000745,6,패,2300
6a96b6d673dbc163ec2af027,6397dd70d327c084bdd58b2a091494dd,1.1274454003104284,6,패,900
6a96b73426b40d5c292ef042,4a59d8c669a35cc9f4ef766f4d4b321e,1.1385553466683385,6,패,2500
6a96b80a66a1834c4d39f3ea,7b16d10af4dcf9d956bd6b0faee5f3d8,1.0790481000744998,6,승,2400
6a96b89a747f26e43dc548e9,afe3fe8b1d6e483e21600e282305e626,1.1350569062211135,6,승,900
6a96b8be68ac7ef87359a5d2,1cd736e3d7f76e65ab84e92d5bd15d17,1.1151516450928687,6,승,2300
6a96b904e630505acc9619cc,cdcab790a58aad2055ca7390ac0f1b5d,1.137571127125753,6,패,800
6a96b904e630505acc9619cc,fb9acbc7b4843ade8708a86dd5f22166,1.1318526825139676,6,승,800
6a96b9478cc583ebfd505bf9,b7e177f4eb59d9ca9cab7834a3ca5653,1.1305620249149015,6,패,800
6a96b9478cc583ebfd505bf9,d5b6b8e9bae095b5f1557444b397024c,1.14464340286305,6,승,900
6a96b98ddf741c59361add6d,6397dd70d327c084bdd58b2a091494dd,1.1274454003104284,6,패,900
6a96b98ddf741c59361add6d,2525f5791686fc3d07e7047b5d9705e7,1.1249121092470495,6,승,900
6a96ba63ef0bbe0e54232d57,8e15ac08c307158d4c8bfe7b537e1364,1.1344528059200405,6,패,900
6a96bb6f94359710a9ac9e51,08e3b91cd9244dd5369f798d6303e5c6,1.0902280438104133,6,승,800
6a96bb6f94359710a9ac9e51,afe3fe8b1d6e483e21600e282305e626,1.135056906221114,6,패,800
6a96bb9e416f40c646465b36,1cd736e3d7f76e65ab84e92d5bd15d17,1.1151516450928687,6,패,2200
6a96bbb21ae80af9779e81b1,cdcab790a58aad2055ca7390ac0f1b5d,1.1353823470788569,6,승,800
6a96bbf743718869ac869864,fb9acbc7b4843ade8708a86dd5f22166,1.1318526825139676,6,승,800
6a96bc681ce8652c0f28ecb7,b95234f5ae88d9caf5aafc33383b7900,1.1402748309175388,6,승,900
6a96bc681ce8652c0f28ecb7,b7e177f4eb59d9ca9cab7834a3ca5653,1.1305620249149018,6,패,900
6a96bd24466ccc688b374e0b,6397dd70d327c084bdd58b2a091494dd,1.1373136032909896,6,패,900
6a96bdfbe61c0ecbaa7f4c3f,8e15ac08c307158d4c8bfe7b537e1364,1.1344528059200407,6,패,900
6a96bebdd7d3d546923a290e,01afcd5672e0e2ab5d63a2259445e8e9,1.1438832018652574,6,승,1300
6a96bebdd7d3d546923a290e,9d94e6434ffa6439470bd27dd9ecd012,1.135086864037366,6,패,1300
6a96bf68ad4725d462731c40,b7e177f4eb59d9ca9cab7834a3ca5653,1.1305620249149018,6,패,900
6a96bf68ad4725d462731c40,afe3fe8b1d6e483e21600e282305e626,1.1350569062211135,6,승,900
6a96c0a466938ec01ea62fe2,8e15ac08c307158d4c8bfe7b537e1364,1.1344378656183889,6,패,900
6a96c0dfa4b7cd25db9938e9,2eb2f940a69d3a359ff04d17662a4532,1.1346801289497481,6,패,800
6a96c127c44bb6fc6b5dfb38,6397dd70d327c084bdd58b2a091494dd,1.1373136032909896,6,승,900
6a96c18ddc7fd5365039a954,01afcd5672e0e2ab5d63a2259445e8e9,1.1438832018652574,6,승,1300
6a96c1f9b17c3c782ca00f63,b7e177f4eb59d9ca9cab7834a3ca5653,1.1305620249149018,6,승,900
6a96c38c449b785b802c1430,8e15ac08c307158d4c8bfe7b537e1364,1.1344528059200405,6,무,1000
6a96c4249e58e46fd48fe545,afe3fe8b1d6e483e21600e282305e626,1.1350569062211138,6,승,900
6a96c513d1e5414f84bf67a7,4a59d8c669a35cc9f4ef766f4d4b321e,1.1297719874295922,6,패,2500
6a96c602fbcc7e56314c4587,b7e177f4eb59d9ca9cab7834a3ca5653,1.1280926069115853,6,승,900
6a96c6a9cfa2dbe8d5e15ec6,76c3297d3bc93d8371d58de802f77310,1.1640647005262268,6,패,900
6a96c6a9cfa2dbe8d5e15ec6,afe3fe8b1d6e483e21600e282305e626,1.1350569062211138,6,승,900
6a96c723929fea199bc3fdbe,2eb2f940a69d3a359ff04d17662a4532,1.1416081794398572,6,승,800
6a96c723929fea199bc3fdbe,d7abae216a3b9abd88046209098b9642,1.1230009505101293,6,패,800
6a96c9e26fb7dab96075647d,b7e177f4eb59d9ca9cab7834a3ca5653,1.1280926069115857,6,승,800
6a96c9e26fb7dab96075647d,d7abae216a3b9abd88046209098b9642,1.1230009505101293,6,패,800
6a96d0a3fe1a0ba3e7ee124d,6a536bb407850c946f1383e8b0f99982,1.1310237616163172,6,승,900
6a96d0a3fe1a0ba3e7ee124d,af20ab1eb52cd17fe1381647eb6e77be,1.1494237590809273,6,패,800
6a96d11fb8cc51ff81b06d66,70798108de215d8b194c90da0d75a87c,1.102885122350045,6,패,800
6a96d11fb8cc51ff81b06d66,fb9acbc7b4843ade8708a86dd5f22166,1.1401611463880033,6,승,800
6a96d233a9f2fbc128a813c8,cdcab790a58aad2055ca7390ac0f1b5d,1.1353823470788569,6,승,800
6a96d3ae9b34e37ceabd2eef,6a536bb407850c946f1383e8b0f99982,1.1138199023426194,6,패,800
6a96d3ae9b34e37ceabd2eef,70798108de215d8b194c90da0d75a87c,1.102885122350045,6,승,800
6a96d47961f82a2f0b60cfcb,8e15ac08c307158d4c8bfe7b537e1364,1.1285825577283537,6,승,900
6a96d4ad9d5e72639c203ac2,1cd736e3d7f76e65ab84e92d5bd15d17,1.1151516450928687,6,패,2300
6a96d66c049e92409d3211a8,6a536bb407850c946f1383e8b0f99982,1.1138199023426194,6,패,800
6a96d785807c445e27a60010,1cd736e3d7f76e65ab84e92d5bd15d17,1.1151516450928687,6,승,2300
6a96d7cea06821a42ade5f11,cdcab790a58aad2055ca7390ac0f1b5d,1.137571127125753,6,패,800
6a96d97adbbab694ae74a100,bf7aa48910ef14c5866851f455a9d37f,1.1247570339162802,6,패,900
6a96d97adbbab694ae74a100,992819c32a72af2b1e208a4431a7dd14,1.1088074997618869,5,승,900
6a96da3bfac96c71b5a051dd,1cd736e3d7f76e65ab84e92d5bd15d17,1.115151645092869,6,승,2300
6a96dc2d9048cc2242cd5824,bf7aa48910ef14c5866851f455a9d37f,1.13147907809299,6,승,900
6a96dccb0e64203447e2444d,1cd736e3d7f76e65ab84e92d5bd15d17,1.1151516450928687,6,무,2200
6a96dd42dfbdff4d81823a19,70798108de215d8b194c90da0d75a87c,1.102885122350045,6,패,800
6a96dd42dfbdff4d81823a19,cdcab790a58aad2055ca7390ac0f1b5d,1.1324095759576125,6,승,800
6a96decc12885504be1bac78,bf7aa48910ef14c5866851f455a9d37f,1.13147907809299,6,승,900
6a96df7d0481fb9e76edf0ec,1cd736e3d7f76e65ab84e92d5bd15d17,1.1151516450928687,6,승,2200
6a96dff69de04d6356f4d5cf,6a536bb407850c946f1383e8b0f99982,1.1310237616163172,6,승,900
6a96e0b0e140e8eabd53e337,cdcab790a58aad2055ca7390ac0f1b5d,1.1324095759576125,6,승,800
6a96e0b0e140e8eabd53e337,d2d4076ce7350769f6ea623dad94ed5a,1.1397942874038665,6,패,900
6a96e1cc237be3575aad174e,bf7aa48910ef14c5866851f455a9d37f,1.1314790780929902,6,패,900
6a96e23b2091930856ce9c81,1cd736e3d7f76e65ab84e92d5bd15d17,1.115151645092869,6,승,2200
6a96e2e3fcde8955fcc7ee03,6a536bb407850c946f1383e8b0f99982,1.1310237616163172,6,승,800
6a96e4737d5868689ebb129c,bf7aa48910ef14c5866851f455a9d37f,1.13147907809299,6,승,900
6a96e72a54e0a4d615646827,bf7aa48910ef14c5866851f455a9d37f,1.13147907809299,6,승,900
6a96e9ab9e58e4845b91b2a9,bf7aa48910ef14c5866851f455a9d37f,1.1314790780929902,6,승,900
6a96ead93bdbd57a8a518725,cdcab790a58aad2055ca7390ac0f1b5d,1.137571127125753,6,패,800
6a96ead93bdbd57a8a518725,9bfca39d908117146364a11db4008d4f,1.0866181773787917,6,승,800
6a96eca5e4cf427dc3c1a507,bf7aa48910ef14c5866851f455a9d37f,1.129631006652216,5,승,900
6a96eca5e4cf427dc3c1a507,d5b6b8e9bae095b5f1557444b397024c,1.1393653751605066,6,패,900
6a96ef83408f7a3779a9d9c8,c3e51479df54a0d6eb0b840eba788b6c,1.121120152762808,6,승,1100
6a96f086277cfddde3664c37,6a536bb407850c946f1383e8b0f99982,1.1310237616163172,6,승,800
6a96f086277cfddde3664c37,70798108de215d8b194c90da0d75a87c,1.102885122350045,6,패,800
6a96f1f1e72d07313b38930f,c3e51479df54a0d6eb0b840eba788b6c,1.1211201527628079,6,승,1100
6a96f45f3c93bb542561ab4f,6a536bb407850c946f1383e8b0f99982,1.1310237616163172,6,승,800
6a96f45f3c93bb542561ab4f,ace652363cc849d864cb08ffeffe4205,1.118440295848117,6,패,900
6a96f4d339aec2a32cfb830f,c3e51479df54a0d6eb0b840eba788b6c,1.1211201527628079,6,승,1000
6a96f7df881c926126a296fd,c3e51479df54a0d6eb0b840eba788b6c,1.121120152762808,6,승,1000
6a96fa56a518ea4155186b66,c3e51479df54a0d6eb0b840eba788b6c,1.1211201527628079,6,승,900
6a96fcfc2c49ffa37ea9da4e,c3e51479df54a0d6eb0b840eba788b6c,1.1211201527628079,6,승,900
6a96fe55ec13186bc1d85878,70798108de215d8b194c90da0d75a87c,1.102885122350045,6,패,800
6a96fe55ec13186bc1d85878,8979f68fc7ec9230c47d90f0100badcd,1.1306674083379147,6,승,800
6a97006541dce92081c11ab8,c3e51479df54a0d6eb0b840eba788b6c,1.1211201527628079,6,승,900
6a9701cd526294bf08e49d54,8979f68fc7ec9230c47d90f0100badcd,1.133273248219471,6,패,800
6a9701cd526294bf08e49d54,e1f8215401de8ed6255e55eea89f91c4,1.097989732564641,5,승,800
6a970417439e1c2b1ea9627b,2eb2f940a69d3a359ff04d17662a4532,1.1346801289497483,6,승,800
6a970451843ef6164ec9aeec,6a536bb407850c946f1383e8b0f99982,1.1310237616163172,6,패,800
6a970451843ef6164ec9aeec,e1f8215401de8ed6255e55eea89f91c4,1.0979897325646413,5,승,800
6a970516dc9b47361282033a,edcabc4ff82ec1e48100c83ad31eafe6,1.1067409923154246,6,패,900
6a970516dc9b47361282033a,c3e51479df54a0d6eb0b840eba788b6c,1.1211201527628079,6,승,900
6a970581ff2029556ec33fa1,8979f68fc7ec9230c47d90f0100badcd,1.1306674083379147,6,승,800
6a970581ff2029556ec33fa1,ace652363cc849d864cb08ffeffe4205,1.118440295848117,6,패,800
6a97081fff8a2f6711ef97e4,6a536bb407850c946f1383e8b0f99982,1.1310237616163172,6,패,800
6a97081fff8a2f6711ef97e4,c3e51479df54a0d6eb0b840eba788b6c,1.121120152762808,6,승,900
6a970a2bb7e7874e1ba2ba88,33a3587fe645be7cc851cccd92783eb8,1.162870877309446,6,패,2400
6a970bef486cf45069cfae83,6a536bb407850c946f1383e8b0f99982,1.1310237616163172,6,패,800
6a970c0ed7e7d7483b4c19b1,c3e51479df54a0d6eb0b840eba788b6c,1.1211201527628079,6,승,800
6a970da8ec31b033a5828bd8,33a3587fe645be7cc851cccd92783eb8,1.162870877309446,6,무,2400
6a97102b7e0831820a820477,33a3587fe645be7cc851cccd92783eb8,1.1628708773094463,6,승,2400
6a97148d0c8fa12a70f68b02,33a3587fe645be7cc851cccd92783eb8,1.1611324407931685,6,패,2400
6a97149059ed313ae19f9c08,c3e51479df54a0d6eb0b840eba788b6c,1.121120152762808,6,승,800
6a97211607d8765caafaf015,58a3b108d57eb3a4ed60f18eb3ca868e,1.1316970235388346,6,무,2500
6a97276f4307495a3ae8da0e,5db861ee4d9dfe7f46c6aba2e1bcf931,1.1109710788527027,6,패,800
6a97276f4307495a3ae8da0e,2eb2f940a69d3a359ff04d17662a4532,1.1416081794398572,6,승,800
6a972a7e01bab55ec919a797,6397dd70d327c084bdd58b2a091494dd,1.1373136032909896,6,승,1300
6a972c24637ff36a1a9b6241,01afcd5672e0e2ab5d63a2259445e8e9,1.1438832018652574,6,승,1300
6a974c7907c7205d58625750,8e15ac08c307158d4c8bfe7b537e1364,1.128962672441595,6,무,900
6a974f706c5031ac9a1f8127,8e15ac08c307158d4c8bfe7b537e1364,1.1285825577283537,6,승,900
6a97525ecfa2dbd31ae55a2a,8e15ac08c307158d4c8bfe7b537e1364,1.1285825577283537,6,승,900
6a9756c6405a779307d3eccb,8e15ac08c307158d4c8bfe7b537e1364,1.128962672441595,6,패,900
6a975a514143647b33effcb2,8e15ac08c307158d4c8bfe7b537e1364,1.128962672441595,6,패,900
6a975eb7d49a3c45e6f214b5,8e15ac08c307158d4c8bfe7b537e1364,1.128962672441595,6,패,900
6a97619e221fca28314490e5,8e15ac08c307158d4c8bfe7b537e1364,1.1344378656183889,6,승,900
6a97635ed49a3cefaaf2267a,afe3fe8b1d6e483e21600e282305e626,1.1350569062211135,6,패,800
6a97635ed49a3cefaaf2267a,2155557fcaa74d184e5ed355b68ca9b4,1.1103064853767284,7,승,900
6a97662afe2dc335c858d42b,8e15ac08c307158d4c8bfe7b537e1364,1.1289477321399435,6,승,900
6a9768bc0c2bfd5cb888cb93,8e15ac08c307158d4c8bfe7b537e1364,1.1289477321399437,6,승,900
6a9769b33f7a919f6a93c1b7,afe3fe8b1d6e483e21600e282305e626,1.1350569062211138,6,승,800
6a976c5d6ca13bd16e7b5bc1,afe3fe8b1d6e483e21600e282305e626,1.1394552064279908,6,패,800
6a976c8b6776b0144b9cef32,5889ac88cb81de7b5c95e53b29f197cf,1.0703430491684596,5,승,900
6a976c8b6776b0144b9cef32,8e15ac08c307158d4c8bfe7b537e1364,1.1289477321399437,6,패,900
6a976f53684f72784d627eb6,e1590f0bbb6f24565be5ecb8c7d9c3ea,1.0844510230176707,6,승,2200
6a976f7400bf10d083acc3c1,afe3fe8b1d6e483e21600e282305e626,1.1350569062211138,6,승,900
6a976f7400bf10d083acc3c1,8e15ac08c307158d4c8bfe7b537e1364,1.1289626724415953,6,패,900
6a97737e3d980f84143e6068,8e15ac08c307158d4c8bfe7b537e1364,1.1289626724415953,6,패,900
6a97763981ebbb8e47a5c445,5889ac88cb81de7b5c95e53b29f197cf,1.0703430491684596,5,패,900
6a97763981ebbb8e47a5c445,afe3fe8b1d6e483e21600e282305e626,1.1350569062211138,6,승,800
6a9778a19e0832aef139cc5a,7b16d10af4dcf9d956bd6b0faee5f3d8,1.0790481000745,6,패,2300
6a9778e8a95e865939f1bdfe,31a20d01827a9c69bcae9d27fc96b315,1.0941076498047937,6,패,900
6a9778e8a95e865939f1bdfe,afe3fe8b1d6e483e21600e282305e626,1.1350569062211138,6,승,800
6a977f1fbccdff858f15d859,7b16d10af4dcf9d956bd6b0faee5f3d8,1.0790481000745,6,패,2300
6a9781ee095236822054a466,1cd736e3d7f76e65ab84e92d5bd15d17,1.1151516450928687,6,승,2200
6a97829618354cc7059a68e2,7b16d10af4dcf9d956bd6b0faee5f3d8,1.0790481000744998,6,승,2400
6a978553d1451df64cc7b0d1,1108c86f12ac641cc297ce60671cd0aa,1.1226640847345166,6,승,1300
6a9785da626ec7517ffceef3,7b16d10af4dcf9d956bd6b0faee5f3d8,1.0819913451343757,5,패,2300
6a9787cc2091931be9d23231,1cd736e3d7f76e65ab84e92d5bd15d17,1.1151516450928687,6,승,2200
6a978825f1c8d944b1c9c715,d5b6b8e9bae095b5f1557444b397024c,1.1393653751605066,6,패,900
6a978825f1c8d944b1c9c715,1108c86f12ac641cc297ce60671cd0aa,1.1226640847345166,6,승,1300
6a978a0a89284963ed54f902,afe3fe8b1d6e483e21600e282305e626,1.1350569062211138,6,승,800
6a978f9083aba41fbc19082e,7b16d10af4dcf9d956bd6b0faee5f3d8,1.0790481000745,6,승,2400
6a9793aa1787fe77114a1d2c,afe3fe8b1d6e483e21600e282305e626,1.135056906221114,6,승,800
6a979da399c476f839dcc191,752f823e171bba144c516086bda3d89a,1.1089997771147204,6,승,1300
6a97a2e5db09ffa2de06f697,752f823e171bba144c516086bda3d89a,1.112488877043948,6,승,800
6a97a7eea9c38e481aa82d79,31ceb1bfcb8c17b9fe9e92c98ad0031e,1.1271112025632475,6,패,900
6a97a7eea9c38e481aa82d79,afe3fe8b1d6e483e21600e282305e626,1.1350569062211138,6,승,800
6a97a9eb33910d5c66906608,c3e51479df54a0d6eb0b840eba788b6c,1.121120152762808,6,승,800
6a97a9eb33910d5c66906608,f13f2f743bea9eda727d8c82f36370c4,1.1384080861716224,6,패,900
6a97aa7c5b61119b2397a15e,e1590f0bbb6f24565be5ecb8c7d9c3ea,1.0844510230176707,6,패,2200
6a97ab03bcb16ccace7f3a92,afe3fe8b1d6e483e21600e282305e626,1.1350569062211138,6,승,800
6a97b22ea7946d7f47dbdf8a,e1590f0bbb6f24565be5ecb8c7d9c3ea,1.0844510230176707,6,승,2200
6a97b36e678ac6e89769ab98,752f823e171bba144c516086bda3d89a,1.1196268289361322,6,패,800
6a97b4bc24debe7fe2c829c5,8979f68fc7ec9230c47d90f0100badcd,1.1306674083379147,6,승,800
6a97b4d860e44ed3d908686a,e1590f0bbb6f24565be5ecb8c7d9c3ea,1.0844510230176707,6,패,2200
6a97b62f96bdade52e0b56b4,752f823e171bba144c516086bda3d89a,1.1196268289361322,6,승,800
6a97b62f96bdade52e0b56b4,f13f2f743bea9eda727d8c82f36370c4,1.1293877316807521,6,패,900
6a97b6c00e1539603d4c5e50,1cd736e3d7f76e65ab84e92d5bd15d17,1.115151645092869,6,패,2200
6a97b964ba88a3739c4db2cf,e1590f0bbb6f24565be5ecb8c7d9c3ea,1.0831307031717812,6,무,2200
6a97b9997ef36736d195fc67,752f823e171bba144c516086bda3d89a,1.112488877043948,6,승,800
6a97bb07147926c5fd4c7534,7b16d10af4dcf9d956bd6b0faee5f3d8,1.0790481000745,6,패,2300
6a97bc2ef4655bde3c7a6908,752f823e171bba144c516086bda3d89a,1.1079624832768988,6,패,800
6a97bc2ef4655bde3c7a6908,c3e51479df54a0d6eb0b840eba788b6c,1.121120152762808,6,승,800
6a97bc4028520074fca1e584,1cd736e3d7f76e65ab84e92d5bd15d17,1.115151645092869,6,승,2300
6a97bdca9ddb6664ac565051,c145f93540d1eab158e28e3303025982,1.1189219670117747,6,승,900
6a97be3e87ab46a0d1b1481f,08e3b91cd9244dd5369f798d6303e5c6,1.090228043810413,6,승,800
6a97bf24654686ec433da8a1,e1590f0bbb6f24565be5ecb8c7d9c3ea,1.0844510230176707,6,승,2200
6a97bf31d7e7d752b34f815f,8e15ac08c307158d4c8bfe7b537e1364,1.1344378656183889,6,승,900
6a97bfab9aa33853c150899d,d753011af474cdf73253c6f273c11882,1.1194660329316477,6,승,800
6a97bfab9aa33853c150899d,752f823e171bba144c516086bda3d89a,1.112488877043948,6,패,800
6a97bfed018023e3bd70ee14,7b16d10af4dcf9d956bd6b0faee5f3d8,1.0790481000745,6,패,2400
6a97c0ba464863cf8d040ee8,c3e51479df54a0d6eb0b840eba788b6c,1.1211201527628079,6,승,800
6a97c1305e709a3d59375061,08e3b91cd9244dd5369f798d6303e5c6,1.0902280438104133,6,승,800
6a97c1305e709a3d59375061,c145f93540d1eab158e28e3303025982,1.1290890443325545,6,패,900
6a97c20dcaeff55b2c2147cf,8e15ac08c307158d4c8bfe7b537e1364,1.1344378656183889,6,승,900
6a97c347785f97291b0256a8,752f823e171bba144c516086bda3d89a,1.112488877043948,6,승,800
6a97c347785f97291b0256a8,6ed4a7cf6827afb37dcfb2240c602688,1.1366336407167092,6,패,800
6a97c3790eac3859c39db88c,d753011af474cdf73253c6f273c11882,1.119466032931648,6,패,800
6a97c3790eac3859c39db88c,c3e51479df54a0d6eb0b840eba788b6c,1.121120152762808,6,승,800
6a97c4c455c76794fd80cc87,e1590f0bbb6f24565be5ecb8c7d9c3ea,1.0844510230176707,6,무,2200
6a97c5fd6da32dabe033863b,8e15ac08c307158d4c8bfe7b537e1364,1.1289477321399435,6,승,900
6a97c6423e154105b03bf8a3,752f823e171bba144c516086bda3d89a,1.112488877043948,6,패,800
6a97c6423e154105b03bf8a3,b4c82084d4ef8bb53170747b9f4e9a61,1.1171850603284719,6,승,900
6a97ca49a5affa8a581a897a,752f823e171bba144c516086bda3d89a,1.1196172153594603,6,패,800
6a97cb5dbdfade5977b8fdb3,8e15ac08c307158d4c8bfe7b537e1364,1.1289626724415953,6,패,900
6a97cda191413ec584ac0fae,752f823e171bba144c516086bda3d89a,1.1196268289361322,6,승,800
6a97ce13b165a0060a7b794a,8e15ac08c307158d4c8bfe7b537e1364,1.1243452885454348,6,승,900
6a97d0aec84e2032c26fd260,8e15ac08c307158d4c8bfe7b537e1364,1.124345288545435,6,승,900
6a97d0c4d0ce2a1efc96035b,752f823e171bba144c516086bda3d89a,1.112488877043948,6,패,800
6a97d0c4d0ce2a1efc96035b,6ed4a7cf6827afb37dcfb2240c602688,1.136633640716709,6,승,800
6a97d1a79e60ce4fa630fefd,6a536bb407850c946f1383e8b0f99982,1.1310237616163172,6,승,800
6a97d1a79e60ce4fa630fefd,c5f20fce014f2466bdc61ac8136d4e77,1.1427593909933866,6,패,900
6a97d381f5322f0fd488c33a,d753011af474cdf73253c6f273c11882,1.1221317528686268,6,승,800
6a97d381f5322f0fd488c33a,752f823e171bba144c516086bda3d89a,1.1196172153594603,6,패,800
6a97d6089a743fbf460aa418,752f823e171bba144c516086bda3d89a,1.1196172153594601,6,패,800
6a97d99c877610dad27c2ca1,752f823e171bba144c516086bda3d89a,1.1196268289361322,6,승,900
6a97def2e0ec7d04257f6303,752f823e171bba144c516086bda3d89a,1.112488877043948,6,패,800
6a97def2e0ec7d04257f6303,13047e440c03ca17e7ea239a2edfc0f1,1.1526600014916946,6,승,900
6a97e3dd68ac0c48fffa6be5,752f823e171bba144c516086bda3d89a,1.112488877043948,6,패,900
6a97e3dd68ac0c48fffa6be5,865503614bd31b4146360d2225a2facd,1.1321956612165873,6,승,800
6a97e4889d2d3b27ac6a1f07,8e15ac08c307158d4c8bfe7b537e1364,1.128962672441595,6,패,900
6a97e48b125951e076bebd93,c305d74d5466eadc694c352a7c2d96af,1.1633921479154328,6,승,800
6a97e5d3fdba29033acc19e9,4a59d8c669a35cc9f4ef766f4d4b321e,1.1257089044469228,6,무,2500
6a97e72e2b3fde4f1ab32097,6ed4a7cf6827afb37dcfb2240c602688,1.136633640716709,6,패,800
6a97e72e2b3fde4f1ab32097,865503614bd31b4146360d2225a2facd,1.1321956612165873,6,승,800
6a97e76572b34d223331de34,8e15ac08c307158d4c8bfe7b537e1364,1.123980114133845,6,승,900
6a97e77470351a56f31cc48e,c305d74d5466eadc694c352a7c2d96af,1.1687876345936623,6,패,800
6a97e77470351a56f31cc48e,39d4db153a75eea75cfd34efeed971c2,1.0887141098989979,6,승,800
6a97e87a1ad42a3e0e2baddc,752f823e171bba144c516086bda3d89a,1.112488877043948,6,승,900
6a97e9bd7f300977a36dab1f,6ed4a7cf6827afb37dcfb2240c602688,1.136633640716709,6,승,800
6a97e9bd7f300977a36dab1f,c3e51479df54a0d6eb0b840eba788b6c,1.1259012546963412,6,패,800
6a97ea727a1818008d2e4219,8e15ac08c307158d4c8bfe7b537e1364,1.1344528059200407,6,패,900
6a97eaa9d1b1b8bdbb6a5e4c,865503614bd31b4146360d2225a2facd,1.1321956612165873,6,무,1300
6a97eaa9d1b1b8bdbb6a5e4c,d2d4076ce7350769f6ea623dad94ed5a,1.143739212282621,6,무,900
6a97ec4cf4ad670533817b96,6ed4a7cf6827afb37dcfb2240c602688,1.136633640716709,6,패,800
6a97ec4cf4ad670533817b96,c3e51479df54a0d6eb0b840eba788b6c,1.1211201527628079,6,승,800
6a97ed349bd9324b7568ae65,752f823e171bba144c516086bda3d89a,1.112488877043948,6,패,900
6a97ed349bd9324b7568ae65,39d4db153a75eea75cfd34efeed971c2,1.0887141098989979,6,승,800
6a97ed6c80ea52c4dba0a2fd,865503614bd31b4146360d2225a2facd,1.1321956612165873,6,무,1300
6a97ed6c80ea52c4dba0a2fd,b0a24490f42c6b16fd07cdc5059b45cd,1.0663118602554507,9,무,900
6a97ee2a0394bc56d6973e7e,4a59d8c669a35cc9f4ef766f4d4b321e,1.125708904446923,6,패,2500
6a97ee9c8481f81af4e61e6f,e1590f0bbb6f24565be5ecb8c7d9c3ea,1.0844510230176707,6,무,2100
6a97ef6043a6875f1a8fcf3e,e9601e0afc66e969ee7cfdc3706bb7a2,1.1290506621404606,6,패,900
6a97ef6043a6875f1a8fcf3e,c3e51479df54a0d6eb0b840eba788b6c,1.121120152762808,6,승,800
6a97f0101df031166e4bc882,865503614bd31b4146360d2225a2facd,1.1321956612165873,6,승,1300
6a97f041152cae227b2a100d,177d5e877f1b3d945446539e6a189968,1.127986892642621,6,승,900
6a97f041152cae227b2a100d,752f823e171bba144c516086bda3d89a,1.112488877043948,6,패,900
6a97f0ca3689241ba8da7824,c145f93540d1eab158e28e3303025982,1.1189219670117747,6,패,900
6a97f1b4678ac64d1c6ba74f,e1590f0bbb6f24565be5ecb8c7d9c3ea,1.0844510230176707,6,승,2100
6a97f2b15f59bd584b3fcf08,865503614bd31b4146360d2225a2facd,1.1321956612165873,6,승,800
6a97f2b15f59bd584b3fcf08,c3e51479df54a0d6eb0b840eba788b6c,1.1259012546963414,6,패,800
6a97f3eb80b92b6bd3e36862,752f823e171bba144c516086bda3d89a,1.1196268289361322,6,승,900
6a97f468d870e035e74fd9d5,4a59d8c669a35cc9f4ef766f4d4b321e,1.125708904446923,6,무,2500
6a97f49fdf365360e7a6c954,e1590f0bbb6f24565be5ecb8c7d9c3ea,1.0844510230176707,6,무,2100
6a97f4e81046817f3fbf0d86,c145f93540d1eab158e28e3303025982,1.1189219670117747,6,승,900
6a97f5410d78dba542799c85,6ed4a7cf6827afb37dcfb2240c602688,1.136633640716709,6,패,800
6a97f5410d78dba542799c85,c3e51479df54a0d6eb0b840eba788b6c,1.1211201527628079,6,승,800
6a97f6580eddd67a8ec7b12a,177d5e877f1b3d945446539e6a189968,1.127986892642621,6,승,900
6a97f6580eddd67a8ec7b12a,752f823e171bba144c516086bda3d89a,1.112488877043948,6,패,900
6a97f781645d3c863b424bc8,c145f93540d1eab158e28e3303025982,1.1189219670117745,6,승,900
6a97f7b0dc07977933833894,2eb2f940a69d3a359ff04d17662a4532,1.1346801289497483,6,승,1300
6a97f841bd443e5e9efb56fe,c305d74d5466eadc694c352a7c2d96af,1.1633921479154328,6,승,800
6a97f924d3f94b5cb41711e7,752f823e171bba144c516086bda3d89a,1.112488877043948,6,승,900
6a97f9fe923a80c8a73a809d,c3e51479df54a0d6eb0b840eba788b6c,1.121120152762808,6,승,800
6a97f9fe923a80c8a73a809d,0a253aa42a18f96f48d8de06254b5e67,1.1507475156739477,6,패,800
6a97fa2d61d6b516004af31e,c145f93540d1eab158e28e3303025982,1.1189219670117747,6,승,900
6a97fa3310d760b7c92db118,39d4db153a75eea75cfd34efeed971c2,1.086483247781061,6,패,800
6a97fa3310d760b7c92db118,2eb2f940a69d3a359ff04d17662a4532,1.1416081794398574,6,승,800
6a97fdb8d140086ca0ebbf5d,4a59d8c669a35cc9f4ef766f4d4b321e,1.1257089044469228,6,패,2500
6a97fdb9a379a74932c8e310,c145f93540d1eab158e28e3303025982,1.1189219670117747,6,승,900
6a97fe6047ec77f2ec966c71,c3e51479df54a0d6eb0b840eba788b6c,1.1259012546963414,6,패,800
6a97fe6047ec77f2ec966c71,dbd92e3af57a94f4df9e711dcd230345,1.125562148357866,6,승,800
6a97ff5bed75bd30306ee268,752f823e171bba144c516086bda3d89a,1.112488877043948,6,승,800
6a9800f0e4d6ecd1d5e4fe95,c3e51479df54a0d6eb0b840eba788b6c,1.1211201527628079,6,승,800
6a9800f0e4d6ecd1d5e4fe95,dbd92e3af57a94f4df9e711dcd230345,1.131855782560313,6,패,800
6a98012abe334263b651b2c0,c145f93540d1eab158e28e3303025982,1.1189219670117747,6,승,900
6a9801cccb325e0b9e23353f,9ff5f4929e62dac0a346ce9961d70261,1.0995359529611535,6,패,900
6a9801cccb325e0b9e23353f,752f823e171bba144c516086bda3d89a,1.112488877043948,6,승,800
6a9804d8e8373350acd928ae,01afcd5672e0e2ab5d63a2259445e8e9,1.1438832018652574,6,승,1300
6a9804d8e8373350acd928ae,72dcdc3d3be43255071aa178fecad5c0,1.1606137701891168,6,패,900
6a9807272e16cfdd6ee33999,3da122a7abe044dd338a434981f6329c,1.1550029357548446,6,패,800
6a980756798977b6af78f209,752f823e171bba144c516086bda3d89a,1.1201136074730866,6,승,800
6a9808590d37b20b81714e39,bf7aa48910ef14c5866851f455a9d37f,1.1314790780929902,6,패,900
6a980a42297ae5676abafc7b,c145f93540d1eab158e28e3303025982,1.1290890443325545,6,패,800
6a980c470efa0859cb94a583,bf7aa48910ef14c5866851f455a9d37f,1.13147907809299,6,승,900
6a980cdaa5e326319e8326a0,e9601e0afc66e969ee7cfdc3706bb7a2,1.1290506621404606,6,패,800
6a980cdaa5e326319e8326a0,c145f93540d1eab158e28e3303025982,1.1189219670117747,6,승,900
6a980ecedc1222652970b107,bf7aa48910ef14c5866851f455a9d37f,1.1314790780929902,6,승,900
6a980fea869145443d45a9ad,8dcb71aeef40848562bcf75338f7ff9f,1.1269520032813691,6,승,900
6a980fea869145443d45a9ad,3da122a7abe044dd338a434981f6329c,1.1639497938513705,6,패,900
6a9811748928498638594a56,bf7aa48910ef14c5866851f455a9d37f,1.1314790780929902,6,패,900
6a9811748928498638594a56,daa99f4160bb842dad27847959803941,1.1222769675609354,6,승,900
6a981273a88a1e668c58f6bd,09c673f32b5e7e8235bed9bb9bca2168,1.151981020571705,6,패,900
6a981273a88a1e668c58f6bd,3da122a7abe044dd338a434981f6329c,1.1639497938513705,6,승,900
6a9814fadd7a29024543c16a,3b6d553a931611f6452b3c292887aec4,1.1303862615772335,6,승,800
6a9815211e04ca858de9a1b1,bf7aa48910ef14c5866851f455a9d37f,1.1314790780929902,6,승,900
6a9815211e04ca858de9a1b1,e9601e0afc66e969ee7cfdc3706bb7a2,1.1290506621404606,6,패,900
6a98175835633d5ee333eff3,6a536bb407850c946f1383e8b0f99982,1.1310237616163172,6,패,800
6a98175835633d5ee333eff3,8dcb71aeef40848562bcf75338f7ff9f,1.1269520032813694,6,승,900
6a981a32f93d5a7310556336,01afcd5672e0e2ab5d63a2259445e8e9,1.1438832018652574,6,패,800
6a981a32f93d5a7310556336,07076782f2ff941a58b3b5bd42cf1e7f,1.14320013578472,6,승,800
6a981b3260a76136905fb8cf,8979f68fc7ec9230c47d90f0100badcd,1.1306674083379147,6,승,800
6a981b3260a76136905fb8cf,dbd92e3af57a94f4df9e711dcd230345,1.131855782560313,6,패,800
6a981f27f836b39b2eca75f4,01afcd5672e0e2ab5d63a2259445e8e9,1.1438832018652574,6,패,800
6a981f27f836b39b2eca75f4,a99ebe2ef6e39fb470ba670bd4c26de3,1.0916007632330702,5,승,800
6a98241d0394bcb1b999a26f,bf7aa48910ef14c5866851f455a9d37f,1.1314790780929902,6,승,900
6a98241d0394bcb1b999a26f,39d4db153a75eea75cfd34efeed971c2,1.086483247781061,6,패,900
6a98249e07c720df1c68c1da,1108c86f12ac641cc297ce60671cd0aa,1.1226640847345168,6,승,800
6a9824fc2b5909a3f18c12f2,3da122a7abe044dd338a434981f6329c,1.1639497938513703,6,승,900
6a9827a442a39c7b9da65cf6,bf7aa48910ef14c5866851f455a9d37f,1.13147907809299,6,패,900
6a9827a442a39c7b9da65cf6,1108c86f12ac641cc297ce60671cd0aa,1.1226640847345168,6,승,800
6a982923e57ca538396cbfa3,f527ccf33bc30a42718492febe92a011,1.139638416443611,6,패,2200
6a982a4152d2f54df713180d,c305d74d5466eadc694c352a7c2d96af,1.1687876345936623,6,패,800
6a982a4152d2f54df713180d,70798108de215d8b194c90da0d75a87c,1.0998574187827843,6,승,800
6a982a4e593d1feafbc9f93d,bf7aa48910ef14c5866851f455a9d37f,1.1314790780929902,6,승,900
6a982c05dfbdff08d18bc3dc,1108c86f12ac641cc297ce60671cd0aa,1.1226640847345166,6,승,800
6a982c2adbf54748bf64592e,58a3b108d57eb3a4ed60f18eb3ca868e,1.1316970235388344,6,승,2500
6a982c31dc723e8599661435,f527ccf33bc30a42718492febe92a011,1.139638416443611,6,승,2200
6a982d86ccbdfdf9fcf7f640,6a536bb407850c946f1383e8b0f99982,1.1310237616163172,6,승,800
6a982d86ccbdfdf9fcf7f640,3444a7830f1c014414555325aa704145,1.1286098551598047,6,패,800
6a982f4b2f6b855b05dad401,bf7aa48910ef14c5866851f455a9d37f,1.1314790780929902,6,승,800
6a982f5c042a5d7f8a5a3056,1108c86f12ac641cc297ce60671cd0aa,1.1226640847345166,6,승,800
6a98300bde0da11ade40e0b9,f527ccf33bc30a42718492febe92a011,1.139638416443611,6,무,2200
6a9830eab9bba21d16575a91,39d4db153a75eea75cfd34efeed971c2,1.0887141098989979,6,승,900
6a9830eab9bba21d16575a91,3da122a7abe044dd338a434981f6329c,1.1550029357548446,6,패,900
6a98319d974adbabf8955198,8e15ac08c307158d4c8bfe7b537e1364,1.1289477321399437,6,승,900
6a9831d611461fe8accf2e36,bf7aa48910ef14c5866851f455a9d37f,1.1247570339162802,6,패,800
6a9831e1f3400b0c0e9550b9,70798108de215d8b194c90da0d75a87c,1.0998574187827843,6,승,800
6a9831e1f3400b0c0e9550b9,cdcab790a58aad2055ca7390ac0f1b5d,1.1275410385546933,6,패,800
6a98337607fd25fb343e5537,3da122a7abe044dd338a434981f6329c,1.1639497938513703,6,승,900
6a98337607fd25fb343e5537,1108c86f12ac641cc297ce60671cd0aa,1.1238020909181328,6,패,800
6a9834215b611114509cc8a4,4877f586def5b5ef53b826c131d53c94,1.1101794693123852,6,승,900
6a9834215b611114509cc8a4,8e15ac08c307158d4c8bfe7b537e1364,1.1289626724415953,6,패,900
6a983457934f0ca518be08fe,f527ccf33bc30a42718492febe92a011,1.139638416443611,6,패,2200
6a9834900652aec4c19c0498,3444a7830f1c014414555325aa704145,1.122672158995722,6,패,800
6a9834900652aec4c19c0498,bf7aa48910ef14c5866851f455a9d37f,1.1314790780929902,6,승,800
6a9835c6b4d5ab14b6f6f2e1,70798108de215d8b194c90da0d75a87c,1.0998574187827843,6,패,800
6a9835c6b4d5ab14b6f6f2e1,cdcab790a58aad2055ca7390ac0f1b5d,1.1231832014603105,6,승,800
6a983671d3c4bdb0b500ec33,3da122a7abe044dd338a434981f6329c,1.158799646029494,6,패,800
6a983671d3c4bdb0b500ec33,1108c86f12ac641cc297ce60671cd0aa,1.1226640847345166,6,승,800
6a9836ab6776b0eb10a39b4f,8e15ac08c307158d4c8bfe7b537e1364,1.1289477321399435,6,승,900
6a98377877d2596ab02f14e7,c305d74d5466eadc694c352a7c2d96af,1.1633921479154326,6,승,800
6a9837f12f42e2596cd83e15,f527ccf33bc30a42718492febe92a011,1.139638416443611,6,무,2200
6a9838d4de92afe7f00f00bb,bf7aa48910ef14c5866851f455a9d37f,1.1314790780929902,6,승,800
6a9839ee4a2fc9099aef1419,d83327056d9eb986cabcec68fc276f4f,1.114519028050039,6,승,800
6a9839ee4a2fc9099aef1419,3da122a7abe044dd338a434981f6329c,1.1550029357548446,6,패,900
6a983a24d2709948438398cc,8e15ac08c307158d4c8bfe7b537e1364,1.1289477321399437,6,승,900
6a983b216756ea7789d3638c,1cd736e3d7f76e65ab84e92d5bd15d17,1.1151516450928687,6,승,2200
6a983b4954140737f8e2b4cc,c305d74d5466eadc694c352a7c2d96af,1.1633921479154328,6,승,800
6a983b4954140737f8e2b4cc,edcabc4ff82ec1e48100c83ad31eafe6,1.0982017289613655,6,패,800
6a983b660c627c6c22692912,f527ccf33bc30a42718492febe92a011,1.1391485187969208,6,무,2200
6a983c231a66f8e56fd54daa,1108c86f12ac641cc297ce60671cd0aa,1.1226640847345168,6,승,800
6a983c3a1ad15f84fa8ccf66,70798108de215d8b194c90da0d75a87c,1.0998574187827843,6,승,800
6a983c3a1ad15f84fa8ccf66,cdcab790a58aad2055ca7390ac0f1b5d,1.1231832014603103,6,패,800
6a983c8fc7f12856ce662724,6a536bb407850c946f1383e8b0f99982,1.1310237616163172,6,승,800
6a983c956ca13b5ef1823a3c,8e15ac08c307158d4c8bfe7b537e1364,1.1289477321399437,6,승,900
6a983c956ca13b5ef1823a3c,4ae84483040ac4d35a90be2e579241ec,1.1362139349674214,6,패,900
6a983cbce23d3455738974dd,3da122a7abe044dd338a434981f6329c,1.1639497938513705,6,승,900
6a983dc158636cdccc6acbf4,bf7aa48910ef14c5866851f455a9d37f,1.1314790780929902,6,승,800
6a983ea6569d9e187d92ca82,c305d74d5466eadc694c352a7c2d96af,1.1687876345936623,6,패,800
6a983ea6569d9e187d92ca82,1108c86f12ac641cc297ce60671cd0aa,1.1226640847345166,6,승,800
6a983f5fc1fb43f017be2ad9,3da122a7abe044dd338a434981f6329c,1.1639497938513703,6,승,900
6a983fdd7c4edd5262e3f33e,6ed4a7cf6827afb37dcfb2240c602688,1.1366336407167092,6,패,800
6a983fdd7c4edd5262e3f33e,cdcab790a58aad2055ca7390ac0f1b5d,1.1231832014603103,6,승,800
6a9840210c8fa141a6fee2d2,6a536bb407850c946f1383e8b0f99982,1.1310237616163172,6,패,800
6a98429424360e32d5cd6e55,f527ccf33bc30a42718492febe92a011,1.1391485187969208,6,패,2200
6a9842e7c8031a944816e11b,70798108de215d8b194c90da0d75a87c,1.0998574187827843,6,패,800
6a9842e7c8031a944816e11b,cdcab790a58aad2055ca7390ac0f1b5d,1.1231832014603103,6,승,800
6a9843f4b5e04ce1502ac593,bf7aa48910ef14c5866851f455a9d37f,1.13147907809299,6,승,800
6a9845cea26776050ee0448c,8e15ac08c307158d4c8bfe7b537e1364,1.1344378656183889,6,승,900
6a9847199d35bf3c4eb9e264,c305d74d5466eadc694c352a7c2d96af,1.1633921479154326,6,승,800
6a9847199d35bf3c4eb9e264,8979f68fc7ec9230c47d90f0100badcd,1.1332732482194707,6,패,800
6a984842c8128b7b0ad11131,8e15ac08c307158d4c8bfe7b537e1364,1.1289477321399437,6,승,900
6a984865e00ece93b315b5d8,70798108de215d8b194c90da0d75a87c,1.0998574187827843,6,패,800
6a984865e00ece93b315b5d8,cdcab790a58aad2055ca7390ac0f1b5d,1.12318320146031,6,승,800
6a9849f51a752c71021c2a46,33a3587fe645be7cc851cccd92783eb8,1.160388682930362,6,패,2400
6a984a6751207b2340606ab3,8979f68fc7ec9230c47d90f0100badcd,1.1306674083379147,6,승,800
6a984aaae64fc933cf5c5031,8e15ac08c307158d4c8bfe7b537e1364,1.1289477321399437,6,승,900
6a984c6768a7ecf2e0537f7c,edcabc4ff82ec1e48100c83ad31eafe6,1.0983060926731179,6,패,800
6a984c6768a7ecf2e0537f7c,cdcab790a58aad2055ca7390ac0f1b5d,1.1231832014603105,6,승,800
6a984cdee8ed2de576b798f4,33a3587fe645be7cc851cccd92783eb8,1.1556610556507716,6,승,2400
6a984de598ce04efc046a082,70798108de215d8b194c90da0d75a87c,1.0998574187827843,6,승,800
6a984de598ce04efc046a082,3da122a7abe044dd338a434981f6329c,1.1550029357548446,6,패,800
6a984ea652be80137a4f1a52,8979f68fc7ec9230c47d90f0100badcd,1.1306674083379147,6,패,800
6a984ea652be80137a4f1a52,273cb73976b33dc7ee374a1dde36f16b,1.1545657742012054,6,승,800
6a9851aa580e21bcd2850691,8979f68fc7ec9230c47d90f0100badcd,1.1306674083379147,6,승,800
6a9851aa580e21bcd2850691,972229df86a4a8081e06723890601ad3,1.1531216587277626,6,패,900
6a9851d85874c7b600ba5473,cdcab790a58aad2055ca7390ac0f1b5d,1.1231832014603103,6,승,800
6a9851d85874c7b600ba5473,273cb73976b33dc7ee374a1dde36f16b,1.1545657742012054,6,패,800
6a98528944f05952f78add8d,edcabc4ff82ec1e48100c83ad31eafe6,1.098306092673118,6,승,900
6a98528944f05952f78add8d,3da122a7abe044dd338a434981f6329c,1.1550029357548446,6,패,800
6a985455ec29ecfd3ec9f0bf,8979f68fc7ec9230c47d90f0100badcd,1.1306674083379147,6,승,800
6a985455ec29ecfd3ec9f0bf,972229df86a4a8081e06723890601ad3,1.1531216587277628,6,패,900
6a9855afec2d0bad34628174,3da122a7abe044dd338a434981f6329c,1.1550029357548446,6,패,900
6a9855afec2d0bad34628174,d648becda714dc515d3037589bf27105,1.117405044784941,6,승,900
6a9859150e1539ef85529d1f,8979f68fc7ec9230c47d90f0100badcd,1.1306674083379145,6,승,800
6a985973ca66478bedf2b93b,cdcab790a58aad2055ca7390ac0f1b5d,1.1280355772217028,6,패,800
6a985973ca66478bedf2b93b,3da122a7abe044dd338a434981f6329c,1.1639497938513705,6,승,900
6a985ac84995690ee48d4820,6a536bb407850c946f1383e8b0f99982,1.1310237616163172,6,승,800
6a985ac84995690ee48d4820,d5b6b8e9bae095b5f1557444b397024c,1.1393653751605066,6,패,900
6a985b79f77b9a4975cba9c3,fb9acbc7b4843ade8708a86dd5f22166,1.1401611463880033,6,승,800
6a985c671288550cd126d794,2a761d25aff27002db4fcccdcdc84e62,1.1248928313618818,6,패,800
6a985c671288550cd126d794,8979f68fc7ec9230c47d90f0100badcd,1.1306674083379147,6,승,800
6a985c941204b28464297434,3da122a7abe044dd338a434981f6329c,1.1550029357548446,6,승,900
6a986127c02a548364df0e33,6a536bb407850c946f1383e8b0f99982,1.1310237616163172,6,승,800
6a986127c02a548364df0e33,2a761d25aff27002db4fcccdcdc84e62,1.124892831361882,6,패,800
6a9863bb29ed2992ba93453b,2a761d25aff27002db4fcccdcdc84e62,1.124892831361882,6,패,800
6a9863bb29ed2992ba93453b,a99ebe2ef6e39fb470ba670bd4c26de3,1.0916007632330702,5,승,800
6a98652f2b62c10c6ee406f4,33a3587fe645be7cc851cccd92783eb8,1.129293568497706,6,패,2400
6a98657a7d99e52365728f40,6a536bb407850c946f1383e8b0f99982,1.1310237616163172,6,승,800
6a98657a7d99e52365728f40,70798108de215d8b194c90da0d75a87c,1.0998574187827843,6,패,800
6a98666f16d09d6d74aa5ff9,2a761d25aff27002db4fcccdcdc84e62,1.1248928313618818,6,패,800
6a98666f16d09d6d74aa5ff9,a99ebe2ef6e39fb470ba670bd4c26de3,1.0916007632330702,5,승,800
6a9869502cf040e33845d8eb,6a536bb407850c946f1383e8b0f99982,1.1138199023426194,6,패,800
6a9869502cf040e33845d8eb,2a761d25aff27002db4fcccdcdc84e62,1.1248928313618818,6,승,800
6a986ab00f4836029597a88a,33a3587fe645be7cc851cccd92783eb8,1.1278314584110596,6,패,2400
6a986e97ef79c6aa7dc695c8,6a536bb407850c946f1383e8b0f99982,1.1310237616163172,6,승,800
6a986e97ef79c6aa7dc695c8,a99ebe2ef6e39fb470ba670bd4c26de3,1.100834394414258,5,패,800
6a986f36a18615aff561fb51,33a3587fe645be7cc851cccd92783eb8,1.1365596812258827,6,승,2500
6a98719d29ed29b951938a2b,2a761d25aff27002db4fcccdcdc84e62,1.1248928313618818,6,승,800
6a98745487ba0dd72cfa3a84,33a3587fe645be7cc851cccd92783eb8,1.1365596812258827,6,패,2400
6a98746a74bd106313d5c95a,2a761d25aff27002db4fcccdcdc84e62,1.1248928313618818,6,승,800
6a9877227aaf4f10428f2c01,2a761d25aff27002db4fcccdcdc84e62,1.1248928313618818,6,승,800
6a9879be6478c4dff0722fa3,2a761d25aff27002db4fcccdcdc84e62,1.1248928313618818,6,승,800
6a987c713fbbc72febd3b10d,2a761d25aff27002db4fcccdcdc84e62,1.1248928313618818,6,승,800
6a987f9475bfab38a4d5aefd,01afcd5672e0e2ab5d63a2259445e8e9,1.1438832018652574,6,승,800
6a988015684f7258cb6b1085,6a536bb407850c946f1383e8b0f99982,1.1310237616163172,6,승,800
6a988015684f7258cb6b1085,2a761d25aff27002db4fcccdcdc84e62,1.1248928313618818,6,패,800
6a9883d3decf2c4abed8cbab,2a761d25aff27002db4fcccdcdc84e62,1.1248928313618818,6,승,800
6a98db3d9b69585125514b3f,afe3fe8b1d6e483e21600e282305e626,1.1350569062211138,6,승,800
6a98de22cdc3d17d5376b29b,afe3fe8b1d6e483e21600e282305e626,1.1350569062211135,6,승,800
6a98e0cb8954e204de9ac3d7,afe3fe8b1d6e483e21600e282305e626,1.1350569062211138,6,승,800
6a98e413164c0939aa254207,afe3fe8b1d6e483e21600e282305e626,1.1394552064279904,6,패,800
6a98e6059a980b83f4a8ec0f,ebc08cdfda1bcfcaace1a6d698524783,1.1218775780743213,6,패,2200
6a98e96b25783102224bb0ab,ebc08cdfda1bcfcaace1a6d698524783,1.1218775780743215,6,무,2300
6a98edba4125d70b51e01e95,ebc08cdfda1bcfcaace1a6d698524783,1.1235721185206815,6,승,2200
6a98efdf12ae02257814700e,afe3fe8b1d6e483e21600e282305e626,1.1350569062211138,6,승,800
6a98f1d441e70635677ffda5,ebc08cdfda1bcfcaace1a6d698524783,1.1235721185206815,6,무,2200
6a98f47379ac8b2ad0bb5b24,ebc08cdfda1bcfcaace1a6d698524783,1.1235721185206815,6,무,2200
6a98f8016b9a196cc0fa2293,ebc08cdfda1bcfcaace1a6d698524783,1.1235721185206815,6,패,2200
6a98f934ff3b388f7929be1c,afe3fe8b1d6e483e21600e282305e626,1.135056906221114,6,승,800
6a98f991ec7213526c25b483,4f3fd3cf2a639bf0002c93993bf125da,1.1531383040804888,6,승,800
6a98f991ec7213526c25b483,992819c32a72af2b1e208a4431a7dd14,1.1088074997618869,5,패,800
6a98faceaff0649240873480,6397dd70d327c084bdd58b2a091494dd,1.1363108174706096,5,승,900
6a98fca8d7d9ffb7fe786118,1cd736e3d7f76e65ab84e92d5bd15d17,1.115151645092869,6,패,2200
6a98fce259ae8543441cdc61,752f823e171bba144c516086bda3d89a,1.1201136074730866,6,패,1300
6a98fd0ee9228c0585fd3685,992819c32a72af2b1e208a4431a7dd14,1.1088074997618869,5,패,900
6a98fd0ee9228c0585fd3685,afe3fe8b1d6e483e21600e282305e626,1.1350569062211138,6,승,800
6a98fd800d777c54790133e7,4f3fd3cf2a639bf0002c93993bf125da,1.153138304080489,6,승,800
6a98ff4a996470bbe7bb01f9,1cd736e3d7f76e65ab84e92d5bd15d17,1.1151516450928687,6,승,2200
6a98ffcc9d72905820227869,752f823e171bba144c516086bda3d89a,1.1193071706063396,6,패,1300
6a99003106cb9734ccfced2a,4f3fd3cf2a639bf0002c93993bf125da,1.1531539269939763,6,패,800
6a99022a615b9492cc6786a6,1cd736e3d7f76e65ab84e92d5bd15d17,1.115151645092869,6,패,2200
6a99036952aecb3cd137f779,752f823e171bba144c516086bda3d89a,1.1129756555809025,6,패,1300
6a99036952aecb3cd137f779,2155557fcaa74d184e5ed355b68ca9b4,1.1118668004007177,7,승,900
6a99042ae5f14d7f174058b3,afe3fe8b1d6e483e21600e282305e626,1.1350569062211138,6,패,800
6a99042ae5f14d7f174058b3,fb9acbc7b4843ade8708a86dd5f22166,1.1401611463880033,6,승,800
6a9904c97ed56fea978fed84,1cd736e3d7f76e65ab84e92d5bd15d17,1.115151645092869,6,승,2200
6a99078eb089b57eef77a8a7,1cd736e3d7f76e65ab84e92d5bd15d17,1.115151645092869,6,패,2200
6a9908198f4154fba9cac2fd,752f823e171bba144c516086bda3d89a,1.1201136074730866,6,승,1300
6a99084de4c0a7a641ff8f0d,c3e51479df54a0d6eb0b840eba788b6c,1.1211201527628079,6,승,800
6a9908d2de08485c83aea956,8e15ac08c307158d4c8bfe7b537e1364,1.1289477321399437,6,승,800
6a990b2cb99007d8b16e1874,752f823e171bba144c516086bda3d89a,1.112488877043948,6,승,800
6a9912d6e3b24531170c5a63,8e15ac08c307158d4c8bfe7b537e1364,1.1344378656183889,6,승,800
6a99182cffb209e43aa71351,e1590f0bbb6f24565be5ecb8c7d9c3ea,1.0844510230176707,6,패,2100
6a991b1ad60a5fe4468041ec,e1590f0bbb6f24565be5ecb8c7d9c3ea,1.0844510230176707,6,무,2100
6a991c1d2a8ec590bb5a9b0c,bf7aa48910ef14c5866851f455a9d37f,1.13147907809299,6,승,800
6a991eb6f5dd59daa18b3346,bf7aa48910ef14c5866851f455a9d37f,1.1314790780929902,6,승,800
6a991eb6f5dd59daa18b3346,70798108de215d8b194c90da0d75a87c,1.0998574187827843,6,패,800
6a99201973fa9c5502b30b9f,e1590f0bbb6f24565be5ecb8c7d9c3ea,1.0844510230176707,6,무,2100
6a9921f15b80e1547f7f1cc3,bf7aa48910ef14c5866851f455a9d37f,1.1314790780929902,6,승,800
6a9921f15b80e1547f7f1cc3,8979f68fc7ec9230c47d90f0100badcd,1.133273248219471,6,패,800
6a99225a1639d62c163959ef,1cd736e3d7f76e65ab84e92d5bd15d17,1.115151645092869,6,무,2200
6a9925018df8d036500423f5,1cd736e3d7f76e65ab84e92d5bd15d17,1.1151516450928687,6,패,2200
6a9926f55aabfcd0154ed48b,6397dd70d327c084bdd58b2a091494dd,1.1274454003104284,6,패,900
6a99278f2c0e4c4a10e5fb73,8979f68fc7ec9230c47d90f0100badcd,1.1306674083379147,6,승,800
6a99280bc7f0a6ff5b09d481,c305d74d5466eadc694c352a7c2d96af,1.1633921479154326,6,승,800
6a992951aa385bd82c4e981c,1cd736e3d7f76e65ab84e92d5bd15d17,1.1151516450928687,6,패,2200
6a992a28773111530a40c152,c3e51479df54a0d6eb0b840eba788b6c,1.121120152762808,6,승,800
6a992a28773111530a40c152,a99ebe2ef6e39fb470ba670bd4c26de3,1.100834394414258,5,패,800
6a992b5972081f28e9b4a0ef,c305d74d5466eadc694c352a7c2d96af,1.1633921479154326,6,승,800
6a992b5972081f28e9b4a0ef,8979f68fc7ec9230c47d90f0100badcd,1.1306674083379147,6,패,800
6a992bdf4fd2c74ef586bd04,6397dd70d327c084bdd58b2a091494dd,1.1373136032909896,6,승,900
6a992c55c28d4f8e53fa6dc2,e9601e0afc66e969ee7cfdc3706bb7a2,1.1426380794665814,6,패,900
6a992c55c28d4f8e53fa6dc2,1108c86f12ac641cc297ce60671cd0aa,1.1226640847345166,6,승,800
6a992d23043f0b81df3d6d1c,c3e51479df54a0d6eb0b840eba788b6c,1.121120152762808,6,승,800
6a992d23043f0b81df3d6d1c,1a43e095c781ea67bcf6f9cf45be6cbe,1.1442118451892556,6,패,900
6a992ddf6aa7b61564f99058,c305d74d5466eadc694c352a7c2d96af,1.1633921479154326,6,승,800
6a992ddf6aa7b61564f99058,8979f68fc7ec9230c47d90f0100badcd,1.1306674083379147,6,패,800
6a9930b3931793527a2db454,8979f68fc7ec9230c47d90f0100badcd,1.1306674083379147,6,승,800
6a9930b3931793527a2db454,13047e440c03ca17e7ea239a2edfc0f1,1.1526600014916948,6,패,800
6a9931675aa1dc168dffe4df,c3e51479df54a0d6eb0b840eba788b6c,1.1211201527628079,6,승,800
6a9932d9aebd8d3ae3549b81,2eb2f940a69d3a359ff04d17662a4532,1.1346801289497483,6,승,1300
6a9933779cfac1b69c359f1a,1108c86f12ac641cc297ce60671cd0aa,1.1226640847345166,6,승,800
6a9933779cfac1b69c359f1a,715fc158c8a08f3fef034d29a286a164,1.1017676553882685,6,패,900
6a99343fe2c9e33b4fcfbfcf,e1590f0bbb6f24565be5ecb8c7d9c3ea,1.0844510230176707,6,패,2100
6a99344a352dfa3fb5ed6e72,c3e51479df54a0d6eb0b840eba788b6c,1.1211201527628079,6,승,1300
6a9935ae8fcb67baa8758f1b,f527ccf33bc30a42718492febe92a011,1.1391485187969208,6,패,2200
6a9937e365706c4e7d4e01dd,6397dd70d327c084bdd58b2a091494dd,1.1274454003104282,6,패,900
6a9937e365706c4e7d4e01dd,13047e440c03ca17e7ea239a2edfc0f1,1.1526600014916948,6,승,900
6a9939af90ff2dcee570a85d,e1590f0bbb6f24565be5ecb8c7d9c3ea,1.0844510230176707,6,승,2200
6a993c6594f8fe2e57a74d52,e1590f0bbb6f24565be5ecb8c7d9c3ea,1.0844510230176707,6,패,2200
6a993da54d1f7d4b9cea039b,1cd736e3d7f76e65ab84e92d5bd15d17,1.1154080454693853,6,승,2200
6a993fd3d654446b6e5d22bd,e1590f0bbb6f24565be5ecb8c7d9c3ea,1.0844510230176707,6,승,2200
6a994462c2c7bb20581063ce,1cd736e3d7f76e65ab84e92d5bd15d17,1.1154080454693855,6,무,2200
6a99452329c55b25d9f80620,e1590f0bbb6f24565be5ecb8c7d9c3ea,1.0844510230176707,6,승,2200
6a9945fc71d94c6172c070eb,cdcab790a58aad2055ca7390ac0f1b5d,1.1280355772217028,6,패,800
6a99479a69cdfe0cea90dd46,6a536bb407850c946f1383e8b0f99982,1.1310237616163172,6,승,800
6a99479a69cdfe0cea90dd46,a9f000a1df20b9740479853a2ee99056,1.1290054055171839,6,패,800
6a9948ce2428dfb106d20be7,cdcab790a58aad2055ca7390ac0f1b5d,1.12318320146031,6,승,800
6a99497ce9e52c5f94c7a4c8,3da122a7abe044dd338a434981f6329c,1.1639497938513705,6,승,800
6a994a6ee748dd31bb06787f,6397dd70d327c084bdd58b2a091494dd,1.1274454003104282,6,패,900
6a994a6ee748dd31bb06787f,72dcdc3d3be43255071aa178fecad5c0,1.1606137701891168,6,승,900
6a994bf8ce0fed31ef715c7a,cdcab790a58aad2055ca7390ac0f1b5d,1.1231832014603103,6,승,800
6a994d077a8d4e4e1032269a,6397dd70d327c084bdd58b2a091494dd,1.1274454003104284,6,패,900
6a994d077a8d4e4e1032269a,72dcdc3d3be43255071aa178fecad5c0,1.1415241016048199,6,승,900
6a994e2aaf6eb360599d715c,c305d74d5466eadc694c352a7c2d96af,1.1687876345936623,6,패,800
6a994e2aaf6eb360599d715c,6a536bb407850c946f1383e8b0f99982,1.131023761616317,6,승,800
6a99565d41eb187af567513d,7b16d10af4dcf9d956bd6b0faee5f3d8,1.0790481000745,6,승,2400
6a995b587f9eb03da5c6412c,01afcd5672e0e2ab5d63a2259445e8e9,1.1393638191665236,6,패,800
6a995b587f9eb03da5c6412c,d7abae216a3b9abd88046209098b9642,1.1230009505101295,6,승,800
6a995e370f327b6ab46a34a4,01afcd5672e0e2ab5d63a2259445e8e9,1.1393638191665236,6,패,800
6a995e370f327b6ab46a34a4,d7abae216a3b9abd88046209098b9642,1.1230009505101295,6,승,800
6a99607f027a7779232e5a76,4a59d8c669a35cc9f4ef766f4d4b321e,1.1412019534946622,6,승,2600
6a9960acd98aa6b3ce7fba9a,70798108de215d8b194c90da0d75a87c,1.0998574187827843,6,승,800
6a9960acd98aa6b3ce7fba9a,01afcd5672e0e2ab5d63a2259445e8e9,1.1393638191665236,6,패,800
6a9960f6696255c2829de005,6a536bb407850c946f1383e8b0f99982,1.1310237616163172,6,승,1300
6a99634261905b2d2551be89,7b16d10af4dcf9d956bd6b0faee5f3d8,1.0790481000745,6,패,2400
6a9963567571477ce2d8441d,70798108de215d8b194c90da0d75a87c,1.0998574187827843,6,패,800
6a9963567571477ce2d8441d,01afcd5672e0e2ab5d63a2259445e8e9,1.1438832018652574,6,승,800
6a9963bee8119a5c664c9333,6397dd70d327c084bdd58b2a091494dd,1.1373136032909896,6,승,900
6a9963c2d1b56ac448815f1d,bf7aa48910ef14c5866851f455a9d37f,1.13147907809299,6,패,800
6a9963c2d1b56ac448815f1d,b0a24490f42c6b16fd07cdc5059b45cd,1.1075628743180672,6,승,800
6a9965f6f8ae13ec4f840f8f,6ed4a7cf6827afb37dcfb2240c602688,1.1376928490877705,6,승,800
6a9965f6f8ae13ec4f840f8f,01afcd5672e0e2ab5d63a2259445e8e9,1.1438832018652574,6,패,800
6a996710cce5b6804ae4dcb0,6a536bb407850c946f1383e8b0f99982,1.1310237616163172,6,무,1300
6a9968669bcad0cf6d890f32,6ed4a7cf6827afb37dcfb2240c602688,1.1376928490877702,6,승,800
6a9968669bcad0cf6d890f32,01afcd5672e0e2ab5d63a2259445e8e9,1.1393638191665236,6,패,800
6a9969cc4979b8fdecf1a380,7b16d10af4dcf9d956bd6b0faee5f3d8,1.0790481000745,6,무,2400
6a996a60db5420c76f94cb51,6a536bb407850c946f1383e8b0f99982,1.1310237616163172,6,승,1300
6a996a8717b6c36a3bd76735,bf7aa48910ef14c5866851f455a9d37f,1.1314790780929902,6,승,800
6a996a8717b6c36a3bd76735,76c3297d3bc93d8371d58de802f77310,1.1640647005262268,6,패,800
6a996dbb1789b6c3bdede469,bf7aa48910ef14c5866851f455a9d37f,1.1314790780929902,6,승,800
6a996e51bfb1ff96203f6902,2eb2f940a69d3a359ff04d17662a4532,1.1416081794398574,6,승,1300
6a99735b8c28c664ae64ba06,b7e177f4eb59d9ca9cab7834a3ca5653,1.1280926069115853,6,승,800
6a99744f88dfb47674a86719,4a59d8c669a35cc9f4ef766f4d4b321e,1.1412019534946625,6,무,2500
6a99771e49120120abdfd412,4a59d8c669a35cc9f4ef766f4d4b321e,1.1412019534946622,6,무,2500
6a9979ce28e5b1bea62d8a92,4a59d8c669a35cc9f4ef766f4d4b321e,1.1412019534946622,6,승,2500
6a997a44e783f758f97ece06,d83327056d9eb986cabcec68fc276f4f,1.114519028050039,6,승,800
6a997a44e783f758f97ece06,bf7aa48910ef14c5866851f455a9d37f,1.1314790780929902,6,패,800
6a997e1dcee82d7cb098783f,7b16d10af4dcf9d956bd6b0faee5f3d8,1.0852832453587118,6,승,2400
6a997e6178a2c303b33046ab,4a59d8c669a35cc9f4ef766f4d4b321e,1.1412019534946625,6,패,2500
6a9981265b08a0b671c9891f,4a59d8c669a35cc9f4ef766f4d4b321e,1.1412019534946622,6,패,2500
6a9981bd6e15396d23a93e4f,7b16d10af4dcf9d956bd6b0faee5f3d8,1.0852832453587118,6,패,2400
6a9982b7c3491a54fcbe6cfc,2eb2f940a69d3a359ff04d17662a4532,1.1416081794398574,6,승,1300
6a9983b8c2201742a337f8a5,4a59d8c669a35cc9f4ef766f4d4b321e,1.1412019534946625,6,승,2600
6a99857626dcd12ffaf071dd,7b16d10af4dcf9d956bd6b0faee5f3d8,1.0852832453587118,6,패,2400
6a99869b17945bd2fcccbdcc,70798108de215d8b194c90da0d75a87c,1.0998574187827843,6,패,800
6a99869b17945bd2fcccbdcc,2eb2f940a69d3a359ff04d17662a4532,1.1416081794398574,6,승,800
6a99894c92c6d36168ec8250,4a59d8c669a35cc9f4ef766f4d4b321e,1.1412019534946622,6,무,2500
6a998b8c9f778aabb94dc34c,7b16d10af4dcf9d956bd6b0faee5f3d8,1.0852832453587118,6,승,2400
6a998cd48022ac0f993ba435,1cd736e3d7f76e65ab84e92d5bd15d17,1.115151645092869,6,패,2200
6a998dac6bc3db6514e4d986,4a59d8c669a35cc9f4ef766f4d4b321e,1.1438299361091382,6,승,2500
6a998e9fd1aeea1c00daca81,8dcb71aeef40848562bcf75338f7ff9f,1.1269520032813691,6,패,800
6a998e9fd1aeea1c00daca81,bf7aa48910ef14c5866851f455a9d37f,1.1314790780929902,6,승,800
6a998fc48ef9a23d5313668a,7b16d10af4dcf9d956bd6b0faee5f3d8,1.0852832453587118,6,승,2400
6a998fe7547d5d293643a88a,cdcab790a58aad2055ca7390ac0f1b5d,1.1231832014603103,6,승,800
6a999154cebcdfb34edcfed6,1cd736e3d7f76e65ab84e92d5bd15d17,1.1154080454693855,6,승,2300
6a99917f81a9ad479b32882d,4a59d8c669a35cc9f4ef766f4d4b321e,1.1412019534946622,6,무,2500
6a9991873da1418898b6a3f1,bf7aa48910ef14c5866851f455a9d37f,1.1314790780929902,6,승,800
6a9991873da1418898b6a3f1,b0a24490f42c6b16fd07cdc5059b45cd,1.0663118602554507,9,패,800
6a9992c49b6958979d59229f,3da122a7abe044dd338a434981f6329c,1.1550029357548446,6,패,800
6a9993d6c497d7dabbe05059,cdcab790a58aad2055ca7390ac0f1b5d,1.12318320146031,6,승,800
6a999667b4b8649bc7b3e1d2,3da122a7abe044dd338a434981f6329c,1.1639497938513703,6,승,800
6a9996d792d1402e9f2efec7,bf7aa48910ef14c5866851f455a9d37f,1.1247570339162802,6,승,800
6a9997c4f3abc4667894ca2d,6fbe3816f7848b005f347069c96070a5,1.0980349607629918,6,승,800
6a999aa71c900b172d6ba7fd,1cd736e3d7f76e65ab84e92d5bd15d17,1.1086497635020829,6,패,2200
6a999ac388acf4bf7f813e02,3247c0f38c9d9a3b7405b8639a2a85ce,1.1336866682271067,6,패,900
6a999ac388acf4bf7f813e02,3da122a7abe044dd338a434981f6329c,1.1639497938513705,6,승,800
6a999c2734971fd9b053b27d,4a59d8c669a35cc9f4ef766f4d4b321e,1.1412019534946625,6,승,2500
6a999f572073c586ae17050e,4a59d8c669a35cc9f4ef766f4d4b321e,1.1412019534946622,6,패,2500
6a99a2078a19b1b503ed012c,4a59d8c669a35cc9f4ef766f4d4b321e,1.1412019534946622,6,승,2500
6a99a3296f5f0e328b6e348c,58a3b108d57eb3a4ed60f18eb3ca868e,1.1237754126492634,6,무,2400
6a99a51ff2558c9361a6ad72,4a59d8c669a35cc9f4ef766f4d4b321e,1.1412019534946622,6,패,2500
6a99a622df2071193bd5ea9f,58a3b108d57eb3a4ed60f18eb3ca868e,1.1237754126492636,6,패,2400
6a99a91810cceb13b100830b,58a3b108d57eb3a4ed60f18eb3ca868e,1.1237754126492636,6,패,2400
6a99a9e092ccddb849b474fd,01afcd5672e0e2ab5d63a2259445e8e9,1.1438832018652574,6,승,800
6a99aa3193e6073ca2668de4,2eb2f940a69d3a359ff04d17662a4532,1.1416081794398572,6,승,800
6a99aa3193e6073ca2668de4,07076782f2ff941a58b3b5bd42cf1e7f,1.1490972515632547,6,패,800
6a99aa5952a2efa6b5ff7784,4a59d8c669a35cc9f4ef766f4d4b321e,1.1412019534946625,6,승,2500
6a99aaa3cf49fece90750be7,33a3587fe645be7cc851cccd92783eb8,1.1278314584110596,6,승,2500
6a99ab5af5a103f930d9c970,7b16d10af4dcf9d956bd6b0faee5f3d8,1.0898384562525363,6,패,2300
6a99abd2b8fc20123f195686,58a3b108d57eb3a4ed60f18eb3ca868e,1.1237754126492636,6,패,2500
6a99ad2a3fd3ac6fc1f8af90,33a3587fe645be7cc851cccd92783eb8,1.1253555696922517,6,무,2400
6a99ad7a7e4d8f82cf73164c,4a59d8c669a35cc9f4ef766f4d4b321e,1.1438299361091382,6,패,2500
6a99b0038d5b752b3a86c50a,01afcd5672e0e2ab5d63a2259445e8e9,1.1438832018652574,6,승,800
6a99b0e38f0af63ed219a438,33a3587fe645be7cc851cccd92783eb8,1.1278314584110596,6,승,2400
6a99b1b439d96f6c766b1c97,7b16d10af4dcf9d956bd6b0faee5f3d8,1.0898384562525363,6,패,2400
6a99b2f6d60a5f419a87550c,4a59d8c669a35cc9f4ef766f4d4b321e,1.1412019534946625,6,승,2500
6a99b34483e59d2e091db8d0,8dcb71aeef40848562bcf75338f7ff9f,1.1269520032813691,6,패,800
6a99b34483e59d2e091db8d0,01afcd5672e0e2ab5d63a2259445e8e9,1.1438832018652574,6,승,800
6a99b497163dd66653c35225,33a3587fe645be7cc851cccd92783eb8,1.1286173178241299,6,패,2400
6a99b75a8022ac0e6b3d4865,33a3587fe645be7cc851cccd92783eb8,1.1278314584110596,6,패,2400
6a99b8198890ceed4ee48e20,01afcd5672e0e2ab5d63a2259445e8e9,1.1438832018652574,6,승,800
6a99b9137a45927907e712ed,7b16d10af4dcf9d956bd6b0faee5f3d8,1.0898384562525363,6,패,2400
6a99bb20d9e9b28458cc7df2,33a3587fe645be7cc851cccd92783eb8,1.1278314584110598,6,패,2500
6a99bba5d65444a90462d642,daa99f4160bb842dad27847959803941,1.1222769675609352,6,승,800
6a99bba5d65444a90462d642,01afcd5672e0e2ab5d63a2259445e8e9,1.1438832018652574,6,패,800
6a99bbd9398e900ff293f3d5,4a59d8c669a35cc9f4ef766f4d4b321e,1.1412019534946622,6,패,2500
6a99be07b8891d0814223d79,33a3587fe645be7cc851cccd92783eb8,1.1278314584110596,6,패,2500
6a99be66cd3e157ea001077c,01afcd5672e0e2ab5d63a2259445e8e9,1.1438832018652574,6,승,800
6a99bffbd963bfe018ed594a,8dcb71aeef40848562bcf75338f7ff9f,1.1269520032813691,6,패,800
6a99bffbd963bfe018ed594a,2a761d25aff27002db4fcccdcdc84e62,1.1248928313618818,6,승,800
6a99c0f1a2bdc827df367e73,33a3587fe645be7cc851cccd92783eb8,1.1278314584110596,6,승,2500
6a99c12cfe0e514af6a6d7bf,01afcd5672e0e2ab5d63a2259445e8e9,1.1438832018652574,6,승,800
6a99c2fe310b4f254f6960c7,8dcb71aeef40848562bcf75338f7ff9f,1.1269520032813694,6,승,800
6a99c2fe310b4f254f6960c7,2a761d25aff27002db4fcccdcdc84e62,1.1248928313618818,6,패,800
6a99c4da9a6ff30ab18c7b2f,33a3587fe645be7cc851cccd92783eb8,1.1278314584110596,6,패,2500
6a99c72a696ff861f80ca813,8dcb71aeef40848562bcf75338f7ff9f,1.1269520032813691,6,승,800
6a99c72a696ff861f80ca813,2a761d25aff27002db4fcccdcdc84e62,1.1248928313618818,6,패,800
6a99c7537ab6c959c1ef16a6,33a3587fe645be7cc851cccd92783eb8,1.1278314584110598,6,승,2500
6a99cc1a7e203f36c674cb3c,33a3587fe645be7cc851cccd92783eb8,1.1286173178241299,6,승,2500
6a99cfed9cc8324658512e26,01afcd5672e0e2ab5d63a2259445e8e9,1.1393638191665236,6,패,800
6a99d001efedca6698a1f22d,33a3587fe645be7cc851cccd92783eb8,1.1278314584110598,6,패,2500
6a99e69d2eb4657b17d3fa19,33a3587fe645be7cc851cccd92783eb8,1.1365596812258827,6,승,2500
6a99e7e0652195402eac2032,58a3b108d57eb3a4ed60f18eb3ca868e,1.1237754126492636,6,패,2400
6a99ead5f451177d16420e14,58a3b108d57eb3a4ed60f18eb3ca868e,1.1237754126492636,6,패,2400
6a99ecaa096b182e4b196fcd,33a3587fe645be7cc851cccd92783eb8,1.1365596812258827,6,무,2500
6a99eddd00ea599180deb853,58a3b108d57eb3a4ed60f18eb3ca868e,1.1237754126492636,6,승,2500
6a99ef76c57e4c94f5258a7b,33a3587fe645be7cc851cccd92783eb8,1.1365596812258827,6,승,2500
6a99f0ed34752bae5c53a92d,58a3b108d57eb3a4ed60f18eb3ca868e,1.134431385217904,6,승,2400
6a99f27f1c18d66fbc059ab0,33a3587fe645be7cc851cccd92783eb8,1.1365596812258827,6,승,2500
6a99f4f76a643d7bc4883713,58a3b108d57eb3a4ed60f18eb3ca868e,1.1237754126492636,6,패,2400
6a99f6551966ff383e9c32ca,33a3587fe645be7cc851cccd92783eb8,1.1286173178241299,6,패,2400
6a99f9262c1e35f1e100b8e2,33a3587fe645be7cc851cccd92783eb8,1.12861731782413,6,승,2400
6a99fbcaee86b362d44fb46d,33a3587fe645be7cc851cccd92783eb8,1.1365596812258827,6,무,2400
6a99fe2f06a16024fbcc4b7f,58a3b108d57eb3a4ed60f18eb3ca868e,1.1237754126492636,6,승,2400
6a99fe90d41a15e216cbc56a,33a3587fe645be7cc851cccd92783eb8,1.1365596812258827,6,패,2400
6a9a017b35095485253161bb,58a3b108d57eb3a4ed60f18eb3ca868e,1.1237754126492636,6,승,2400
6a9a046d18ad83455f6ee414,58a3b108d57eb3a4ed60f18eb3ca868e,1.1237754126492636,6,승,2400
6a9a08038916490114fae419,58a3b108d57eb3a4ed60f18eb3ca868e,1.1237754126492636,6,패,2400
6a9a0b0fde887dcdacd5ad09,58a3b108d57eb3a4ed60f18eb3ca868e,1.1237754126492636,6,승,2400
6a9a0bca154c518b51f9e943,afe3fe8b1d6e483e21600e282305e626,1.1394552064279906,6,패,800
6a9a0df7e76f113d245c8f80,58a3b108d57eb3a4ed60f18eb3ca868e,1.1237754126492636,6,패,2400
6a9a10a3ed63d73585466d4d,e1590f0bbb6f24565be5ecb8c7d9c3ea,1.0844510230176707,6,승,2100
6a9a111e43505aca867135e2,58a3b108d57eb3a4ed60f18eb3ca868e,1.1237754126492636,6,패,2400
6a9a137d4b71eb803cd4450b,e1590f0bbb6f24565be5ecb8c7d9c3ea,1.0844510230176707,6,패,2100
6a9a18fa01d3ff1d42a7c27e,7b16d10af4dcf9d956bd6b0faee5f3d8,1.0898384562525363,6,패,2400
6a9a195a06a160efd8ccd328,afe3fe8b1d6e483e21600e282305e626,1.1394552064279908,6,패,1300
6a9a1ca297b9034905ee3eeb,afe3fe8b1d6e483e21600e282305e626,1.1350569062211138,6,승,800
6a9a20ed9a06a2c6c69a1bd5,08e3b91cd9244dd5369f798d6303e5c6,1.1113629523583157,6,패,800
6a9a20ed9a06a2c6c69a1bd5,afe3fe8b1d6e483e21600e282305e626,1.1350569062211138,6,승,800
6a9a239872365e53c590467a,7b16d10af4dcf9d956bd6b0faee5f3d8,1.0898384562525363,6,무,2400
6a9a2e20a5d26779080a6dc2,1cd736e3d7f76e65ab84e92d5bd15d17,1.108649763502083,6,패,2200
6a9a30d15cda9313448442bf,1cd736e3d7f76e65ab84e92d5bd15d17,1.1083933631255662,6,무,2200
6a9a3473cdcc945ac5ccb424,1cd736e3d7f76e65ab84e92d5bd15d17,1.1154080454693853,6,무,2200
6a9a373c03c6c0ad34017d73,1cd736e3d7f76e65ab84e92d5bd15d17,1.1154080454693853,6,승,2200
6a9a3c48ee630a526ad3dfca,1cd736e3d7f76e65ab84e92d5bd15d17,1.110544767000489,6,패,2200
6a9a3f7076aac67f53557a78,1cd736e3d7f76e65ab84e92d5bd15d17,1.1102883666239725,6,패,2200
6a9a42403abab9675b6302eb,e1590f0bbb6f24565be5ecb8c7d9c3ea,1.0844510230176707,6,패,2100
6a9a457228d546bafc2e7b2d,e1590f0bbb6f24565be5ecb8c7d9c3ea,1.0844510230176707,6,패,2200
6a9a46947dedcd7b9d9074cc,2a761d25aff27002db4fcccdcdc84e62,1.1248928313618818,6,승,800
6a9a4959f8a5e7e86bf2105f,e1590f0bbb6f24565be5ecb8c7d9c3ea,1.0844510230176707,6,패,2200
6a9a4abf773dd0d548d1fc46,2a761d25aff27002db4fcccdcdc84e62,1.1248928313618818,6,패,800
6a9a4c9128e5b17efe332bac,e1590f0bbb6f24565be5ecb8c7d9c3ea,1.0793926373790814,6,무,2200
6a9a580fb4c070678ab640e5,1cd736e3d7f76e65ab84e92d5bd15d17,1.110544767000489,6,무,2200
6a9a58716cb4005b6450645d,9ff5f4929e62dac0a346ce9961d70261,1.0995359529611537,6,패,800
6a9a58716cb4005b6450645d,8979f68fc7ec9230c47d90f0100badcd,1.1306674083379147,6,승,800
6a9a5aaac6ff2f1f91a94e00,1cd736e3d7f76e65ab84e92d5bd15d17,1.110544767000489,6,승,2200
6a9a5bb9bf81753061d6d0ad,8979f68fc7ec9230c47d90f0100badcd,1.1332732482194707,6,패,800
6a9a5d6e260ce00bfdef671b,1cd736e3d7f76e65ab84e92d5bd15d17,1.1105447670004893,6,무,2200
6a9a5ed6817a29137c621fd9,8979f68fc7ec9230c47d90f0100badcd,1.133273248219471,6,패,800
6a9a60848022ac17c540f02a,1cd736e3d7f76e65ab84e92d5bd15d17,1.110544767000489,6,승,2300
6a9a6234656456172b87ca1a,752f823e171bba144c516086bda3d89a,1.1201136074730866,6,승,1300
6a9a6277c44e1536cb2aed0a,8979f68fc7ec9230c47d90f0100badcd,1.1306674083379147,6,승,800
6a9a64e3dfcba428c9a6c800,1cd736e3d7f76e65ab84e92d5bd15d17,1.110544767000489,6,패,2200
6a9a67e8b65c2f00ee4a5a6c,8979f68fc7ec9230c47d90f0100badcd,1.1306674083379147,6,승,800
6a9a67e8b65c2f00ee4a5a6c,07076782f2ff941a58b3b5bd42cf1e7f,1.1490972515632547,6,패,800
6a9a684546973559891e6f7e,3b6d553a931611f6452b3c292887aec4,1.1303862615772335,6,승,1300
6a9a6b4563b1c8dd36a9218c,8979f68fc7ec9230c47d90f0100badcd,1.1306674083379147,6,패,800
6a9a70549d32ee3385116dde,8979f68fc7ec9230c47d90f0100badcd,1.1306674083379147,6,승,800
6a9a70549d32ee3385116dde,bbfe0be20867d708ba3a66bb5ac83b5f,1.069503011740917,6,패,900
6a9a75b489d7fb1745aeb56f,e1590f0bbb6f24565be5ecb8c7d9c3ea,1.0880231734400383,6,패,2200
6a9a76ac6873375173006675,8979f68fc7ec9230c47d90f0100badcd,1.1332732482194707,6,패,800
6a9a79556235f099dc73316d,8979f68fc7ec9230c47d90f0100badcd,1.1306674083379147,6,승,800
6a9a7e66bcda65d29e1ac725,8e15ac08c307158d4c8bfe7b537e1364,1.1289477321399435,6,패,1300
6a9a7f47d7f56d90b5eb63d8,e1590f0bbb6f24565be5ecb8c7d9c3ea,1.0880231734400383,6,패,2300
6a9a817fb29d1a9414ec119c,6ed4a7cf6827afb37dcfb2240c602688,1.1376928490877705,6,패,800
6a9a817fb29d1a9414ec119c,8e15ac08c307158d4c8bfe7b537e1364,1.1289477321399437,6,승,800
6a9a81a30b7af525be23df05,4a59d8c669a35cc9f4ef766f4d4b321e,1.1412019534946625,6,패,2500
6a9a8415b2511d8c77fcc245,8e15ac08c307158d4c8bfe7b537e1364,1.1289477321399437,6,승,1300
6a9a8438f19a920907ed1931,752f823e171bba144c516086bda3d89a,1.1196268289361322,6,승,1300
6a9a8517e748dd2c7210af64,1cd736e3d7f76e65ab84e92d5bd15d17,1.110544767000489,6,무,2200
6a9a877d8b688c604b0388ea,afe3fe8b1d6e483e21600e282305e626,1.1350569062211138,6,승,1300
6a9a87ff095f5b9e3314e39a,4a59d8c669a35cc9f4ef766f4d4b321e,1.1412019534946622,6,승,2600
6a9a89a4aff064d19e94c8b5,3da122a7abe044dd338a434981f6329c,1.1639497938513703,6,승,1300
6a9a8a1f7a5e175ec1039475,f527ccf33bc30a42718492febe92a011,1.1106852388494945,6,승,2200
6a9a8a608f41540b9cd7d5ea,752f823e171bba144c516086bda3d89a,1.112488877043948,6,패,800
6a9a8a814404362b0b57aea8,1cd736e3d7f76e65ab84e92d5bd15d17,1.110544767000489,6,승,2300
6a9a8c8e3dcda9bc1656f682,e1590f0bbb6f24565be5ecb8c7d9c3ea,1.0880231734400383,6,패,2300
6a9a8c973dfca4290f88bbc9,3da122a7abe044dd338a434981f6329c,1.1550029357548446,6,무,1300
6a9a8cad0e0a4e9e07a5369b,8979f68fc7ec9230c47d90f0100badcd,1.1306674083379147,6,승,800
6a9a8d018f54d21d1c7da94e,f527ccf33bc30a42718492febe92a011,1.1106852388494943,6,승,2200
6a9a8d674d42d8d88297c5cc,752f823e171bba144c516086bda3d89a,1.112488877043948,6,승,800
6a9a8d674d42d8d88297c5cc,31a20d01827a9c69bcae9d27fc96b315,1.094107649804794,6,패,900
6a9a8d92223808b3fcf6ed7f,1cd736e3d7f76e65ab84e92d5bd15d17,1.1105447670004893,6,승,2200
6a9a8ebc1186505fbbb7982f,afe3fe8b1d6e483e21600e282305e626,1.1350569062211138,6,승,1300
6a9a8f62db5420e8aa9dc0f1,8979f68fc7ec9230c47d90f0100badcd,1.1306674083379147,6,승,800
6a9a8f62db5420e8aa9dc0f1,08e3b91cd9244dd5369f798d6303e5c6,1.1113629523583157,6,패,800
6a9a8fad88c554634410f2ec,e1590f0bbb6f24565be5ecb8c7d9c3ea,1.0880231734400383,6,승,2300
6a9a90fbba3f41912341d063,a9f000a1df20b9740479853a2ee99056,1.1297715202300265,6,무,900
6a9a90fbba3f41912341d063,3da122a7abe044dd338a434981f6329c,1.1639497938513703,6,무,1300
6a9a91e1a0012925d95f9821,752f823e171bba144c516086bda3d89a,1.1201136074730866,6,승,800
6a9a91e1a0012925d95f9821,08e3b91cd9244dd5369f798d6303e5c6,1.1113629523583157,6,패,800
6a9a92b2cd3e157c4d0674c1,e1590f0bbb6f24565be5ecb8c7d9c3ea,1.0880231734400383,6,패,2300
6a9a93c868ee5041ed7f46e8,f527ccf33bc30a42718492febe92a011,1.1106852388494943,6,무,2200
6a9a9407191495242c1a0020,4a59d8c669a35cc9f4ef766f4d4b321e,1.1412019534946622,6,패,2500
6a9a989d3138a3bcda5cc0d7,3da122a7abe044dd338a434981f6329c,1.1550029357548446,6,패,800
6a9a9920fa2743c11f763929,f527ccf33bc30a42718492febe92a011,1.1106852388494943,6,패,2200
6a9a9b1eb9ff7b99daeabe2c,3da122a7abe044dd338a434981f6329c,1.1550029357548446,6,패,800
6a9a9e3076aac69f7f58e732,f527ccf33bc30a42718492febe92a011,1.1106852388494943,6,패,2200
6a9a9ee2e2405c931838b75a,3da122a7abe044dd338a434981f6329c,1.1550029357548446,6,패,800
6a9a9eefda2d3d524087d5e3,3b6d553a931611f6452b3c292887aec4,1.1303862615772335,6,승,800
6a9aa1b2435e84f65dc28739,3da122a7abe044dd338a434981f6329c,1.1639497938513703,6,승,900
6a9aa2330ac3da00e4df42d2,f527ccf33bc30a42718492febe92a011,1.1106852388494943,6,승,2200
6a9aa4702dcaeaa0aef3a69b,a9f000a1df20b9740479853a2ee99056,1.1297715202300265,6,패,900
6a9aa4702dcaeaa0aef3a69b,3da122a7abe044dd338a434981f6329c,1.1639497938513705,6,승,900
6a9aa5214c6769348602ecc3,f527ccf33bc30a42718492febe92a011,1.1106852388494945,6,승,2200
6a9aa7795374a5abae197709,3da122a7abe044dd338a434981f6329c,1.158799646029494,6,패,800
6a9aaa9ff193f63b0247b24e,3da122a7abe044dd338a434981f6329c,1.1639497938513703,6,승,800
6a9aab3a5d91a24afa92f600,f527ccf33bc30a42718492febe92a011,1.1106852388494945,6,승,2100
6a9aacf8c1c9c41685d1b90a,afe3fe8b1d6e483e21600e282305e626,1.1350569062211138,6,승,800
6a9aacf8c1c9c41685d1b90a,b0a24490f42c6b16fd07cdc5059b45cd,1.0663118602554507,9,패,800
6a9aad956b330448b8601eb6,3da122a7abe044dd338a434981f6329c,1.1639497938513705,6,패,800
6a9aaf7457124ee3675e7531,f527ccf33bc30a42718492febe92a011,1.1106852388494943,6,패,2100
6a9aaff19f6493188f01d0f8,3da122a7abe044dd338a434981f6329c,1.1639497938513703,6,승,900
6a9ab0ed2bd93ba25c03f08f,1cd736e3d7f76e65ab84e92d5bd15d17,1.110544767000489,6,패,2200
6a9ab298133005da02e03b7e,f527ccf33bc30a42718492febe92a011,1.1106852388494943,6,무,2100
6a9ab2f619acbddbb8a88385,6a536bb407850c946f1383e8b0f99982,1.1310237616163172,6,승,800
6a9ab2f619acbddbb8a88385,70798108de215d8b194c90da0d75a87c,1.0998574187827845,6,패,800
6a9ab3b8c8fb82503611961e,1cd736e3d7f76e65ab84e92d5bd15d17,1.110544767000489,6,패,2200
6a9ab6dac6eec550352f0e2a,1cd736e3d7f76e65ab84e92d5bd15d17,1.1105447670004893,6,승,2300
6a9ab75c08082b77959d4196,f527ccf33bc30a42718492febe92a011,1.1106852388494943,6,승,2100
6a9ab96d4151c4417a4ae7cf,3da122a7abe044dd338a434981f6329c,1.1550029357548446,6,패,800
6a9aba6a32d8a7f28040d4fd,f527ccf33bc30a42718492febe92a011,1.1106852388494943,6,패,2100
6a9abd866b3d2c810844fba5,3da122a7abe044dd338a434981f6329c,1.1639497938513705,6,승,800
6a9abd944c17083c3f872c2f,f527ccf33bc30a42718492febe92a011,1.1106852388494943,6,승,2100
6a9ac12dae2fb7300252e9c8,9ff5f4929e62dac0a346ce9961d70261,1.097022784933439,6,승,800
6a9ac12dae2fb7300252e9c8,3da122a7abe044dd338a434981f6329c,1.1639497938513703,6,패,800
6a9ac284306cd998083f02a1,8979f68fc7ec9230c47d90f0100badcd,1.1306674083379147,6,승,800
6a9ac284306cd998083f02a1,08e3b91cd9244dd5369f798d6303e5c6,1.1113629523583155,6,패,800
6a9ac50713c36221fc1640d8,9ff5f4929e62dac0a346ce9961d70261,1.097022784933439,6,승,800
6a9ac50713c36221fc1640d8,3da122a7abe044dd338a434981f6329c,1.1639497938513705,6,패,800
6a9ac5795394800158fbae1c,8979f68fc7ec9230c47d90f0100badcd,1.133273248219471,6,패,800
6a9ac6b5232a273d3b2d6ddc,f527ccf33bc30a42718492febe92a011,1.1106852388494945,6,패,2100
6a9ac79b77d66902d1801774,3da122a7abe044dd338a434981f6329c,1.1550029357548446,6,패,900
6a9ac79b77d66902d1801774,4ae84483040ac4d35a90be2e579241ec,1.1362139349674214,6,승,900
6a9ac802c3c89d6287db9c34,3247c0f38c9d9a3b7405b8639a2a85ce,1.1336866682271065,6,승,1300
6a9ac802c3c89d6287db9c34,01afcd5672e0e2ab5d63a2259445e8e9,1.1393638191665236,6,패,1300
6a9ac84d587f68969d5de25f,3b6d553a931611f6452b3c292887aec4,1.1303862615772335,6,패,1300
6a9ac9e18ceab225b26b594f,f527ccf33bc30a42718492febe92a011,1.1106852388494943,6,승,2100
6a9aca932a8ec557446a111a,01afcd5672e0e2ab5d63a2259445e8e9,1.1438832018652574,6,무,1300
6a9acb427132a9513d038ba4,3b6d553a931611f6452b3c292887aec4,1.1303862615772335,6,무,1300
6a9acbe666473dce15bdcaa8,3da122a7abe044dd338a434981f6329c,1.1639497938513703,6,패,900
6a9acd3baef5def5fd55e34d,01afcd5672e0e2ab5d63a2259445e8e9,1.1438832018652574,6,승,1300
6a9acfd1f45117502549b7f8,3da122a7abe044dd338a434981f6329c,1.1639497938513703,6,승,900
6a9acfe6cf7e3053f07dfb46,01afcd5672e0e2ab5d63a2259445e8e9,1.1438832018652574,6,승,1300
6a9ad2621e1247099db70fa9,01afcd5672e0e2ab5d63a2259445e8e9,1.1438832018652574,6,패,1300
6a9ad2621e1247099db70fa9,b4c82084d4ef8bb53170747b9f4e9a61,1.1255242382723676,6,승,1300
6a9ad27097b903388df50d98,3da122a7abe044dd338a434981f6329c,1.1550029357548446,6,패,900
6a9ad640c7f7b9f488d67d03,3da122a7abe044dd338a434981f6329c,1.1639497938513703,6,승,900
6a9ad7f51c6bc872855bbd9a,f527ccf33bc30a42718492febe92a011,1.1106852388494943,6,승,2100
6a9ad8c5bb3d45511b88ea0b,b8f996af9ea90e2c3c82f09a2cc8dc76,1.1289414356212117,6,패,900
6a9ad8c5bb3d45511b88ea0b,3da122a7abe044dd338a434981f6329c,1.1639497938513703,6,승,900
6a9adacae0b0c4f93c834388,f527ccf33bc30a42718492febe92a011,1.1106852388494943,6,승,2100
6a9adf88e6dd0abcf2162069,f527ccf33bc30a42718492febe92a011,1.1106852388494943,6,패,2000
6a9adfd9033caf14067a5ce5,6a536bb407850c946f1383e8b0f99982,1.1138199023426192,6,패,800
6a9adfd9033caf14067a5ce5,3da122a7abe044dd338a434981f6329c,1.1639497938513703,6,승,900
6a9ae2569698a914fdefb27f,f527ccf33bc30a42718492febe92a011,1.1106852388494943,6,무,2000
6a9ae40c1ca29670ec5edff9,6a536bb407850c946f1383e8b0f99982,1.1310237616163172,6,승,800
6a9aed1fbbddd95a3bb13873,1cd736e3d7f76e65ab84e92d5bd15d17,1.110544767000489,6,승,2200
6a9aed7eb167298bf0557a19,6ed4a7cf6827afb37dcfb2240c602688,1.1376928490877705,6,패,800
6a9aed7eb167298bf0557a19,2eb2f940a69d3a359ff04d17662a4532,1.1486296573141466,5,승,800
6a9aefa3d9808ca6d4bca0d1,1cd736e3d7f76e65ab84e92d5bd15d17,1.110544767000489,6,패,2200
6a9af2b1af6eb350cbacdd89,1cd736e3d7f76e65ab84e92d5bd15d17,1.110544767000489,6,패,2200
6a9af54f2462371ec32b5b5f,1cd736e3d7f76e65ab84e92d5bd15d17,1.110544767000489,6,무,2300
6a9b0716eedc3c35a1267566,6a536bb407850c946f1383e8b0f99982,1.1310237616163172,6,승,800
6a9b0716eedc3c35a1267566,e99433352621f14bec2fac17c8d57d79,1.100922161450891,6,패,800
6a9b0ef09fbdf1787d9930fe,6a536bb407850c946f1383e8b0f99982,1.1310237616163172,6,승,800
6a9b14dd25783176bf600347,2a761d25aff27002db4fcccdcdc84e62,1.1248928313618818,6,승,1300
6a9b1c7325c7379439f78b1d,edcabc4ff82ec1e48100c83ad31eafe6,1.1149604514625395,6,승,800
6a9b1c7325c7379439f78b1d,3b6d553a931611f6452b3c292887aec4,1.1318315153014618,6,패,800
6a9b1feaee53c263c3243afb,3b6d553a931611f6452b3c292887aec4,1.1318315153014618,6,승,800
6a9b31e97c768206fa99c87e,6a536bb407850c946f1383e8b0f99982,1.1310237616163172,6,승,800
6a9b31e97c768206fa99c87e,2155557fcaa74d184e5ed355b68ca9b4,1.1205642982863029,6,패,900
6a9b776bf8a81f97222f3bf2,e1590f0bbb6f24565be5ecb8c7d9c3ea,1.0880231734400383,6,무,2200
6a9b8727e836c67833014ea8,3b6d553a931611f6452b3c292887aec4,1.1303862615772335,6,승,800
6a9b87ea869e475bef5e1ea2,1cd736e3d7f76e65ab84e92d5bd15d17,1.110544767000489,6,무,2300
6a9b8aa4464787ae06e4ace4,1cd736e3d7f76e65ab84e92d5bd15d17,1.110544767000489,6,패,2300
6a9b8b063c10d7171a255776,6397dd70d327c084bdd58b2a091494dd,1.1274454003104284,6,패,1300
6a9b8ea180d52b7e24fdb229,e1590f0bbb6f24565be5ecb8c7d9c3ea,1.0891782663018807,6,승,2200
6a9b9069b54a6f18b0939d8c,6397dd70d327c084bdd58b2a091494dd,1.1274454003104284,6,패,900
6a9b93049354b518ff7addc7,6397dd70d327c084bdd58b2a091494dd,1.1274454003104282,6,패,900
6a9b93f45fa04b077a1d0749,8979f68fc7ec9230c47d90f0100badcd,1.1306674083379147,6,승,1300
6a9b9526df51470994999a34,e1590f0bbb6f24565be5ecb8c7d9c3ea,1.089178266301881,6,무,2200
6a9b96a112ef443be8fcab5b,6397dd70d327c084bdd58b2a091494dd,1.1373136032909896,6,승,900
6a9b96d2c7d281b18873bed5,8979f68fc7ec9230c47d90f0100badcd,1.1306674083379147,6,승,1300
6a9b995f1c6bc8b9b561cbc8,6397dd70d327c084bdd58b2a091494dd,1.1274454003104284,6,패,900
6a9b9c52291b1d12b3782287,6397dd70d327c084bdd58b2a091494dd,1.1373136032909896,6,승,900
6a9baad3c5989a55092fd4c1,6397dd70d327c084bdd58b2a091494dd,1.1274454003104284,6,패,900
6a9bad4f3ce563b5f4d66355,6397dd70d327c084bdd58b2a091494dd,1.1274454003104284,6,패,900
6a9baf7eacba260ec1528c92,1cd736e3d7f76e65ab84e92d5bd15d17,1.110544767000489,6,승,2300
6a9baf9485a6b5809b96f519,8e15ac08c307158d4c8bfe7b537e1364,1.1289477321399437,6,승,1300
6a9bb0067aed78a91415c0a0,6397dd70d327c084bdd58b2a091494dd,1.1373136032909896,6,승,1000
6a9bb2b0ed412306687b7da0,6397dd70d327c084bdd58b2a091494dd,1.1373136032909896,6,승,900
6a9bb3f68aac87ef8d53910c,1cd736e3d7f76e65ab84e92d5bd15d17,1.1102883666239725,6,무,2300
6a9bb43cb7a73834dfff719d,8e15ac08c307158d4c8bfe7b537e1364,1.1289477321399435,6,승,1300
6a9bb693274ab11b7e58369b,1cd736e3d7f76e65ab84e92d5bd15d17,1.110544767000489,6,승,2300
6a9bb73ff29501215f636734,6397dd70d327c084bdd58b2a091494dd,1.1373136032909896,6,승,900
6a9bbbedb9272e7b98288143,6397dd70d327c084bdd58b2a091494dd,1.1274454003104284,6,패,900
6a9bbf0d6d95cb484beadd43,6397dd70d327c084bdd58b2a091494dd,1.1373136032909896,6,승,900
6a9bc188e2405c588f436361,6397dd70d327c084bdd58b2a091494dd,1.1373136032909896,6,승,900
6a9bc30f6bf158d4cfcc057c,cdcab790a58aad2055ca7390ac0f1b5d,1.12318320146031,6,승,1300
6a9bc365c2c7bb184126d04f,01afcd5672e0e2ab5d63a2259445e8e9,1.1247259099785676,6,패,1300
6a9bc42bd938c774a7a5988a,6397dd70d327c084bdd58b2a091494dd,1.1373136032909896,6,승,900
6a9bc5e5459600cf59a01c83,01afcd5672e0e2ab5d63a2259445e8e9,1.129364996275262,6,무,1300
6a9bc8855675687739a770c4,01afcd5672e0e2ab5d63a2259445e8e9,1.129364996275262,6,승,1300
6a9bc8c12d68fd7e6aeefba0,6397dd70d327c084bdd58b2a091494dd,1.1274454003104284,6,패,900
6a9bcb2be87586990e60f6d8,01afcd5672e0e2ab5d63a2259445e8e9,1.129364996275262,6,패,1300
6a9bcb2be87586990e60f6d8,1a43e095c781ea67bcf6f9cf45be6cbe,1.1487974012771696,6,승,1300
6a9bcf53af804c3316d61f5c,01afcd5672e0e2ab5d63a2259445e8e9,1.1293649962752619,6,승,1300
6a9bcfafb998a4594e2e1638,6397dd70d327c084bdd58b2a091494dd,1.1373136032909896,6,승,900
6a9bcfd61c26ef6bcb964c09,2a761d25aff27002db4fcccdcdc84e62,1.1248928313618818,6,패,1300
6a9bcfd61c26ef6bcb964c09,dbd92e3af57a94f4df9e711dcd230345,1.1255621483578662,6,승,800
6a9bd250a76f1c2eafbb40ae,01afcd5672e0e2ab5d63a2259445e8e9,1.1293649962752619,6,승,800
6a9bd250a76f1c2eafbb40ae,3da122a7abe044dd338a434981f6329c,1.1550029357548446,6,패,800
6a9bd5d0f1b2a69dd0255bb1,2a761d25aff27002db4fcccdcdc84e62,1.1248928313618818,6,승,1300
6a9bd5d0f1b2a69dd0255bb1,3da122a7abe044dd338a434981f6329c,1.1550029357548446,6,패,800
6a9bd5d0f37dfc18abbfacd4,01afcd5672e0e2ab5d63a2259445e8e9,1.1247259099785676,6,패,800
6a9bd83e194b9cfba2f1c63b,9ff5f4929e62dac0a346ce9961d70261,1.097022784933439,6,승,900
6a9bd83e194b9cfba2f1c63b,3da122a7abe044dd338a434981f6329c,1.1550029357548446,6,패,900
6a9bd8741ca296f146671f1d,1cd736e3d7f76e65ab84e92d5bd15d17,1.110544767000489,6,무,2200
6a9bd9f1afac896d8871a3a5,6397dd70d327c084bdd58b2a091494dd,1.1373136032909896,6,승,900
6a9bda6495ea833daefa303c,01afcd5672e0e2ab5d63a2259445e8e9,1.129364996275262,6,승,800
6a9bda6495ea833daefa303c,d648becda714dc515d3037589bf27105,1.088133849979189,6,패,800
6a9bdb48fbc9967b96a9c1d6,3da122a7abe044dd338a434981f6329c,1.1639497938513703,6,패,900
6a9bdd2db994d9c1244163a8,6397dd70d327c084bdd58b2a091494dd,1.1373136032909896,6,무,900
6a9bdd2db994d9c1244163a8,cdcab790a58aad2055ca7390ac0f1b5d,1.1240376599485584,6,무,1300
6a9bdd80a71b571a6bc2de54,01afcd5672e0e2ab5d63a2259445e8e9,1.129364996275262,6,패,800
6a9bde553a9f790d86910c27,e1590f0bbb6f24565be5ecb8c7d9c3ea,1.089178266301881,6,무,2200
6a9bdead6e83f384ecd7d158,dbd92e3af57a94f4df9e711dcd230345,1.125562148357866,6,승,800
6a9bdead6e83f384ecd7d158,3da122a7abe044dd338a434981f6329c,1.1550029357548446,6,패,900
6a9be1506959a96d91064e92,7b16d10af4dcf9d956bd6b0faee5f3d8,1.0898384562525363,6,승,2400
6a9be167f9d33e75b41c55d5,e1590f0bbb6f24565be5ecb8c7d9c3ea,1.0891782663018807,6,무,2200
6a9be29d1aaccb59c0ce51dc,01afcd5672e0e2ab5d63a2259445e8e9,1.129364996275262,6,승,800
6a9be29d1aaccb59c0ce51dc,dbd92e3af57a94f4df9e711dcd230345,1.125562148357866,6,패,800
6a9be3931dae263bec5e9eb4,6a86dc2f1078f3f5cea4fbbe406910a1,1.120727915227634,6,승,900
6a9be3931dae263bec5e9eb4,6397dd70d327c084bdd58b2a091494dd,1.1274454003104284,6,패,900
6a9be4ebe00702a0bc41152a,e1590f0bbb6f24565be5ecb8c7d9c3ea,1.089178266301881,6,무,2300
6a9be51a50c9015b35478ea9,3da122a7abe044dd338a434981f6329c,1.1639497938513703,6,승,900
6a9be52fb36145c88bf50037,8bf198976b441f2c496e1b2014a18b3e,1.0959502620736437,6,무,2200
6a9be6ad6dce02943d3dad3a,7b16d10af4dcf9d956bd6b0faee5f3d8,1.0898384562525363,6,승,2400
6a9be8c4b51754c00bbe4990,6a536bb407850c946f1383e8b0f99982,1.131023761616317,6,승,1300
6a9be8d17d69b723d5ddb669,3da122a7abe044dd338a434981f6329c,1.1550029357548446,6,패,900
6a9be9ed49030833097d8912,7b16d10af4dcf9d956bd6b0faee5f3d8,1.089838456252536,6,승,2400
6a9beb5a4da14a8ee2fa5b98,9ff5f4929e62dac0a346ce9961d70261,1.097022784933439,6,승,800
6a9beb5a4da14a8ee2fa5b98,3da122a7abe044dd338a434981f6329c,1.1550029357548446,6,패,900
6a9bee91253c8f8441bf0f5f,7b16d10af4dcf9d956bd6b0faee5f3d8,1.0898384562525363,6,승,2400
6a9beec817945b5c65e1ad09,ebc08cdfda1bcfcaace1a6d698524783,1.1129893611275072,6,패,2200
6a9bef308b9d46540f11e6e7,3da122a7abe044dd338a434981f6329c,1.1639497938513703,6,승,900
6a9bf18fae805444a774fb44,ebc08cdfda1bcfcaace1a6d698524783,1.1129893611275075,6,무,2300
6a9bf301aeef7a9c59136775,8ff87c0a6f096baf0d572a33683c4e52,1.1572160681025447,5,무,2200
6a9bf67532284e2cb5679f46,3da122a7abe044dd338a434981f6329c,1.155749925657501,6,패,900
6a9bf6c9ccd08c37de90425a,8ff87c0a6f096baf0d572a33683c4e52,1.1572160681025447,5,패,2200
6a9bf99de748dd58731f1d82,1cd736e3d7f76e65ab84e92d5bd15d17,1.110544767000489,6,승,2200
6a9bf9d34390b51248b73d9e,8ff87c0a6f096baf0d572a33683c4e52,1.1572160681025452,5,무,2200
6a9bfa0d5e35307d71a75958,8bf198976b441f2c496e1b2014a18b3e,1.0959502620736437,6,승,2200
6a9bfa3df2875f7f1b60738b,3da122a7abe044dd338a434981f6329c,1.1639497938513705,6,승,900
6a9bfcc1179523f551a1188b,7b16d10af4dcf9d956bd6b0faee5f3d8,1.0898384562525363,6,승,2400
6a9bfcc8cff37d16f85ce923,1cd736e3d7f76e65ab84e92d5bd15d17,1.1105447670004893,6,승,2200
6a9bfccafbb235233a4ce05c,3da122a7abe044dd338a434981f6329c,1.1550029357548446,6,패,900
6a9bffa6e85d8e19b32d2237,3da122a7abe044dd338a434981f6329c,1.1639497938513705,6,패,900
6a9c00c39945073ced57dfc7,1cd736e3d7f76e65ab84e92d5bd15d17,1.110544767000489,6,무,2200
6a9c039de637887001994069,1cd736e3d7f76e65ab84e92d5bd15d17,1.110544767000489,6,패,2200
6a9c047dd91bca74687b9b32,8bf198976b441f2c496e1b2014a18b3e,1.0959502620736437,6,승,2200
6a9c04a82cbff365dcbfa71f,3da122a7abe044dd338a434981f6329c,1.1550029357548446,6,무,900
6a9c04a82cbff365dcbfa71f,fb9acbc7b4843ade8708a86dd5f22166,1.135718664014484,6,무,1300
6a9c084ff52513c595e50270,8bf198976b441f2c496e1b2014a18b3e,1.0959502620736437,6,패,2100
6a9c08f58fcb67e70c8fdd12,a9f000a1df20b9740479853a2ee99056,1.1327625029090809,6,패,900
6a9c08f58fcb67e70c8fdd12,3da122a7abe044dd338a434981f6329c,1.1639497938513705,6,승,900
6a9c0bdbfbada7d3902cb8ca,3da122a7abe044dd338a434981f6329c,1.1639497938513703,6,승,900
6a9c0f0f2ac4df8e757990f8,8ff87c0a6f096baf0d572a33683c4e52,1.157216068102545,5,승,2200
6a9c1266a5d267b6381cd5c5,752f823e171bba144c516086bda3d89a,1.1201136074730866,6,승,1300
6a9c17c5e66cb7ece4d89e5c,8bf198976b441f2c496e1b2014a18b3e,1.1016236265627335,6,무,2200
6a9c1c32b4b45867bc4f27f8,8bf198976b441f2c496e1b2014a18b3e,1.0950048534781147,6,패,2200
6a9c1cb07461be3ba70f1449,70798108de215d8b194c90da0d75a87c,1.0998574187827843,6,승,900
6a9c1cb07461be3ba70f1449,752f823e171bba144c516086bda3d89a,1.112488877043948,6,패,800
6a9c1daa17989b2d751ec77f,cdcab790a58aad2055ca7390ac0f1b5d,1.1283954970429417,6,승,1300
6a9c20158117181dd21c4a02,7b16d10af4dcf9d956bd6b0faee5f3d8,1.0898384562525363,6,무,2400
6a9c20260b039016dc2203ce,70798108de215d8b194c90da0d75a87c,1.0998574187827843,6,승,800
6a9c20260b039016dc2203ce,752f823e171bba144c516086bda3d89a,1.112488877043948,6,패,800
6a9c2370ecc0542d97fe1e88,752f823e171bba144c516086bda3d89a,1.112488877043948,6,패,800
6a9c2370ecc0542d97fe1e88,bb0b4f065fcdebcf571118d9ca1a0ac0,1.1465733191933918,6,승,900
6a9c24c9c1c9c466a2e06bcf,6a86dc2f1078f3f5cea4fbbe406910a1,1.120727915227634,6,승,800
6a9c24c9c1c9c466a2e06bcf,3da122a7abe044dd338a434981f6329c,1.1587996460294943,6,패,900
6a9c27210c6dddb6ee3b309d,9ff5f4929e62dac0a346ce9961d70261,1.097022784933439,6,패,900
6a9c27210c6dddb6ee3b309d,752f823e171bba144c516086bda3d89a,1.112488877043948,6,승,800
6a9c2786f29501fc2d687d46,7b16d10af4dcf9d956bd6b0faee5f3d8,1.0898384562525363,6,패,2300
6a9c29fefa3b2817403fb8da,3da122a7abe044dd338a434981f6329c,1.1639497938513705,6,승,900
6a9c29fefa3b2817403fb8da,fb9acbc7b4843ade8708a86dd5f22166,1.1401611463880033,6,패,800
6a9c2ac92f7b0e709b5658a6,752f823e171bba144c516086bda3d89a,1.112488877043948,6,승,800
6a9c2d65d8ab50208177ac49,6a86dc2f1078f3f5cea4fbbe406910a1,1.1207279152276344,6,승,800
6a9c2d65d8ab50208177ac49,752f823e171bba144c516086bda3d89a,1.112488877043948,6,패,800
6a9c2db336a6fd527b8e3a36,4a59d8c669a35cc9f4ef766f4d4b321e,1.125992826948938,6,패,2600
6a9c2f1c845c0158876d9011,7b16d10af4dcf9d956bd6b0faee5f3d8,1.0898384562525363,6,승,2300
6a9c30098f41547e06e8648a,752f823e171bba144c516086bda3d89a,1.112488877043948,6,패,800
6a9c30098f41547e06e8648a,79428c08c2530a754d27686cb29abadc,1.1412820918879838,6,승,900
6a9c30cbdfcba460eeb9011a,4a59d8c669a35cc9f4ef766f4d4b321e,1.125992826948938,6,승,2600
6a9c337857253642db35645f,4a59d8c669a35cc9f4ef766f4d4b321e,1.125992826948938,6,무,2600
6a9c356b4faa0c3454a4fff2,09c673f32b5e7e8235bed9bb9bca2168,1.1519810205717051,6,승,900
6a9c356b4faa0c3454a4fff2,752f823e171bba144c516086bda3d89a,1.1201136074730866,6,패,800
6a9c36bcf9de0401ddbfd5e4,7b16d10af4dcf9d956bd6b0faee5f3d8,1.0898384562525363,6,패,2300
6a9c37cafbb400728e9fbcdf,1cd736e3d7f76e65ab84e92d5bd15d17,1.110544767000489,6,승,2200
6a9c38241426d9c6c6ef1390,09c673f32b5e7e8235bed9bb9bca2168,1.1519810205717051,6,패,800
6a9c38241426d9c6c6ef1390,752f823e171bba144c516086bda3d89a,1.112488877043948,6,승,900
6a9c3aafde887d3ff4eaa992,9d94e6434ffa6439470bd27dd9ecd012,1.1350868640373661,6,패,900
6a9c3aafde887d3ff4eaa992,cdcab790a58aad2055ca7390ac0f1b5d,1.12318320146031,6,승,1300
6a9c3bb8684f1f18886a3b60,752f823e171bba144c516086bda3d89a,1.112488877043948,6,패,800
6a9c3bb8684f1f18886a3b60,79428c08c2530a754d27686cb29abadc,1.1412820918879838,6,승,900
6a9c3e4af989e5a1687aaf80,752f823e171bba144c516086bda3d89a,1.112488877043948,6,승,900
6a9c414b700d077ebeca5b2f,752f823e171bba144c516086bda3d89a,1.1235690953397255,6,패,800
6a9c43f6a79b5dabe4304478,752f823e171bba144c516086bda3d89a,1.112488877043948,6,패,900
6a9c43f6a79b5dabe4304478,6ed4a7cf6827afb37dcfb2240c602688,1.1376928490877702,6,승,800
6a9c4460deffb3574e40c4a6,cdcab790a58aad2055ca7390ac0f1b5d,1.1275410385546933,6,승,800
6a9c46584b3ae0756963fdae,752f823e171bba144c516086bda3d89a,1.112488877043948,6,승,900
6a9c46584b3ae0756963fdae,d5b6b8e9bae095b5f1557444b397024c,1.128633437273998,6,패,900
6a9c48a45b6dcd6b69e35045,cdcab790a58aad2055ca7390ac0f1b5d,1.1280355772217028,6,패,800
6a9c48a45b6dcd6b69e35045,5b544cdb2cf24da4076751bdec549e31,1.1089891338438604,6,승,800
6a9c497ae859f413b40d0c5c,752f823e171bba144c516086bda3d89a,1.112488877043948,6,패,900
6a9c497ae859f413b40d0c5c,5db861ee4d9dfe7f46c6aba2e1bcf931,1.1171348763084563,6,승,800
6a9c4b511d52bd2ab8864a97,1108c86f12ac641cc297ce60671cd0aa,1.1226640847345166,6,승,800
6a9c4b511d52bd2ab8864a97,8e15ac08c307158d4c8bfe7b537e1364,1.1289626724415953,6,패,800
6a9c4bb0d074610b2bccd630,7b16d10af4dcf9d956bd6b0faee5f3d8,1.0898384562525363,6,패,2300
6a9c4ce8177e14d8c8b7c185,752f823e171bba144c516086bda3d89a,1.112488877043948,6,승,900
6a9c4ed2c522d241d51a10ef,d5b6b8e9bae095b5f1557444b397024c,1.132555523201,6,승,900
6a9c4ed2c522d241d51a10ef,cdcab790a58aad2055ca7390ac0f1b5d,1.1506894410059132,6,패,800
6a9c4f25c52b0f07bbe0db73,3434eb566aee44f0e71d8062f343c1ea,1.1190599472524565,7,무,2300
6a9c4f8644a701d606123db2,752f823e171bba144c516086bda3d89a,1.112488877043948,6,승,900
6a9c4f8644a701d606123db2,6ed4a7cf6827afb37dcfb2240c602688,1.136633640716709,6,패,800
6a9c4fd648e7ce4821bac76a,8e15ac08c307158d4c8bfe7b537e1364,1.1289626724415953,6,패,800
6a9c51d05520ae6e5cd6dca2,3434eb566aee44f0e71d8062f343c1ea,1.1205151319468807,7,무,2300
6a9c5298c460b102f19ea232,6ed4a7cf6827afb37dcfb2240c602688,1.1376928490877705,6,승,800
6a9c5298c460b102f19ea232,8e15ac08c307158d4c8bfe7b537e1364,1.117687713936496,6,패,800
6a9c52ba1c571721264b5713,cdcab790a58aad2055ca7390ac0f1b5d,1.1506894410059132,6,패,800
6a9c52ba1c571721264b5713,07076782f2ff941a58b3b5bd42cf1e7f,1.14320013578472,6,승,800
6a9c5305e726f8bcc85181c0,752f823e171bba144c516086bda3d89a,1.112488877043948,6,패,800
6a9c5305e726f8bcc85181c0,5b544cdb2cf24da4076751bdec549e31,1.1089891338438604,6,승,800
6a9c55b6a47c217724e04da5,752f823e171bba144c516086bda3d89a,1.112488877043948,6,승,900
6a9c55b6a47c217724e04da5,b8f996af9ea90e2c3c82f09a2cc8dc76,1.0988235531777644,9,패,900
6a9c55de8df8d03a502299ca,cdcab790a58aad2055ca7390ac0f1b5d,1.1436897693064798,6,승,800
6a9c55de8df8d03a502299ca,5b544cdb2cf24da4076751bdec549e31,1.0984512121440877,6,패,800
6a9c569cdc48ce47366c4507,3434eb566aee44f0e71d8062f343c1ea,1.1389506285647484,6,패,2300
6a9c589fc01dcbaa647cb0b5,752f823e171bba144c516086bda3d89a,1.112488877043948,6,패,800
6a9c589fc01dcbaa647cb0b5,b8f996af9ea90e2c3c82f09a2cc8dc76,1.1294527315113065,6,승,900
6a9c58f4ea237b70743cf4e3,cdcab790a58aad2055ca7390ac0f1b5d,1.1436897693064794,6,승,800
6a9c58f4ea237b70743cf4e3,5b544cdb2cf24da4076751bdec549e31,1.0984512121440877,6,패,800
6a9c5b37137b1268e2b7e3d8,752f823e171bba144c516086bda3d89a,1.1124888770439483,6,승,900
6a9c5b37137b1268e2b7e3d8,b8f996af9ea90e2c3c82f09a2cc8dc76,1.13221560895962,6,패,900
6a9c5c286346416f41c31c05,3434eb566aee44f0e71d8062f343c1ea,1.1190599472524567,7,무,2300
6a9c5c51c6e838792e950140,edcabc4ff82ec1e48100c83ad31eafe6,1.1075437640101125,6,승,800
6a9c5c51c6e838792e950140,cdcab790a58aad2055ca7390ac0f1b5d,1.1506894410059132,6,패,800
6a9c5f65f22838ebe43bac93,6ed4a7cf6827afb37dcfb2240c602688,1.1376928490877702,6,패,800
6a9c5f65f22838ebe43bac93,01afcd5672e0e2ab5d63a2259445e8e9,1.129364996275262,6,승,800
6a9c60392de71afa811b3c2c,7b16d10af4dcf9d956bd6b0faee5f3d8,1.0898384562525363,6,패,2400
6a9c6079f398564b9048b036,31ceb1bfcb8c17b9fe9e92c98ad0031e,1.1129276886480692,6,패,900
6a9c6079f398564b9048b036,cdcab790a58aad2055ca7390ac0f1b5d,1.1523145579108467,6,승,800
6a9c61e64bbd6372a31d8424,01afcd5672e0e2ab5d63a2259445e8e9,1.129364996275262,6,패,800
6a9c61e64bbd6372a31d8424,fb9acbc7b4843ade8708a86dd5f22166,1.1401611463880033,6,승,800
6a9c63def1c3a01120c34c52,6ed4a7cf6827afb37dcfb2240c602688,1.1376928490877705,6,승,800
6a9c63def1c3a01120c34c52,cdcab790a58aad2055ca7390ac0f1b5d,1.1436897693064798,6,패,800
6a9c669a1c602e0d2fa821d0,01afcd5672e0e2ab5d63a2259445e8e9,1.129364996275262,6,패,800
6a9c669a1c602e0d2fa821d0,cdcab790a58aad2055ca7390ac0f1b5d,1.1501949023389038,6,승,800
6a9c68f51612d25245eecdb5,01afcd5672e0e2ab5d63a2259445e8e9,1.129364996275262,6,승,800
6a9c68f51612d25245eecdb5,cdcab790a58aad2055ca7390ac0f1b5d,1.1501949023389038,6,패,800
6a9c6cbb2cd1750dff3fda0a,01afcd5672e0e2ab5d63a2259445e8e9,1.1247259099785676,6,패,800
6a9c6cbb2cd1750dff3fda0a,cdcab790a58aad2055ca7390ac0f1b5d,1.1501949023389038,6,승,800
6a9c6f31b54a6fbc309d43c2,01afcd5672e0e2ab5d63a2259445e8e9,1.129364996275262,6,승,800
6a9c6f31b54a6fbc309d43c2,cdcab790a58aad2055ca7390ac0f1b5d,1.1506894410059132,6,패,800
6a9c71a9aa385b08796d83a1,01afcd5672e0e2ab5d63a2259445e8e9,1.129364996275262,6,승,800
6a9c71a9aa385b08796d83a1,cdcab790a58aad2055ca7390ac0f1b5d,1.1501949023389038,6,패,800
6a9c7468f2801bce2296ddab,3434eb566aee44f0e71d8062f343c1ea,1.1389506285647484,6,패,2300
6a9c7b30519bb50816575493,3434eb566aee44f0e71d8062f343c1ea,1.1190599472524567,7,승,2400
6a9c7e245e2f711e3e9ceb66,3434eb566aee44f0e71d8062f343c1ea,1.1236913739621366,7,패,2300
6a9c7f7d29374817ff9461f2,6a536bb407850c946f1383e8b0f99982,1.1310237616163172,6,승,800
6a9c81657cedc1491b193b07,3434eb566aee44f0e71d8062f343c1ea,1.1190969577905459,7,승,2400
6a9c841114f0ce42a316c6bf,6a536bb407850c946f1383e8b0f99982,1.1310237616163172,6,승,800
6a9c841114f0ce42a316c6bf,b8f996af9ea90e2c3c82f09a2cc8dc76,1.1194331837518001,7,패,900
6a9c8801aa385b04306de44c,3434eb566aee44f0e71d8062f343c1ea,1.121821139963649,7,승,2300
6a9c8d806cb400c880659295,5b544cdb2cf24da4076751bdec549e31,1.1089891338438604,6,패,800
6a9c8d806cb400c880659295,8e15ac08c307158d4c8bfe7b537e1364,1.1344378656183889,6,승,800
6a9cb809b61d6a2f99d29752,8ff87c0a6f096baf0d572a33683c4e52,1.1572160681025452,5,무,2200
6a9cc0eada8bb4529adac2f5,8ff87c0a6f096baf0d572a33683c4e52,1.1572160681025447,5,무,2200
6a9cc92b5ffa7309117ef825,8979f68fc7ec9230c47d90f0100badcd,1.1234570011290523,6,승,1300
6a9cc97e4bbd63741b1f9544,8ff87c0a6f096baf0d572a33683c4e52,1.157216068102545,5,패,2200
6a9ccc00b3c78178ff4ec504,8979f68fc7ec9230c47d90f0100badcd,1.1234570011290523,6,승,1300
6a9cce81f398560ae64b05af,8979f68fc7ec9230c47d90f0100badcd,1.1234570011290523,6,승,1300
6a9cd1147a459264370136bc,7b16d10af4dcf9d956bd6b0faee5f3d8,1.0898384562525363,6,승,2400
6a9cd228eddf0e9b845f686d,8ff87c0a6f096baf0d572a33683c4e52,1.1572160681025452,5,승,2200
6a9cd699c877a6b720e87b98,8ff87c0a6f096baf0d572a33683c4e52,1.157216068102545,5,패,2200
6a9ce01fe28ff984cae33c19,8ff87c0a6f096baf0d572a33683c4e52,1.1572160681025447,5,무,2200
6a9ce0e69a980b883accd401,7b16d10af4dcf9d956bd6b0faee5f3d8,1.0898384562525363,6,패,2400
6a9ce56ce856c883f0abf942,7b16d10af4dcf9d956bd6b0faee5f3d8,1.0898384562525363,6,무,2400
6a9ce57b7614a01b4fafa190,8ff87c0a6f096baf0d572a33683c4e52,1.1663894897821838,5,무,2300
6a9ce695d4e1844800b5027a,ebc08cdfda1bcfcaace1a6d698524783,1.1129893611275075,6,승,2300
6a9ce8df65ae685b3b061a87,8e15ac08c307158d4c8bfe7b537e1364,1.1289477321399437,6,패,800
6a9cea567f89521c0d5c89b2,ebc08cdfda1bcfcaace1a6d698524783,1.1129893611275075,6,패,2200
6a9ceb1cad28d260c35c7584,8bf198976b441f2c496e1b2014a18b3e,1.1077238631892652,6,패,2200
6a9ceb38530638751dbcdf0a,1cd736e3d7f76e65ab84e92d5bd15d17,1.110544767000489,6,무,2200
6a9cece5a6c505c709dd1f53,ebc08cdfda1bcfcaace1a6d698524783,1.1129893611275072,6,승,2200
6a9cede58ad302465e629c9b,1cd736e3d7f76e65ab84e92d5bd15d17,1.110544767000489,6,패,2200
6a9cefc71d81d1e6d1fa39df,ebc08cdfda1bcfcaace1a6d698524783,1.1129893611275072,6,승,2200
6a9cf20a997b4c137a81336c,8ff87c0a6f096baf0d572a33683c4e52,1.157216068102545,5,패,2300
6a9cf23a5e426475f0b7b5a1,8bf198976b441f2c496e1b2014a18b3e,1.107723863189265,6,승,2300
6a9cf30067c2d9b65acd32e4,752f823e171bba144c516086bda3d89a,1.1151458257264095,6,패,1300
6a9cf319160a544f0490458c,ebc08cdfda1bcfcaace1a6d698524783,1.1129893611275075,6,승,2200
6a9cf6b10a046a193ccef83d,ebc08cdfda1bcfcaace1a6d698524783,1.1129893611275075,6,패,2200
6a9cf7a81262a6ddb4f1d875,8ff87c0a6f096baf0d572a33683c4e52,1.1572160681025452,5,패,2300
6a9cf97de2a9964001da5c29,ebc08cdfda1bcfcaace1a6d698524783,1.1129893611275072,6,승,2200
6a9cfa9f3ae55a054ca7e7f1,8ff87c0a6f096baf0d572a33683c4e52,1.157216068102545,5,무,2300
6a9cfd338588cc4cbc323729,752f823e171bba144c516086bda3d89a,1.112488877043948,6,패,800
6a9cfd338588cc4cbc323729,972229df86a4a8081e06723890601ad3,1.1531216587277628,6,승,900
6a9cfe18b5482c10dc6ea583,8ff87c0a6f096baf0d572a33683c4e52,1.1572160681025452,5,승,2300
6a9d01a413fa43b09eefbc6a,752f823e171bba144c516086bda3d89a,1.1124888770439483,6,승,800
6a9d01a413fa43b09eefbc6a,9bfca39d908117146364a11db4008d4f,1.088796161265394,6,패,800
6a9d04b351e050dba89bccaa,752f823e171bba144c516086bda3d89a,1.112488877043948,6,패,800
6a9d04b351e050dba89bccaa,b4c82084d4ef8bb53170747b9f4e9a61,1.129333415376692,6,승,800
6a9d04fd7dde3f851983bfd6,8ff87c0a6f096baf0d572a33683c4e52,1.157216068102545,5,승,2200
6a9d07f97132a9bbe517cc2b,8ff87c0a6f096baf0d572a33683c4e52,1.1572160681025452,5,패,2200
6a9d0dad01611f3da889eb25,752f823e171bba144c516086bda3d89a,1.1196172153594603,6,패,800
6a9d0dad01611f3da889eb25,9bfca39d908117146364a11db4008d4f,1.0887961612653938,6,승,800
6a9d0fdfbe6aa189955f04d8,79261904b91d0a0ba2d699ebafdaeaf3,1.1237529397896964,5,패,900
6a9d0fdfbe6aa189955f04d8,afe3fe8b1d6e483e21600e282305e626,1.1350569062211138,6,승,800
6a9d109f5cc2c574011399bb,1cd736e3d7f76e65ab84e92d5bd15d17,1.110544767000489,6,승,2300
6a9d11083c074a5541d69321,752f823e171bba144c516086bda3d89a,1.112488877043948,6,승,800
6a9d11083c074a5541d69321,2bc37f13c6e428688b4c701a9f92e604,1.1043096757239332,6,패,900
6a9d136bc0906e544a69b900,1cd736e3d7f76e65ab84e92d5bd15d17,1.110544767000489,6,무,2200
6a9d146da1e0948571d84ed5,752f823e171bba144c516086bda3d89a,1.112488877043948,6,승,800
6a9d146da1e0948571d84ed5,afe3fe8b1d6e483e21600e282305e626,1.1394552064279904,6,패,800
6a9d17632c19888b76b4f99f,752f823e171bba144c516086bda3d89a,1.112488877043948,6,승,800
6a9d17632c19888b76b4f99f,3da122a7abe044dd338a434981f6329c,1.1587996460294943,6,패,800
6a9d19eb053b69d2f66d8538,3da122a7abe044dd338a434981f6329c,1.158799646029494,6,패,900
6a9d19ff1dfceb0848a228a3,752f823e171bba144c516086bda3d89a,1.1196268289361322,6,패,800
6a9d19ff1dfceb0848a228a3,afe3fe8b1d6e483e21600e282305e626,1.1350569062211135,6,승,800
6a9d1cea2e2254af25f750c0,3da122a7abe044dd338a434981f6329c,1.1639497938513703,6,승,900
6a9d1d4ea2ef1fb54665a46d,752f823e171bba144c516086bda3d89a,1.112488877043948,6,승,800
6a9d1d4ea2ef1fb54665a46d,9bfca39d908117146364a11db4008d4f,1.0859154313353647,6,패,800
6a9d20012b78e555d0cc31d3,af20ab1eb52cd17fe1381647eb6e77be,1.1514614927412001,6,패,900
6a9d20012b78e555d0cc31d3,3da122a7abe044dd338a434981f6329c,1.1639497938513703,6,승,900
6a9d210c4d2eda5bcb7140f5,9bfca39d908117146364a11db4008d4f,1.088796161265394,6,승,800
6a9d210c4d2eda5bcb7140f5,afe3fe8b1d6e483e21600e282305e626,1.1394552064279908,6,패,800
6a9d22361836556f08a56d9e,752f823e171bba144c516086bda3d89a,1.112488877043948,6,패,800
6a9d248fb0ada36a2e41c082,752f823e171bba144c516086bda3d89a,1.112488877043948,6,패,800
6a9d248fb0ada36a2e41c082,afe3fe8b1d6e483e21600e282305e626,1.135056906221114,6,승,800
6a9d2589bf7112f698ccba6b,1cd736e3d7f76e65ab84e92d5bd15d17,1.110544767000489,6,패,2300
6a9d2593f5dd592852b076e3,8dcb71aeef40848562bcf75338f7ff9f,1.1269520032813694,6,승,800
6a9d2593f5dd592852b076e3,3da122a7abe044dd338a434981f6329c,1.158799646029494,6,패,900
6a9d26f4e348bff0e1190b99,752f823e171bba144c516086bda3d89a,1.112488877043948,6,패,800
6a9d26f4e348bff0e1190b99,01afcd5672e0e2ab5d63a2259445e8e9,1.129364996275262,6,승,800
6a9d2862e28ff96466e6a1c1,1cd736e3d7f76e65ab84e92d5bd15d17,1.110544767000489,6,승,2300
6a9d28d2a1e0942edcd94378,af20ab1eb52cd17fe1381647eb6e77be,1.1354552999458911,6,패,900
6a9d28d2a1e0942edcd94378,3da122a7abe044dd338a434981f6329c,1.1639497938513703,6,승,900
6a9d2a99620db42ffb262625,01afcd5672e0e2ab5d63a2259445e8e9,1.1247259099785678,6,패,800
6a9d2b20ec1e3e31eee237eb,1cd736e3d7f76e65ab84e92d5bd15d17,1.110544767000489,6,승,2300
6a9d2b3593cb71ad48501d48,752f823e171bba144c516086bda3d89a,1.1196172153594601,6,패,800
6a9d2b3593cb71ad48501d48,c3e51479df54a0d6eb0b840eba788b6c,1.121120152762808,6,승,800
6a9d2bb7ab5a68810d5aaf25,3da122a7abe044dd338a434981f6329c,1.1587996460294943,6,패,900
6a9d2e031f4ce772881c2113,1cd736e3d7f76e65ab84e92d5bd15d17,1.110544767000489,6,무,2200
6a9d2e2ffaeff739738fda63,752f823e171bba144c516086bda3d89a,1.112488877043948,6,승,800
6a9d2e5b92d140470e4eae67,01afcd5672e0e2ab5d63a2259445e8e9,1.129364996275262,6,패,800
6a9d2e5b92d140470e4eae67,3da122a7abe044dd338a434981f6329c,1.1639497938513703,6,승,900
6a9d30a5c100293c33c905ac,1cd736e3d7f76e65ab84e92d5bd15d17,1.110544767000489,6,패,2200
6a9d3141399831095a95361a,01afcd5672e0e2ab5d63a2259445e8e9,1.1247259099785676,6,패,800
6a9d3141399831095a95361a,3da122a7abe044dd338a434981f6329c,1.1639497938513705,6,승,900
6a9d33559fb1510ce77772e1,1cd736e3d7f76e65ab84e92d5bd15d17,1.110544767000489,6,패,2200
6a9d33a4a7617f2da6d14539,01afcd5672e0e2ab5d63a2259445e8e9,1.129364996275262,6,패,800
6a9d33a4a7617f2da6d14539,08e3b91cd9244dd5369f798d6303e5c6,1.1127882697281646,6,승,800
6a9d33d058004c006236f784,9bfca39d908117146364a11db4008d4f,1.0887961612653938,6,승,800
6a9d33d058004c006236f784,3da122a7abe044dd338a434981f6329c,1.1587996460294943,6,패,900
6a9d374822daa0a3df393fc0,01afcd5672e0e2ab5d63a2259445e8e9,1.129364996275262,6,승,800
6a9d3799347a323dd996fe08,3da122a7abe044dd338a434981f6329c,1.158799646029494,6,패,900
6a9d39c47cedc19cb41fb2c2,01afcd5672e0e2ab5d63a2259445e8e9,1.1247259099785676,6,패,800
6a9d3a54777eba3e09145297,3da122a7abe044dd338a434981f6329c,1.1639497938513705,6,승,900
6a9d3becca16dd344920d90a,6397dd70d327c084bdd58b2a091494dd,1.1294717172485704,6,패,1300
6a9d3d271d22ae9d226c9fe8,3da122a7abe044dd338a434981f6329c,1.1639497938513705,6,패,900
6a9d3d271d22ae9d226c9fe8,1c0721e6ac0f14ecedfeee35150db9d9,1.121457282158486,6,승,900
6a9d3ebb7d0bf72bd94d62ba,6397dd70d327c084bdd58b2a091494dd,1.1236215913165022,6,승,1300
6a9d44c0164c0939014dcd59,8bf198976b441f2c496e1b2014a18b3e,1.10538171263226,6,패,2300
6a9d45910434a245c49dd384,3da122a7abe044dd338a434981f6329c,1.1587996460294943,6,패,900
6a9d499ea54e5d9717c2e1a6,3da122a7abe044dd338a434981f6329c,1.1639497938513703,6,승,900
6a9d4a54987bf0e6d1810cfd,6397dd70d327c084bdd58b2a091494dd,1.136481413978965,6,패,1300
6a9d4c60ff3b38aec851f9f9,3da122a7abe044dd338a434981f6329c,1.1587996460294943,6,패,900
6a9d518e4a1d067c16988120,752f823e171bba144c516086bda3d89a,1.1196172153594601,6,패,800
6a9d53345306382fd6c1c890,3da122a7abe044dd338a434981f6329c,1.1587996460294943,6,패,900
6a9d5434ccedf300aff3f71c,752f823e171bba144c516086bda3d89a,1.1165170030225215,6,승,800
6a9d55edf7fda035981a054d,e48b6f05d0f58f776bdb9dbaecc09d7e,1.142216087330201,6,패,900
6a9d55edf7fda035981a054d,3da122a7abe044dd338a434981f6329c,1.1639497938513705,6,승,900
6a9d56d445d7ca9adca34ed2,70798108de215d8b194c90da0d75a87c,1.0998574187827843,6,승,800
6a9d56d445d7ca9adca34ed2,752f823e171bba144c516086bda3d89a,1.1112391765227234,6,패,800
6a9d57584a0fd290b9585fdd,f527ccf33bc30a42718492febe92a011,1.1106852388494943,6,패,2000
6a9d57f8604f2c40c963f4f1,a9f000a1df20b9740479853a2ee99056,1.1297715202300265,6,패,900
6a9d57f8604f2c40c963f4f1,8e15ac08c307158d4c8bfe7b537e1364,1.1285825577283537,6,승,900
6a9d5953b466134d93a36981,d2d4076ce7350769f6ea623dad94ed5a,1.1181577286946152,6,패,900
6a9d5953b466134d93a36981,3da122a7abe044dd338a434981f6329c,1.1639497938513703,6,승,900
6a9d5abf719b2e362b0d28e4,8e15ac08c307158d4c8bfe7b537e1364,1.1285825577283537,6,승,900
6a9d5ae8553ba90c0777f301,7b16d10af4dcf9d956bd6b0faee5f3d8,1.0898384562525363,6,승,2400
6a9d5c2b16cfc33eec02d4f3,70798108de215d8b194c90da0d75a87c,1.0998574187827843,6,승,800
6a9d5c2b16cfc33eec02d4f3,3da122a7abe044dd338a434981f6329c,1.1639497938513703,6,패,900
6a9d5c5c90f14d8497bf5d35,f527ccf33bc30a42718492febe92a011,1.1106852388494943,6,패,2000
6a9d5e2e5203e769b250c2f5,8bf198976b441f2c496e1b2014a18b3e,1.1076407858754924,6,승,2400
6a9d5eeceec7cf9c958044ff,3da122a7abe044dd338a434981f6329c,1.1639497938513703,6,패,900
6a9d601ca79ba9257db17f75,f527ccf33bc30a42718492febe92a011,1.1106852388494943,6,패,2000
6a9d60f7b382f22610991a09,8bf198976b441f2c496e1b2014a18b3e,1.1010220127908734,6,승,2300
6a9d62ba20f6a63683730806,3da122a7abe044dd338a434981f6329c,1.1639497938513703,6,승,900
6a9d63ab684f1f315274a90a,8bf198976b441f2c496e1b2014a18b3e,1.0941321497946894,5,승,2300
6a9d63befc97c2359ca60a09,f527ccf33bc30a42718492febe92a011,1.1106852388494943,6,패,2000
6a9d6515efedca37ccc26bf0,752f823e171bba144c516086bda3d89a,1.1165170030225215,6,패,900
6a9d6515efedca37ccc26bf0,b0a24490f42c6b16fd07cdc5059b45cd,1.1002651877060576,6,승,900
6a9d65674db99aa08ab69e17,3da122a7abe044dd338a434981f6329c,1.158799646029494,6,패,900
6a9d6664967104ebad65c6c3,8bf198976b441f2c496e1b2014a18b3e,1.1061287319754967,6,승,2300
6a9d67be996aee21b27d916d,752f823e171bba144c516086bda3d89a,1.112488877043948,6,승,900
6a9d680ad33116bed80a7660,3da122a7abe044dd338a434981f6329c,1.1639497938513703,6,승,900
6a9d6945b6f48b03fd50f20c,8bf198976b441f2c496e1b2014a18b3e,1.1061287319754964,6,승,2300
6a9d6c40e1c7d6a3faeee9af,8406ec89efe0c686a6a49d35381933d5,1.1156232507821497,6,승,900
6a9d6c40e1c7d6a3faeee9af,3da122a7abe044dd338a434981f6329c,1.158799646029494,6,패,900
6a9d6ef6e2398406e9ab2308,3da122a7abe044dd338a434981f6329c,1.1587996460294943,6,패,900
6a9d70cd863171b4a2d1e672,1cd736e3d7f76e65ab84e92d5bd15d17,1.110544767000489,6,승,2300
6a9d71b3cfcd6d8309959f76,3da122a7abe044dd338a434981f6329c,1.1639497938513703,6,승,900
6a9d74376168131c9882a4c8,1cd736e3d7f76e65ab84e92d5bd15d17,1.110544767000489,6,승,2200
6a9d75cf490308549a8c73bb,3da122a7abe044dd338a434981f6329c,1.1639497938513705,6,승,900
6a9d7b7c79e3854e602690ed,3da122a7abe044dd338a434981f6329c,1.158799646029494,6,패,900
6a9d7e155893a4cab9195b9a,9ff5f4929e62dac0a346ce9961d70261,1.097022784933439,6,승,900
6a9d7e155893a4cab9195b9a,3da122a7abe044dd338a434981f6329c,1.158799646029494,6,패,900
6a9d822b7f3f20296892ae4c,9ff5f4929e62dac0a346ce9961d70261,1.0995359529611537,6,패,900
6a9d822b7f3f20296892ae4c,3da122a7abe044dd338a434981f6329c,1.1639497938513703,6,승,900
6a9d83fd4ffc7ba8ccd954ae,1cd736e3d7f76e65ab84e92d5bd15d17,1.1105447670004893,6,패,2200
6a9d85b5eedc3c14893ddeca,3da122a7abe044dd338a434981f6329c,1.1639497938513705,6,승,900
6a9d85f57b6c5f4a1aee4fe6,70798108de215d8b194c90da0d75a87c,1.0998574187827843,6,패,900
6a9d85f57b6c5f4a1aee4fe6,8979f68fc7ec9230c47d90f0100badcd,1.1234570011290523,6,승,800
6a9d86ca0ebb6f54674881d2,1cd736e3d7f76e65ab84e92d5bd15d17,1.110544767000489,6,승,2200
6a9d891893ce5bb4e17d8165,d2d4076ce7350769f6ea623dad94ed5a,1.1181577286946152,6,패,900
6a9d891893ce5bb4e17d8165,3da122a7abe044dd338a434981f6329c,1.1639497938513705,6,승,900
6a9d8f849c0c7e670bc798d7,9ff5f4929e62dac0a346ce9961d70261,1.097022784933439,6,승,900
6a9d8f849c0c7e670bc798d7,01afcd5672e0e2ab5d63a2259445e8e9,1.129364996275262,6,패,800
6a9d923c746456f6121ad3e3,01afcd5672e0e2ab5d63a2259445e8e9,1.129364996275262,6,패,900
6a9d94b6dfcba447d7c61444,6ed4a7cf6827afb37dcfb2240c602688,1.1376928490877705,6,승,800
6a9d94b6dfcba447d7c61444,01afcd5672e0e2ab5d63a2259445e8e9,1.129364996275262,6,패,900
6a9d97201dd74a5059cd0475,1cd736e3d7f76e65ab84e92d5bd15d17,1.1105447670004893,6,승,2200
6a9d9b639f1bc7943cbb3a2f,e12025eed658876fdce204dc14a156c4,1.134372896256632,5,패,900
6a9d9b639f1bc7943cbb3a2f,3da122a7abe044dd338a434981f6329c,1.1639497938513705,6,승,900
6a9d9c97275e815911df033f,01afcd5672e0e2ab5d63a2259445e8e9,1.1247259099785676,6,패,900
6a9d9e1f0e291751e04bbe4c,3434eb566aee44f0e71d8062f343c1ea,1.1190599472524565,7,패,2300
6a9da0a9d88469f01274c737,01afcd5672e0e2ab5d63a2259445e8e9,1.1247259099785678,6,패,900
6a9da48171e6d3ab78536803,01afcd5672e0e2ab5d63a2259445e8e9,1.1247259099785676,6,패,900
6a9da62cef7278f869a6323b,3434eb566aee44f0e71d8062f343c1ea,1.1229286710891953,7,승,2400
6a9da6e9a292f5f86059512c,01afcd5672e0e2ab5d63a2259445e8e9,1.1334626147433273,6,패,900
6a9da90145c2c71ec7b2fad3,3434eb566aee44f0e71d8062f343c1ea,1.1190599472524567,7,패,2300
6a9dabc336b8aeae31b48fdc,01afcd5672e0e2ab5d63a2259445e8e9,1.1374121638839183,6,승,900
6a9dae8fc304f9458aefd1be,01afcd5672e0e2ab5d63a2259445e8e9,1.1374121638839183,6,승,900
6a9dae8fc304f9458aefd1be,2155557fcaa74d184e5ed355b68ca9b4,1.1205642982863029,6,패,900
6a9db036330509aee3f5aa7f,3434eb566aee44f0e71d8062f343c1ea,1.1232763246580728,7,승,2400
6a9db145f324fc009c22e247,01afcd5672e0e2ab5d63a2259445e8e9,1.1374121638839183,6,패,900
6a9db32322b81de6597a308e,3434eb566aee44f0e71d8062f343c1ea,1.1190599472524567,7,승,2300
6a9db55757124ee9bc7b698c,01afcd5672e0e2ab5d63a2259445e8e9,1.1374121638839183,6,승,900
6a9db7ee1426d9e882fc939a,3434eb566aee44f0e71d8062f343c1ea,1.1190599472524567,7,승,2300
6a9db82c76b199182b299a15,01afcd5672e0e2ab5d63a2259445e8e9,1.137412163883918,6,패,900
6a9db8b02ee8707211791067,8bf198976b441f2c496e1b2014a18b3e,1.1061287319754967,6,승,2300
6a9dba801795235d6eb17af4,1cd736e3d7f76e65ab84e92d5bd15d17,1.1069979878396377,6,승,2200
6a9dbaae7acb73be02b82f9f,3434eb566aee44f0e71d8062f343c1ea,1.121821139963649,7,패,2300
6a9dbaff628ad54b7a7ed942,01afcd5672e0e2ab5d63a2259445e8e9,1.137412163883918,6,무,900
6a9dbb73c504f843ea52e661,8bf198976b441f2c496e1b2014a18b3e,1.1061287319754964,6,패,2300
6a9dbd5fa210574bd7de7de4,1cd736e3d7f76e65ab84e92d5bd15d17,1.1069979878396377,6,패,2200
6a9dbfa0960c5375349d95b1,01afcd5672e0e2ab5d63a2259445e8e9,1.137412163883918,6,승,900
6a9dc245ae037653ab78c59c,3434eb566aee44f0e71d8062f343c1ea,1.1173260202940725,7,무,2300
6a9dc347bb1ae7932c8f65cd,2a761d25aff27002db4fcccdcdc84e62,1.1248928313618818,6,승,800
6a9dc502cbbef3bcacf89116,3434eb566aee44f0e71d8062f343c1ea,1.1190599472524567,7,승,2300
6a9dc71331eeb38bc30c50d4,01afcd5672e0e2ab5d63a2259445e8e9,1.1247259099785676,6,패,900
6a9dc81d4b71eb3e35f70f8a,2a761d25aff27002db4fcccdcdc84e62,1.1248928313618818,6,승,800
6a9dc81d4b71eb3e35f70f8a,13047e440c03ca17e7ea239a2edfc0f1,1.1529964062337885,6,패,900
6a9dca12e0933816b967c694,3434eb566aee44f0e71d8062f343c1ea,1.123276324658073,7,무,2300
6a9dcb067efbd532dd2924fe,01afcd5672e0e2ab5d63a2259445e8e9,1.137412163883918,6,패,900
6a9dcb067efbd532dd2924fe,13047e440c03ca17e7ea239a2edfc0f1,1.1526600014916948,6,승,900
6a9dccadcfd94b00123a03d1,3434eb566aee44f0e71d8062f343c1ea,1.1190599472524567,7,무,2300
6a9dcdb888c162553d52e1ee,01afcd5672e0e2ab5d63a2259445e8e9,1.137412163883918,6,승,900
6a9dd17b4d2eda5c387798a7,01afcd5672e0e2ab5d63a2259445e8e9,1.137412163883918,6,승,900
6a9dd59e8631717b10d4b894,01afcd5672e0e2ab5d63a2259445e8e9,1.137412163883918,6,승,900
6a9dda72baae871db936a4d4,01afcd5672e0e2ab5d63a2259445e8e9,1.129364996275262,6,승,900
6a9ddda2c19b26e3ac155cb0,01afcd5672e0e2ab5d63a2259445e8e9,1.129364996275262,6,승,900
6a9de036989435ec409399f5,01afcd5672e0e2ab5d63a2259445e8e9,1.1247259099785676,6,패,800
6a9de4262091c421429e97e3,01afcd5672e0e2ab5d63a2259445e8e9,1.129364996275262,6,승,900
6a9de79a5f32ec0430fb7831,01afcd5672e0e2ab5d63a2259445e8e9,1.129364996275262,6,승,900
6a9deb87038c64132ce4a83f,01afcd5672e0e2ab5d63a2259445e8e9,1.1247259099785676,6,승,800
6a9dee42ea237bf35449e3b8,9809482bbb0eea976febf4516f5c828a,1.0973232976821947,6,승,1300
6a9dee42ea237bf35449e3b8,01afcd5672e0e2ab5d63a2259445e8e9,1.1247259099785678,6,패,800
6a9df3df86d1265b9b5c60d0,01afcd5672e0e2ab5d63a2259445e8e9,1.129364996275262,6,승,900
6a9df875a5b0091358a765a6,01afcd5672e0e2ab5d63a2259445e8e9,1.129364996275262,6,승,800
6a9dfcaa002acd34dcabaa2c,01afcd5672e0e2ab5d63a2259445e8e9,1.129364996275262,6,승,800
6a9dffd3a8572e2f536e4afa,9809482bbb0eea976febf4516f5c828a,1.0973232976821947,6,패,1300
6a9dffd3a8572e2f536e4afa,01afcd5672e0e2ab5d63a2259445e8e9,1.129364996275262,6,승,800
6a9e029d3e3e4d562575ac7c,9809482bbb0eea976febf4516f5c828a,1.0973232976821947,6,승,1300
6a9e029d3e3e4d562575ac7c,01afcd5672e0e2ab5d63a2259445e8e9,1.129364996275262,6,패,800
6a9e05b4fbb4007aa0ae869b,01afcd5672e0e2ab5d63a2259445e8e9,1.129364996275262,6,승,800
6a9e08b42e44bb56a7fe0e9e,01afcd5672e0e2ab5d63a2259445e8e9,1.129364996275262,6,패,800
6a9e0c9c4d2fdc3808560ce1,01afcd5672e0e2ab5d63a2259445e8e9,1.129364996275262,6,승,800
6a9e0dbf4db99a78d1bac72c,afe3fe8b1d6e483e21600e282305e626,1.1394552064279908,6,패,800
6a9e114ee6f2ac803d85f7a7,afe3fe8b1d6e483e21600e282305e626,1.1394552064279908,6,패,800
6a9e1412b65c2f77176bdb1a,01afcd5672e0e2ab5d63a2259445e8e9,1.137412163883918,6,승,800
6a9e16e62085d41e768ce06f,01afcd5672e0e2ab5d63a2259445e8e9,1.1247259099785676,6,패,800
6a9e19b49a038a7c6cf6ea2c,01afcd5672e0e2ab5d63a2259445e8e9,1.1247259099785676,6,패,800
6a9e1e164c358612f953b95a,01afcd5672e0e2ab5d63a2259445e8e9,1.129364996275262,6,승,900
6a9e1e164c358612f953b95a,a99ebe2ef6e39fb470ba670bd4c26de3,1.0916007632330702,5,패,800
6a9e2197ae4eaa125482d749,01afcd5672e0e2ab5d63a2259445e8e9,1.129364996275262,6,패,900
6a9e2197ae4eaa125482d749,a99ebe2ef6e39fb470ba670bd4c26de3,1.0916007632330702,5,승,900
6a9e241267d700421c206c90,01afcd5672e0e2ab5d63a2259445e8e9,1.129364996275262,6,패,900
6a9e241267d700421c206c90,a99ebe2ef6e39fb470ba670bd4c26de3,1.100834394414258,5,승,900
6a9e26d158004c580a3df685,08e3b91cd9244dd5369f798d6303e5c6,1.1127882697281646,6,승,800
6a9e26d158004c580a3df685,afe3fe8b1d6e483e21600e282305e626,1.1394552064279908,6,패,800
6a9e29f1d412b8bd26634a62,01afcd5672e0e2ab5d63a2259445e8e9,1.1247259099785678,6,패,900
6a9e29f1d412b8bd26634a62,afe3fe8b1d6e483e21600e282305e626,1.1350569062211135,6,승,800
6a9e2eac60a6ea68afac8187,01afcd5672e0e2ab5d63a2259445e8e9,1.129364996275262,6,승,900
6a9e2eac60a6ea68afac8187,a99ebe2ef6e39fb470ba670bd4c26de3,1.100834394414258,5,패,800
6a9e3299e007025235548f17,01afcd5672e0e2ab5d63a2259445e8e9,1.129364996275262,6,승,900
6a9f4ad273752ac6926c7f10,db08b5180818b1b085014cebe2f2168d,1.14596816437395,6,패,2000
6a9f47cf11e9ddcfda97c96a,db08b5180818b1b085014cebe2f2168d,1.1459681643739499,6,승,2000
6a9f4525665d559307e37deb,db08b5180818b1b085014cebe2f2168d,1.1459681643739499,6,패,2000
6a9f3f865f60dfc80bba6c79,db08b5180818b1b085014cebe2f2168d,1.1416357147819562,6,패,2000
6a9f3bfa93e6071408958d4e,db08b5180818b1b085014cebe2f2168d,1.1437360546528152,6,패,2000
6a9f36010ac3da004107d3ae,db08b5180818b1b085014cebe2f2168d,1.1437360546528152,6,패,2000
6a9f331fda14a256df5b8af2,db08b5180818b1b085014cebe2f2168d,1.1437360546528152,6,승,2000
6a9f2d332f7b0e866a6f41d8,db08b5180818b1b085014cebe2f2168d,1.1256765665561435,6,패,2000
6a9f2a819ee1e763d1b49680,db08b5180818b1b085014cebe2f2168d,1.1256765665561435,6,무,2000
6a9f27dfd938c7ddaec305ab,db08b5180818b1b085014cebe2f2168d,1.1256765665561435,6,무,2000
6a9efba6d3cadd52b3c9161a,db08b5180818b1b085014cebe2f2168d,1.1207981095493322,6,패,2000
6a9ef8ab5644980f8930e9c8,db08b5180818b1b085014cebe2f2168d,1.1215700588517075,6,패,1900
6a9e8ef781fbcff7c169d2e1,db08b5180818b1b085014cebe2f2168d,1.1247374846874274,6,승,2000
6a9e8c11027a7793775b4b48,db08b5180818b1b085014cebe2f2168d,1.1247374846874274,6,승,2000
6a9e88d86455f9c3c5223367,db08b5180818b1b085014cebe2f2168d,1.1247374846874274,6,무,2000
6a9e7799c2665011921ad0b0,db08b5180818b1b085014cebe2f2168d,1.1154361823451622,6,패,2000
6a9e750971a2c75864f41f5e,db08b5180818b1b085014cebe2f2168d,1.117637142556524,6,패,2000
6a9e72020281488503c81280,db08b5180818b1b085014cebe2f2168d,1.1154361823451622,6,승,2000
6a9e6cc3799dd76c41babf29,db08b5180818b1b085014cebe2f2168d,1.117637142556524,6,무,2000
6a9c8c1301489c4f682b606f,db08b5180818b1b085014cebe2f2168d,1.117637142556524,6,패,1900
6a9c88c9b00e1b74597e2303,db08b5180818b1b085014cebe2f2168d,1.117637142556524,6,패,1900
6a9c86370bb9034df7e52504,db08b5180818b1b085014cebe2f2168d,1.117637142556524,6,승,1900
6a9c83746455f93a21122720,db08b5180818b1b085014cebe2f2168d,1.117637142556524,6,패,1900
6a9c8090621ab9b5969f4083,db08b5180818b1b085014cebe2f2168d,1.117637142556524,6,무,1900
6a9c77c534403d31b25b8fdc,db08b5180818b1b085014cebe2f2168d,1.1183042724982122,6,패,1900
6a9c74e6f8a5e7faf607647a,db08b5180818b1b085014cebe2f2168d,1.1183042724982122,6,승,1900
6a9c7243eeff221f96b645fb,db08b5180818b1b085014cebe2f2168d,1.1183042724982124,6,승,2000
6a9bd85d96b0d3a90e3d593b,db08b5180818b1b085014cebe2f2168d,1.1183042724982122,6,승,2000
6a9bd4df95b3ff809dc79bd3,db08b5180818b1b085014cebe2f2168d,1.1183042724982124,6,무,2000
6a9bd17f57da44f408a7e6cd,db08b5180818b1b085014cebe2f2168d,1.111024281752758,6,무,2000
6a9bcce9ebae67b3df6a10fe,db08b5180818b1b085014cebe2f2168d,1.1095671967515852,6,무,2000
6a9a8da6d3ddfe6f21353edd,db08b5180818b1b085014cebe2f2168d,1.1095671967515852,6,승,2000
6a9a89f1c52b0f65e4ced879,db08b5180818b1b085014cebe2f2168d,1.11142636360927,6,승,2000
6a9a805cc15e955738e3180c,db08b5180818b1b085014cebe2f2168d,1.1237004768837686,6,무,2000
6a9a7d9c51e05087a383f4b8,db08b5180818b1b085014cebe2f2168d,1.1232983950272564,6,승,2000
6a9a788cb6a446c7cf7bf003,db08b5180818b1b085014cebe2f2168d,1.1218413100260838,6,패,2000
6a9a75bea9110bd979bffaf1,db08b5180818b1b085014cebe2f2168d,1.1218413100260838,6,무,2000
6a9a72870113783c1d408f9c,db08b5180818b1b085014cebe2f2168d,1.1218413100260838,6,무,2000
6a985eb768bc30a6a6cecf7a,db08b5180818b1b085014cebe2f2168d,1.1218413100260838,6,무,2000
6a985b12078e5241a9822aa3,db08b5180818b1b085014cebe2f2168d,1.1218413100260838,6,승,2000
6a98589473b0c02c88e7714c,db08b5180818b1b085014cebe2f2168d,1.1218413100260836,6,무,2000
6a98445eed8608d2a8e88d84,db08b5180818b1b085014cebe2f2168d,1.1075077527979464,6,무,2000
6a9841ab6eb51e696d2d31d4,db08b5180818b1b085014cebe2f2168d,1.1075077527979464,6,패,2000
6a983ddfb6b9f10050f92e36,db08b5180818b1b085014cebe2f2168d,1.1066392029185625,6,패,2000
6a9710c20c627c67ca60e134,db08b5180818b1b085014cebe2f2168d,1.1066392029185623,6,패,2000
6a970e1eef0bbe6ca526b008,db08b5180818b1b085014cebe2f2168d,1.1066392029185625,6,패,1900
6a9706f076f755917bd3d0d4,db08b5180818b1b085014cebe2f2168d,1.1094618074517208,6,패,1900
6a9704517174a5bf83dd179e,db08b5180818b1b085014cebe2f2168d,1.1094618074517208,6,승,1900
6a96f6dd78a2eee6ecd86830,db08b5180818b1b085014cebe2f2168d,1.1094618074517208,6,무,1900
6a96f23dd48db182f93e667e,db08b5180818b1b085014cebe2f2168d,1.1094618074517208,6,패,1900
6a96ef462df2fe1afc1a6f3b,db08b5180818b1b085014cebe2f2168d,1.109461807451721,6,무,1900
6a96ec2bc440f4b0ded6d65f,db08b5180818b1b085014cebe2f2168d,1.1094618074517208,6,패,1900
6a96e719b452010164e3ebc9,db08b5180818b1b085014cebe2f2168d,1.109461807451721,6,승,1900
6a96deefd7485e2ee8b6a886,db08b5180818b1b085014cebe2f2168d,1.1023287430431215,6,패,1900
6a95c774b0b4976fda32b84e,db08b5180818b1b085014cebe2f2168d,1.1025695998896656,6,패,1900
6a95c506ead6cd65d670b007,db08b5180818b1b085014cebe2f2168d,1.0958381029811062,6,무,1900
6a957256b22da37a0952334e,db08b5180818b1b085014cebe2f2168d,1.1199628464283746,6,패,1900
6a956fcba60d87782d61d5c7,db08b5180818b1b085014cebe2f2168d,1.1226736085043387,6,패,1900
6a956c0f580665469329ba2e,db08b5180818b1b085014cebe2f2168d,1.1226736085043387,6,무,1900
6a95693c3cba58f5d3a0ab47,db08b5180818b1b085014cebe2f2168d,1.1226736085043387,6,무,1900
6a95663aed5709f80d8d72d9,db08b5180818b1b085014cebe2f2168d,1.122389968568992,6,패,1800
6a956359a55ab8495ea72d39,db08b5180818b1b085014cebe2f2168d,1.1223899685689915,6,패,1800
6a954b8817c6896ca38f9b0b,db08b5180818b1b085014cebe2f2168d,1.1182868890167106,6,패,1800
6a9548da11dac223acf547c1,db08b5180818b1b085014cebe2f2168d,1.1182868890167106,6,승,1800
6a9486085b570b4767f932de,db08b5180818b1b085014cebe2f2168d,1.1182868890167106,6,패,1800
6a94830c8c223c2c06761a9c,db08b5180818b1b085014cebe2f2168d,1.1182868890167106,6,승,1800
6a9480279aa33818ff39b6bd,db08b5180818b1b085014cebe2f2168d,1.1182868890167106,6,패,1800
6a947c95e8809e0236bcee96,db08b5180818b1b085014cebe2f2168d,1.1182868890167106,6,승,1800
6a9476c2285200c3008b15fb,db08b5180818b1b085014cebe2f2168d,1.105059241045684,6,무,1800
6a942b6bc5007401f0fc4d29,db08b5180818b1b085014cebe2f2168d,1.1050592410456839,6,승,1800
6a9424fa5cecdc18ce03daf3,db08b5180818b1b085014cebe2f2168d,1.1088855202842203,6,패,1800
6a94225cd4caf14ca42402eb,db08b5180818b1b085014cebe2f2168d,1.1050592410456839,6,패,1800
6a941f67ca5d160e2f16050b,db08b5180818b1b085014cebe2f2168d,1.1050592410456839,6,무,1800
6a941cea3e40e635da4a9c02,db08b5180818b1b085014cebe2f2168d,1.105059241045684,6,패,1800
6a93a711d89cf361ee68342c,db08b5180818b1b085014cebe2f2168d,1.1050592410456839,6,패,1800
6a93a3ab00110a281ae40803,db08b5180818b1b085014cebe2f2168d,1.1050592410456839,6,승,1900
6a93a05a7b9103520e1ab4f0,db08b5180818b1b085014cebe2f2168d,1.1050592410456839,6,무,1900
6a939d774a77b67f8ab1ed89,db08b5180818b1b085014cebe2f2168d,1.1050592410456839,6,승,1900
6a939a05ec31b047c2661575,db08b5180818b1b085014cebe2f2168d,1.1050592410456839,6,승,1900
6a9e11ea02a6c1c14f7a3738,d8c68eaa25e8badb7c3b19a3ff549356,1.0558427002222424,6,패,2200
6a9e11ea02a6c1c14f7a3738,9b16f0cf8196bce38e33c883eb6d7697,1.1328792141824746,6,승,2200
6a9e0bc23656d1fd498e67a3,9b16f0cf8196bce38e33c883eb6d7697,1.1328792141824746,6,패,2200
6a9e08d01540e3d3aeafcf19,a941795b0800e00da337889cb1311972,1.0857771189249215,5,패,2200
6a9e08d01540e3d3aeafcf19,9b16f0cf8196bce38e33c883eb6d7697,1.1433503542809735,6,승,2200
6a9e04f139f8394ea8cf4bef,a95ee2b4140c87dfeaa0e0e23b4b1bca,1.1295911046615306,6,패,2200
6a9e04f139f8394ea8cf4bef,9b16f0cf8196bce38e33c883eb6d7697,1.1433503542809735,6,승,2200
6a9dfd47ec4116b65fe01cde,9b16f0cf8196bce38e33c883eb6d7697,1.1328792141824746,6,승,2300
6a9a7ea44848e442d5d68813,e6cfa27b27cc5f02888937bbdae6da61,1.1496313697863154,6,무,2300
6a9a7ea44848e442d5d68813,9b16f0cf8196bce38e33c883eb6d7697,1.1281957787759611,6,무,2300
6a9a7c085567e71b3adb5b17,fdc5298f37171ebef69c58115d1ff4cf,1.1153892323031265,6,승,2500
6a9a7c085567e71b3adb5b17,9b16f0cf8196bce38e33c883eb6d7697,1.1281957787759611,6,패,2300
6a9a793c7fdf0935575b1b81,a39a4c2dd36fa625be25fdbb25c40921,1.136363323654864,4,승,2200
6a9a793c7fdf0935575b1b81,9b16f0cf8196bce38e33c883eb6d7697,1.1281957787759611,6,패,2200
6a9a760baae859c654a579af,9b16f0cf8196bce38e33c883eb6d7697,1.1288894253047148,6,승,2300
6a9a735a9c8c0f3980265968,9b16f0cf8196bce38e33c883eb6d7697,1.1328792141824746,6,무,2300
6a9a6fafd8c4a310adda2d61,a94cdfcb7f2f4271402f568a98f5b202,1.1247690735627862,6,승,2200
6a9a6fafd8c4a310adda2d61,9b16f0cf8196bce38e33c883eb6d7697,1.1328792141824746,6,패,2200
6a9a6ca7b57f24c6571566a9,045e619c2d436f39d0be9fd716673990,1.124005438806384,6,승,2200
6a9a6ca7b57f24c6571566a9,9b16f0cf8196bce38e33c883eb6d7697,1.1281957787759611,6,패,2200
6a9a3493849489da213f33e4,3dd9781d4444446ed5122c40e97adbb2,1.1949285825846192,5,무,2200
6a9a3493849489da213f33e4,9b16f0cf8196bce38e33c883eb6d7697,1.1389945386100921,6,무,2200
6a9a30d5871f983eab38a5c6,1aeb6097683f8c33f25e134e930645c6,1.1223979375281632,6,패,2200
6a9a30d5871f983eab38a5c6,9b16f0cf8196bce38e33c883eb6d7697,1.1407152711950717,6,승,2200
6a9a17e638c96842bfd3a046,ccbd0006f4012e007d1110ac9fcf11fd,1.1263262055764984,6,승,2100
6a9a17e638c96842bfd3a046,9b16f0cf8196bce38e33c883eb6d7697,1.1389945386100921,6,패,2200
6a9a0f67286c84c34867f63b,5b9e9e8450ac477fe54048e54f86aa30,1.1513999780710635,6,승,2200
6a9a0f67286c84c34867f63b,9b16f0cf8196bce38e33c883eb6d7697,1.1369054674371382,6,패,2200
6a9a0c4f1795236b648f1151,d37d212aee9bdc96bfdf5d186d580951,1.139643317810034,6,승,2200
6a9a0c4f1795236b648f1151,9b16f0cf8196bce38e33c883eb6d7697,1.1369054674371382,6,패,2200
6a9a061722b81d598057bf69,c8b714d91132886682c00f7c315b282c,1.0831591647526506,6,패,2200
6a9a061722b81d598057bf69,9b16f0cf8196bce38e33c883eb6d7697,1.1358404160497648,6,승,2200
6a98d871eb384f3cc26fd9ae,fd6624411994ed96ab57b9dd33bc08ec,1.1801197003437813,5,패,2200
6a98d871eb384f3cc26fd9ae,9b16f0cf8196bce38e33c883eb6d7697,1.1358404160497648,6,승,2200
6a977fe80481fbddbbf18099,5c426f6bf36342d8910456fd2dff3ca5,1.128756124123461,6,승,2200
6a977fe80481fbddbbf18099,9b16f0cf8196bce38e33c883eb6d7697,1.1396661996491706,6,패,2200
6a977ced2a910f3da7a61703,10b35946d342c0fa11f6947d43ce5046,1.113957019437864,6,승,2200
6a977ced2a910f3da7a61703,9b16f0cf8196bce38e33c883eb6d7697,1.1226983853784145,6,패,2200
6a9630e6a5132bfa164e7baf,11b7f5ad8e935d0a906f5189e907a9e9,1.1392062541496257,6,승,2200
6a9630e6a5132bfa164e7baf,9b16f0cf8196bce38e33c883eb6d7697,1.1226983853784145,6,패,2200
6a9622d4de92afbd23fe36d1,9b16f0cf8196bce38e33c883eb6d7697,1.1463409117173466,6,무,2200
6a961d21b5831991f7c41009,9b16f0cf8196bce38e33c883eb6d7697,1.1463409117173466,6,승,2200
6a90eb6024a599764fc2e6a2,a7fa0195112a8ffdde2219666a8b6743,1.124818385854501,6,승,2200
6a90eb6024a599764fc2e6a2,9b16f0cf8196bce38e33c883eb6d7697,1.1463409117173466,6,패,2200
6a90e5a0160ac850b34c8dee,b29f1396dbfec36fe7014bb6e6d24a9f,1.1491245178736802,6,무,2200
6a90e5a0160ac850b34c8dee,9b16f0cf8196bce38e33c883eb6d7697,1.1463409117173466,6,무,2200
6a90e0c105426a5a368c33f2,9b16f0cf8196bce38e33c883eb6d7697,1.1463409117173466,6,무,2200
6a8fb8410c627ca6c324a773,36a6f86c265539e348d51471b260e64f,1.1094989152471466,6,무,2200
6a8fb8410c627ca6c324a773,9b16f0cf8196bce38e33c883eb6d7697,1.1463409117173469,6,무,2200
6a8fb484c9cf960169bfea7a,9b16f0cf8196bce38e33c883eb6d7697,1.1452758603299735,6,승,2300
6a8fafe6d7b30daba4b83b4e,9b16f0cf8196bce38e33c883eb6d7697,1.1463409117173466,6,무,2300
6a8fac5d87742ecb38706e53,10fd69f946e5052a275bb4da8b111ad6,1.1315170392500484,6,승,2200
6a8fac5d87742ecb38706e53,9b16f0cf8196bce38e33c883eb6d7697,1.1463409117173469,6,패,2200
6a8fa91de1b1bf20d7b6a166,b3801448ed4876bb946a3179dfdb3a9b,1.1146274692756948,6,승,2200
6a8fa91de1b1bf20d7b6a166,9b16f0cf8196bce38e33c883eb6d7697,1.1463409117173466,6,패,2200
6a8fa3de34f554238b895fd7,9a09b68f37faee6392574a500eeb1c6f,1.1168839902830985,6,무,2100
6a8fa3de34f554238b895fd7,9b16f0cf8196bce38e33c883eb6d7697,1.1452758603299735,6,무,2200
6a8fa06b3f5c52b315a7ebc0,9b16f0cf8196bce38e33c883eb6d7697,1.1399675364853428,6,승,2200
6a8d0efec5f97d972aa7eabb,fc431f32f74b7d9a7cc7c6ce40e28ddd,1.0920003456373246,6,승,2200
6a8d0efec5f97d972aa7eabb,9b16f0cf8196bce38e33c883eb6d7697,1.1421815584575923,6,패,2200
6a8d0c1942330b0143dfc332,9b16f0cf8196bce38e33c883eb6d7697,1.144537405926008,6,승,2200
6a8d090ece11f95826d5ee4d,9b16f0cf8196bce38e33c883eb6d7697,1.1421815584575923,6,패,2200
6a8d02cc52baf168da87b670,8c5c7c06856ce53e34c4d5a4db4f5801,1.1162621236176793,6,패,2200
6a8d02cc52baf168da87b670,9b16f0cf8196bce38e33c883eb6d7697,1.144537405926008,6,승,2200
6a8cfefb3f01659ed96d589c,705defd8cf0f775d7f14a6a6428bc9e1,1.047422975242314,4,패,2300
6a8cfefb3f01659ed96d589c,9b16f0cf8196bce38e33c883eb6d7697,1.1445374059260078,6,승,2300
6a8cf73f61b33833f54032a0,7891d47e83432be82ad81eac11c10ee1,1.1340844178990583,6,승,2300
6a8cf73f61b33833f54032a0,9b16f0cf8196bce38e33c883eb6d7697,1.1421815584575923,6,패,2300
6a8cf2792d2de6bb6cf5f9b6,2b53856bd589ea40e591b8827151bb04,1.1378913672919677,6,승,2200
6a8cf2792d2de6bb6cf5f9b6,9b16f0cf8196bce38e33c883eb6d7697,1.1421815584575925,6,패,2200
6a8ce8469906d44e65da0878,72363c8a4a3bf1d8de9d1c452b088de2,1.1095404278154273,6,패,2200
6a8ce8469906d44e65da0878,9b16f0cf8196bce38e33c883eb6d7697,1.1358081832255882,6,승,2200
6a8bb983d0c57c7ff38a5b36,9b16f0cf8196bce38e33c883eb6d7697,1.1421815584575923,6,패,2200
6a8bb983d0c57c7ff38a5b36,e2ea960aed26a3fbfab560942f1878a7,1.120023627001659,6,승,2200
6a8bb63433f603ea9e8e4166,0e69c23061e6a8bd1f77dac0a2352525,1.115630923059671,6,승,2200
6a8bb63433f603ea9e8e4166,9b16f0cf8196bce38e33c883eb6d7697,1.1421815584575923,6,패,2200
6a8baa781e9596b1dd7ef47a,aa1ec5296e3a5960c1520695400f6f5b,1.0950371034632247,6,패,2100
6a8baa781e9596b1dd7ef47a,9b16f0cf8196bce38e33c883eb6d7697,1.1432064102881863,6,승,2200
6a8ba7b7a3c2bf0930c65fd7,1465a719963dde2c75df1969ba0d993a,1.1363194408458757,6,승,2100
6a8ba7b7a3c2bf0930c65fd7,9b16f0cf8196bce38e33c883eb6d7697,1.1334753692890522,6,패,2200
6a8b9cd2226d87898db94116,58dc630931c14f020cb5fff51eb3e59a,1.1228303601966347,6,승,2100
6a8b9cd2226d87898db94116,9b16f0cf8196bce38e33c883eb6d7697,1.1334753692890522,6,패,2200
6a8b97fa8a013812ec4c26ca,9b16f0cf8196bce38e33c883eb6d7697,1.1334753692890522,6,무,2200
6a89006889529c548cadfeb5,8597a472718ecb170dcbbd77c2ace6cd,1.1543543636847737,6,패,2100
6a89006889529c548cadfeb5,9b16f0cf8196bce38e33c883eb6d7697,1.135281911063665,6,승,2200
6a88f7c26e4b3d374b2136b1,f0e0213b369538a3608e96a8dc12567c,1.095565478480584,5,패,2200
6a88f7c26e4b3d374b2136b1,9b16f0cf8196bce38e33c883eb6d7697,1.1352819110636647,6,승,2200
6a88f4711f5e2c304f6937b1,e7801c8bdab825ab99fe87c467afc991,1.1452258048605162,6,패,2200
6a88f4711f5e2c304f6937b1,9b16f0cf8196bce38e33c883eb6d7697,1.1352819110636647,6,승,2200
6a88ec98b1c0ad308c954cca,a800c60c593bbb73732c1a2e7d2fcbe5,1.1469094731259901,6,무,2100
6a88ec98b1c0ad308c954cca,9b16f0cf8196bce38e33c883eb6d7697,1.1352819110636647,6,무,2200
6a88e8430442ce702c7aa7ae,9b16f0cf8196bce38e33c883eb6d7697,1.1352819110636647,6,승,2300
6a88e3353bb411e3a5fa66f4,4fbfcf3987ee636ad603023964dcd90e,1.1391879790110557,6,승,2200
6a88e3353bb411e3a5fa66f4,9b16f0cf8196bce38e33c883eb6d7697,1.1421800074604638,6,패,2200
6a88dcfa9fe9580c6ac9eda1,6bf748ac0ad4245d7567fd5e5e3d25d2,1.0669871174112908,6,승,2100
6a88dcfa9fe9580c6ac9eda1,9b16f0cf8196bce38e33c883eb6d7697,1.1454158900898177,6,패,2200
6a88d82a65eb7b74b6e76298,3db38ddd074829e3e8261bfdfd56d762,1.1394407493569758,6,무,2200
6a88d82a65eb7b74b6e76298,9b16f0cf8196bce38e33c883eb6d7697,1.1352819110636647,6,무,2200
6a87cb696821a3347c5e2d97,9b16f0cf8196bce38e33c883eb6d7697,1.1421800074604638,6,패,2200
6a87bc9b3521291f2d4517f3,1d237d47bcb0c2f0f8145878fa28a5a3,1.1307370945328807,6,무,2200
6a87bc9b3521291f2d4517f3,9b16f0cf8196bce38e33c883eb6d7697,1.1421800074604636,6,무,2200
6a87b5c0bfc56c3c989ec854,3ed66997880fb560e70a689e7b0d2ed1,1.0891619231239569,6,패,2200
6a87b5c0bfc56c3c989ec854,9b16f0cf8196bce38e33c883eb6d7697,1.1421800074604638,6,승,2200
6a87b23669e02e3542f52daa,ced3bef0200edff2ef9458ff1e6fa569,1.115271258516492,6,패,2200
6a87b23669e02e3542f52daa,9b16f0cf8196bce38e33c883eb6d7697,1.1421800074604638,6,승,2200
6a87aeb015081fd2a06ab94b,83857522b9ab119140f9eceaec67068d,1.1252022281940917,6,승,2200
6a87aeb015081fd2a06ab94b,9b16f0cf8196bce38e33c883eb6d7697,1.145415890089818,6,패,2200
6a828d2c8eae23ff445ce9ea,9b16f0cf8196bce38e33c883eb6d7697,1.1454158900898177,6,패,2200
6a828a372daa7759adb6577b,09ba8685557ddb426efaba4bb7f65c28,1.1285303546980325,6,무,2100
6a828a372daa7759adb6577b,9b16f0cf8196bce38e33c883eb6d7697,1.132946404027244,6,무,2200
6a82873200bb6601cf90171d,9b16f0cf8196bce38e33c883eb6d7697,1.1454158900898177,6,패,2500
6a8271eddc6a33aab760fb3a,9b16f0cf8196bce38e33c883eb6d7697,1.141652593195784,6,패,2500
6a826b3bcc0b440f905acba5,9b16f0cf8196bce38e33c883eb6d7697,1.1454158900898177,6,패,2500
6a826b3bcc0b440f905acba5,902c7bb45148f599087400b8ca69624a,1.1199797922905177,6,승,2500
6a826387bc7c04217619b07f,aa15cff253ae91ae7ce743b8a19055f8,1.1360058028760986,5,무,2300
6a826387bc7c04217619b07f,9b16f0cf8196bce38e33c883eb6d7697,1.1454158900898177,6,무,2500
6a8258e4bf1568f1fa8d3d76,33eb672ac281df667c52ef5770a7d186,1.100849751921013,6,패,2200
6a8258e4bf1568f1fa8d3d76,9b16f0cf8196bce38e33c883eb6d7697,1.132946404027244,6,승,2200
6a8113ed674b845b808efca6,9b16f0cf8196bce38e33c883eb6d7697,1.115916279800528,6,승,2500
6a810ea2c5cebc31d9674598,9b16f0cf8196bce38e33c883eb6d7697,1.1445374059260078,6,패,2500
6a810bf5c46668f9fc310c2c,9b16f0cf8196bce38e33c883eb6d7697,1.1290475071387474,6,승,2500
6a8109460a3433c08717b0a4,b6bad0a52f12aca424b9f22240e75fc7,1.128660561688396,6,패,2500
6a8109460a3433c08717b0a4,9b16f0cf8196bce38e33c883eb6d7697,1.1290475071387474,6,승,2500
6a80f9b8b1f2505b1852c7fa,9b16f0cf8196bce38e33c883eb6d7697,1.1290475071387474,6,승,2300
6a7fc6947932e652594d7069,9b16f0cf8196bce38e33c883eb6d7697,1.1290475071387471,6,승,2300
6a7fc1e2ab7c02435c61b26f,9b16f0cf8196bce38e33c883eb6d7697,1.136174905026172,6,패,2300
6a7fb8d1a0d3b802920c3358,9b16f0cf8196bce38e33c883eb6d7697,1.136174905026172,6,패,2300
6a7fb615e0b2685bc355ca05,9b16f0cf8196bce38e33c883eb6d7697,1.1445374059260078,6,승,2300
6a7fb1292b966f0e8ec96613,9b16f0cf8196bce38e33c883eb6d7697,1.1445374059260078,6,무,2300
6a9ecfb914c397584549ce31,334642a881ef35f92ac439999a953100,1.0980249581566681,6,승,2100
6a9ecd0fee89cb3d7c9004d4,334642a881ef35f92ac439999a953100,1.0980249581566681,6,승,2100
6a9eca6c46c819fa515fcfa2,334642a881ef35f92ac439999a953100,1.0980249581566681,6,무,2100
6a9ec7733fd3ace41e248931,334642a881ef35f92ac439999a953100,1.0980249581566681,6,승,2100
6a9ec4e37a0aac1a0a0cc028,334642a881ef35f92ac439999a953100,1.0980249581566681,6,승,2100
6a9e397b59125849f4aff2c0,334642a881ef35f92ac439999a953100,1.1022851536666198,6,승,2100
6a9d8593b7e2bc768bdbc30b,334642a881ef35f92ac439999a953100,1.1022851536666198,6,무,2100
6a9d82e2c317a5a9a40c8b61,334642a881ef35f92ac439999a953100,1.1022851536666198,6,무,2100
6a9d721346a950d6ec33bf76,334642a881ef35f92ac439999a953100,1.101990234192009,6,패,2100
6a9d6d1e01611f59f88e5586,334642a881ef35f92ac439999a953100,1.101990234192009,6,승,2100
6a9d5eac29fe64632c46233d,334642a881ef35f92ac439999a953100,1.1019902341920091,6,승,2100
6a9d5b404216cb39f3f68521,334642a881ef35f92ac439999a953100,1.101990234192009,6,승,2100
6a9d58848c1da1ff679bc90d,334642a881ef35f92ac439999a953100,1.101990234192009,6,무,2100
6a9d53327c76596581e9b7ed,334642a881ef35f92ac439999a953100,1.1019902341920091,6,무,2100
6a9cfc2e8d73a666ef33dd56,334642a881ef35f92ac439999a953100,1.101990234192009,6,승,2100
6a9cf68c04d2534017744733,334642a881ef35f92ac439999a953100,1.101990234192009,6,패,2200
6a9cd3e009f1b5bd56781562,334642a881ef35f92ac439999a953100,1.0898792054308586,6,패,2200
6a9c49a1e8f5dc85c47c0be5,334642a881ef35f92ac439999a953100,1.0898792054308586,6,패,2200
6a9c46b81e786694ca062c2d,334642a881ef35f92ac439999a953100,1.0898792054308588,6,승,2200
6a9c43953dacb1b4075c68f6,334642a881ef35f92ac439999a953100,1.0898792054308588,6,승,2200
6a9c40c5d151c2ab56a5dbeb,334642a881ef35f92ac439999a953100,1.0898792054308586,6,패,2200
6a9c3decf62d0f2593b3bea5,334642a881ef35f92ac439999a953100,1.0898792054308586,6,패,2200
6a9c34b423deaae9bc69ff79,334642a881ef35f92ac439999a953100,1.0898792054308588,6,승,2200
6a9a97c43fda3cb0b7afb88b,334642a881ef35f92ac439999a953100,1.1249196558546386,6,승,2200
6a9a8ef8a225e01b2483796a,334642a881ef35f92ac439999a953100,1.1237345078456544,6,패,2100
6a9a8aac54a54b5d4ac784c6,334642a881ef35f92ac439999a953100,1.1261981621750976,6,패,2100
6a9a804b3501034d93be2893,334642a881ef35f92ac439999a953100,1.1261981621750976,6,패,2100
6a9a7d381f4ce79077026027,334642a881ef35f92ac439999a953100,1.1261981621750976,6,승,2100
6a9a3936b382f215b97ac4f8,334642a881ef35f92ac439999a953100,1.1261981621750976,6,승,2200
6a9a35864f0fa39fe3c92948,334642a881ef35f92ac439999a953100,1.1261981621750976,6,패,2200
6a99bba6d69dc5dd44973048,334642a881ef35f92ac439999a953100,1.1261981621750976,6,승,2100
6a99b837c1c9c40820cafe7d,334642a881ef35f92ac439999a953100,1.1261981621750976,6,패,2100
6a998acaddc0de84c281d2b8,334642a881ef35f92ac439999a953100,1.131414149607776,6,무,2100
6a997d87c23624b19bbb71be,334642a881ef35f92ac439999a953100,1.1269485529963925,6,패,2100
6a997a6d5e35304a5f915f58,334642a881ef35f92ac439999a953100,1.1363196528381305,6,패,2100
6a9975788cebb65073804528,334642a881ef35f92ac439999a953100,1.1352919496126261,6,패,2100
6a996de31c89b1319a477d3e,334642a881ef35f92ac439999a953100,1.1352919496126261,6,승,2200
6a9962806d95cbfe0ed657f7,334642a881ef35f92ac439999a953100,1.1352919496126261,6,승,2200
6a995f255ee9afc5174ed447,334642a881ef35f92ac439999a953100,1.1352919496126261,6,무,2000
6a995c3e2ad9ff51e7952f4f,334642a881ef35f92ac439999a953100,1.1352919496126261,6,패,2200
6a995849689bbd548e1bc8d8,334642a881ef35f92ac439999a953100,1.1352919496126261,6,무,2200
6a9909d64c2ad1f515de23b3,334642a881ef35f92ac439999a953100,1.1352919496126261,6,패,2200
6a9906e503c6c04ab9f7267b,334642a881ef35f92ac439999a953100,1.1352919496126261,6,승,2200
6a9903440711c995d3acd5d0,334642a881ef35f92ac439999a953100,1.1352919496126261,6,승,2200
6a97e61d10091a421efeea19,334642a881ef35f92ac439999a953100,1.1090151564961583,6,패,2000
6a97e12e0e5933419db05df6,334642a881ef35f92ac439999a953100,1.1090151564961583,6,무,2000
6a97dcce5939dd092ec5c52c,334642a881ef35f92ac439999a953100,1.1090151564961583,6,패,2000
6a97d9f51204b2b231242af3,334642a881ef35f92ac439999a953100,1.1090151564961583,6,무,2000
6a97cd5b7fc07e4815656f62,334642a881ef35f92ac439999a953100,1.1084592612685868,6,패,2000
6a969a12b23ff7b3d843ef38,334642a881ef35f92ac439999a953100,1.1265644167491866,6,무,2000
6a969a12b23ff7b3d843ef38,e2ea960aed26a3fbfab560942f1878a7,1.1016539586440837,6,무,2000
6a9696a78eeb3d73d44edfdd,334642a881ef35f92ac439999a953100,1.1283617217453417,6,패,2000
6a93c4436dfacf12e39ed72d,334642a881ef35f92ac439999a953100,1.1079864611746764,6,승,2100
6a93bebd0332d9be886aa42a,334642a881ef35f92ac439999a953100,1.1079864611746761,6,무,2100
6a93b2413d980f46ae216380,334642a881ef35f92ac439999a953100,1.1079864611746764,6,패,2100
6a93ae030513f57398dc4a0f,334642a881ef35f92ac439999a953100,1.1079864611746764,6,승,2100
6a93aa839f9aae18f1cdcd3b,334642a881ef35f92ac439999a953100,1.1079864611746764,6,무,2100
6a93a6ecba80912d429d1e93,334642a881ef35f92ac439999a953100,1.1094900943480492,6,패,2100
6a93a33a3cd75a79dfe3310a,334642a881ef35f92ac439999a953100,1.1094900943480492,6,패,2100
6a93a0778915d44dad726686,334642a881ef35f92ac439999a953100,1.1094900943480492,6,패,2100
6a939cbc8647f7971343bb71,334642a881ef35f92ac439999a953100,1.1094900943480492,6,승,2100
6a92792c811eebae24e99680,334642a881ef35f92ac439999a953100,1.111413579471833,6,승,2100
6a92739929470c0e569605a5,334642a881ef35f92ac439999a953100,1.1047453022349756,6,패,2100
6a926d758cbe458075eb0096,334642a881ef35f92ac439999a953100,1.1047453022349756,6,패,2100
6a926ac853493f30c124f2da,334642a881ef35f92ac439999a953100,1.1047453022349756,6,승,2100
6a92680ed1e541e3c99ba35a,334642a881ef35f92ac439999a953100,1.1047453022349756,6,승,2100
6a9263e334accf8bb8b679bc,334642a881ef35f92ac439999a953100,1.1047453022349756,6,승,2100
6a9260a85df6e89a40b9c860,334642a881ef35f92ac439999a953100,1.1047453022349756,6,승,2100
6a9133f2c1efbcd623e8e011,334642a881ef35f92ac439999a953100,1.1144235275112593,6,승,2200
6a912f05ac3baa7a5dffb33f,334642a881ef35f92ac439999a953100,1.1144235275112593,6,승,2200
6a912b249d35bf5bfc7fff35,334642a881ef35f92ac439999a953100,1.1144235275112595,6,패,2200
6a91266f9c5520495414afb8,334642a881ef35f92ac439999a953100,1.1144235275112593,6,패,2200
6a8fd674950a17c89e97a64e,334642a881ef35f92ac439999a953100,1.1162563442221183,6,승,2100
6a8fceb71301f479cf5b50fb,334642a881ef35f92ac439999a953100,1.1162563442221185,6,패,2100
6a8fc6be5ce5d0b859ec19a7,334642a881ef35f92ac439999a953100,1.1162563442221185,6,패,2200
6a8fc021509b8114815dac06,334642a881ef35f92ac439999a953100,1.1162563442221183,6,승,2200
6a8fbb8d9cb12547be3c433a,334642a881ef35f92ac439999a953100,1.1162563442221185,6,승,2200
6a8e8ef86816046e2af4ba0e,334642a881ef35f92ac439999a953100,1.1162563442221185,6,승,2200
6a8e8c458d7695101a1d4c59,334642a881ef35f92ac439999a953100,1.1162563442221185,6,패,2200
6a8e87103cb2ea2b8ef3c7a1,334642a881ef35f92ac439999a953100,1.1162563442221185,6,승,2200
6a8e8395949dca345be83794,334642a881ef35f92ac439999a953100,1.1162563442221185,6,무,2200
6a8e80e2fb16a9dbb7c16a1b,334642a881ef35f92ac439999a953100,1.1162563442221183,6,승,2200
6a8d16686933a7694fc32c45,334642a881ef35f92ac439999a953100,1.1238471755780888,6,패,2200
6a8d1274a44e474841198ae8,334642a881ef35f92ac439999a953100,1.1238471755780888,6,패,2200
6a9ed4f89b13f719ecd3f986,d937ace095ff48ad3e58b2602d56d425,1.140538346052132,6,무,1900
6a9ed25ce5eb086d6ad4ed28,d937ace095ff48ad3e58b2602d56d425,1.1405383460521314,6,패,1900
6a9ecfa2d25ace4b0689be5a,d937ace095ff48ad3e58b2602d56d425,1.1405383460521317,6,무,1900
6a9e9d67ab5a6814bf65f2ca,d937ace095ff48ad3e58b2602d56d425,1.1419470500486766,6,승,1900
6a9e97ce116d02930fee8333,d937ace095ff48ad3e58b2602d56d425,1.1419470500486764,6,무,1900
6a9c499a1f7b3712889e64a6,d937ace095ff48ad3e58b2602d56d425,1.117896046835124,6,승,1900
6a9c45dc5cf2e58240787ee7,d937ace095ff48ad3e58b2602d56d425,1.1178960468351242,6,승,1900
6a9b07dcbd38b747224c5afd,d937ace095ff48ad3e58b2602d56d425,1.1178960468351242,6,승,2000
6a9b0512cc6a4ecafeb91401,d937ace095ff48ad3e58b2602d56d425,1.1178960468351242,6,무,2000
6a9b01f7c074f07559cef76a,d937ace095ff48ad3e58b2602d56d425,1.117896046835124,6,승,2000
6a9aff5c01bf1fc7d843ac6b,d937ace095ff48ad3e58b2602d56d425,1.117896046835124,6,승,2000
6a9afc001014a820b2192e44,d937ace095ff48ad3e58b2602d56d425,1.1178960468351242,6,승,2000
6a9af9076315bfe829d1fe4a,d937ace095ff48ad3e58b2602d56d425,1.117896046835124,6,승,2000
6a9aed4a0a05770285cb6597,d937ace095ff48ad3e58b2602d56d425,1.1221291677705545,6,무,1900
6a9a99577404511683e92808,d937ace095ff48ad3e58b2602d56d425,1.1221291677705545,6,승,2000
6a9a934c9dea2694a5dd2d39,d937ace095ff48ad3e58b2602d56d425,1.1221291677705547,6,승,2000
6a9a8b13bb745605cc2ffd66,d937ace095ff48ad3e58b2602d56d425,1.1221291677705545,6,승,2000
6a994791ad7f732dff654f2e,d937ace095ff48ad3e58b2602d56d425,1.120311164512318,6,무,2000
6a993ecc567568b240907075,d937ace095ff48ad3e58b2602d56d425,1.1004370005562918,6,무,2200
6a993ad92bd93b696ff71614,d937ace095ff48ad3e58b2602d56d425,1.1004370005562918,6,승,2000
6a969198ebb672e53b6ade0e,d937ace095ff48ad3e58b2602d56d425,1.1004370005562918,6,패,1900
6a92e67b305556fa52653622,d937ace095ff48ad3e58b2602d56d425,1.1083747595670113,6,승,1900
6a92e3778eeb3d541232a4a2,d937ace095ff48ad3e58b2602d56d425,1.1203111645123183,6,승,1900
6a92df4ef87542762aaaebbe,d937ace095ff48ad3e58b2602d56d425,1.1004370005562918,6,패,1900
6a92dc5edbb5fa5e8d663369,d937ace095ff48ad3e58b2602d56d425,1.1203111645123183,6,무,1900
6a92d09eee49191cdf7fb790,d937ace095ff48ad3e58b2602d56d425,1.1083747595670113,6,승,1900
6a92cd4ec1cc203614d4807a,d937ace095ff48ad3e58b2602d56d425,1.1083747595670113,6,패,1900
6a92cab7e089cadc53e7282f,d937ace095ff48ad3e58b2602d56d425,1.1203111645123183,6,승,1900
6a92c22c155c5d80136e8715,d937ace095ff48ad3e58b2602d56d425,1.1042850103625048,6,무,1900
6a91ac1b9bb5d4d8f250f6de,d937ace095ff48ad3e58b2602d56d425,1.116550748063955,6,패,2200
6a91a8b9c750786d9fed6e93,d937ace095ff48ad3e58b2602d56d425,1.1046143431186481,6,승,2200
6a91647d647b5c53cc71ae60,d937ace095ff48ad3e58b2602d56d425,1.1205496689436403,6,패,1900
6a9160667cfd25c413ff2ad8,d937ace095ff48ad3e58b2602d56d425,1.1205496689436403,6,승,1900
6a9157bd0eac38003d6a98fe,d937ace095ff48ad3e58b2602d56d425,1.1205496689436403,6,승,1900
6a91551162b736a45baefeee,d937ace095ff48ad3e58b2602d56d425,1.1164599197391338,6,무,1900
6a914e67a5132bfbaf26cfb5,d937ace095ff48ad3e58b2602d56d425,1.116459919739134,6,패,1900
6a904bb3b2d869014360c47f,d937ace095ff48ad3e58b2602d56d425,1.1184941026393582,6,승,1900
6a8fec3a4e6fbe003edb5e6c,d937ace095ff48ad3e58b2602d56d425,1.116633921003002,6,패,1900
6a8fe84c6ee1ef9f84ae90a3,d937ace095ff48ad3e58b2602d56d425,1.109008052078378,6,패,1900
6a8fe5292ae1647861200f86,d937ace095ff48ad3e58b2602d56d425,1.121122488586335,6,무,2200
6a8fe245c8d8e435efc2e740,d937ace095ff48ad3e58b2602d56d425,1.1166339210030023,6,승,2200
6a8fdfa5efd1b917b1212c68,d937ace095ff48ad3e58b2602d56d425,1.1233054672622258,6,무,2200
6a8d7adcaf2351965277af44,d937ace095ff48ad3e58b2602d56d425,1.1238564226278076,6,승,1900
6a8d4d6d718e6514132f97ac,d937ace095ff48ad3e58b2602d56d425,1.1218233579629577,3,승,1900
6a883a4f1b3bd2254d3bc632,d937ace095ff48ad3e58b2602d56d425,1.1104899633591945,6,승,1900
6a882e0cd1d0144d5ca7db58,d937ace095ff48ad3e58b2602d56d425,1.1104899633591945,6,승,2000
6a882b21478cea01376b7515,d937ace095ff48ad3e58b2602d56d425,1.1161768763391593,6,무,2000
6a8825d9e40c5c94529995ac,d937ace095ff48ad3e58b2602d56d425,1.1104899633591945,6,승,2000
6a88204f0c73691dba6b9bbb,d937ace095ff48ad3e58b2602d56d425,1.1104899633591945,6,승,2000
6a880d48bb7b74aeb4e30384,d937ace095ff48ad3e58b2602d56d425,1.116633921003002,6,승,2100
6a880a9b9711a47950643383,d937ace095ff48ad3e58b2602d56d425,1.116633921003002,6,승,2100
6a8806f1b0e37e6741b559f8,d937ace095ff48ad3e58b2602d56d425,1.1267759546394538,6,승,2100
6a86d4b609207768d41d775f,d937ace095ff48ad3e58b2602d56d425,1.1104899633591945,6,패,2100
6a86d2169710577b2c149534,d937ace095ff48ad3e58b2602d56d425,1.1104899633591945,6,무,2100
6a86bfd7eedf10f10f2b0eec,d937ace095ff48ad3e58b2602d56d425,1.1104899633591945,6,무,2100
6a86bd25d86477d53a1aa2f3,d937ace095ff48ad3e58b2602d56d425,1.1104899633591945,6,승,2100
6a813fe931fb7f1436d36b3f,d937ace095ff48ad3e58b2602d56d425,1.1273795825884847,6,승,2100
6a9ece6c0b24f65814c8207f,d8c68eaa25e8badb7c3b19a3ff549356,1.0706296355234206,6,패,2300
6a9ecb93d7dcfa5974f0f9cc,d8c68eaa25e8badb7c3b19a3ff549356,1.0623718499876216,5,패,2200
6a9ec918982bf9ad7f6e13db,33eb672ac281df667c52ef5770a7d186,1.0598795288453904,6,무,2200
6a9ec918982bf9ad7f6e13db,d8c68eaa25e8badb7c3b19a3ff549356,1.0522902695195473,6,무,2200
6a9e1e9773d6ce4082dfefb1,d8c68eaa25e8badb7c3b19a3ff549356,1.082820919978215,5,패,2200
6a9e1be24596002c07b4a506,d8c68eaa25e8badb7c3b19a3ff549356,1.0759168552046967,6,무,2200
6a9e18a2c10f49cfee386f35,d8c68eaa25e8badb7c3b19a3ff549356,1.0477620487541401,6,승,2200
6a9e1559e40d86eab19a2127,d8c68eaa25e8badb7c3b19a3ff549356,1.0634343514709856,5,승,2300
6a9e0eefbfb1ff82f2680ccc,d8c68eaa25e8badb7c3b19a3ff549356,1.0641696850490734,4,패,2200
6a9e0be3966ec75bd9f8a4fa,d8c68eaa25e8badb7c3b19a3ff549356,1.0558427002222426,6,승,2200
6a9d7a13cd51295d3b567202,d8c68eaa25e8badb7c3b19a3ff549356,1.0523867091452332,6,승,2200
6a9d715771f5e61de88ab1bc,d8c68eaa25e8badb7c3b19a3ff549356,1.0700289449346614,5,승,2200
6a9d6e34b3c1e3e7b7b23fa1,d8c68eaa25e8badb7c3b19a3ff549356,1.0596141170505262,6,승,2300
6a9cac7f85f56420c50f31ea,d8c68eaa25e8badb7c3b19a3ff549356,1.069010608621737,5,패,2200
6a9ca89591cf2b04af25e432,d8c68eaa25e8badb7c3b19a3ff549356,1.0718014486124234,5,패,2200
6a9bd97d03a2c721df81b64a,d8c68eaa25e8badb7c3b19a3ff549356,1.0838894581089877,5,무,2300
6a9bd66da8572e6a405b0e9a,d8c68eaa25e8badb7c3b19a3ff549356,1.0642773005009567,4,무,2300
6a9bd287d74cdf64234de4d1,d8c68eaa25e8badb7c3b19a3ff549356,1.0472821894770343,6,승,2300
6a9bcff9b538ceaf7bf4042d,d8c68eaa25e8badb7c3b19a3ff549356,1.0694648056835625,6,패,2300
6a9bcaab1ab69b5d4754659f,d8c68eaa25e8badb7c3b19a3ff549356,1.0796150239795346,5,승,2300
6a9a8928df7dc23ef1d6c461,d8c68eaa25e8badb7c3b19a3ff549356,1.0694648056835625,6,패,2300
6a9a84a44b6127242edc9058,d8c68eaa25e8badb7c3b19a3ff549356,1.0767639572234449,6,무,2300
6a9969903f004d4fb74e0183,d8c68eaa25e8badb7c3b19a3ff549356,1.0834864797163681,6,패,2300
6a977732f64d77091ae100aa,d8c68eaa25e8badb7c3b19a3ff549356,1.0654637189484932,6,패,2200
6a9773a785bcf21705a2f9cf,d8c68eaa25e8badb7c3b19a3ff549356,1.0689839439402973,5,패,2200
6a954900c277277cbd0ac330,d8c68eaa25e8badb7c3b19a3ff549356,1.0775454571516647,6,패,2200
6a9546267c2964dc7889bac9,d8c68eaa25e8badb7c3b19a3ff549356,1.0611886955507333,5,패,2200
6a9542d747059d655adfde3d,d8c68eaa25e8badb7c3b19a3ff549356,1.0767639572234444,6,무,2200
6a953fbaf6e05074815566fb,d8c68eaa25e8badb7c3b19a3ff549356,1.068804719018944,4,패,2100
6a9524c6e9d21a10f833d386,d8c68eaa25e8badb7c3b19a3ff549356,1.0775232365837981,6,패,2100
6a9521923d76975fb53cc6e4,d8c68eaa25e8badb7c3b19a3ff549356,1.0710271962591615,6,승,2100
6a951e840e510f3f62ae0b3e,d8c68eaa25e8badb7c3b19a3ff549356,1.0775232365837981,6,승,2100
6a951b6e58d1e1a4f90de27a,d8c68eaa25e8badb7c3b19a3ff549356,1.0891270513236027,4,승,2200
6a951835425cb269102e6696,d8c68eaa25e8badb7c3b19a3ff549356,1.0838894581089877,5,패,2100
6a94cf58e01f728aef323dcf,d8c68eaa25e8badb7c3b19a3ff549356,1.0875835743896651,4,패,2100
6a94cc823d769752093aed8a,d8c68eaa25e8badb7c3b19a3ff549356,1.0587386529198508,6,무,2100
6a9422fc5ba00191277cde48,d8c68eaa25e8badb7c3b19a3ff549356,1.0558712367564291,4,승,2200
6a941ff11cdc572337d5ee30,d8c68eaa25e8badb7c3b19a3ff549356,1.0700902904859682,4,승,2200
6a941d29b01198080df2c323,d8c68eaa25e8badb7c3b19a3ff549356,1.078398700714474,6,패,2200
6a93ea4a2b3fde3a17956da8,d8c68eaa25e8badb7c3b19a3ff549356,1.076669993020989,6,패,2100
6a93e7a50dd13743d1f7f259,d8c68eaa25e8badb7c3b19a3ff549356,1.0679600516649264,5,패,2100
6a93e50615c4118661569e68,d8c68eaa25e8badb7c3b19a3ff549356,1.0779431448657122,5,무,2100
6a93b5bdcd6c2467af87ef33,d8c68eaa25e8badb7c3b19a3ff549356,1.0790457749550932,5,패,2100
6a93b2a96e40f8ce6208b1a4,d8c68eaa25e8badb7c3b19a3ff549356,1.0588326171223061,6,패,2100
6a93aedc68839042a13cba2c,d8c68eaa25e8badb7c3b19a3ff549356,1.0706529389200692,5,패,2100
6a93abe0a2590bb1935bf6d7,d8c68eaa25e8badb7c3b19a3ff549356,1.0678615861742575,6,무,2100
6a92dccf60d3ecabb3683edc,d8c68eaa25e8badb7c3b19a3ff549356,1.0587386529198508,6,승,2100
6a92d7d55d0299984c44e038,d8c68eaa25e8badb7c3b19a3ff549356,1.0719744040244261,6,승,2100
6a92d515ad0463310f124da7,d8c68eaa25e8badb7c3b19a3ff549356,1.084714500979905,5,패,2100
6a923eea74b89f69634323f0,d8c68eaa25e8badb7c3b19a3ff549356,1.069632224160697,5,승,2100
6a8bbd718b637a0754aabd0b,d8c68eaa25e8badb7c3b19a3ff549356,1.0673817268971517,6,패,2100
6a8bb699a3c2bf109cc6ae81,d8c68eaa25e8badb7c3b19a3ff549356,1.0767639572234446,6,승,2200
6a8bb32e0f3911364fdacc48,d8c68eaa25e8badb7c3b19a3ff549356,1.0589644665957776,5,승,2200
6a8bb01135e69f7ced0ebff8,d8c68eaa25e8badb7c3b19a3ff549356,1.092885905902409,4,승,2200
6a8baa7d92d5cd3e56049e04,d8c68eaa25e8badb7c3b19a3ff549356,1.0908752900836405,6,무,2200
6a8ba74f8db84b256a785374,d8c68eaa25e8badb7c3b19a3ff549356,1.1099979412797332,5,승,2200
6a8aa7348b8893dd6a6ecf07,d8c68eaa25e8badb7c3b19a3ff549356,1.0644240362787358,5,패,2200
6a8aa3d5d0660851f9eaf4a1,d8c68eaa25e8badb7c3b19a3ff549356,1.082555386419354,4,무,2200
6a86ea37cda49a2fd46ee689,d8c68eaa25e8badb7c3b19a3ff549356,1.0504390097735938,5,승,2200
6a86e53f95e4c66fe18db7e0,d8c68eaa25e8badb7c3b19a3ff549356,1.0824094756561808,6,패,2200
6a85bcd5f8678e0b948c56f9,d8c68eaa25e8badb7c3b19a3ff549356,1.0694782516318657,4,패,2200
6a85ba2580088f19c6270a02,d8c68eaa25e8badb7c3b19a3ff549356,1.0779054539547634,5,패,2200
6a85acf8ce267935d7d54c1c,d8c68eaa25e8badb7c3b19a3ff549356,1.0748068976859089,4,패,2200
6a85aa34f969d85af0e2ae4f,d8c68eaa25e8badb7c3b19a3ff549356,1.0950494443606136,3,패,2200
6a85a69af39a46646b1ef38a,d8c68eaa25e8badb7c3b19a3ff549356,1.0783987007144737,6,승,2200
6a856c4f20acd07262a83ffb,d8c68eaa25e8badb7c3b19a3ff549356,1.0588326171223064,6,승,2300
6a845181c1f38e14e590844d,d8c68eaa25e8badb7c3b19a3ff549356,1.06103933935954,5,무,2300
6a844eb279240c24a8772281,d8c68eaa25e8badb7c3b19a3ff549356,1.0663427025431673,4,승,2300
6a844c154fff74a4f89fd1b0,d8c68eaa25e8badb7c3b19a3ff549356,1.059133386460901,6,승,2300
6a83f0e12ace3473d84705ee,d8c68eaa25e8badb7c3b19a3ff549356,1.0663427025431673,4,패,2300
6a83edc045f1a20739ce5d43,d8c68eaa25e8badb7c3b19a3ff549356,1.0455723396915422,4,승,2300
6a83eb0344989c0046f13244,d8c68eaa25e8badb7c3b19a3ff549356,1.0641574424060158,3,패,2300
6a7e6d0c8ecb80cd203e5004,d8c68eaa25e8badb7c3b19a3ff549356,1.0801161723490353,5,패,2300
6a7e6993c060f6efad92f228,d8c68eaa25e8badb7c3b19a3ff549356,1.076932019965815,4,승,2300
6a7e66ed9c49a593e0cd267f,d8c68eaa25e8badb7c3b19a3ff549356,1.0748068976859084,4,승,2300
6a7dbb11603d5e43397b3e27,d8c68eaa25e8badb7c3b19a3ff549356,1.061287328763385,3,승,2300
6a7db8579a0e8e8063131330,d8c68eaa25e8badb7c3b19a3ff549356,1.0748068976859086,4,승,2300
6a7db599dc499901ad5de90b,d8c68eaa25e8badb7c3b19a3ff549356,1.0623253448690506,5,패,2300
6a7d7c6880d1a47e4930c961,d8c68eaa25e8badb7c3b19a3ff549356,1.0623718499876216,5,승,2400
6a7d77c481d59f65d649c310,d8c68eaa25e8badb7c3b19a3ff549356,1.0852273048296919,4,승,2400
6a79dc9016f18a3e39fbc4bc,d8c68eaa25e8badb7c3b19a3ff549356,1.0932899062132615,5,무,2400
6a79d97897739830b0b6caf7,d8c68eaa25e8badb7c3b19a3ff549356,1.0598132958517625,4,승,2400
6a79d15c299a21b356e0fea8,d8c68eaa25e8badb7c3b19a3ff549356,1.075979147578239,4,승,2400
6a79ce747799b4d69dc3e218,d8c68eaa25e8badb7c3b19a3ff549356,1.0743870778745497,4,무,2400
6a79cbafff679ef53c005dc7,d8c68eaa25e8badb7c3b19a3ff549356,1.0737629625190201,4,무,2400
6a7981e637a1607626221cca,d8c68eaa25e8badb7c3b19a3ff549356,1.0709634950632636,5,패,2400
6a797f0cb275256a442c7cf2,d8c68eaa25e8badb7c3b19a3ff549356,1.0780559019086589,5,패,2400
6a77d81044ba7b20023648c8,d8c68eaa25e8badb7c3b19a3ff549356,1.0517271506110224,4,패,2400
6a77d1ee451e639c0652247e,d8c68eaa25e8badb7c3b19a3ff549356,1.0636705731077996,5,패,2400
6a77ceda8f09b004cf096c25,d8c68eaa25e8badb7c3b19a3ff549356,1.0623930564601658,3,무,2400
6a9e3d011966bbb7dd00f2e7,a941795b0800e00da337889cb1311972,1.0857771189249217,5,승,2200
6a9e15c5e245cf7f8a72760f,a941795b0800e00da337889cb1311972,1.0857771189249217,5,무,2500
6a9e12fc35426cbadad35935,a941795b0800e00da337889cb1311972,1.0857771189249215,5,승,2200
6a9e107aa7580e8e432dab82,a941795b0800e00da337889cb1311972,1.0857771189249215,5,패,2200
6a9e0b7a1108bc13e6944afd,a941795b0800e00da337889cb1311972,1.0857771189249215,5,승,2200
6a9e063daff60d3a3c2ad666,a941795b0800e00da337889cb1311972,1.0857771189249215,5,패,2200
6a9e02d32cab246608c506d4,a941795b0800e00da337889cb1311972,1.0857771189249212,5,무,2200
6a9e004b5f60df9101b0b0b7,a95ee2b4140c87dfeaa0e0e23b4b1bca,1.1295911046615308,6,패,2200
6a9e004b5f60df9101b0b0b7,a941795b0800e00da337889cb1311972,1.0857771189249215,5,승,2200
6a9d2d148bf31afa57d46e07,a941795b0800e00da337889cb1311972,1.0857771189249212,5,무,2300
6a9d2a43a3061e0f8b49889a,a941795b0800e00da337889cb1311972,1.0857771189249215,5,승,2300
6a9d27b434403d711a616155,a941795b0800e00da337889cb1311972,1.0857771189249215,5,패,2300
6a9d24d718c010bcff5b6351,a941795b0800e00da337889cb1311972,1.0857771189249217,5,패,2200
6a9d220de40f8812df0df568,a941795b0800e00da337889cb1311972,1.0857771189249212,5,패,2200
6a9d1f73c6eec50ba245a612,a941795b0800e00da337889cb1311972,1.0857771189249215,5,패,2200
6a9d0cc5f70cb701fb674714,a941795b0800e00da337889cb1311972,1.0857771189249212,5,승,2200
6a9d0a53b4661332499fb61b,a941795b0800e00da337889cb1311972,1.0857771189249215,5,패,2200
6a9d0544b2dccd6ef1d8f623,a941795b0800e00da337889cb1311972,1.0857771189249217,5,승,2200
6a9d0045b9cc4dd4bbe0d88f,a941795b0800e00da337889cb1311972,1.0857771189249215,5,승,2200
6a9cfddbe762b04933a38ff7,a941795b0800e00da337889cb1311972,1.0857771189249215,5,승,2200
6a9cfb1939a72a6eae34792f,a941795b0800e00da337889cb1311972,1.0857771189249215,5,무,2200
6a9ce95da292f5248a50e4e7,a941795b0800e00da337889cb1311972,1.0857771189249215,5,승,2300
6a9ce6bbde084890aed16e5e,a941795b0800e00da337889cb1311972,1.0857771189249215,5,승,2300
6a9b7c58bc2b9042440739cb,a941795b0800e00da337889cb1311972,1.0857771189249217,5,무,2300
6a9b79d34e2197046c9a07cb,a941795b0800e00da337889cb1311972,1.0857771189249217,5,승,2300
6a9b775d7b4414fdac9bbf9c,a941795b0800e00da337889cb1311972,1.0857771189249217,5,패,2300
6a9b749b704ef2bfd2574648,a941795b0800e00da337889cb1311972,1.0857771189249215,5,패,2300
6a9b7219666e86d4c5584224,a941795b0800e00da337889cb1311972,1.0857771189249215,5,패,2200
6a9a6f7039095410e233054a,a941795b0800e00da337889cb1311972,1.0857771189249212,5,패,2200
6a995f61aa7968ae140c6fe3,a941795b0800e00da337889cb1311972,1.0857771189249215,5,승,2200
6a995cf0402234c7017f4aea,a941795b0800e00da337889cb1311972,1.0857771189249215,5,무,2200
6a99568a38b5588eac8f4b24,a941795b0800e00da337889cb1311972,1.0857771189249215,5,승,2300
6a9954149e6cac105c10e33f,a941795b0800e00da337889cb1311972,1.0857771189249217,5,패,2200
6a99006b9575aa6232995fc0,a941795b0800e00da337889cb1311972,1.0857771189249215,5,승,2300
6a98fdefaa29ce6a05d93437,a941795b0800e00da337889cb1311972,1.0857771189249215,5,패,2200
6a98fa97ed256ebc39083b74,a941795b0800e00da337889cb1311972,1.0857771189249215,5,승,2300
6a98f6eb2de71acfc7fb095b,a941795b0800e00da337889cb1311972,1.0857771189249217,5,승,2300
6a98f4888635ce681865563c,a941795b0800e00da337889cb1311972,1.0857771189249215,5,패,2300
6a98e0f222daa0c28311a5cc,a941795b0800e00da337889cb1311972,1.0857771189249217,5,승,2300
6a98de537cc8122e10c12382,a941795b0800e00da337889cb1311972,1.0857771189249215,5,패,2300
6a97adebaff728547092c137,a941795b0800e00da337889cb1311972,1.0857771189249217,5,승,2300
6a97ab75675baad9304ab1af,a941795b0800e00da337889cb1311972,1.0857771189249215,5,무,2300
6a97a8ddf8d738c24b072d33,a941795b0800e00da337889cb1311972,1.0857771189249215,5,패,2300
6a979a320eddd64f45c4da3f,a941795b0800e00da337889cb1311972,1.0857771189249215,5,패,2300
6a9797a0786ba21a964abed4,a941795b0800e00da337889cb1311972,1.0857771189249212,5,패,2200
6a9794faed568fa21180911b,a941795b0800e00da337889cb1311972,1.0857771189249215,5,무,2200
6a9789b4fb612cdb81aa2add,a941795b0800e00da337889cb1311972,1.0857771189249217,5,승,2300
6a978711cef4e1286c1f83ed,a941795b0800e00da337889cb1311972,1.0857771189249215,5,패,2200
6a967cd974a8f8bfe52c9f79,a941795b0800e00da337889cb1311972,1.0857771189249215,5,승,2300
6a967a55449d1d1aeeeded47,a941795b0800e00da337889cb1311972,1.0857771189249215,5,패,2200
6a9677e066a1831125376519,a941795b0800e00da337889cb1311972,1.0857771189249215,5,패,2200
6a965af0a4ef0ef7a4074de3,a941795b0800e00da337889cb1311972,1.0857771189249212,5,승,2300
6a9652ed3685c14011346d50,a941795b0800e00da337889cb1311972,1.0857771189249215,5,무,2300
6a96501c4d4803377bddc05f,a941795b0800e00da337889cb1311972,1.0857771189249217,5,승,2300
6a964d6d4a77b64270c69dd7,a941795b0800e00da337889cb1311972,1.0857771189249215,5,패,2300
6a94d605aaef5c1fbaf28016,a941795b0800e00da337889cb1311972,1.0857771189249215,5,승,2300
6a94d38c13c043654b9be471,a941795b0800e00da337889cb1311972,1.0857771189249215,5,무,2300
6a94d0e3a712fc12ad3a1c83,a941795b0800e00da337889cb1311972,1.0857771189249217,5,무,2300
6a94025b76f75506ccbc07df,a941795b0800e00da337889cb1311972,1.0857771189249212,5,패,2300
6a93fe45d74171dc777f1671,a941795b0800e00da337889cb1311972,1.0857771189249215,5,승,2300
6a925236d0bc5845c834fea0,a941795b0800e00da337889cb1311972,1.0857771189249215,5,패,2300
6a9240697c91d58478023512,a941795b0800e00da337889cb1311972,1.0857771189249217,5,승,2300
6a923dfe37921df5b8409167,a941795b0800e00da337889cb1311972,1.0857771189249215,5,무,2300
6a90ec35ed2dcede4783682c,a941795b0800e00da337889cb1311972,1.0857771189249217,5,승,2400
6a90e8cdbb2ca0f2e3f8c805,a941795b0800e00da337889cb1311972,1.0857771189249217,5,패,2400
6a90e62155c7671be94a8062,a941795b0800e00da337889cb1311972,1.0857771189249212,5,패,2300
6a90e32c1fcb2244ce7c2fb5,a941795b0800e00da337889cb1311972,1.092033412124716,5,패,2300
6a90e041d4eacfaa0f3bde0a,a941795b0800e00da337889cb1311972,1.092033412124716,5,패,2300
6a9009ce8b24d4186a92708e,a941795b0800e00da337889cb1311972,1.0920334121247157,5,패,2300
6a9006cfc4839c583ab53f91,a941795b0800e00da337889cb1311972,1.092033412124716,5,패,2300
6a9003f62a801b6410f6407a,a941795b0800e00da337889cb1311972,1.092033412124716,5,패,2200
6a8ff051ea996fa5d6315fb0,a941795b0800e00da337889cb1311972,1.092033412124716,5,패,2200
6a8fecd86f613882eeaf1ea2,a941795b0800e00da337889cb1311972,1.092033412124716,5,승,2200
6a8fea4d72d8d4234b0f3eb2,a941795b0800e00da337889cb1311972,1.092033412124716,5,패,2200
6a8fe7ac548958067a319479,a941795b0800e00da337889cb1311972,1.092033412124716,5,무,2200
6a8fd076b5ffcacaae03ac91,a941795b0800e00da337889cb1311972,1.092033412124716,5,패,2200
6a8fd076b5ffcacaae03ac91,8c5c7c06856ce53e34c4d5a4db4f5801,1.1067857281939302,6,승,2200
6a8fcdf05084307160dc6449,a941795b0800e00da337889cb1311972,1.0920334121247157,5,승,2200
6a8fcb5dab0522b17c22526a,a941795b0800e00da337889cb1311972,1.092033412124716,5,승,2200
6a8fc901b00b8f07c804e12f,a941795b0800e00da337889cb1311972,1.0920334121247157,5,무,2200
6a8e5fed924469ee05d66601,a941795b0800e00da337889cb1311972,1.092033412124716,5,승,2200
6a8e4829456722ba52bfa7ab,a941795b0800e00da337889cb1311972,1.092033412124716,5,패,2200
6a8e45a91a586851e72f6a3e,a941795b0800e00da337889cb1311972,1.0920334121247157,5,무,2200
6a8e4300846a77407c68dddc,a941795b0800e00da337889cb1311972,1.092033412124716,5,승,2200
6a8e3f25b55128a83b915fd5,a941795b0800e00da337889cb1311972,1.092033412124716,5,무,2200
6a8e3c853bce083389d96a2c,a941795b0800e00da337889cb1311972,1.092033412124716,5,승,2200
6a8d8f0adbbc325aaf6060c8,a941795b0800e00da337889cb1311972,1.092033412124716,5,승,2300
6a8d8c360d5e74555f286f6d,a941795b0800e00da337889cb1311972,1.092033412124716,5,무,2300
6a8d89bf089c9e4f035552e0,a941795b0800e00da337889cb1311972,1.092033412124716,5,패,2300
6a9e0f44f4225fd657dcf082,a95ee2b4140c87dfeaa0e0e23b4b1bca,1.1148854357096203,6,패,2200
6a9dfb51cbbef31f15f951f2,a95ee2b4140c87dfeaa0e0e23b4b1bca,1.1295911046615306,6,패,2200
6a9df36a0ab87057419851e7,a95ee2b4140c87dfeaa0e0e23b4b1bca,1.1295911046615306,6,무,2200
6a9df0c3bb44fafd79a7a12d,a95ee2b4140c87dfeaa0e0e23b4b1bca,1.1295911046615306,6,무,2200
6a9dee02d026eb2a96e43c97,a95ee2b4140c87dfeaa0e0e23b4b1bca,1.1295911046615306,6,패,2200
6a9de831a756b066b539190e,a95ee2b4140c87dfeaa0e0e23b4b1bca,1.1295911046615306,6,패,2100
6a9de5ac3fda3c3396ce7ac0,a95ee2b4140c87dfeaa0e0e23b4b1bca,1.1295911046615306,6,패,2100
6a9de33afcd3256d783c5ead,a95ee2b4140c87dfeaa0e0e23b4b1bca,1.1295911046615306,6,승,2100
6a9de0834d217f54fa31894f,a95ee2b4140c87dfeaa0e0e23b4b1bca,1.1295911046615308,6,무,2100
6a9d40ae59ae8528de44462c,a95ee2b4140c87dfeaa0e0e23b4b1bca,1.1295911046615308,6,승,2200
6a9d3e089cfac191225b1d8b,a95ee2b4140c87dfeaa0e0e23b4b1bca,1.1295911046615308,6,패,2100
6a9d361a854e7d017d3e1c94,a95ee2b4140c87dfeaa0e0e23b4b1bca,1.1148854357096205,6,패,2100
6a9d33ac5374a5d72231b5b4,a95ee2b4140c87dfeaa0e0e23b4b1bca,1.1148854357096205,6,승,2200
6a9d30c658b2f672b0ecdae0,a95ee2b4140c87dfeaa0e0e23b4b1bca,1.1148854357096205,6,무,2200
6a9d2cfbb18d75758a76f1ba,a95ee2b4140c87dfeaa0e0e23b4b1bca,1.109490395401661,6,패,2100
6a9d2a1ba7c1dcddf9e03eaa,a95ee2b4140c87dfeaa0e0e23b4b1bca,1.1267547188710996,6,패,2100
6a9d2711e254f3d23dc164ee,a95ee2b4140c87dfeaa0e0e23b4b1bca,1.109490395401661,6,승,2200
6a9d08daa63136832d2a857b,a95ee2b4140c87dfeaa0e0e23b4b1bca,1.109490395401661,6,승,2200
6a9d05a3e197694e6d533dee,a95ee2b4140c87dfeaa0e0e23b4b1bca,1.1094903954016615,6,패,2200
6a9d02fe96ea1635a4e63fe6,a95ee2b4140c87dfeaa0e0e23b4b1bca,1.1094903954016615,6,무,2200
6a9cffc05cde61464567d97a,a95ee2b4140c87dfeaa0e0e23b4b1bca,1.1094903954016613,6,승,2200
6a9cfbe74a827d28f90b8267,a95ee2b4140c87dfeaa0e0e23b4b1bca,1.1345461612846053,6,패,2200
6a9cc6b505722ef42d9095d6,a95ee2b4140c87dfeaa0e0e23b4b1bca,1.1345461612846053,6,무,2200
6a9cc2bc4151c480385d2793,a95ee2b4140c87dfeaa0e0e23b4b1bca,1.1345461612846053,6,무,2200
6a9cb92950ec3f1fbb0a617e,a95ee2b4140c87dfeaa0e0e23b4b1bca,1.1152253781939534,6,승,2200
6a9c89e9e535c5fc79ed79f3,a95ee2b4140c87dfeaa0e0e23b4b1bca,1.1160610363780348,6,패,2200
6a9c86130aeea75de32e900b,a95ee2b4140c87dfeaa0e0e23b4b1bca,1.11589645374274,6,패,2200
6a9c81c918dd6404423765ea,a95ee2b4140c87dfeaa0e0e23b4b1bca,1.1158964537427398,6,승,2200
6a9c7eedb13d832224cffc72,a95ee2b4140c87dfeaa0e0e23b4b1bca,1.1158964537427398,6,무,2200
6a9c7b3c6f9e0c4c840c80ce,a95ee2b4140c87dfeaa0e0e23b4b1bca,1.1158964537427398,6,승,2200
6a9c76754ad6a26dcba39a3b,a95ee2b4140c87dfeaa0e0e23b4b1bca,1.1243753434086243,6,승,2200
6a9c73e227d86d43bb410cd2,a95ee2b4140c87dfeaa0e0e23b4b1bca,1.1243753434086246,6,패,2200
6a9c0d2739f839c15dbe8060,a95ee2b4140c87dfeaa0e0e23b4b1bca,1.1243753434086246,6,승,2200
6a9c0860aebd8d78b56ed10d,a95ee2b4140c87dfeaa0e0e23b4b1bca,1.1243753434086246,6,승,2200
6a9c05d17a3b644842b96d78,a95ee2b4140c87dfeaa0e0e23b4b1bca,1.1243753434086243,6,무,2200
6a9c03374fd42e9494edef05,a95ee2b4140c87dfeaa0e0e23b4b1bca,1.1243753434086246,6,패,2200
6a9c00c649f118f77182ed8f,a95ee2b4140c87dfeaa0e0e23b4b1bca,1.1166855304207748,6,패,2200
6a9bfdb707dc76d5202f98d8,a95ee2b4140c87dfeaa0e0e23b4b1bca,1.116685530420775,6,패,2200
6a9bfb1ff4af303e16b9e71d,a95ee2b4140c87dfeaa0e0e23b4b1bca,1.1243753434086246,6,패,2100
6a9bf8387df3201432ba9f29,a95ee2b4140c87dfeaa0e0e23b4b1bca,1.1243753434086246,6,패,2100
6a9bf58d473c776cadd33928,a95ee2b4140c87dfeaa0e0e23b4b1bca,1.1243753434086246,6,패,2200
6a9be555ba4eb2f285514612,a95ee2b4140c87dfeaa0e0e23b4b1bca,1.1271775351261517,6,승,2100
6a9bdaf8269de510233c0669,a95ee2b4140c87dfeaa0e0e23b4b1bca,1.1160610363780348,6,패,2200
6a9bd3e33aa03ee1090bd29e,a95ee2b4140c87dfeaa0e0e23b4b1bca,1.1160610363780348,6,무,2200
6a9bd149b32193f3e19553dd,a95ee2b4140c87dfeaa0e0e23b4b1bca,1.1160610363780348,6,무,2200
6a9bceb784e1bb0a25e3d088,a95ee2b4140c87dfeaa0e0e23b4b1bca,1.1160610363780348,6,패,2200
6a9bcbf6dfcba433f0b45e60,a95ee2b4140c87dfeaa0e0e23b4b1bca,1.1160610363780346,6,승,2200
6a9bc97c7a45921fa8f82da0,a95ee2b4140c87dfeaa0e0e23b4b1bca,1.1160610363780348,6,패,2200
6a9bc596bcad6108a9469fb0,a95ee2b4140c87dfeaa0e0e23b4b1bca,1.1160610363780348,6,승,2200
6a9b9faae565899250cfea7b,a95ee2b4140c87dfeaa0e0e23b4b1bca,1.1160610363780348,6,승,2200
6a9b9d0b11b6be0eb5227562,a95ee2b4140c87dfeaa0e0e23b4b1bca,1.1160610363780346,6,패,2200
6a9b623c2dc735e7f3388838,a95ee2b4140c87dfeaa0e0e23b4b1bca,1.1160610363780348,6,패,2100
6a9b5d53d0f7156b2819a75d,a95ee2b4140c87dfeaa0e0e23b4b1bca,1.113333886984319,6,패,2100
6a9b59dcbe6aa17fa24ebffb,a95ee2b4140c87dfeaa0e0e23b4b1bca,1.1160610363780348,6,승,2100
6a9b573467c142890aa2908b,a95ee2b4140c87dfeaa0e0e23b4b1bca,1.1216078044704785,6,무,2100
6a9b3cf539d80d3e13175e26,a95ee2b4140c87dfeaa0e0e23b4b1bca,1.1216078044704783,6,무,2100
6a9b38cd7f8dfe4ea569b6af,a95ee2b4140c87dfeaa0e0e23b4b1bca,1.1343639798680722,6,패,2100
6a9b3621ac0a076030d7ebbc,a95ee2b4140c87dfeaa0e0e23b4b1bca,1.1343639798680725,6,패,2100
6a9b33b02a0b17f93eae6c37,a95ee2b4140c87dfeaa0e0e23b4b1bca,1.1343639798680725,6,무,2100
6a9b2ebf99f3550578f24bdd,a95ee2b4140c87dfeaa0e0e23b4b1bca,1.1343639798680725,6,무,2100
6a9b2c19974de9a075125a23,a95ee2b4140c87dfeaa0e0e23b4b1bca,1.1343639798680722,6,패,2000
6a9827893b24c5d7bebd551e,a95ee2b4140c87dfeaa0e0e23b4b1bca,1.1343639798680725,6,무,2100
6a9824ef24debe5709cc7679,a95ee2b4140c87dfeaa0e0e23b4b1bca,1.1288172117756288,6,패,2100
6a982143aa32e4143d9006eb,a95ee2b4140c87dfeaa0e0e23b4b1bca,1.1251350883928481,6,승,2100
6a981eb932cc8160997d545e,a95ee2b4140c87dfeaa0e0e23b4b1bca,1.1251350883928481,6,패,2100
6a96d68c37a4b94166f56c9e,a95ee2b4140c87dfeaa0e0e23b4b1bca,1.1251350883928481,6,패,2000
6a96d3dab02ab11338e144f5,a95ee2b4140c87dfeaa0e0e23b4b1bca,1.116685530420775,6,패,2000
6a9425cc762bc1c3a7cfb87a,a95ee2b4140c87dfeaa0e0e23b4b1bca,1.1251350883928481,6,승,2000
6a942214242d373630e08836,a95ee2b4140c87dfeaa0e0e23b4b1bca,1.118868749846672,6,무,2000
6a941ca6d1e39d0f9880d4d5,a95ee2b4140c87dfeaa0e0e23b4b1bca,1.1312359726289813,6,패,2000
6a93a4f206484e54ee3b3126,a95ee2b4140c87dfeaa0e0e23b4b1bca,1.1312359726289813,6,승,2000
6a9387bf2b8ba568894e71d5,a95ee2b4140c87dfeaa0e0e23b4b1bca,1.1312359726289813,6,패,2000
6a937aa128a7e3c6c1d4ac7a,a95ee2b4140c87dfeaa0e0e23b4b1bca,1.116685530420775,6,무,2000
6a9377fd03a81ee2b407c7d4,a95ee2b4140c87dfeaa0e0e23b4b1bca,1.1351114223303231,6,패,2000
6a934f714d38c2520c149851,a95ee2b4140c87dfeaa0e0e23b4b1bca,1.1312359726289813,6,승,2100
6a934c3952ad261eea1a6aee,a95ee2b4140c87dfeaa0e0e23b4b1bca,1.1312359726289813,6,승,2100
6a9349832c49ff348f8c4209,a95ee2b4140c87dfeaa0e0e23b4b1bca,1.1312359726289813,6,패,2100
6a9346da7d99e548dc4ab645,a95ee2b4140c87dfeaa0e0e23b4b1bca,1.1312359726289813,6,승,2100
6a934455d1776c92d36f19a8,a95ee2b4140c87dfeaa0e0e23b4b1bca,1.1312359726289813,6,무,2100
6a93419f29dcd27776e1fa46,a95ee2b4140c87dfeaa0e0e23b4b1bca,1.1312359726289813,6,승,2100
6a933f366c311abb6c0c8287,a95ee2b4140c87dfeaa0e0e23b4b1bca,1.1312359726289813,6,승,2100
6a92b363dc4f241a01f2050b,a95ee2b4140c87dfeaa0e0e23b4b1bca,1.1312359726289813,6,패,2100
6a92b0ecdf741ceec3fab8e2,a95ee2b4140c87dfeaa0e0e23b4b1bca,1.1312359726289813,6,승,2100
6a92ae3e827576ffd60a732f,a95ee2b4140c87dfeaa0e0e23b4b1bca,1.1312359726289813,6,패,2100
6a92abb4db3c7185fcaa3050,a95ee2b4140c87dfeaa0e0e23b4b1bca,1.1312359726289813,6,승,2100
6a92a3f88170631b66ffd4f5,a95ee2b4140c87dfeaa0e0e23b4b1bca,1.127502470391397,6,승,2100
6a9e9e6b920e70132309378c,e6cfa27b27cc5f02888937bbdae6da61,1.1496313697863154,6,패,2300
6a9e9abd3abab931e789c622,e6cfa27b27cc5f02888937bbdae6da61,1.1496313697863154,6,승,2300
6a9d21619c72b0126c27f24c,e6cfa27b27cc5f02888937bbdae6da61,1.1485110938831755,6,승,2300
6a9d06c1e5f9ad5a9fb44c9a,e6cfa27b27cc5f02888937bbdae6da61,1.1496313697863154,6,무,2300
6a9d02af3fe8d178e14169fe,e6cfa27b27cc5f02888937bbdae6da61,1.1485110938831753,6,패,2300
6a9cfcd2ee86b303256aa8d2,e6cfa27b27cc5f02888937bbdae6da61,1.1496313697863154,6,승,2300
6a9bee6b0dc5e2b2b83973bd,e6cfa27b27cc5f02888937bbdae6da61,1.1496313697863154,6,패,2300
6a9beb37a8fb3b4ec7139e95,e6cfa27b27cc5f02888937bbdae6da61,1.1496313697863154,6,승,2300
6a9a7adb2cab244d83a47ca6,e6cfa27b27cc5f02888937bbdae6da61,1.1496313697863154,6,승,2300
6a9a77f026ff606e5c88fa6d,e6cfa27b27cc5f02888937bbdae6da61,1.1496313697863154,6,승,2300
6a97f94ced08c62a76180e01,e6cfa27b27cc5f02888937bbdae6da61,1.1493305007435974,6,승,2400
6a97f65312138887e5e09e58,e6cfa27b27cc5f02888937bbdae6da61,1.1493305007435974,6,무,2400
6a96cc35f680af540c74e8f5,e6cfa27b27cc5f02888937bbdae6da61,1.1496313697863154,6,패,2400
6a96c912c750780cef1695e7,e6cfa27b27cc5f02888937bbdae6da61,1.1493305007435974,6,패,2300
6a955dd9325f201e7ded120b,e6cfa27b27cc5f02888937bbdae6da61,1.1496313697863154,6,패,2300
6a941dc77b217306f98725b2,e6cfa27b27cc5f02888937bbdae6da61,1.1496313697863154,6,패,2300
6a941b0ef836b36288acaed4,e6cfa27b27cc5f02888937bbdae6da61,1.1496313697863154,6,승,2300
6a94174daaf536f4f98595f4,e6cfa27b27cc5f02888937bbdae6da61,1.1496313697863154,6,승,2300
6a94149e77f534ffdb58f076,e6cfa27b27cc5f02888937bbdae6da61,1.1496313697863154,6,무,2300
6a94018d5d029947294ef11a,e6cfa27b27cc5f02888937bbdae6da61,1.1496313697863154,6,승,2300
6a93fa0de4f825a717c72151,e6cfa27b27cc5f02888937bbdae6da61,1.1496313697863154,6,승,2400
6a93f55b7d99e572a0507f17,e6cfa27b27cc5f02888937bbdae6da61,1.1496313697863154,6,패,2300
6a93f2f105755a63c31470a9,e6cfa27b27cc5f02888937bbdae6da61,1.1496313697863154,6,패,2300
6a93eda4d8998a5935a288fc,e6cfa27b27cc5f02888937bbdae6da61,1.1496313697863154,6,승,2300
6a92df53482e2d311d4ab132,e6cfa27b27cc5f02888937bbdae6da61,1.1441651003824702,6,패,2300
6a92dcaa29aa7229d855160d,e6cfa27b27cc5f02888937bbdae6da61,1.1364620684888396,6,패,2300
6a92d2930142bb7482bc09e8,e6cfa27b27cc5f02888937bbdae6da61,1.1496313697863154,6,패,2300
6a92cfb760a7616104368deb,e6cfa27b27cc5f02888937bbdae6da61,1.1496313697863154,6,패,2200
6a92cc781178fd94cc914386,e6cfa27b27cc5f02888937bbdae6da61,1.1496313697863154,6,승,2300
6a92c7a098be6383941d072f,e6cfa27b27cc5f02888937bbdae6da61,1.1496313697863154,6,패,2200
6a92c50307d7f22d4c37d485,e6cfa27b27cc5f02888937bbdae6da61,1.1496313697863154,6,패,2200
6a92c25b95debeed42e505e9,e6cfa27b27cc5f02888937bbdae6da61,1.1496313697863154,6,승,2200
6a92b07e3cba589cd68b1fa8,e6cfa27b27cc5f02888937bbdae6da61,1.1496313697863154,6,승,2200
6a92abb407fd257ad2128935,e6cfa27b27cc5f02888937bbdae6da61,1.158425713006264,6,패,2200
6a92a9050bc85b31ec4c151f,e6cfa27b27cc5f02888937bbdae6da61,1.158425713006264,6,무,2200
6a92a4a860f2ad6d47ea648a,e6cfa27b27cc5f02888937bbdae6da61,1.158425713006264,6,무,2200
6a929db724a2183aac371a0b,e6cfa27b27cc5f02888937bbdae6da61,1.1642948292412423,6,패,2200
6a929b0d5f03917cf83d0176,e6cfa27b27cc5f02888937bbdae6da61,1.1642948292412425,6,패,2200
6a92985e377eb3b0ec9ca3b3,e6cfa27b27cc5f02888937bbdae6da61,1.1642948292412423,6,무,2200
6a9295f5cd6c2481ff7e9a67,e6cfa27b27cc5f02888937bbdae6da61,1.1642948292412425,6,승,2200
6a92907cddb395195439386a,e6cfa27b27cc5f02888937bbdae6da61,1.1642948292412425,6,승,2300
6a928dd5ef79c68b299768de,e6cfa27b27cc5f02888937bbdae6da61,1.1642948292412425,6,패,2200
6a928b40e1b1bf7479ce3624,e6cfa27b27cc5f02888937bbdae6da61,1.1642948292412423,6,승,2300
6a92730adaa7ca953d032d94,e6cfa27b27cc5f02888937bbdae6da61,1.1449958796020927,6,패,2300
6a91a4f9be3dcf200ee48faf,e6cfa27b27cc5f02888937bbdae6da61,1.1642948292412425,6,패,2200
6a91a1029b14ede497123ebf,e6cfa27b27cc5f02888937bbdae6da61,1.1642948292412425,6,무,2300
6a919e7fa26871567165dba5,e6cfa27b27cc5f02888937bbdae6da61,1.1642948292412423,6,패,2300
6a919b899b14ed96161202a9,e6cfa27b27cc5f02888937bbdae6da61,1.1577972466569033,6,패,2200
6a9166f714ac8aa123df71d0,e6cfa27b27cc5f02888937bbdae6da61,1.1642948292412423,6,패,2200
6a91643904dbda894e63cc28,e6cfa27b27cc5f02888937bbdae6da61,1.1642948292412423,6,패,2200
6a9153227232bb19ac2f73ea,e6cfa27b27cc5f02888937bbdae6da61,1.1642948292412423,6,패,2200
6a915098d1e39d045267c38e,e6cfa27b27cc5f02888937bbdae6da61,1.164294829241242,6,패,2200
6a914da6177962697ff83851,e6cfa27b27cc5f02888937bbdae6da61,1.1642948292412425,6,패,2200
6a914b295ce5d05cc3f7d074,e6cfa27b27cc5f02888937bbdae6da61,1.1642948292412425,6,승,2200
6a8c307cdd1d071cbc252d36,e6cfa27b27cc5f02888937bbdae6da61,1.1774485044097966,6,승,2200
6a8c2dc49228895c87202635,e6cfa27b27cc5f02888937bbdae6da61,1.1774485044097964,6,무,2200
6a8acc775db1adfc0c34adaf,e6cfa27b27cc5f02888937bbdae6da61,1.1774485044097964,6,패,2200
6a8ac9b5bff1ed7e9cc11382,e6cfa27b27cc5f02888937bbdae6da61,1.1774485044097966,6,무,2200
6a8ac6a5351314da053e128c,e6cfa27b27cc5f02888937bbdae6da61,1.1774485044097966,6,승,2200
6a8aaa161db047cbd9746309,e6cfa27b27cc5f02888937bbdae6da61,1.1774485044097964,6,승,2300
6a8aa78da2771c09a2998fda,e6cfa27b27cc5f02888937bbdae6da61,1.1774485044097964,6,승,2300
6a8aa4d421a12f0bcaa1cba4,e6cfa27b27cc5f02888937bbdae6da61,1.1774485044097964,6,무,2300
6a8a9bdf846a7772df5030c8,e6cfa27b27cc5f02888937bbdae6da61,1.1774485044097966,6,승,2300
6a8a95d1dd58e8769454c726,e6cfa27b27cc5f02888937bbdae6da61,1.1774485044097964,6,패,2300
6a8a816a339311625afbf2d2,e6cfa27b27cc5f02888937bbdae6da61,1.1666727030106483,6,패,2300
6a8a7d380ad3ce8b4c936ba7,e6cfa27b27cc5f02888937bbdae6da61,1.1774485044097964,6,무,2300
6a8a78cb992d2f322cb9c76b,e6cfa27b27cc5f02888937bbdae6da61,1.1774485044097964,6,승,2400
6a8a761991c6d03482a153d1,e6cfa27b27cc5f02888937bbdae6da61,1.1774485044097964,6,승,2400
6a8a735ef75caa4b6dbca09e,e6cfa27b27cc5f02888937bbdae6da61,1.1774485044097964,6,패,2400
6a8a70c60e83080b9564a707,e6cfa27b27cc5f02888937bbdae6da61,1.1774485044097964,6,패,2300
6a8a6bd4b5379b77ad264304,e6cfa27b27cc5f02888937bbdae6da61,1.1774485044097966,6,승,2400
6a8a683f8187db67983bbc62,e6cfa27b27cc5f02888937bbdae6da61,1.1774485044097966,6,승,2400
6a8a6571cdc3eb9e5a1c086b,e6cfa27b27cc5f02888937bbdae6da61,1.1774485044097966,6,무,2400
6a89a8196f889987bf165957,e6cfa27b27cc5f02888937bbdae6da61,1.1774485044097964,6,패,2400
6a89a5889331a1c63118983c,e6cfa27b27cc5f02888937bbdae6da61,1.1774485044097964,6,승,2400
6a899be4bff1ed1ffab73217,e6cfa27b27cc5f02888937bbdae6da61,1.1774485044097966,6,패,2400
6a898c2bc3dfc632d0f0a6f6,e6cfa27b27cc5f02888937bbdae6da61,1.1774485044097964,6,무,2400
6a8986664fea6231b8911457,e6cfa27b27cc5f02888937bbdae6da61,1.1774485044097964,6,승,2400
6a89836f8f546d4258aeae3d,e6cfa27b27cc5f02888937bbdae6da61,1.1774485044097964,6,승,2400
6a89802e9aafc410323102d2,e6cfa27b27cc5f02888937bbdae6da61,1.1774485044097964,6,패,2400
6a8953b9656cc8068c663e9f,e6cfa27b27cc5f02888937bbdae6da61,1.1774485044097964,6,승,2400
6a9cbe3ae382e4cd401a0ac8,fdc5298f37171ebef69c58115d1ff4cf,1.1161929167097908,6,무,2200
6a9cbb8c027a7720b54c0c00,fdc5298f37171ebef69c58115d1ff4cf,1.1153892323031265,6,패,2200
6a9bab729c72b039ae19dd97,fdc5298f37171ebef69c58115d1ff4cf,1.1161929167097908,6,승,2200
6a9ba8ab275e812ea1cb6143,fdc5298f37171ebef69c58115d1ff4cf,1.1161929167097908,6,패,2200
6a9ba5f85912581c13992d6a,fdc5298f37171ebef69c58115d1ff4cf,1.1161929167097908,6,승,2200
6a9aa5961cddac0a5eb4c39f,fdc5298f37171ebef69c58115d1ff4cf,1.1153892323031265,6,패,2200
6a9a814901fe47a551b7d7f7,fdc5298f37171ebef69c58115d1ff4cf,1.1153892323031265,6,패,2500
6a9a7eabe7549ed915102a31,fdc5298f37171ebef69c58115d1ff4cf,1.0561202787983859,6,패,2500
6a9a7947e2405c4723371f05,fdc5298f37171ebef69c58115d1ff4cf,1.1153892323031265,6,승,2500
6a9a552409aa85198751ded1,fdc5298f37171ebef69c58115d1ff4cf,1.1153892323031265,6,패,2500
6a9a526008b2e03fea48b3b3,fdc5298f37171ebef69c58115d1ff4cf,1.1153892323031265,6,패,2500
6a9a4f2dbe85cb0cead7f4e8,fdc5298f37171ebef69c58115d1ff4cf,1.1153892323031265,6,무,2500
6a9a4b3829576a3419418162,fdc5298f37171ebef69c58115d1ff4cf,1.1153892323031265,6,승,2500
6a9a487bf619a839de04f070,fdc5298f37171ebef69c58115d1ff4cf,1.1153892323031265,6,무,2500
6a9a2ea048cfd935a511eed6,fdc5298f37171ebef69c58115d1ff4cf,1.1153892323031265,6,패,2500
6a9672cff16bdc2ff661807d,fdc5298f37171ebef69c58115d1ff4cf,1.127697774204479,6,패,2200
6a9670117aaf4fa4c67eaf39,fdc5298f37171ebef69c58115d1ff4cf,1.127697774204479,6,패,2500
6a966d4e84176d92923718f3,fdc5298f37171ebef69c58115d1ff4cf,1.127697774204479,6,승,2200
6a93aa5169bf434c5e9a918b,fdc5298f37171ebef69c58115d1ff4cf,1.127697774204479,6,무,2200
6a92c7b9ab633d782ba1d014,fdc5298f37171ebef69c58115d1ff4cf,1.127697774204479,6,승,2200
6a92c50bd0b2153528c4a13a,fdc5298f37171ebef69c58115d1ff4cf,1.127697774204479,6,패,2200
6a9242e4021e962ded57c3a4,fdc5298f37171ebef69c58115d1ff4cf,1.127697774204479,6,패,2200
6a923ef8c43c82721ed43c0a,fdc5298f37171ebef69c58115d1ff4cf,1.127697774204479,6,패,2200
6a923c09321842f6b40cd62e,fdc5298f37171ebef69c58115d1ff4cf,1.127697774204479,6,무,2200
6a92396d003bac6557d29da6,fdc5298f37171ebef69c58115d1ff4cf,1.127697774204479,6,무,2200
6a9153439d6baef776126f6e,fdc5298f37171ebef69c58115d1ff4cf,1.127697774204479,6,무,2200
6a9150806d2c5607ade66f97,fdc5298f37171ebef69c58115d1ff4cf,1.127697774204479,6,승,2200
6a914ce958e800b0fdbe456e,fdc5298f37171ebef69c58115d1ff4cf,1.127697774204479,6,승,2200
6a91489eb165a00f8e47432a,fdc5298f37171ebef69c58115d1ff4cf,1.127697774204479,6,패,2200
6a910495325f20e27bc944d7,fdc5298f37171ebef69c58115d1ff4cf,1.127697774204479,6,무,2200
6a9019c14a77b6159f957b41,fdc5298f37171ebef69c58115d1ff4cf,1.127697774204479,6,승,2500
6a9017105993a1d667e53eb2,fdc5298f37171ebef69c58115d1ff4cf,1.127697774204479,6,패,2500
6a8fdbdcea8e9e252fe3b66a,fdc5298f37171ebef69c58115d1ff4cf,1.127697774204479,6,승,2500
6a8fd64b0bf48aa83782c5df,fdc5298f37171ebef69c58115d1ff4cf,1.127697774204479,6,패,2500
6a8fd016928cf1131200ed1c,fdc5298f37171ebef69c58115d1ff4cf,1.127697774204479,6,패,2500
6a8fcd7c3f444b5972297f4d,fdc5298f37171ebef69c58115d1ff4cf,1.127697774204479,6,무,2500
6a8fca085c720431f4588f33,fdc5298f37171ebef69c58115d1ff4cf,1.127697774204479,6,무,2500
6a8ece0a340da51c98fedcbe,fdc5298f37171ebef69c58115d1ff4cf,1.127697774204479,6,패,2200
6a8ecb7c559597e9352dd897,fdc5298f37171ebef69c58115d1ff4cf,1.127697774204479,6,패,2200
6a8d35b17d29b33dbd86fe62,fdc5298f37171ebef69c58115d1ff4cf,1.127697774204479,6,승,2300
6a8d3304722529bd7ef0a3c8,fdc5298f37171ebef69c58115d1ff4cf,1.127697774204479,6,승,2300
6a8d3088642c8f7a7604f6d7,fdc5298f37171ebef69c58115d1ff4cf,1.127697774204479,6,무,2300
6a8d0b5311fd8b7897ac6e59,fdc5298f37171ebef69c58115d1ff4cf,1.127697774204479,6,패,2300
6a8d08b6f208527bf6881752,fdc5298f37171ebef69c58115d1ff4cf,1.127697774204479,6,무,2300
6a8c255a0380b0c2e7d4b17b,fdc5298f37171ebef69c58115d1ff4cf,1.127697774204479,6,승,2300
6a8c2291c9b49e526e6c74e1,fdc5298f37171ebef69c58115d1ff4cf,1.127697774204479,6,승,2300
6a8bbd4c08293b4e746a71a8,fdc5298f37171ebef69c58115d1ff4cf,1.127697774204479,6,무,2300
6a8bb855d85bc64dcfbb8287,fdc5298f37171ebef69c58115d1ff4cf,1.127697774204479,6,무,2300
6a8bb5bffb5d05805486ba2a,fdc5298f37171ebef69c58115d1ff4cf,1.127697774204479,6,승,2300
6a8ade3aa1bec7535b16a31f,fdc5298f37171ebef69c58115d1ff4cf,1.127697774204479,6,승,2400
6a894ba2868a1f67631d3db3,fdc5298f37171ebef69c58115d1ff4cf,1.0947034860672058,6,무,2400
6a8948f112c79c7f2e6d174d,fdc5298f37171ebef69c58115d1ff4cf,1.0921401904359838,6,패,2400
6a89466205d9f317e06bae8d,fdc5298f37171ebef69c58115d1ff4cf,1.0921401904359838,6,패,2400
6a893ef343d23eb1c9f05e8f,fdc5298f37171ebef69c58115d1ff4cf,1.0947034860672058,6,패,2400
6a89362115d890fdcacd89c9,fdc5298f37171ebef69c58115d1ff4cf,1.0947034860672058,6,무,2400
6a893385fb4a663a1489433e,fdc5298f37171ebef69c58115d1ff4cf,1.0947034860672058,6,패,2400
6a8931086f13bf00ad7dadc3,fdc5298f37171ebef69c58115d1ff4cf,1.0947034860672058,6,패,2400
6a87f02c6e86c411335691a6,fdc5298f37171ebef69c58115d1ff4cf,1.0947034860672058,6,패,2400
6a87ed321eddf5329a3fbe65,fdc5298f37171ebef69c58115d1ff4cf,1.0947034860672058,6,무,2400
6a87ea43811f51491d53e7d9,fdc5298f37171ebef69c58115d1ff4cf,1.0947034860672058,6,승,2400
6a87e747477a080843971bb4,fdc5298f37171ebef69c58115d1ff4cf,1.0947034860672058,6,패,2400
6a87e49170958970c74b8504,fdc5298f37171ebef69c58115d1ff4cf,1.0947034860672058,6,승,2400
6a86d7fb6651de9b346042c8,fdc5298f37171ebef69c58115d1ff4cf,1.0947034860672058,6,승,2400
6a8589f7fdf190587d5da5c9,fdc5298f37171ebef69c58115d1ff4cf,1.0947034860672058,6,패,2400
6a8546b7a6e450517bd92f2a,fdc5298f37171ebef69c58115d1ff4cf,1.0947034860672058,6,승,2400
6a85440b8f977f07082750b4,fdc5298f37171ebef69c58115d1ff4cf,1.0947034860672058,6,무,2500
6a83f2c5d9f39948b00d3f5f,fdc5298f37171ebef69c58115d1ff4cf,1.1031650789867513,6,패,2400
6a83f010eb89e94288a54a9b,fdc5298f37171ebef69c58115d1ff4cf,1.1031650789867513,6,승,2400
6a83ebe5eb3aad74f8ae890a,fdc5298f37171ebef69c58115d1ff4cf,1.1067051785168456,6,패,2500
6a829e0d43660e70e099e6aa,fdc5298f37171ebef69c58115d1ff4cf,1.112288027393032,6,패,2500
6a81980764346a4ef3648eea,fdc5298f37171ebef69c58115d1ff4cf,1.112288027393032,6,무,2500
6a81956ea33519bb488733cf,fdc5298f37171ebef69c58115d1ff4cf,1.112288027393032,6,패,2500
6a8130a5de234609a7f01fe2,fdc5298f37171ebef69c58115d1ff4cf,1.112288027393032,6,패,2500
6a7fe299fb798714ce3dc26d,fdc5298f37171ebef69c58115d1ff4cf,1.112288027393032,6,승,2500
6a7fdfd43d8030d87c73a432,fdc5298f37171ebef69c58115d1ff4cf,1.112288027393032,6,패,2500
6a7e6f8740d5f05c27228bb9,fdc5298f37171ebef69c58115d1ff4cf,1.112288027393032,6,패,2500
6a7d9c709b42f30692439df8,fdc5298f37171ebef69c58115d1ff4cf,1.112288027393032,6,승,2500
6a7d99b75beff5dae08f8c7e,fdc5298f37171ebef69c58115d1ff4cf,1.112288027393032,6,패,2500
6a7d942d41977737c91dc2c8,fdc5298f37171ebef69c58115d1ff4cf,1.112288027393032,6,패,2500
6a7d918fbdd2ff5f6e41a89c,fdc5298f37171ebef69c58115d1ff4cf,1.112288027393032,6,패,2500
6a7d4549c1b9e97517a7d8a9,fdc5298f37171ebef69c58115d1ff4cf,1.112288027393032,6,승,2500
6a7bef14e3fa3347d0a1ca83,fdc5298f37171ebef69c58115d1ff4cf,1.112288027393032,6,패,2500
6a7b0ed38d7f88176ba78fff,fdc5298f37171ebef69c58115d1ff4cf,1.112288027393032,6,패,2400
6a7b0afc5fced081b0cb132c,fdc5298f37171ebef69c58115d1ff4cf,1.112288027393032,6,패,2400
6a7a81bcac347c5766a9d124,fdc5298f37171ebef69c58115d1ff4cf,1.112288027393032,6,승,2400
6a780ba5f2f43c37734131e7,fdc5298f37171ebef69c58115d1ff4cf,1.112288027393032,6,승,2400
6a7809197074c820c608a132,fdc5298f37171ebef69c58115d1ff4cf,1.112288027393032,6,패,2400
6a78067e1b468b293e42dc9e,fdc5298f37171ebef69c58115d1ff4cf,1.112288027393032,6,패,2400
6a9ab1e1a6c50535e2c8d256,a39a4c2dd36fa625be25fdbb25c40921,1.1336796626827625,3,패,2300
6a9aac05555e544a3f8d236d,a39a4c2dd36fa625be25fdbb25c40921,1.1336796626827625,3,패,2200
6a9aa926b2dccdd4d5c2f040,a39a4c2dd36fa625be25fdbb25c40921,1.1336796626827628,3,무,2200
6a9aa539c8c0fae7fa21c80c,a39a4c2dd36fa625be25fdbb25c40921,1.1336796626827625,3,패,2200
6a9aa2bab5a1a44547fa510d,a39a4c2dd36fa625be25fdbb25c40921,1.1336796626827628,3,승,2200
6a9a9e8310ab7744435648be,a39a4c2dd36fa625be25fdbb25c40921,1.1336796626827625,3,승,2300
6a9a8a442bd93b182c024019,a39a4c2dd36fa625be25fdbb25c40921,1.1363633236548638,4,패,2200
6a9a7e7b47d235e1e777ca01,a39a4c2dd36fa625be25fdbb25c40921,1.1363633236548638,4,승,2200
6a9a76b9d4b0f3c256ccf45c,a39a4c2dd36fa625be25fdbb25c40921,1.1363633236548638,4,무,2200
6a954e66dceab0b4c52a1829,a39a4c2dd36fa625be25fdbb25c40921,1.1363633236548638,4,패,2200
6a95494ebb792b6188f8216b,a39a4c2dd36fa625be25fdbb25c40921,1.1363633236548638,4,승,2200
6a9546eccbdf674d05fd1415,a39a4c2dd36fa625be25fdbb25c40921,1.1363633236548638,4,승,2200
6a95387fa4dc35c8fc7e2188,a39a4c2dd36fa625be25fdbb25c40921,1.1363633236548636,4,패,2200
6a9535d0f689e0f15250879b,a39a4c2dd36fa625be25fdbb25c40921,1.1363633236548638,4,패,2200
6a953304e58d71781d7cc573,a39a4c2dd36fa625be25fdbb25c40921,1.1363633236548638,4,승,2200
6a9530365cd90c5d4e901400,a39a4c2dd36fa625be25fdbb25c40921,1.1363633236548638,4,승,2200
6a9524ae3c82747103786748,a39a4c2dd36fa625be25fdbb25c40921,1.1336796626827625,3,패,2200
6a95223b9172a114d614078f,a39a4c2dd36fa625be25fdbb25c40921,1.1336796626827625,3,승,2200
6a917152cee2f856ab6d9b85,a39a4c2dd36fa625be25fdbb25c40921,1.1245252942189885,6,패,2200
6a916e9e7b80443aa289c4b6,a39a4c2dd36fa625be25fdbb25c40921,1.1245252942189885,6,무,2200
6a916bb582000027e9060358,a39a4c2dd36fa625be25fdbb25c40921,1.1245252942189887,6,패,2100
6a9166c61ff8674a655f16c5,a39a4c2dd36fa625be25fdbb25c40921,1.1245252942189885,6,승,2200
6a9163e32b75388212ea7d55,a39a4c2dd36fa625be25fdbb25c40921,1.1245252942189887,6,승,2200
6a9161014ad3e9d14be0b63e,a39a4c2dd36fa625be25fdbb25c40921,1.1245252942189885,6,패,2200
6a915db7ad8a82947422d65c,a39a4c2dd36fa625be25fdbb25c40921,1.1245252942189885,6,승,2200
6a915b0f892cc9f199e8be64,a39a4c2dd36fa625be25fdbb25c40921,1.1245252942189887,6,패,2200
6a915160c84e20a1c13be8d4,a39a4c2dd36fa625be25fdbb25c40921,1.1245252942189887,6,승,2200
6a914d75f0f4c55c77e261b0,a39a4c2dd36fa625be25fdbb25c40921,1.1245252942189887,6,무,2200
6a914adb8f11856cbca96113,a39a4c2dd36fa625be25fdbb25c40921,1.1245252942189887,6,무,2200
6a91482068617269a6f67c5c,a39a4c2dd36fa625be25fdbb25c40921,1.1245252942189885,6,승,2200
6a914586ead3523513a25f33,a39a4c2dd36fa625be25fdbb25c40921,1.1245252942189887,6,승,2200
6a913f0d96e4d08e0d37bba2,a39a4c2dd36fa625be25fdbb25c40921,1.1245252942189887,6,무,2200
6a9028886e40f83647ec2092,a39a4c2dd36fa625be25fdbb25c40921,1.1245252942189887,6,승,2200
6a9025a8407758b2d09a4146,a39a4c2dd36fa625be25fdbb25c40921,1.1245252942189885,6,승,2200
6a902311b7c16957abd4b1cb,a39a4c2dd36fa625be25fdbb25c40921,1.1245252942189887,6,승,2200
6a902009bc5a5c20ddba8e88,a39a4c2dd36fa625be25fdbb25c40921,1.1245252942189887,6,승,2200
6a901647d3064f4551cec8a4,a39a4c2dd36fa625be25fdbb25c40921,1.1245252942189887,6,패,2200
6a90120f45bf350fb27fd149,a39a4c2dd36fa625be25fdbb25c40921,1.1245252942189887,6,패,2200
6a900f1ba0cfbc4fa60ef1a5,a39a4c2dd36fa625be25fdbb25c40921,1.1245252942189887,6,승,2300
6a900c7c748f38128c678f87,a39a4c2dd36fa625be25fdbb25c40921,1.1245252942189885,6,승,2300
6a900993f9e5bd53997d251c,a39a4c2dd36fa625be25fdbb25c40921,1.1245252942189885,6,무,2300
6a90043d576474302f044c85,a39a4c2dd36fa625be25fdbb25c40921,1.1245252942189887,6,승,2300
6a9001b3cdd6dff7031b60ad,a39a4c2dd36fa625be25fdbb25c40921,1.126668508674502,6,승,2300
6a8ff932cf258e243db77c0f,a39a4c2dd36fa625be25fdbb25c40921,1.1301214956213894,6,승,2300
6a8ff59027a7cb34afec0985,a39a4c2dd36fa625be25fdbb25c40921,1.1301214956213894,6,패,2300
6a8ff2e03d7697f26e130b5b,a39a4c2dd36fa625be25fdbb25c40921,1.1301214956213892,6,무,2300
6a8ff0674f802dec94e246d0,a39a4c2dd36fa625be25fdbb25c40921,1.1301214956213894,6,무,2300
6a8fedd1703b8a849462ea1b,a39a4c2dd36fa625be25fdbb25c40921,1.1301214956213894,6,승,2300
6a8feb26a95b166d4c4a0fdf,a39a4c2dd36fa625be25fdbb25c40921,1.1301214956213894,6,승,2300
6a8c27bee9ae471b866a0e9d,a39a4c2dd36fa625be25fdbb25c40921,1.1294808326492924,6,패,2300
6a8c1e05614d5db3aa38ed6d,a39a4c2dd36fa625be25fdbb25c40921,1.1352911140760886,6,승,2300
6a8c1b6bd74c846d0264bc36,a39a4c2dd36fa625be25fdbb25c40921,1.1350042878172706,6,승,2300
6a8c18e1498ab05fef9cae6d,a39a4c2dd36fa625be25fdbb25c40921,1.1294808326492924,6,무,2300
6a8c13824241805fb024868d,a39a4c2dd36fa625be25fdbb25c40921,1.1352911140760886,6,패,2300
6a8c10ae87aa49288ee70c52,a39a4c2dd36fa625be25fdbb25c40921,1.1352911140760886,6,승,2300
6a8c0e1ab3e589349618cff9,a39a4c2dd36fa625be25fdbb25c40921,1.1350042878172706,6,승,2300
6a8c08b433012be60e22c3f4,a39a4c2dd36fa625be25fdbb25c40921,1.1352911140760886,6,패,2300
6a8c04e1ed4a1783c378f400,a39a4c2dd36fa625be25fdbb25c40921,1.127011483326619,6,패,2300
6a8c01c252e5ff44245bf9cf,a39a4c2dd36fa625be25fdbb25c40921,1.1352911140760886,6,승,2400
6a8bfdb0240a6fc27b56da08,a39a4c2dd36fa625be25fdbb25c40921,1.1294808326492924,6,승,2400
6a8bfb10ada299d52b413ca6,a39a4c2dd36fa625be25fdbb25c40921,1.1352911140760886,6,승,2400
6a8bf8ac177a07057a1a655a,a39a4c2dd36fa625be25fdbb25c40921,1.1352911140760886,6,패,2400
6a8bf51abea4aa44a35c21e8,a39a4c2dd36fa625be25fdbb25c40921,1.1352911140760886,6,패,2400
6a8bf27b0e5bb4530bf8ffee,a39a4c2dd36fa625be25fdbb25c40921,1.1352911140760886,6,승,2400
6a8bed167628510c607174c0,a39a4c2dd36fa625be25fdbb25c40921,1.1128526352329808,6,승,2400
6a884416188422f325b1ada4,a39a4c2dd36fa625be25fdbb25c40921,1.1106701121691251,6,승,2500
6a88419a6d7922de836d19be,a39a4c2dd36fa625be25fdbb25c40921,1.1352911140760888,6,무,2500
6a883f06be365603cdefe670,a39a4c2dd36fa625be25fdbb25c40921,1.1352911140760886,6,패,2400
6a9eb9c498e292a664d2df4e,a94cdfcb7f2f4271402f568a98f5b202,1.0966979713741767,6,승,2400
6a9ea60a46473d5653b1057b,a94cdfcb7f2f4271402f568a98f5b202,1.1106974079544751,6,패,2400
6a9d4bf1bcf860c5b8ed7855,a94cdfcb7f2f4271402f568a98f5b202,1.1106974079544751,6,패,2300
6a9d493ab27df8df8bebe3de,a94cdfcb7f2f4271402f568a98f5b202,1.1106974079544751,6,승,2300
6a9d46809efb8d11e4459405,a94cdfcb7f2f4271402f568a98f5b202,1.1106974079544751,6,승,2300
6a9d3fbe7d0bf791884d6dae,a94cdfcb7f2f4271402f568a98f5b202,1.1106974079544754,6,패,2300
6a9d3924c9cd27d26b4a4fa6,a94cdfcb7f2f4271402f568a98f5b202,1.1106974079544754,6,승,2300
6a9d356448cfd92bb22e67bd,a94cdfcb7f2f4271402f568a98f5b202,1.1106974079544751,6,패,2300
6a9d32d12dcaea6a170c06e7,a94cdfcb7f2f4271402f568a98f5b202,1.1106974079544751,6,승,2300
6a9d2217cf49fe4f8d934650,a94cdfcb7f2f4271402f568a98f5b202,1.117515566170542,6,무,2300
6a9d1f63de08487a46d42727,a94cdfcb7f2f4271402f568a98f5b202,1.1175155661705418,6,패,2300
6a9d1cb453311c910d862424,a94cdfcb7f2f4271402f568a98f5b202,1.117515566170542,6,패,2300
6a9bf0decca26218d04d7d47,a94cdfcb7f2f4271402f568a98f5b202,1.11136549852637,6,무,2200
6a9beaf930232c27a8d01bd4,a94cdfcb7f2f4271402f568a98f5b202,1.1128214903949576,6,승,2200
6a9be78d0d927564c7e1ac4d,a94cdfcb7f2f4271402f568a98f5b202,1.1128214903949576,6,무,2200
6a9bc0124a5adc84ec4a4329,a94cdfcb7f2f4271402f568a98f5b202,1.1069011605809966,6,패,2200
6a9bb5d6e975b8cae57c4020,a94cdfcb7f2f4271402f568a98f5b202,1.1067773246136912,6,패,2200
6a9bb3285fa04b9a4e1e6fa0,a94cdfcb7f2f4271402f568a98f5b202,1.1067773246136912,6,무,2200
6a9ba77d2ffeeac4eceb64f5,a94cdfcb7f2f4271402f568a98f5b202,1.1243102413229629,6,승,2200
6a9ba4c31c6bc8346a624f97,a94cdfcb7f2f4271402f568a98f5b202,1.1243102413229629,6,승,2200
6a9ba2093f004d4e8160ebb0,a94cdfcb7f2f4271402f568a98f5b202,1.1243102413229629,6,무,2200
6a9b9f752f7b0ee91c4fef41,a94cdfcb7f2f4271402f568a98f5b202,1.1243102413229629,6,패,2200
6a9b9ccbf2f5b2685b47be0b,a94cdfcb7f2f4271402f568a98f5b202,1.1243102413229629,6,패,2200
6a9b958f995f65cbd8a8fb04,a94cdfcb7f2f4271402f568a98f5b202,1.1164392462025887,6,패,2200
6a9ae82474402343b550f2e2,a94cdfcb7f2f4271402f568a98f5b202,1.127642342842045,6,패,2100
6a9ae37fa7617f06acbc1693,a94cdfcb7f2f4271402f568a98f5b202,1.132055802303049,6,패,2100
6a9ae0f805722e420c802c88,a94cdfcb7f2f4271402f568a98f5b202,1.132055802303049,6,승,2100
6a9adaba7be3261e4ada1186,a94cdfcb7f2f4271402f568a98f5b202,1.12964212943507,6,패,2100
6a9ac8bb7fdaa59ab3b19cd2,a94cdfcb7f2f4271402f568a98f5b202,1.12964212943507,6,무,2100
6a9ac58203a2c7cd2177b8db,a94cdfcb7f2f4271402f568a98f5b202,1.12964212943507,6,승,2100
6a9ac284f0c2d60e2b62ea0a,a94cdfcb7f2f4271402f568a98f5b202,1.12964212943507,6,승,2200
6a9a82991c18d64f43098b41,a94cdfcb7f2f4271402f568a98f5b202,1.12964212943507,6,패,2100
6a9a7fb882668a3d7be80972,a94cdfcb7f2f4271402f568a98f5b202,1.1296421294350698,6,승,2100
6a9a7d1ed531374bcd58bc0b,a94cdfcb7f2f4271402f568a98f5b202,1.12964212943507,6,승,2100
6a9a78235a616213daa0287f,a94cdfcb7f2f4271402f568a98f5b202,1.12964212943507,6,승,2100
6a9a753c8d5dcebfe392f5bf,a94cdfcb7f2f4271402f568a98f5b202,1.12964212943507,6,무,2100
6a9a726caf804ca214c8f075,a94cdfcb7f2f4271402f568a98f5b202,1.1247690735627864,6,승,2200
6a9a6c09f6eb8d4561a0b7bf,a94cdfcb7f2f4271402f568a98f5b202,1.1296421294350698,6,무,2200
6a9a66d318c010c86b40fb74,a94cdfcb7f2f4271402f568a98f5b202,1.12964212943507,6,승,2200
6a997ba02a0b1755429fdaa8,a94cdfcb7f2f4271402f568a98f5b202,1.12964212943507,6,패,2200
6a996856294c3045afca0dde,a94cdfcb7f2f4271402f568a98f5b202,1.130675004636297,6,승,2200
6a996545973666dad77dacda,a94cdfcb7f2f4271402f568a98f5b202,1.1314116477486051,6,패,2100
6a9961a1c7d281035160f92f,a94cdfcb7f2f4271402f568a98f5b202,1.130675004636297,6,승,2200
6a995e2b6235f0d2e56a78bc,a94cdfcb7f2f4271402f568a98f5b202,1.130675004636297,6,패,2100
6a995b91f685bf7af0accd90,a94cdfcb7f2f4271402f568a98f5b202,1.130675004636297,6,무,2100
6a99586239d96f209966d1ae,a94cdfcb7f2f4271402f568a98f5b202,1.130675004636297,6,승,2200
6a993b54e8caec5739dc3cd0,a94cdfcb7f2f4271402f568a98f5b202,1.1332089909746383,6,승,2100
6a993886b6976e2416b88913,a94cdfcb7f2f4271402f568a98f5b202,1.1332089909746383,6,패,2100
6a9934d40469bd0dca8750bf,a94cdfcb7f2f4271402f568a98f5b202,1.1332089909746383,6,무,2100
6a981f6b35711710bd7c523a,a94cdfcb7f2f4271402f568a98f5b202,1.111802306765978,6,패,2100
6a981ca64d38c234b239a544,a94cdfcb7f2f4271402f568a98f5b202,1.111802306765978,6,승,2100
6a9819d2684f72caa467c77e,a94cdfcb7f2f4271402f568a98f5b202,1.1134005650792966,6,승,2100
6a9816f9c0cdebcbc2bdafbe,a94cdfcb7f2f4271402f568a98f5b202,1.1134005650792966,6,패,2100
6a9813fd8d024d7da8cbb929,a94cdfcb7f2f4271402f568a98f5b202,1.1134005650792966,6,승,2100
6a980e8fa600b2571315430c,a94cdfcb7f2f4271402f568a98f5b202,1.126412877100099,6,패,2100
6a980bf5814c475e8f7c8276,a94cdfcb7f2f4271402f568a98f5b202,1.126412877100099,6,승,2100
6a9805a68a45c07aee631957,a94cdfcb7f2f4271402f568a98f5b202,1.1264128771000992,6,승,2200
6a97eb7a884f0c6944183a15,a94cdfcb7f2f4271402f568a98f5b202,1.1264128771000992,6,승,2100
6a97e54abec6dd1124fbb8ef,a94cdfcb7f2f4271402f568a98f5b202,1.125318642567774,5,승,2100
6a96d12d36c5b0d7f01080e4,a94cdfcb7f2f4271402f568a98f5b202,1.125318642567774,5,패,2100
6a96c2796e7a554516488903,a94cdfcb7f2f4271402f568a98f5b202,1.125318642567774,5,승,2100
6a96be3c7aae715394a6e3e2,a94cdfcb7f2f4271402f568a98f5b202,1.132602284219908,5,패,2100
6a96bbb7843ef6123dc66f15,a94cdfcb7f2f4271402f568a98f5b202,1.132602284219908,5,패,2100
6a96b3624a9e47d4a26221b8,a94cdfcb7f2f4271402f568a98f5b202,1.132602284219908,5,패,2100
6a96b0bc29470c33bab8280e,a94cdfcb7f2f4271402f568a98f5b202,1.132602284219908,5,패,2100
6a96adecf4c474f9daa4fdeb,a94cdfcb7f2f4271402f568a98f5b202,1.132602284219908,5,무,2100
6a96aade70549a4bc69e297f,a94cdfcb7f2f4271402f568a98f5b202,1.132602284219908,5,승,2100
6a968ee4e4f825911ed9c530,a94cdfcb7f2f4271402f568a98f5b202,1.128270180553562,5,패,2100
6a9eae5193790dc344778156,045e619c2d436f39d0be9fd716673990,1.1587577597030405,6,패,2300
6a9ea99eb5a1a452891e3b7f,045e619c2d436f39d0be9fd716673990,1.1587577597030405,6,무,2300
6a9ea69aec7213227a57bd1a,045e619c2d436f39d0be9fd716673990,1.1587577597030405,6,승,2300
6a9ea3c5fc97c27d23aee80c,045e619c2d436f39d0be9fd716673990,1.1587577597030405,6,승,2400
6a9d46ff961a9070d00ac47d,045e619c2d436f39d0be9fd716673990,1.1587577597030405,6,패,2300
6a9d42968b948da95da9aac3,045e619c2d436f39d0be9fd716673990,1.1587577597030405,6,승,2400
6a9d37ba4a615c5121eab532,045e619c2d436f39d0be9fd716673990,1.1587577597030405,6,승,2400
6a9d03362fc071121279dbd8,045e619c2d436f39d0be9fd716673990,1.1288343261626355,6,패,2300
6a9cf7ff9978e328917036a5,045e619c2d436f39d0be9fd716673990,1.0783663839190052,8,패,2300
6a9cf4a1483ddd292d36570a,045e619c2d436f39d0be9fd716673990,1.1288343261626357,6,승,2300
6a9cf1813537e13fd238b912,045e619c2d436f39d0be9fd716673990,1.1288343261626357,6,패,2300
6a9ceeb0b469f86fae7a2e8d,045e619c2d436f39d0be9fd716673990,1.1288343261626357,6,패,2300
6a9ceb43096046566d7475b8,045e619c2d436f39d0be9fd716673990,1.1196064709075444,6,패,2300
6a9baca1b2511d0413078943,045e619c2d436f39d0be9fd716673990,1.1296938665566245,6,무,2200
6a9ba7f5b797f0d01c0a4cc7,045e619c2d436f39d0be9fd716673990,1.1296938665566245,6,패,2200
6a9ab6d888df1bac4a7c9066,045e619c2d436f39d0be9fd716673990,1.1296938665566245,6,패,2200
6a9ab3a99ea03833766fdf9e,045e619c2d436f39d0be9fd716673990,1.11553596727582,3,승,2200
6a9aab210af261e796c6c2e8,045e619c2d436f39d0be9fd716673990,1.1240054388063843,6,패,2200
6a9a72f760a4c085ab95a32c,045e619c2d436f39d0be9fd716673990,1.124005438806384,6,무,2200
6a9a6fb77596bfcba48e1922,045e619c2d436f39d0be9fd716673990,1.1240054388063843,6,승,2200
6a992a2b232a27998f1ec326,045e619c2d436f39d0be9fd716673990,1.124005438806384,6,패,2200
6a99271dbea64fcc02ef3d68,045e619c2d436f39d0be9fd716673990,1.1240054388063843,6,패,2200
6a992472f5896aefed3884ca,045e619c2d436f39d0be9fd716673990,1.1240054388063843,6,패,2200
6a991cb0a5d267f14a01012d,045e619c2d436f39d0be9fd716673990,1.1240054388063843,6,승,2200
6a9809dc2c4bf86ff1fb6d0d,045e619c2d436f39d0be9fd716673990,1.124005438806384,6,승,2200
6a97d286decdb3e5a11d4203,045e619c2d436f39d0be9fd716673990,1.1240054388063843,6,승,2200
6a97ce777e01a0bef00ed6f9,045e619c2d436f39d0be9fd716673990,1.1240054388063843,6,승,2300
6a97cba4770bb5d57b46b29f,045e619c2d436f39d0be9fd716673990,1.1240054388063843,6,패,2200
6a97c7f8ec2d0bd3345cd0c4,045e619c2d436f39d0be9fd716673990,1.124005438806384,6,패,2200
6a96c71cad6ce0383418050a,045e619c2d436f39d0be9fd716673990,1.1259515775850109,6,패,2200
6a96c4188c223c295f866823,045e619c2d436f39d0be9fd716673990,1.1259515775850109,6,패,2200
6a95337ca7dd23bd701ad60e,045e619c2d436f39d0be9fd716673990,1.145366168943901,6,승,2200
6a95308b00cf5a7dafdb49b3,045e619c2d436f39d0be9fd716673990,1.145366168943901,6,승,2200
6a952de24c60bdfd6403d5f4,045e619c2d436f39d0be9fd716673990,1.145366168943901,6,패,2200
6a952b234ad3e9e77fffe5b5,045e619c2d436f39d0be9fd716673990,1.145366168943901,6,패,2200
6a952772543e2cb40dbb8fff,045e619c2d436f39d0be9fd716673990,1.145366168943901,6,승,2200
6a9524b82dd64ded8ea2947b,045e619c2d436f39d0be9fd716673990,1.145366168943901,6,패,2200
6a93ecbc690bc861c2e4e320,045e619c2d436f39d0be9fd716673990,1.145366168943901,6,승,2200
6a93e9c7a2fa5ec9f126591a,045e619c2d436f39d0be9fd716673990,1.1629550334903285,4,승,2200
6a93e6ee7fbc9c6a73e8b695,045e619c2d436f39d0be9fd716673990,1.1453661689439008,6,승,2300
6a93e109c0333d62fa0e093c,045e619c2d436f39d0be9fd716673990,1.1435076010636205,5,패,2200
6a93de23f2fa610032f7d2d6,045e619c2d436f39d0be9fd716673990,1.0935124350253984,8,무,2200
6a93b57f2740f275b5fd0d7f,045e619c2d436f39d0be9fd716673990,1.1520724259906832,2,승,2300
6a93b2a24cfad89d8fdcd63d,045e619c2d436f39d0be9fd716673990,1.1453661689439008,6,무,2300
6a93afaec9f723d32891b66a,045e619c2d436f39d0be9fd716673990,1.1480455556538045,6,패,2200
6a93ab900c8fa1bd1ddabacd,045e619c2d436f39d0be9fd716673990,1.1481961320432648,6,승,2300
6a9316ddf6836eab73b59887,045e619c2d436f39d0be9fd716673990,1.1481961320432645,6,승,2300
6a93142d24f660ab9fa192d7,045e619c2d436f39d0be9fd716673990,1.1481961320432645,6,패,2200
6a9307077b9103043d170fdf,045e619c2d436f39d0be9fd716673990,1.1481961320432645,6,패,2200
6a92ce17a68095b19b34d11e,045e619c2d436f39d0be9fd716673990,1.1481961320432645,6,패,2200
6a92cadb66ea831fd6a304cb,045e619c2d436f39d0be9fd716673990,1.1464995051144475,5,승,2200
6a92c7f636c5b07fb0f0641e,045e619c2d436f39d0be9fd716673990,1.1481961320432645,6,패,2200
6a924553edb3c224e8e3f186,045e619c2d436f39d0be9fd716673990,1.1266271334370273,6,패,2200
6a9242ababcc949bae01b368,045e619c2d436f39d0be9fd716673990,1.126627133437027,6,무,2200
6a923fddd95a906459e46865,045e619c2d436f39d0be9fd716673990,1.126627133437027,6,승,2200
6a923cab3e230b2fb162ce22,045e619c2d436f39d0be9fd716673990,1.1266271334370273,6,패,2200
6a9239d9fe7c19c0bede8e72,045e619c2d436f39d0be9fd716673990,1.126627133437027,6,승,2200
6a9233f8242d371dadce94af,045e619c2d436f39d0be9fd716673990,1.1266271334370273,6,패,2200
6a92314c4df84f955c2e08b4,045e619c2d436f39d0be9fd716673990,1.1266271334370273,6,패,2200
6a922e2cf5322f30d75c47b3,045e619c2d436f39d0be9fd716673990,1.126627133437027,6,승,2200
6a922b4921f85b2234abefcf,045e619c2d436f39d0be9fd716673990,1.1266271334370273,6,패,2200
6a92274f45863306a8d7c2b2,045e619c2d436f39d0be9fd716673990,1.126627133437027,6,패,2200
6a917c7d62ca877a8d3be939,045e619c2d436f39d0be9fd716673990,1.126627133437027,6,승,2300
6a9179dae4d3e3e1666b0e38,045e619c2d436f39d0be9fd716673990,1.126627133437027,6,승,2300
6a9177025d674d0f7a1c72b1,045e619c2d436f39d0be9fd716673990,1.126627133437027,6,패,2300
6a91746fb47b59476b493062,045e619c2d436f39d0be9fd716673990,1.1266271334370273,6,승,2300
6a9171a6d016606c240c0bd1,045e619c2d436f39d0be9fd716673990,1.1266271334370273,6,패,2300
6a916ecabfd9a21a6c7ac32d,045e619c2d436f39d0be9fd716673990,1.126627133437027,6,승,2300
6a916bdb1b3cba754949a9b4,045e619c2d436f39d0be9fd716673990,1.126627133437027,6,승,2300
6a9131b3e4f8252167ae6730,045e619c2d436f39d0be9fd716673990,1.1266271334370273,6,승,2300
6a912ec357837ef6968b5374,045e619c2d436f39d0be9fd716673990,1.1266271334370273,6,승,2300
6a90351f2d34ab011808ed2a,045e619c2d436f39d0be9fd716673990,1.126627133437027,6,승,2400
6a90309bd7014d2f27b3aacd,045e619c2d436f39d0be9fd716673990,1.1266271334370273,6,패,2400
6a902d29086525d824c2a65e,045e619c2d436f39d0be9fd716673990,1.1266271334370273,6,승,2400
6a902a75f922b8161923fad7,045e619c2d436f39d0be9fd716673990,1.126627133437027,6,승,2400
6a8edf00bca6965e55c1a375,045e619c2d436f39d0be9fd716673990,1.113696477841221,4,패,2400
6a8edc5d28fd9fe8f167070c,045e619c2d436f39d0be9fd716673990,1.1266271334370273,6,패,2400
6a8ed9d6f70084b6b547e6e9,045e619c2d436f39d0be9fd716673990,1.126627133437027,6,무,2400
6a8ed711445cac05ab494fdb,045e619c2d436f39d0be9fd716673990,1.126627133437027,6,무,2400
6a8d96bb9e9a0921ec2e69c8,045e619c2d436f39d0be9fd716673990,1.0770667571421888,5,패,2400
6a9eb87366473da353e02cd3,3dd9781d4444446ed5122c40e97adbb2,1.197219625384887,5,패,2300
6a9eb1bf1306f4beb24b0c84,3dd9781d4444446ed5122c40e97adbb2,1.197219625384887,5,승,2400
6a9e15bd9f8daf247e541df3,3dd9781d4444446ed5122c40e97adbb2,1.1972196253848868,5,무,2400
6a9e12f47b1660a559528db3,3dd9781d4444446ed5122c40e97adbb2,1.1972196253848868,5,승,2400
6a9d573efc97c20518a57168,3dd9781d4444446ed5122c40e97adbb2,1.1950932375997636,5,패,2300
6a9d5053d09d4be9cc0a019c,3dd9781d4444446ed5122c40e97adbb2,1.1950932375997638,5,패,2300
6a9d4d76cef8f117cba0bbcb,3dd9781d4444446ed5122c40e97adbb2,1.1950932375997638,5,패,2300
6a9ce760e58a1f39450a1fd7,3dd9781d4444446ed5122c40e97adbb2,1.1949285825846192,5,무,2300
6a9ce414fab3e6b59151d325,3dd9781d4444446ed5122c40e97adbb2,1.1949285825846192,5,패,2300
6a9cb00ceaf94d19ddd3f158,3dd9781d4444446ed5122c40e97adbb2,1.1949285825846192,5,승,2200
6a9cacf58700749d8f6a8cbb,3dd9781d4444446ed5122c40e97adbb2,1.1742086509701852,5,패,2200
6a9caa034b3ae0123b662b43,3dd9781d4444446ed5122c40e97adbb2,1.1742086509701852,5,승,2200
6a9ca7669c1ba5e1a5da58fb,3dd9781d4444446ed5122c40e97adbb2,1.1742086509701852,5,패,2200
6a9ca3efc15e952ea7f76fb5,3dd9781d4444446ed5122c40e97adbb2,1.1950932375997638,5,무,2200
6a9ca0bd4aa7df3a13260b0b,3dd9781d4444446ed5122c40e97adbb2,1.1950932375997638,5,패,2200
6a9c196d48e7ce8085b839d4,3dd9781d4444446ed5122c40e97adbb2,1.200206995151237,5,승,2300
6a9c16ad231f0c2d13f616d6,3dd9781d4444446ed5122c40e97adbb2,1.1950932375997638,5,무,2300
6a9c0881ad90266e96ad18e5,3dd9781d4444446ed5122c40e97adbb2,1.1949285825846192,5,무,2300
6a9a4d029f4202da8b414d00,3dd9781d4444446ed5122c40e97adbb2,1.1949285825846192,5,승,2400
6a9a49d8c522d209df05c531,3dd9781d4444446ed5122c40e97adbb2,1.1949285825846192,5,패,2300
6a9a4709c361432e58a831e4,3dd9781d4444446ed5122c40e97adbb2,1.1949285825846192,5,패,2300
6a9a42df6fd4aa2fac190a48,3dd9781d4444446ed5122c40e97adbb2,1.1949285825846192,5,패,2300
6a9a3917a1617f6c2fbef4f0,3dd9781d4444446ed5122c40e97adbb2,1.1949285825846192,5,패,2200
6a9a31688890ce3ef8e6db72,3dd9781d4444446ed5122c40e97adbb2,1.1949285825846192,5,승,2300
6a9a2d910ae8491f92a3ab96,3dd9781d4444446ed5122c40e97adbb2,1.1950932375997638,5,패,2200
6a9a2ad674b5895359745adc,3dd9781d4444446ed5122c40e97adbb2,1.1950932375997636,5,승,2300
6a9a27b93801911a41906367,3dd9781d4444446ed5122c40e97adbb2,1.1950932375997638,5,승,2300
6a9a1d24d15e4f7071c742e8,3dd9781d4444446ed5122c40e97adbb2,1.1939228558069588,5,패,2300
6a9a07ec5a9d28e1fa3ac782,3dd9781d4444446ed5122c40e97adbb2,1.1908752133449567,5,승,2300
6a9a040dd801851cdee2ca1c,3dd9781d4444446ed5122c40e97adbb2,1.190875213344957,5,승,2300
6a99fff8cb2cb1bb0f77584a,3dd9781d4444446ed5122c40e97adbb2,1.190875213344957,5,패,2300
6a99fcdebc931d8a997b6dc5,3dd9781d4444446ed5122c40e97adbb2,1.1908752133449567,5,승,2300
6a99f7bd77648c7fd073c282,3dd9781d4444446ed5122c40e97adbb2,1.190875213344957,5,패,2300
6a999348d25ace06455c837f,3dd9781d4444446ed5122c40e97adbb2,1.1908752133449567,5,무,2300
6a98e49a35426cf4f0a51a0e,3dd9781d4444446ed5122c40e97adbb2,1.1742086509701852,5,패,2300
6a98e1c72b8b8593305e976a,3dd9781d4444446ed5122c40e97adbb2,1.1742086509701852,5,승,2300
6a98de6381fbcf3a1237e728,3dd9781d4444446ed5122c40e97adbb2,1.1742086509701852,5,패,2300
6a983a36a68a86f621db158b,3dd9781d4444446ed5122c40e97adbb2,1.1908752133449567,5,패,2200
6a9824d6bace7b4e0403b693,3dd9781d4444446ed5122c40e97adbb2,1.1908752133449567,5,패,2200
6a98211fd0cd6b310122a05d,3dd9781d4444446ed5122c40e97adbb2,1.1908752133449567,5,승,2200
6a981bb288646189633d99e8,3dd9781d4444446ed5122c40e97adbb2,1.1831510704650179,4,승,2300
6a96e269f1fa641feab8f853,3dd9781d4444446ed5122c40e97adbb2,1.1831510704650179,4,승,2300
6a96d4eddbbab6d1e5746ceb,3dd9781d4444446ed5122c40e97adbb2,1.1950932375997638,5,패,2200
6a96b755616a0eba3460b52e,3dd9781d4444446ed5122c40e97adbb2,1.1950932375997638,5,승,2200
6a9596adf7037e92acc29ea1,3dd9781d4444446ed5122c40e97adbb2,1.190875213344957,5,무,2200
6a9588fd62979a84db7dffda,3dd9781d4444446ed5122c40e97adbb2,1.1950932375997638,5,패,2200
6a943a1c2a6b1f70bfb8e84d,3dd9781d4444446ed5122c40e97adbb2,1.1950932375997638,5,무,2200
6a94374abd053ae06803a979,3dd9781d4444446ed5122c40e97adbb2,1.1950932375997638,5,패,2200
6a94340354595406ed820ca4,3dd9781d4444446ed5122c40e97adbb2,1.1908752133449567,5,승,2200
6a9431312f5407f4a3317c0e,3dd9781d4444446ed5122c40e97adbb2,1.1908752133449572,5,승,2200
6a942e5fb2ecd80270980c79,3dd9781d4444446ed5122c40e97adbb2,1.1973763360541312,5,승,2200
6a9427727fe077a261de2978,3dd9781d4444446ed5122c40e97adbb2,1.1908752133449572,5,승,2200
6a940becedd20fa1a4589adb,3dd9781d4444446ed5122c40e97adbb2,1.1908752133449567,5,패,2200
6a9409588854d19cb37025dc,3dd9781d4444446ed5122c40e97adbb2,1.1908752133449567,5,승,2200
6a9395462c19475002e241e1,3dd9781d4444446ed5122c40e97adbb2,1.1908752133449567,5,승,2200
6a9392681301f44ff97a26e2,3dd9781d4444446ed5122c40e97adbb2,1.1908752133449567,5,승,2200
6a938f72cf5d826e5d11c815,3dd9781d4444446ed5122c40e97adbb2,1.1908752133449567,5,승,2300
6a938c822fab4172122812ec,3dd9781d4444446ed5122c40e97adbb2,1.190875213344957,5,무,2300
6a92fb819d5e725c27021756,3dd9781d4444446ed5122c40e97adbb2,1.190875213344957,5,패,2200
6a92f863992ee2b297524057,3dd9781d4444446ed5122c40e97adbb2,1.1908752133449567,5,승,2300
6a92dc262ab9a1077c0da254,3dd9781d4444446ed5122c40e97adbb2,1.190875213344957,5,무,2200
6a92d58b5a0c9b74bfb3c90b,3dd9781d4444446ed5122c40e97adbb2,1.190875213344957,5,패,2200
6a92d1b74ebe0d67f36afcf8,3dd9781d4444446ed5122c40e97adbb2,1.1908752133449567,5,패,2200
6a92c7433f1fb384190ec97b,3dd9781d4444446ed5122c40e97adbb2,1.1831510704650179,4,무,2200
6a92c3e5a682aa1628b81316,3dd9781d4444446ed5122c40e97adbb2,1.1908752133449567,5,패,2200
6a92be8d88643497a5c7a401,3dd9781d4444446ed5122c40e97adbb2,1.1908752133449567,5,승,2200
6a92bb881ccb8fb6a47cdf92,3dd9781d4444446ed5122c40e97adbb2,1.1908752133449567,5,승,2300
6a929be5458633c922dc394d,3dd9781d4444446ed5122c40e97adbb2,1.1908752133449567,5,패,2200
6a9298c64e1e5981286834b0,3dd9781d4444446ed5122c40e97adbb2,1.1908752133449567,5,패,2200
6a9295b95b0dbc5e54a913af,3dd9781d4444446ed5122c40e97adbb2,1.1908752133449567,5,무,2200
6a9210ff18037bc8c5fc8c97,3dd9781d4444446ed5122c40e97adbb2,1.1950932375997638,5,승,2200
6a920e289f0eb6678073677f,3dd9781d4444446ed5122c40e97adbb2,1.1950932375997638,5,승,2300
6a91fde9157a4439a9b7f417,3dd9781d4444446ed5122c40e97adbb2,1.1950932375997638,5,승,2300
6a91fb154a9c1737b10d2122,3dd9781d4444446ed5122c40e97adbb2,1.1950932375997638,5,무,2300
6a91f81df0bdc01bff45b84d,3dd9781d4444446ed5122c40e97adbb2,1.1950932375997638,5,승,2300
6a9e2c9467b177bf5c6f4a4f,1aeb6097683f8c33f25e134e930645c6,1.102576341010807,6,승,2200
6a9e292ad24f573557474b98,1aeb6097683f8c33f25e134e930645c6,1.102576341010807,6,승,2200
6a9e26463ddcee7a8353fcc9,1aeb6097683f8c33f25e134e930645c6,1.1018625725014872,6,패,2200
6a9e237d0a08e01bbb45133f,1aeb6097683f8c33f25e134e930645c6,1.101862572501487,6,패,2100
6a9e207e854e7d554644ffaf,1aeb6097683f8c33f25e134e930645c6,1.1025763410108067,6,승,2200
6a9e1d652e2254530dff3b55,1aeb6097683f8c33f25e134e930645c6,1.102576341010807,6,패,2100
6a9cc7934ca0c0d33b0e0d79,1aeb6097683f8c33f25e134e930645c6,1.1025763410108065,6,패,2100
6a9cc4bfde3ca98a8919129d,1aeb6097683f8c33f25e134e930645c6,1.102576341010807,6,승,2100
6a9cc1291a3e5640e98afb9d,1aeb6097683f8c33f25e134e930645c6,1.1025763410108067,6,승,2200
6a9cbe7d101f7cffb55f154e,1aeb6097683f8c33f25e134e930645c6,1.1025763410108067,6,패,2100
6a9cbbbf0f327baa2a87f2bc,1aeb6097683f8c33f25e134e930645c6,1.1025763410108067,6,무,2100
6a9c8648222bf9466e3e73c1,1aeb6097683f8c33f25e134e930645c6,1.1059374652501655,6,패,2100
6a9c805d579b7b6badfc6b16,1aeb6097683f8c33f25e134e930645c6,1.103039058037665,6,패,2100
6a9c7d9a4fdccf4f7e9ac450,1aeb6097683f8c33f25e134e930645c6,1.1014714003057893,6,무,2100
6a9c7ad39d7290144842f37e,1aeb6097683f8c33f25e134e930645c6,1.1014714003057893,6,승,2100
6a9c7240a756b083a22cc689,1aeb6097683f8c33f25e134e930645c6,1.1043644291557884,6,무,2100
6a9c6efefae8f367231e9dab,1aeb6097683f8c33f25e134e930645c6,1.1043644291557884,6,무,2100
6a9b3dfcd9df570f77777965,1aeb6097683f8c33f25e134e930645c6,1.1043644291557884,6,승,2200
6a9b3adbb0091625c9a54821,1aeb6097683f8c33f25e134e930645c6,1.1043644291557881,6,승,2200
6a9b381edf41d595c95c0e2f,1aeb6097683f8c33f25e134e930645c6,1.1043644291557884,6,무,2200
6a9b3575c0906eb7da58a2f7,1aeb6097683f8c33f25e134e930645c6,1.1043644291557884,6,승,2200
6a9b32c5ee86b3ba435aa42e,1aeb6097683f8c33f25e134e930645c6,1.1043644291557881,6,승,2200
6a9a454b7c084ba61ce3e1e8,1aeb6097683f8c33f25e134e930645c6,1.1043644291557881,6,승,2200
6a9a4274c3491a5916c36bf1,1aeb6097683f8c33f25e134e930645c6,1.1043644291557884,6,무,2200
6a9a3f877c75d4f18cdae534,1aeb6097683f8c33f25e134e930645c6,1.1043644291557884,6,승,2300
6a9a371750edc3263d64ff24,1aeb6097683f8c33f25e134e930645c6,1.1223979375281632,6,패,2200
6a9a33e46ee22a636ab46e05,1aeb6097683f8c33f25e134e930645c6,1.1223979375281632,6,무,2200
6a9a1a3610bac73a78c87327,1aeb6097683f8c33f25e134e930645c6,1.1223979375281632,6,패,2300
6a9a143229576aff41401b1a,1aeb6097683f8c33f25e134e930645c6,1.1231890162874076,6,패,2300
6a9a116aee53c20a681a0ef1,1aeb6097683f8c33f25e134e930645c6,1.1223979375281632,6,승,2300
6a9a0ebc961a909469ecb143,1aeb6097683f8c33f25e134e930645c6,1.1223979375281632,6,무,2300
6a9a096363cba740dbc09027,1aeb6097683f8c33f25e134e930645c6,1.1167548274110175,6,패,2300
6a9a06d5b8891d9291237d45,1aeb6097683f8c33f25e134e930645c6,1.1214151639602932,6,무,2300
6a9a03ff6f9e0cd612f5668a,1aeb6097683f8c33f25e134e930645c6,1.1214151639602932,6,패,2200
6a9a0168f3d8bf2affcf4e28,1aeb6097683f8c33f25e134e930645c6,1.1214151639602934,6,패,2200
6a99fde6c5989a29a1212b0d,1aeb6097683f8c33f25e134e930645c6,1.1214151639602932,6,승,2200
6a99fadb049c036e7bc7c058,1aeb6097683f8c33f25e134e930645c6,1.1214151639602932,6,무,2200
6a99f7e302fd2a50e3f3ca9f,1aeb6097683f8c33f25e134e930645c6,1.121415163960293,6,승,2200
6a99f54463f92b7ec30dd588,1aeb6097683f8c33f25e134e930645c6,1.1223979375281632,6,무,2200
6a99f29ebafd3bf2ba9195cb,1aeb6097683f8c33f25e134e930645c6,1.121415163960293,6,패,2200
6a9883bc37e02680e9497f46,1aeb6097683f8c33f25e134e930645c6,1.1142822685722178,6,무,2200
6a9880fc33f7d65b53dd0b25,1aeb6097683f8c33f25e134e930645c6,1.1142822685722178,6,승,2200
6a980dd6e2981015d3ee8604,1aeb6097683f8c33f25e134e930645c6,1.1142822685722178,6,패,2200
6a980807fefe1d7a0dbca3ea,1aeb6097683f8c33f25e134e930645c6,1.1142822685722178,6,승,2300
6a9805116821012eaec9c52b,1aeb6097683f8c33f25e134e930645c6,1.1142822685722178,6,패,2200
6a95b47856d7698b57094187,1aeb6097683f8c33f25e134e930645c6,1.1142822685722178,6,승,2300
6a95b1b687742eb4cea2199b,1aeb6097683f8c33f25e134e930645c6,1.1142822685722178,6,무,2300
6a95aedf80b92b4092d37601,1aeb6097683f8c33f25e134e930645c6,1.1142822685722178,6,패,2200
6a95aa51c01683689dc72136,1aeb6097683f8c33f25e134e930645c6,1.1142822685722178,6,무,2200
6a95a7c9a46c576296779048,1aeb6097683f8c33f25e134e930645c6,1.1142822685722178,6,패,2200
6a95a256611c5e21af152ea1,1aeb6097683f8c33f25e134e930645c6,1.1142822685722178,6,무,2200
6a959f950c84d7bdcaafa543,1aeb6097683f8c33f25e134e930645c6,1.1142822685722178,6,패,2200
6a93535f35605967b170c451,1aeb6097683f8c33f25e134e930645c6,1.1142822685722178,6,승,2200
6a934fc6e50d55835debcec1,1aeb6097683f8c33f25e134e930645c6,1.1142822685722178,6,패,2200
6a934d0b221c892e2099ab19,1aeb6097683f8c33f25e134e930645c6,1.1142822685722176,6,무,2200
6a91e4605cc25fa8d8ad647f,1aeb6097683f8c33f25e134e930645c6,1.1142822685722178,6,승,2200
6a91e1b3c379f133d6784df9,1aeb6097683f8c33f25e134e930645c6,1.1142822685722178,6,패,2200
6a91df15d57547f5c4c743d3,1aeb6097683f8c33f25e134e930645c6,1.1142822685722178,6,패,2200
6a91dc773fa3f34b6dadf0cb,1aeb6097683f8c33f25e134e930645c6,1.1142822685722178,6,패,2200
6a91d9d68d745324c854e185,1aeb6097683f8c33f25e134e930645c6,1.1142822685722178,6,무,2200
6a91d70cf60000002653b303,1aeb6097683f8c33f25e134e930645c6,1.1142822685722178,6,무,2200
6a91d451c43c82590ad20bd9,1aeb6097683f8c33f25e134e930645c6,1.1142822685722178,6,승,2200
6a916a3c6e1cb19a70413fb5,1aeb6097683f8c33f25e134e930645c6,1.1142822685722176,6,패,2200
6a9163a202de6582608f6647,1aeb6097683f8c33f25e134e930645c6,1.1134284901736227,6,패,2200
6a9160be88e879c120818c6c,1aeb6097683f8c33f25e134e930645c6,1.1134284901736227,6,패,2200
6a8f0f65d01ff14efc42de2d,1aeb6097683f8c33f25e134e930645c6,1.1134284901736227,6,패,2100
6a8f0ccd1a661932f2efd0e6,1aeb6097683f8c33f25e134e930645c6,1.1134284901736227,6,패,2100
6a8f09fb3b9561db87d1cce6,1aeb6097683f8c33f25e134e930645c6,1.1134284901736227,6,무,2100
6a8ed8d932a73ad3606320ea,1aeb6097683f8c33f25e134e930645c6,1.1134284901736227,6,승,2100
6a8de33ae0c365d33a2fd5ca,1aeb6097683f8c33f25e134e930645c6,1.1134284901736227,6,승,2200
6a8de08cb08aae5724d0368c,1aeb6097683f8c33f25e134e930645c6,1.1134284901736227,6,무,2200
6a8dddee3e15250b310c3b08,1aeb6097683f8c33f25e134e930645c6,1.1134284901736227,6,승,2200
6a8ddb5f80715ea15d0eb2b3,1aeb6097683f8c33f25e134e930645c6,1.1134284901736227,6,무,2200
6a8dbb1e1a25ab1bf6d4c945,1aeb6097683f8c33f25e134e930645c6,1.1134284901736227,6,승,2200
6a8db89e277cafa95353afc1,1aeb6097683f8c33f25e134e930645c6,1.1134284901736227,6,패,2200
6a8d6f9cc22b29009a70fe1b,1aeb6097683f8c33f25e134e930645c6,1.1134284901736227,6,승,2200
6a8be113850a7654c90cee08,1aeb6097683f8c33f25e134e930645c6,1.1208861426822825,6,패,2200
6a8bdb84714229b9a1e703ef,1aeb6097683f8c33f25e134e930645c6,1.1248165149408658,6,패,2200
6a8bd8e87bbdeaee1e0717da,1aeb6097683f8c33f25e134e930645c6,1.1248165149408655,6,패,2200
6a8bd40a4e2e78561d992ac5,1aeb6097683f8c33f25e134e930645c6,1.1248165149408653,6,승,2200
6a8bd1415f523d8ea8d9cb7f,1aeb6097683f8c33f25e134e930645c6,1.1258644599854575,6,패,2200
6a7bba5de61120bfde7db0d3,1aeb6097683f8c33f25e134e930645c6,1.1258644599854575,6,무,2200
6a9ec5587a0e9917dc6f5768,ccbd0006f4012e007d1110ac9fcf11fd,1.1135883630502035,6,패,2000
6a9ec0b0ec1e3e72ebef1de1,ccbd0006f4012e007d1110ac9fcf11fd,1.1135883630502035,6,패,2000
6a9e5dda4204413db21d9102,ccbd0006f4012e007d1110ac9fcf11fd,1.1149940381656898,6,무,2000
6a9e40b19f9c6e971413ec22,ccbd0006f4012e007d1110ac9fcf11fd,1.1145219453009263,6,패,2000
6a9e39078ad30221df6d6ffb,ccbd0006f4012e007d1110ac9fcf11fd,1.1145219453009265,6,승,2000
6a9e2cfacc8b792a2c93ec0a,ccbd0006f4012e007d1110ac9fcf11fd,1.1149940381656898,6,패,2000
6a9e290803178ea3ecc7811a,ccbd0006f4012e007d1110ac9fcf11fd,1.1145219453009265,6,승,2000
6a9e11b303178e9491c6f6e0,ccbd0006f4012e007d1110ac9fcf11fd,1.1145219453009265,6,승,2000
6a9e0d133e3e4d912f75de73,ccbd0006f4012e007d1110ac9fcf11fd,1.1145219453009265,6,무,2000
6a9d7aefc578983b278e3c1b,ccbd0006f4012e007d1110ac9fcf11fd,1.1135883630502035,6,패,2000
6a9d7031c877a66d0bef8a8d,ccbd0006f4012e007d1110ac9fcf11fd,1.11499403816569,6,패,2000
6a9d6964ba431437999ea657,ccbd0006f4012e007d1110ac9fcf11fd,1.1149940381656902,6,무,2000
6a9d5b31235fd024a3baceab,ccbd0006f4012e007d1110ac9fcf11fd,1.1149940381656898,6,패,2000
6a9d57c5e4dfb1444e2ef6e3,ccbd0006f4012e007d1110ac9fcf11fd,1.1149940381656902,6,승,2000
6a9d256ca94484665db48fcc,ccbd0006f4012e007d1110ac9fcf11fd,1.1145219453009265,6,무,2000
6a9d1f43f9807bffe6db9711,ccbd0006f4012e007d1110ac9fcf11fd,1.1135883630502033,6,패,2000
6a9d10ca5be03c2daa7c56b1,ccbd0006f4012e007d1110ac9fcf11fd,1.1149940381656898,6,패,2000
6a9d07dd23a63f2f1c0c438d,ccbd0006f4012e007d1110ac9fcf11fd,1.1145219453009265,6,승,2000
6a9d02c572081fb714d7bd53,ccbd0006f4012e007d1110ac9fcf11fd,1.1145219453009265,6,승,2000
6a9cea9ab256d2709c4f163a,ccbd0006f4012e007d1110ac9fcf11fd,1.1149940381656898,6,승,2100
6a9ce4e0c522d228841dcc73,ccbd0006f4012e007d1110ac9fcf11fd,1.1145219453009265,6,무,2100
6a9cc95840de9647cb811a0a,ccbd0006f4012e007d1110ac9fcf11fd,1.11499403816569,6,무,2100
6a9cbf8705722ec7be905b68,ccbd0006f4012e007d1110ac9fcf11fd,1.1149940381656902,6,패,2100
6a9cb42817989b4c6a232ad1,ccbd0006f4012e007d1110ac9fcf11fd,1.1145219453009265,6,무,2100
6a9caec5563786695e691828,ccbd0006f4012e007d1110ac9fcf11fd,1.1145219453009265,6,승,2100
6a9c411ef7faab2fb6a57d34,ccbd0006f4012e007d1110ac9fcf11fd,1.1145219453009265,6,승,2100
6a9c39d5a631365a28244d5a,ccbd0006f4012e007d1110ac9fcf11fd,1.1145219453009265,6,패,2100
6a9c368bfe150bd4c22e5eb4,ccbd0006f4012e007d1110ac9fcf11fd,1.1145219453009265,6,승,2100
6a9c1e473e308e4f34c3c002,ccbd0006f4012e007d1110ac9fcf11fd,1.1145219453009265,6,승,2200
6a9ba8ab3f162273704e4f36,ccbd0006f4012e007d1110ac9fcf11fd,1.1263262055764987,6,패,2200
6a9b984c7e75543eda323005,ccbd0006f4012e007d1110ac9fcf11fd,1.1147515525415148,6,무,2200
6a9b94e765feb8b2d14befca,ccbd0006f4012e007d1110ac9fcf11fd,1.1263262055764987,6,무,2100
6a9b83135b08a08492d9e769,ccbd0006f4012e007d1110ac9fcf11fd,1.1263262055764987,6,무,2100
6a9b6f7a89b7de063bfa9817,ccbd0006f4012e007d1110ac9fcf11fd,1.1263262055764987,6,패,2100
6a9b6addc5dc7a45b525f65c,ccbd0006f4012e007d1110ac9fcf11fd,1.1147515525415146,6,패,2100
6a9b660fc57e4cb5a031a45f,ccbd0006f4012e007d1110ac9fcf11fd,1.1263262055764989,6,승,2100
6a9b5dfbad7f73fc0e777850,ccbd0006f4012e007d1110ac9fcf11fd,1.1263262055764987,6,승,2100
6a9adc1cbf3a611436adb998,ccbd0006f4012e007d1110ac9fcf11fd,1.1147515525415146,6,패,2200
6a9acdb8a2c10c4889c981e1,ccbd0006f4012e007d1110ac9fcf11fd,1.1147515525415148,6,패,2200
6a9ac5330c69f8417d550efe,ccbd0006f4012e007d1110ac9fcf11fd,1.1263262055764987,6,무,2200
6a9ac0ee8954e2447cab92cd,ccbd0006f4012e007d1110ac9fcf11fd,1.1263262055764989,6,승,2200
6a9a6539110679dcf1989a63,ccbd0006f4012e007d1110ac9fcf11fd,1.1263262055764987,6,무,2200
6a9a610a4103cf8211c21cb1,ccbd0006f4012e007d1110ac9fcf11fd,1.1263262055764987,6,승,2100
6a9a2fcf7e2ebc0ca0fc3737,ccbd0006f4012e007d1110ac9fcf11fd,1.1263262055764987,6,패,2200
6a9a1f5a5374a5e0b014d0f7,ccbd0006f4012e007d1110ac9fcf11fd,1.1263262055764987,6,승,2100
6a9a13d61540e3496c8c3c65,ccbd0006f4012e007d1110ac9fcf11fd,1.1147515525415148,6,승,2200
6a9a0a6ce593373afdf097cc,ccbd0006f4012e007d1110ac9fcf11fd,1.1147515525415146,6,패,2100
6a999d1780d91cad272d37e4,ccbd0006f4012e007d1110ac9fcf11fd,1.1263262055764987,6,패,2100
6a999508e0c11a2be4892e2c,ccbd0006f4012e007d1110ac9fcf11fd,1.1147515525415146,6,패,2100
6a998fe34be8787d6d743736,ccbd0006f4012e007d1110ac9fcf11fd,1.1147515525415146,6,패,2100
6a9968213635cf1492de15e2,ccbd0006f4012e007d1110ac9fcf11fd,1.1147515525415148,6,패,2100
6a99244c47c522610e58a892,ccbd0006f4012e007d1110ac9fcf11fd,1.1263262055764984,6,패,2000
6a99213b41eb188cdd64f814,ccbd0006f4012e007d1110ac9fcf11fd,1.1263262055764984,6,패,2000
6a99154c81675f6c929fcaff,ccbd0006f4012e007d1110ac9fcf11fd,1.1263262055764987,6,승,2000
6a9907cfe5bc1b234adc2492,ccbd0006f4012e007d1110ac9fcf11fd,1.1147515525415146,6,패,2000
6a98fe2012ef440684e5dd86,ccbd0006f4012e007d1110ac9fcf11fd,1.1263262055764984,6,무,2000
6a98ed9df29501719c4a61a9,ccbd0006f4012e007d1110ac9fcf11fd,1.1263262055764987,6,패,2000
6a98e9f2773dd040ebc633bc,ccbd0006f4012e007d1110ac9fcf11fd,1.1147515525415146,6,패,2000
6a9834da4c86873fc42a0816,ccbd0006f4012e007d1110ac9fcf11fd,1.1263262055764987,6,승,2100
6a98311298e58264053b726c,ccbd0006f4012e007d1110ac9fcf11fd,1.1263262055764984,6,승,2100
6a982cc9155ebf5fd14354e1,ccbd0006f4012e007d1110ac9fcf11fd,1.1263262055764987,6,승,2100
6a98199e89a5e9242e3adb6f,ccbd0006f4012e007d1110ac9fcf11fd,1.1263262055764989,6,승,2200
6a9812c18928494b9659593a,ccbd0006f4012e007d1110ac9fcf11fd,1.1263262055764984,6,승,2200
6a97c0e3f82e5cf1184da698,ccbd0006f4012e007d1110ac9fcf11fd,1.1147515525415148,6,패,2200
6a97a6eb9258c0e2378eb5f4,ccbd0006f4012e007d1110ac9fcf11fd,1.1263262055764987,6,승,2200
6a97a2c78df204596dcc198e,ccbd0006f4012e007d1110ac9fcf11fd,1.1263262055764987,6,승,2100
6a979bda1b38b665faa9c592,ccbd0006f4012e007d1110ac9fcf11fd,1.1263262055764984,6,승,2100
6a9792ab6cce5fd617418d62,ccbd0006f4012e007d1110ac9fcf11fd,1.1263262055764984,6,패,2100
6a976b4d5c58f76075229cba,ccbd0006f4012e007d1110ac9fcf11fd,1.1147515525415148,6,승,2100
6a9765ecf922b858635de23a,ccbd0006f4012e007d1110ac9fcf11fd,1.1263262055764984,6,무,2100
6a9762c98784276257019760,ccbd0006f4012e007d1110ac9fcf11fd,1.1147515525415146,6,승,2100
6a96dd92d8b9e912937990d4,ccbd0006f4012e007d1110ac9fcf11fd,1.1147515525415146,6,패,2200
6a96d9377fbc9c1c78ffac02,ccbd0006f4012e007d1110ac9fcf11fd,1.1263262055764987,6,무,2100
6a96d42e1178fd8598b1424f,ccbd0006f4012e007d1110ac9fcf11fd,1.1263262055764987,6,패,2100
6a96cde9df3bf3417a1d5991,ccbd0006f4012e007d1110ac9fcf11fd,1.1147515525415148,6,패,2100
6a96c342682101101dc0c7bc,ccbd0006f4012e007d1110ac9fcf11fd,1.1147515525415146,6,패,2200
6a9685c1b6fbe29637dc6195,ccbd0006f4012e007d1110ac9fcf11fd,1.1263262055764987,6,승,2100
6a9682e1b2ecd843c0a80f71,ccbd0006f4012e007d1110ac9fcf11fd,1.1263262055764987,6,승,2100
6a966c6cb8d653c0a55b909b,ccbd0006f4012e007d1110ac9fcf11fd,1.1147515525415146,6,무,2200
6a96681603c17452ce66c611,ccbd0006f4012e007d1110ac9fcf11fd,1.1147515525415148,6,승,2100
6a963c310a25801ca169791e,ccbd0006f4012e007d1110ac9fcf11fd,1.1265812210866104,6,승,2200
6a962815decf2cdbb3c61fa4,ccbd0006f4012e007d1110ac9fcf11fd,1.13117818444474,6,무,2200
6a96222998ce04659134db01,ccbd0006f4012e007d1110ac9fcf11fd,1.1265812210866104,6,승,2200
6a95894a1055eeaa03cee9c2,ccbd0006f4012e007d1110ac9fcf11fd,1.1265812210866104,6,무,2200
6a957bcd64c0a4a918c35e0f,ccbd0006f4012e007d1110ac9fcf11fd,1.1265812210866102,6,패,2200
6a95244000c1d9202d7576da,ccbd0006f4012e007d1110ac9fcf11fd,1.1265812210866104,6,무,2200
6a95126c4c52a0effe603184,ccbd0006f4012e007d1110ac9fcf11fd,1.1265812210866104,6,패,2200
6a94fa34690764d898172995,ccbd0006f4012e007d1110ac9fcf11fd,1.1265812210866104,6,무,2200
6a94f085413a8912f7939658,ccbd0006f4012e007d1110ac9fcf11fd,1.1265812210866104,6,패,2200
6a94e4fd2cfb3756f4f23497,ccbd0006f4012e007d1110ac9fcf11fd,1.1265812210866102,6,패,2100
6a94dfcec80124bf9f6481a1,ccbd0006f4012e007d1110ac9fcf11fd,1.1265812210866104,6,무,2100
6a94d40de36236f68fda642e,ccbd0006f4012e007d1110ac9fcf11fd,1.1265812210866104,6,승,2200
6a94cc8bffd0e322d203b826,ccbd0006f4012e007d1110ac9fcf11fd,1.1265812210866102,6,승,2200
6a94c743dfd9c4c15c3d6d88,ccbd0006f4012e007d1110ac9fcf11fd,1.13117818444474,6,무,2200
6a9f1c5f7a451681fca41c37,5b9e9e8450ac477fe54048e54f86aa30,1.1382321896288867,6,패,2200
6a9f109f4d7c9d5156bd28f0,5b9e9e8450ac477fe54048e54f86aa30,1.1382321896288867,6,패,2200
6a9dae2c9354b5237b8fdd9c,5b9e9e8450ac477fe54048e54f86aa30,1.1382321896288867,6,패,2200
6a9d60faee7364f4d4a0ba15,5b9e9e8450ac477fe54048e54f86aa30,1.1382321896288867,6,패,2200
6a9c6a6657d6028072c8d662,5b9e9e8450ac477fe54048e54f86aa30,1.1382321896288867,6,패,2200
6a9c673a7a76dd91639d9838,5b9e9e8450ac477fe54048e54f86aa30,1.1382321896288867,6,패,2100
6a9b61867df32006e4b4449b,5b9e9e8450ac477fe54048e54f86aa30,1.1382321896288867,6,패,2100
6a9b2c1038019131da9a54a9,5b9e9e8450ac477fe54048e54f86aa30,1.1513999780710635,6,승,2100
6a9a123c2a31b7515bebb0d6,5b9e9e8450ac477fe54048e54f86aa30,1.1382321896288867,6,승,2100
6a9a0ccfe87586e4bb511a94,5b9e9e8450ac477fe54048e54f86aa30,1.1382321896288867,6,무,2200
6a99c77b509b332b2716acd6,5b9e9e8450ac477fe54048e54f86aa30,1.1382321896288867,6,패,2200
6a99c490d8bc9cad93eb0fef,5b9e9e8450ac477fe54048e54f86aa30,1.1513999780710633,6,승,2200
6a97386f22475d627eed19a1,5b9e9e8450ac477fe54048e54f86aa30,1.1176935390583898,6,무,2200
6a97345116133bf0fd323184,5b9e9e8450ac477fe54048e54f86aa30,1.1176935390583898,6,무,2200
6a97298fc8cea8a275905694,5b9e9e8450ac477fe54048e54f86aa30,1.11769353905839,6,패,2100
6a96b73b45db0a54f3d46210,5b9e9e8450ac477fe54048e54f86aa30,1.1176935390583898,6,패,2100
6a96b4539e224c04c99efd0d,5b9e9e8450ac477fe54048e54f86aa30,1.1176935390583898,6,패,2100
6a96b1ec8d90f72015f8edb4,5b9e9e8450ac477fe54048e54f86aa30,1.1246664595845155,6,무,2100
6a95ee60f1c89cd1512eba9f,5b9e9e8450ac477fe54048e54f86aa30,1.1040196132501503,6,승,2100
6a93268c849cd9b092722f3e,5b9e9e8450ac477fe54048e54f86aa30,1.1186027188457737,6,승,2100
6a9322b795e49937e5f27767,5b9e9e8450ac477fe54048e54f86aa30,1.111629798319648,6,패,2100
6a932027cb414b5b7a67662d,5b9e9e8450ac477fe54048e54f86aa30,1.1186027188457734,6,승,2100
6a92b973ff8a2f7eb3cc7a74,5b9e9e8450ac477fe54048e54f86aa30,1.1116297983196481,6,무,2100
6a92b6aaf33c7d8a370174f7,5b9e9e8450ac477fe54048e54f86aa30,1.1116297983196477,6,패,2100
6a91d379b8d653559837d389,5b9e9e8450ac477fe54048e54f86aa30,1.1186027188457737,6,승,2200
6a90d414463d0eee59be4dbb,5b9e9e8450ac477fe54048e54f86aa30,1.1186027188457737,6,승,2200
6a90cfa1751a7ae1b9b46410,5b9e9e8450ac477fe54048e54f86aa30,1.1186027188457734,6,패,2200
6a90a6517d6e900523c73c0e,5b9e9e8450ac477fe54048e54f86aa30,1.111629798319648,6,승,2200
6a90a38efdc274fc90d8eec0,5b9e9e8450ac477fe54048e54f86aa30,1.1186027188457737,6,승,2200
6a909f86bfca25060e0b2852,5b9e9e8450ac477fe54048e54f86aa30,1.1116297983196477,6,무,2200
6a8f33d5aa936b4bcbd0f756,5b9e9e8450ac477fe54048e54f86aa30,1.1186027188457734,6,승,2200
6a8dc36baa8dce81271dba2e,5b9e9e8450ac477fe54048e54f86aa30,1.111629798319648,6,패,2200
6a8dbfe619192336a7b72bbd,5b9e9e8450ac477fe54048e54f86aa30,1.0746401763501505,9,패,2200
6a8ca8ef82e9155c865d3708,5b9e9e8450ac477fe54048e54f86aa30,1.1186027188457737,6,승,2200
6a8b64d47a6ad55866d9e1d6,5b9e9e8450ac477fe54048e54f86aa30,1.1186027188457737,6,승,2300
6a8981923e08b177a83a2ed3,5b9e9e8450ac477fe54048e54f86aa30,1.1186027188457737,6,무,2300
6a88ad096f889951de0dda12,5b9e9e8450ac477fe54048e54f86aa30,1.111629798319648,6,무,2300
6a88aa6076e8f37bca9e430f,5b9e9e8450ac477fe54048e54f86aa30,1.1186027188457734,6,무,2300
6a87dfe1f6b8eedde7e7c0bf,5b9e9e8450ac477fe54048e54f86aa30,1.111629798319648,6,패,2200
6a872d7f8d6a1955d2657718,5b9e9e8450ac477fe54048e54f86aa30,1.1186027188457737,6,패,2200
6a86d63ccb8707c19d465ab0,5b9e9e8450ac477fe54048e54f86aa30,1.1186027188457734,6,승,2200
6a86ca92a22d800592e0f8fd,5b9e9e8450ac477fe54048e54f86aa30,1.111629798319648,6,패,2200
6a849e0928356d8065c29d56,5b9e9e8450ac477fe54048e54f86aa30,1.1152879732192844,6,승,2300
6a846fcc3e0ea187e89cf6d1,5b9e9e8450ac477fe54048e54f86aa30,1.1140326228698754,6,패,2300
6a846953c8ad8de2c41b013a,5b9e9e8450ac477fe54048e54f86aa30,1.1140326228698754,6,패,2200
6a8454907689bde40584114e,5b9e9e8450ac477fe54048e54f86aa30,1.1152879732192844,6,무,2200
6a8450de3730f096d6a2279b,5b9e9e8450ac477fe54048e54f86aa30,1.1152879732192844,6,패,2200
6a844b1f6002d04babf216aa,5b9e9e8450ac477fe54048e54f86aa30,1.1140326228698754,6,승,2200
6a8447b4a84ade105f5b106e,5b9e9e8450ac477fe54048e54f86aa30,1.1231799710023933,6,승,2200
6a83764ab1ba4ad98171c4a3,5b9e9e8450ac477fe54048e54f86aa30,1.1223536306767428,6,승,2300
6a8372af57b9cf6d42a17a85,5b9e9e8450ac477fe54048e54f86aa30,1.1152879732192844,6,패,2200
6a8362a4f8946d1cb4dd4f0d,5b9e9e8450ac477fe54048e54f86aa30,1.1152879732192844,6,패,2200
6a835ff86da6641795a6e87c,5b9e9e8450ac477fe54048e54f86aa30,1.1152879732192844,6,승,2200
6a835d5dde38d2368d30f9d9,5b9e9e8450ac477fe54048e54f86aa30,1.1152879732192846,6,패,2200
6a82430eb750a159fdeb83bf,5b9e9e8450ac477fe54048e54f86aa30,1.1152879732192844,6,패,2200
6a823cab38a6365f0482af47,5b9e9e8450ac477fe54048e54f86aa30,1.119041375129313,6,패,2200
6a80bc929f9d8d3afb8429e1,5b9e9e8450ac477fe54048e54f86aa30,1.1129426099032977,6,패,2100
6a7f7d2fb3ddde00acf73246,5b9e9e8450ac477fe54048e54f86aa30,1.1129426099032977,6,패,2100
6a7dfedb7df8928102b5d486,5b9e9e8450ac477fe54048e54f86aa30,1.1129426099032977,6,패,2100
6a7df332ff797266fc10418a,5b9e9e8450ac477fe54048e54f86aa30,1.1208346076864066,6,승,2100
6a7de25a76ad5f90972fb7dc,5b9e9e8450ac477fe54048e54f86aa30,1.1208346076864066,6,승,2100
6a7ca0857babd53436e92db5,5b9e9e8450ac477fe54048e54f86aa30,1.1129426099032977,6,승,2200
6a7c8dba8a2b43134d24904c,5b9e9e8450ac477fe54048e54f86aa30,1.1109643769274171,6,패,2100
6a7c8652c681991fbcf21ebc,5b9e9e8450ac477fe54048e54f86aa30,1.1129426099032977,6,패,2100
6a7c81aa5d45cbd518a7179d,5b9e9e8450ac477fe54048e54f86aa30,1.1208346076864066,6,승,2100
6a7c73390e6ec602075f3020,5b9e9e8450ac477fe54048e54f86aa30,1.1129426099032977,6,패,2100
6a7c6f7ef10b3b4d5df629ea,5b9e9e8450ac477fe54048e54f86aa30,1.1129426099032977,6,패,2100
6a7c6c797b30df5dfe7c3cdc,5b9e9e8450ac477fe54048e54f86aa30,1.1129426099032977,6,승,2100
6a7b827490097650ae067b9a,5b9e9e8450ac477fe54048e54f86aa30,1.1129426099032977,6,패,2100
6a7b75fddf3b2e2b2c4b5cad,5b9e9e8450ac477fe54048e54f86aa30,1.1129426099032977,6,패,2100
6a7b6f3f7f32b179e42fd51c,5b9e9e8450ac477fe54048e54f86aa30,1.1129426099032977,6,패,2100
6a7b6c743792b71902c42586,5b9e9e8450ac477fe54048e54f86aa30,1.1208346076864069,6,패,2100
6a7b6a0a27c203d67607de43,5b9e9e8450ac477fe54048e54f86aa30,1.1208346076864066,6,승,2100
6a7b58850a286c3faf77201a,5b9e9e8450ac477fe54048e54f86aa30,1.1129426099032977,6,무,2100
6a7b3a7faf96925a90a52bdd,5b9e9e8450ac477fe54048e54f86aa30,1.1208346076864069,6,패,2100
6a7b30a277cd3f95438212f1,5b9e9e8450ac477fe54048e54f86aa30,1.1129426099032977,6,패,2100
6a7b2bb7bcdd4f0fb2bbcc66,5b9e9e8450ac477fe54048e54f86aa30,1.1129426099032977,6,패,2100
6a7b291ad70dfec49c5558da,5b9e9e8450ac477fe54048e54f86aa30,1.1129426099032977,6,패,2100
6a7b1ce5298f291c0d2fe9c8,5b9e9e8450ac477fe54048e54f86aa30,1.1208346076864066,6,무,2100
6a7b19207d7a7f353d43a624,5b9e9e8450ac477fe54048e54f86aa30,1.1208346076864066,6,승,2100
6a7b16979426add62ff53d84,5b9e9e8450ac477fe54048e54f86aa30,1.1208346076864066,6,승,2100
6a7b103e2391e672d9fd9715,5b9e9e8450ac477fe54048e54f86aa30,1.1129426099032975,6,패,2100
6a7afd8ad3f722b02a79cca1,5b9e9e8450ac477fe54048e54f86aa30,1.1129426099032977,6,패,2100
6a7af74854808216d6515854,5b9e9e8450ac477fe54048e54f86aa30,1.1129426099032975,6,무,2100
6a7af380acf3418c429d3d43,5b9e9e8450ac477fe54048e54f86aa30,1.1129426099032977,6,패,2100
6a9d7798981e90938afd46fe,d37d212aee9bdc96bfdf5d186d580951,1.1217804590504397,6,승,2200
6a9d748389b7de22ff0eff1d,d37d212aee9bdc96bfdf5d186d580951,1.1217804590504397,6,승,2300
6a9d71af9cc8328ca5722167,d37d212aee9bdc96bfdf5d186d580951,1.1217804590504397,6,패,2200
6a9d6eddccbf1a587d07adea,d37d212aee9bdc96bfdf5d186d580951,1.1217804590504397,6,승,2300
6a9d6c418088c9301bb2c320,d37d212aee9bdc96bfdf5d186d580951,1.1266282871962154,6,패,2200
6a9d696d57da44a68cb75fb7,d37d212aee9bdc96bfdf5d186d580951,1.1266282871962152,6,패,2200
6a9d66a8e0b0c4baa19b5393,d37d212aee9bdc96bfdf5d186d580951,1.1266282871962154,6,패,2200
6a9bb9a2fa2f3d708932d9c6,d37d212aee9bdc96bfdf5d186d580951,1.1428473582507437,6,승,2200
6a9bb6d0abc6940cd5538f01,d37d212aee9bdc96bfdf5d186d580951,1.142847358250744,6,승,2300
6a9bb418af049125beabf96a,d37d212aee9bdc96bfdf5d186d580951,1.1428473582507437,6,무,2300
6a9bb17ef0fcc239504c8ac0,d37d212aee9bdc96bfdf5d186d580951,1.1428473582507437,6,패,2200
6a9baed35b624736f779fa6f,d37d212aee9bdc96bfdf5d186d580951,1.1428473582507437,6,승,2300
6a9b922f00a2a67081ca431f,d37d212aee9bdc96bfdf5d186d580951,1.1428473582507437,6,패,2200
6a9b8f9c72389fd01c98d43f,d37d212aee9bdc96bfdf5d186d580951,1.1428473582507437,6,무,2200
6a9b8d0dee7364d4408e63a0,d37d212aee9bdc96bfdf5d186d580951,1.1428473582507437,6,패,2200
6a9b8a97aa175679d7adcdf3,d37d212aee9bdc96bfdf5d186d580951,1.1428473582507437,6,무,2200
6a9b87afb29b471029c933df,d37d212aee9bdc96bfdf5d186d580951,1.1428473582507437,6,승,2200
6a9b1f6147c52206276b3933,d37d212aee9bdc96bfdf5d186d580951,1.1428473582507437,6,패,2200
6a9b1cbdcc1cce350287497e,d37d212aee9bdc96bfdf5d186d580951,1.1428473582507437,6,패,2200
6a9b1a0217a5de796e26abc9,d37d212aee9bdc96bfdf5d186d580951,1.1428473582507437,6,승,2200
6a9b17778f582e227033b8a0,d37d212aee9bdc96bfdf5d186d580951,1.1428473582507437,6,패,2200
6a9b14e28a5801457790fcde,d37d212aee9bdc96bfdf5d186d580951,1.1428473582507437,6,패,2200
6a9b1230a717ba5c2c8c2441,d37d212aee9bdc96bfdf5d186d580951,1.1428473582507437,6,패,2200
6a9aaa183b8fb779adcc70fd,d37d212aee9bdc96bfdf5d186d580951,1.1428473582507437,6,승,2200
6a99162253ff2f6e6c1b6780,d37d212aee9bdc96bfdf5d186d580951,1.1433660030638957,6,승,2200
6a912883665aaf25bfeeda8a,d37d212aee9bdc96bfdf5d186d580951,1.1354893658852494,6,승,2300
6a912606a697b5dd9d0d7767,d37d212aee9bdc96bfdf5d186d580951,1.1354893658852494,6,패,2300
6a912363fad564c134ceaed3,d37d212aee9bdc96bfdf5d186d580951,1.1354893658852494,6,무,2300
6a9120a474a8f805fd01569e,d37d212aee9bdc96bfdf5d186d580951,1.1354893658852494,6,무,2300
6a911e07999de6941fa4c4f5,d37d212aee9bdc96bfdf5d186d580951,1.1282738814620912,6,패,2300
6a911b74318b83246b3deddb,d37d212aee9bdc96bfdf5d186d580951,1.1363981242981305,6,패,2200
6a910eef7adcee139d777e4b,d37d212aee9bdc96bfdf5d186d580951,1.128273881462091,6,승,2300
6a910c7290109c7f9caac80d,d37d212aee9bdc96bfdf5d186d580951,1.128273881462091,6,승,2300
6a9109f71137755647d8ae9c,d37d212aee9bdc96bfdf5d186d580951,1.1282738814620912,6,패,2300
6a91076961d6b5ec50132e36,d37d212aee9bdc96bfdf5d186d580951,1.1282738814620912,6,패,2200
6a9104db092faae0c3eee2f1,d37d212aee9bdc96bfdf5d186d580951,1.1282738814620912,6,무,2200
6a9101ccf27d82dc3ae4019b,d37d212aee9bdc96bfdf5d186d580951,1.1282738814620912,6,패,2200
6a907f08d74171d802625dbb,d37d212aee9bdc96bfdf5d186d580951,1.128273881462091,6,패,2200
6a907c48626c58d58104c642,d37d212aee9bdc96bfdf5d186d580951,1.1282738814620912,6,패,2200
6a9071df892849262e1db2b7,d37d212aee9bdc96bfdf5d186d580951,1.128273881462091,6,무,2200
6a906f32ddb39525da290ce0,d37d212aee9bdc96bfdf5d186d580951,1.128273881462091,6,승,2200
6a906cc2b4715c542595fbca,d37d212aee9bdc96bfdf5d186d580951,1.1282738814620912,6,패,2200
6a906a20c8cea822cd5aa919,d37d212aee9bdc96bfdf5d186d580951,1.128273881462091,6,무,2200
6a906773bc6302f6cbca8612,d37d212aee9bdc96bfdf5d186d580951,1.128273881462091,6,승,2200
6a9064ef3b995a32b6995b47,d37d212aee9bdc96bfdf5d186d580951,1.1282738814620912,6,패,2200
6a9061a5599fcf4fdb6621c2,d37d212aee9bdc96bfdf5d186d580951,1.1282738814620912,6,패,2200
6a905ed171cd119e09f7f267,d37d212aee9bdc96bfdf5d186d580951,1.1282738814620912,6,무,2200
6a905c0879ac6609ce653371,d37d212aee9bdc96bfdf5d186d580951,1.1282738814620912,6,승,2200
6a90576008b6401e7830dd29,d37d212aee9bdc96bfdf5d186d580951,1.1282738814620912,6,승,2200
6a9054b39b10bf15a2bde8a0,d37d212aee9bdc96bfdf5d186d580951,1.128273881462091,6,무,2200
6a8fc75c546fa4b371e5fc44,d37d212aee9bdc96bfdf5d186d580951,1.1282738814620912,6,승,2200
6a8fc4ff2651b56d61cf0708,d37d212aee9bdc96bfdf5d186d580951,1.1282738814620912,6,승,2200
6a8fc237599fcf97e65fac11,d37d212aee9bdc96bfdf5d186d580951,1.1282738814620912,6,승,2300
6a8fbfa5021e96289443cd77,d37d212aee9bdc96bfdf5d186d580951,1.1282738814620912,6,무,2300
6a8fbcb7f906fc246118c0f4,d37d212aee9bdc96bfdf5d186d580951,1.1282738814620912,6,무,2300
6a8fba0fab8b462b620c1973,d37d212aee9bdc96bfdf5d186d580951,1.128273881462091,6,패,2200
6a8fb7795fd7bd84d213a021,d37d212aee9bdc96bfdf5d186d580951,1.1282738814620912,6,패,2200
6a8fb4cb8aa8e83c6591daaf,d37d212aee9bdc96bfdf5d186d580951,1.1282738814620912,6,승,2200
6a8fb23a9e224c46f966376c,d37d212aee9bdc96bfdf5d186d580951,1.1282738814620912,6,패,2200
6a8faf59f6633211153890dd,d37d212aee9bdc96bfdf5d186d580951,1.1282738814620912,6,승,2200
6a8facd685ffd045017c1f71,d37d212aee9bdc96bfdf5d186d580951,1.128273881462091,6,패,2200
6a8faa2226b931c5a8a10894,d37d212aee9bdc96bfdf5d186d580951,1.128273881462091,6,무,2200
6a8fa585087a755f09ee7215,d37d212aee9bdc96bfdf5d186d580951,1.128273881462091,6,패,2200
6a8fa2ea8e1f9e5458dcd426,d37d212aee9bdc96bfdf5d186d580951,1.1282738814620912,6,승,2200
6a8fa059b48eb9273c0e06a0,d37d212aee9bdc96bfdf5d186d580951,1.128273881462091,6,패,2200
6a88adfc8504c4b1f0e9b6fe,d37d212aee9bdc96bfdf5d186d580951,1.1282738814620912,6,승,2300
6a88ab63046da856d31d4a32,d37d212aee9bdc96bfdf5d186d580951,1.1282738814620912,6,승,2300
6a88a8d42540592461635d05,d37d212aee9bdc96bfdf5d186d580951,1.128273881462091,6,승,2300
6a88a63a4dd561476b8f4c30,d37d212aee9bdc96bfdf5d186d580951,1.1282738814620912,6,패,2300
6a88a3a4cee54701bb4981ef,d37d212aee9bdc96bfdf5d186d580951,1.1282738814620912,6,승,2300
6a88a105cb9fa2c1aeb85322,d37d212aee9bdc96bfdf5d186d580951,1.1282738814620912,6,무,2300
6a889e751aed763e25915628,d37d212aee9bdc96bfdf5d186d580951,1.1282738814620912,6,패,2300
6a889bf02c4e5a7f613d5578,d37d212aee9bdc96bfdf5d186d580951,1.128273881462091,6,승,2300
6a889971220e5d3a138731d2,d37d212aee9bdc96bfdf5d186d580951,1.1282738814620912,6,패,2300
6a8896e22005d6f5b8dbc48f,d37d212aee9bdc96bfdf5d186d580951,1.1282738814620912,6,패,2300
6a889462c2a237123bd3156a,d37d212aee9bdc96bfdf5d186d580951,1.128273881462091,6,패,2300
6a8891d892768663e98764dc,d37d212aee9bdc96bfdf5d186d580951,1.128273881462091,6,패,2300
6a888f2368afcd7fe849e966,d37d212aee9bdc96bfdf5d186d580951,1.128273881462091,6,승,2300
6a888c93a5696b26bf4a7744,d37d212aee9bdc96bfdf5d186d580951,1.128273881462091,6,무,2300
6a8889fc72870ae3d421fb52,d37d212aee9bdc96bfdf5d186d580951,1.1282738814620912,6,무,2300
6a88873cde288106a71ada6d,d37d212aee9bdc96bfdf5d186d580951,1.128273881462091,6,패,2300
6a8884b38c0f66bb9f8a262a,d37d212aee9bdc96bfdf5d186d580951,1.128273881462091,6,무,2300
6a88820a7deb8d5fa2dfa7ab,d37d212aee9bdc96bfdf5d186d580951,1.128273881462091,6,승,2300
6a887f69a74ba314fe198736,d37d212aee9bdc96bfdf5d186d580951,1.128273881462091,6,승,2300
6a887ce8ee743795ef029aff,d37d212aee9bdc96bfdf5d186d580951,1.1282738814620912,6,무,2300
6a884b6dcff3a92c504d91aa,d37d212aee9bdc96bfdf5d186d580951,1.128273881462091,6,패,2300
6a8848e2e4c4e96d0d62bc0d,d37d212aee9bdc96bfdf5d186d580951,1.1282738814620912,6,승,2300
6a88464a7ef0b1258977ed4c,d37d212aee9bdc96bfdf5d186d580951,1.1282738814620912,6,패,2300
6a872fc6f491e27b3de1f3af,d37d212aee9bdc96bfdf5d186d580951,1.127346876735518,6,승,2400
6a872d31789c130f5b002c69,d37d212aee9bdc96bfdf5d186d580951,1.127346876735518,6,승,2400
6a872aca5ef60e1c03b9f805,d37d212aee9bdc96bfdf5d186d580951,1.127346876735518,6,무,2400
6a87284d444edcc493dddb23,d37d212aee9bdc96bfdf5d186d580951,1.127346876735518,6,무,2400
6a8725a8276e8b5ffc044833,d37d212aee9bdc96bfdf5d186d580951,1.1273468767355177,6,패,2400
6a8723111857b51267c486b3,d37d212aee9bdc96bfdf5d186d580951,1.1273468767355177,6,패,2400
6a9e3d9cad28d2e13d677394,c8b714d91132886682c00f7c315b282c,1.0609684091148264,5,패,2200
6a9bf7292f195a6697da045b,c8b714d91132886682c00f7c315b282c,1.0705709449329988,6,패,2200
6a99fba05c473b77f22fcd9c,c8b714d91132886682c00f7c315b282c,1.0831591647526506,6,무,2200
6a98375262328228953c4853,c8b714d91132886682c00f7c315b282c,1.0705709449329988,6,패,2200
6a983493866965052f771397,c8b714d91132886682c00f7c315b282c,1.0705709449329988,6,무,2200
6a970fe7654cc3027d890c72,c8b714d91132886682c00f7c315b282c,1.0705709449329988,6,승,2200
6a9706513fbbc784edc97fcd,c8b714d91132886682c00f7c315b282c,1.0705709449329988,6,승,2300
6a97037ed330c0cbe9a1cdc0,c8b714d91132886682c00f7c315b282c,1.0705709449329988,6,승,2300
6a96fcf827a5031046091f4b,c8b714d91132886682c00f7c315b282c,1.0705709449329988,6,패,2300
6a969fd80332d910c480e600,c8b714d91132886682c00f7c315b282c,1.0705709449329988,6,패,2300
6a969d22dfd9c45ecb4b0848,c8b714d91132886682c00f7c315b282c,1.0705709449329988,6,패,2200
6a9699350513f52988f2ca50,c8b714d91132886682c00f7c315b282c,1.0705709449329988,6,무,2300
6a9696845ea6fc73662ca1cf,c8b714d91132886682c00f7c315b282c,1.0705709449329988,6,패,2200
6a968f68655cc1d7d598e190,c8b714d91132886682c00f7c315b282c,1.0705709449329988,6,패,2200
6a95276fe7cc4f1a1d904cbd,c8b714d91132886682c00f7c315b282c,1.0705709449329985,6,승,2200
6a9520eb0d7d59a2a5ab7f22,c8b714d91132886682c00f7c315b282c,1.0705709449329988,6,패,2200
6a951d3a2b62c10414c9be0b,c8b714d91132886682c00f7c315b282c,1.0705709449329988,6,패,2200
6a951a59cbadb20f9c2239b8,c8b714d91132886682c00f7c315b282c,1.0705709449329988,6,승,2200
6a95143870351ae7b9073014,c8b714d91132886682c00f7c315b282c,1.0705709449329985,6,승,2200
6a93394b282da56cd4eea250,c8b714d91132886682c00f7c315b282c,1.0705709449329985,6,패,2200
6a932083ec31b0b477639670,c8b714d91132886682c00f7c315b282c,1.0704424448517285,6,무,2200
6a92f2c35d693c59aa16f318,c8b714d91132886682c00f7c315b282c,1.0704424448517285,6,무,2200
6a92efb49973f0b931ae0ac5,c8b714d91132886682c00f7c315b282c,1.0704424448517285,6,패,2200
6a92e6b31e1a824d0a19f7e2,c8b714d91132886682c00f7c315b282c,1.0665898837748882,6,승,2200
6a92cd671d736f3f4f070135,c8b714d91132886682c00f7c315b282c,1.0665898837748882,6,패,2200
6a92c8eb24bb19c29c778362,c8b714d91132886682c00f7c315b282c,1.0665898837748882,6,승,2200
6a91c418ab8e5ca4871aaf90,c8b714d91132886682c00f7c315b282c,1.0665898837748882,6,패,2200
6a918ace7ed221204597efa9,c8b714d91132886682c00f7c315b282c,1.0620703333576047,6,무,2200
6a917456d8b9643b9788f11b,c8b714d91132886682c00f7c315b282c,1.0658664503089226,6,패,2200
6a8c8206109225b4e34d99b2,c8b714d91132886682c00f7c315b282c,1.0700644786764242,6,패,2200
6a8c7efc979d351fdfe697c3,c8b714d91132886682c00f7c315b282c,1.0700644786764242,6,승,2200
6a8c7a4f30b12dacca291638,c8b714d91132886682c00f7c315b282c,1.0700644786764244,6,패,2200
6a8c36d105b957899247413c,c8b714d91132886682c00f7c315b282c,1.0771253378266525,6,승,2300
6a8aa59c00dd5afd6abdad5e,c8b714d91132886682c00f7c315b282c,1.0771253378266528,6,승,2300
6a8aa160b9eb7205b7f56962,c8b714d91132886682c00f7c315b282c,1.0771253378266528,6,승,2300
6a8a9eaef9532a0a927512a5,c8b714d91132886682c00f7c315b282c,1.0771253378266528,6,무,2300
6a8a9a384a80e3066e431a5d,c8b714d91132886682c00f7c315b282c,1.0771253378266528,6,승,2300
6a8a64c990debdc382798408,c8b714d91132886682c00f7c315b282c,1.0771253378266525,6,승,2300
6a8a5f57cb9fa255e5c60248,c8b714d91132886682c00f7c315b282c,1.0771253378266528,6,승,2300
6a8a55cf6bfe83bc17e8ab8e,c8b714d91132886682c00f7c315b282c,1.0771253378266528,6,무,2400
6a8a526c366c4258abb8c4e7,c8b714d91132886682c00f7c315b282c,1.0771253378266525,6,승,2400
6a8a46e81bb25d0f85e28bbd,c8b714d91132886682c00f7c315b282c,1.0771253378266528,6,패,2400
6a8a43ad689d90599475dfc1,c8b714d91132886682c00f7c315b282c,1.0771253378266528,6,승,2400
6a8a3897e64b677419979de3,c8b714d91132886682c00f7c315b282c,1.0771253378266525,6,승,2400
6a8a345d23e429b32db50225,c8b714d91132886682c00f7c315b282c,1.0771253378266528,6,무,2400
6a8a2e6bda26406fec367116,c8b714d91132886682c00f7c315b282c,1.0771253378266528,6,승,2400
6a88921f4b06e3e496436f0c,c8b714d91132886682c00f7c315b282c,1.056323832971558,6,패,2400
6a886086e55b883ea4578bd1,c8b714d91132886682c00f7c315b282c,1.0724101213818553,6,승,2400
6a87371b45ea78c48b246db5,c8b714d91132886682c00f7c315b282c,1.0702685750981693,6,패,2400
6a87023dd3598b6274b3f7bc,c8b714d91132886682c00f7c315b282c,1.0702685750981693,6,승,2400
6a85df2151adaa54896274f6,c8b714d91132886682c00f7c315b282c,1.0702685750981693,6,패,2400
6a85dc70feff2b2e6bce8818,c8b714d91132886682c00f7c315b282c,1.0702685750981693,6,패,2400
6a85d9af682188d7b7dd7b27,c8b714d91132886682c00f7c315b282c,1.0702685750981693,6,패,2400
6a85d6dbcb1376c31b045752,c8b714d91132886682c00f7c315b282c,1.0702685750981693,6,승,2400
6a85c528779ab34b9fafc576,c8b714d91132886682c00f7c315b282c,1.0702685750981693,6,패,2400
6a84844b36db620e4c195c0e,c8b714d91132886682c00f7c315b282c,1.074389878918875,5,패,2400
6a848134276fbf5b3c35a112,c8b714d91132886682c00f7c315b282c,1.074389878918875,5,승,2400
6a847e7e7730f91eceef1c85,c8b714d91132886682c00f7c315b282c,1.074389878918875,5,패,2400
6a847a2fe88ae2ad61a6792c,c8b714d91132886682c00f7c315b282c,1.074389878918875,5,패,2400
6a8475f41c23ef09b29094e3,c8b714d91132886682c00f7c315b282c,1.074389878918875,5,무,2400
6a84732a24699e8e93cc6a2a,c8b714d91132886682c00f7c315b282c,1.074389878918875,5,승,2400
6a81f5c9c53d6766e1399b3f,c8b714d91132886682c00f7c315b282c,1.074389878918875,5,승,2400
6a81e479c283480c938e1301,c8b714d91132886682c00f7c315b282c,1.074389878918875,5,패,2400
6a81e1cbf0b9649507ca1b59,c8b714d91132886682c00f7c315b282c,1.074389878918875,5,승,2400
6a81d392e48ba4919b18c64f,c8b714d91132886682c00f7c315b282c,1.0720735840314666,5,패,2400
6a81002062f2cec7e898778a,c8b714d91132886682c00f7c315b282c,1.0692227846170839,5,패,2400
6a80fb2893dbba10c5adcf46,c8b714d91132886682c00f7c315b282c,1.0692227846170839,5,승,2400
6a80e85fbd0bb29444dcd34f,c8b714d91132886682c00f7c315b282c,1.0692227846170839,5,승,2400
6a802243a2f0885019c7d0b4,c8b714d91132886682c00f7c315b282c,1.067792413868785,5,패,2400
6a801e6ff76f9d30df42435c,c8b714d91132886682c00f7c315b282c,1.0677924138687853,5,승,2400
6a7f2ff27f79a76af2a81e06,c8b714d91132886682c00f7c315b282c,1.0694217753880113,5,패,2400
6a7f06fde5e7983ae2540ffd,c8b714d91132886682c00f7c315b282c,1.0694217753880113,5,패,2400
6a7f0372bca1f7b8dad8328c,c8b714d91132886682c00f7c315b282c,1.0713904974476174,5,무,2400
6a7efde810db0c325060ffe3,c8b714d91132886682c00f7c315b282c,1.0713904974476172,5,패,2400
6a7ece99a8166b1a7d4bd423,c8b714d91132886682c00f7c315b282c,1.0713904974476172,5,패,2400
6a7ecb45c0d339833b1e7f4e,c8b714d91132886682c00f7c315b282c,1.0713904974476172,5,무,2400
6a7ec86ecdc2324d8803bde0,c8b714d91132886682c00f7c315b282c,1.0713904974476172,5,패,2400
6a7ec3f771c4a2878bef84df,c8b714d91132886682c00f7c315b282c,1.0713904974476174,5,패,2400
6a7ec116687a2ceca9ddf849,c8b714d91132886682c00f7c315b282c,1.0713904974476172,5,승,2400
6a7ebd76b3f5ce65f1c53d26,c8b714d91132886682c00f7c315b282c,1.0713904974476174,5,패,2400
6a7ebac0aaa4e5a20c2aa19b,c8b714d91132886682c00f7c315b282c,1.0713904974476174,5,패,2400
6a9eebc9b664f7584802dea1,fd6624411994ed96ab57b9dd33bc08ec,1.1472050246957468,5,승,2100
6a9ee82f23eb0b56ad3baa63,fd6624411994ed96ab57b9dd33bc08ec,1.1410407232431843,5,패,2000
6a9ee38249f1185a799c11b0,fd6624411994ed96ab57b9dd33bc08ec,1.147205024695747,5,승,2100
6a9eb840db3820df02f7a09e,fd6624411994ed96ab57b9dd33bc08ec,1.147205024695747,5,승,2100
6a9eb5cbfff6b775597ab780,fd6624411994ed96ab57b9dd33bc08ec,1.1472050246957468,5,무,2100
6a9eb27446f6476da95af671,fd6624411994ed96ab57b9dd33bc08ec,1.1472050246957468,5,무,2100
6a9ea33981a9ad81675dd307,fd6624411994ed96ab57b9dd33bc08ec,1.147205024695747,5,패,2100
6a9ea083a4968f63e8b1024d,fd6624411994ed96ab57b9dd33bc08ec,1.1472050246957468,5,무,2100
6a9e9b682f92dab04af29ef1,fd6624411994ed96ab57b9dd33bc08ec,1.147205024695747,5,승,2100
6a9e96c66cb400f205762665,fd6624411994ed96ab57b9dd33bc08ec,1.147205024695747,5,패,2100
6a9e61703204f57fd9922e76,fd6624411994ed96ab57b9dd33bc08ec,1.147205024695747,5,패,2100
6a9e5e4281fbcf0cfc681543,fd6624411994ed96ab57b9dd33bc08ec,1.1472050246957468,5,승,2100
6a9e5a2d95da656bba3151d3,fd6624411994ed96ab57b9dd33bc08ec,1.1472050246957468,5,무,2100
6a9e573eb16729942d7246b2,fd6624411994ed96ab57b9dd33bc08ec,1.147205024695747,5,패,2100
6a9e54940c5c8e10703666ec,fd6624411994ed96ab57b9dd33bc08ec,1.147205024695747,5,무,2100
6a9e518fc52b0fa623f06c1e,fd6624411994ed96ab57b9dd33bc08ec,1.1472050246957468,5,패,2100
6a9e4f0629576a5edc6551aa,fd6624411994ed96ab57b9dd33bc08ec,1.147205024695747,5,무,2100
6a9e4c2f24d0e224c0a176a5,fd6624411994ed96ab57b9dd33bc08ec,1.147205024695747,5,패,2100
6a9e4969eb09ef3b3b45d9a7,fd6624411994ed96ab57b9dd33bc08ec,1.147205024695747,5,승,2100
6a9e46c05a3a5a051eb9019d,fd6624411994ed96ab57b9dd33bc08ec,1.147205024695747,5,패,2100
6a9d996ee783f74a3fa4aab6,fd6624411994ed96ab57b9dd33bc08ec,1.1472050246957468,5,패,2000
6a9d94af67aae10e64fb2ac9,fd6624411994ed96ab57b9dd33bc08ec,1.1801197003437813,5,패,2000
6a9d91ecb1db066e34048996,fd6624411994ed96ab57b9dd33bc08ec,1.180119700343781,5,승,2000
6a9d8e82b9c6ad2583b22e17,fd6624411994ed96ab57b9dd33bc08ec,1.1801197003437813,5,패,2000
6a9d8baad938c7ded1b74210,fd6624411994ed96ab57b9dd33bc08ec,1.1801197003437813,5,패,2000
6a9d88e7746456e4401a7599,fd6624411994ed96ab57b9dd33bc08ec,1.1801197003437813,5,승,2000
6a9d85f60711c9a823d715f2,fd6624411994ed96ab57b9dd33bc08ec,1.1801197003437813,5,패,2000
6a9d835a88ce652cd179dada,fd6624411994ed96ab57b9dd33bc08ec,1.1801197003437813,5,패,2000
6a9d6962b7b4a28283aa52d0,fd6624411994ed96ab57b9dd33bc08ec,1.1801197003437813,5,승,2000
6a9d667ea79b5db3353a8ab1,fd6624411994ed96ab57b9dd33bc08ec,1.1801197003437813,5,패,2000
6a9d60b21c4a2614b777903e,fd6624411994ed96ab57b9dd33bc08ec,1.1801197003437813,5,승,2000
6a9d2639fc37218af77d6d38,fd6624411994ed96ab57b9dd33bc08ec,1.1801197003437813,5,패,2000
6a9d238ad1dd75aadb346fc0,fd6624411994ed96ab57b9dd33bc08ec,1.1801197003437813,5,무,2000
6a9d20d8bafdb1508fbceb2f,fd6624411994ed96ab57b9dd33bc08ec,1.1801197003437813,5,승,2000
6a9d1a061ca2962a2272c603,fd6624411994ed96ab57b9dd33bc08ec,1.1801197003437813,5,승,2100
6a9d16e604b3eee87215a833,fd6624411994ed96ab57b9dd33bc08ec,1.1801197003437813,5,패,2100
6a9d14197ed35855a83065d0,fd6624411994ed96ab57b9dd33bc08ec,1.1801197003437813,5,패,2100
6a9c4c9a2c3931985489aa45,fd6624411994ed96ab57b9dd33bc08ec,1.1801197003437813,5,패,2100
6a9c49dd65e65c0f3bb6722c,fd6624411994ed96ab57b9dd33bc08ec,1.1801197003437813,5,패,2100
6a9c46e177d4f4f31e31ccf8,fd6624411994ed96ab57b9dd33bc08ec,1.180119700343781,5,승,2100
6a9c432438f3de63b56d4ed9,fd6624411994ed96ab57b9dd33bc08ec,1.1801197003437813,5,승,2100
6a9c40824fedce2beb0e14aa,fd6624411994ed96ab57b9dd33bc08ec,1.1801197003437813,5,승,2100
6a9c3d6412b239843e34a37e,fd6624411994ed96ab57b9dd33bc08ec,1.180119700343781,5,승,2100
6a9c0b423ddcee407a427bd4,fd6624411994ed96ab57b9dd33bc08ec,1.1801197003437813,5,패,2100
6a9c087ce4dfb1135b2287a1,fd6624411994ed96ab57b9dd33bc08ec,1.180119700343781,5,무,2100
6a9c06044b3ae06bd860efa4,fd6624411994ed96ab57b9dd33bc08ec,1.1801197003437813,5,패,2100
6a9c032a0dc5e292213a5995,fd6624411994ed96ab57b9dd33bc08ec,1.1801197003437813,5,승,2100
6a9bffc1d7f56dbd51fa31cc,fd6624411994ed96ab57b9dd33bc08ec,1.1801197003437813,5,무,2100
6a9bfbf586d2321232e59db8,fd6624411994ed96ab57b9dd33bc08ec,1.1801197003437813,5,패,2100
6a9bf93a2ae4da86624a65bc,fd6624411994ed96ab57b9dd33bc08ec,1.1801197003437813,5,패,2100
6a9bf66261f67d171f27fdaf,fd6624411994ed96ab57b9dd33bc08ec,1.1801197003437813,5,승,2100
6a9bf3ef5ffab95d615e556f,fd6624411994ed96ab57b9dd33bc08ec,1.1801197003437813,5,무,2100
6a9be8d6ed256ed296230983,fd6624411994ed96ab57b9dd33bc08ec,1.1801197003437813,5,패,2100
6a9be478c0a82e218b428bf8,fd6624411994ed96ab57b9dd33bc08ec,1.1801197003437813,5,승,2100
6a9bc288aa550c0279b2ef17,fd6624411994ed96ab57b9dd33bc08ec,1.1801197003437813,5,패,2100
6a9bbdae4bbd630d9e162e3d,fd6624411994ed96ab57b9dd33bc08ec,1.1801197003437813,5,패,2100
6a9bbacac133cc7dac162235,fd6624411994ed96ab57b9dd33bc08ec,1.180119700343781,5,승,2100
6a9bb82939095488393f141e,fd6624411994ed96ab57b9dd33bc08ec,1.1801197003437813,5,패,2100
6a9bb500257831d2ce64bec4,fd6624411994ed96ab57b9dd33bc08ec,1.1801197003437813,5,패,2100
6a9b99ca10bac7bdf0d58388,fd6624411994ed96ab57b9dd33bc08ec,1.1801197003437813,5,무,2100
6a9b970d24b6d16a2ad2109b,fd6624411994ed96ab57b9dd33bc08ec,1.1801197003437813,5,패,2100
6a9b88a24fdd81b4f8f06245,fd6624411994ed96ab57b9dd33bc08ec,1.1801197003437813,5,승,2200
6a9b801996e4b92458f0d621,fd6624411994ed96ab57b9dd33bc08ec,1.1801197003437813,5,패,2200
6a9b7d94095f5b627b1db015,fd6624411994ed96ab57b9dd33bc08ec,1.1801197003437813,5,승,2200
6a9b7b244c73a60a0ed86680,fd6624411994ed96ab57b9dd33bc08ec,1.1801197003437813,5,패,2200
6a9b0c0f80bc2e835609f0d2,fd6624411994ed96ab57b9dd33bc08ec,1.1801197003437813,5,패,2200
6a9aef7ee0b0c416ef846cbb,fd6624411994ed96ab57b9dd33bc08ec,1.1801197003437813,5,패,2200
6a9aae2841eb181f2e72bc82,fd6624411994ed96ab57b9dd33bc08ec,1.180119700343781,5,무,2200
6a9aa6d4bac9706138806159,fd6624411994ed96ab57b9dd33bc08ec,1.1801197003437813,5,승,2500
6a9a9e79504e2a0f7fbef979,fd6624411994ed96ab57b9dd33bc08ec,1.1801197003437813,5,승,2500
6a9a993c02d191cb8ad7fac3,fd6624411994ed96ab57b9dd33bc08ec,1.1801197003437813,5,무,2500
6a9a8a7538b9e71c0c987f14,fd6624411994ed96ab57b9dd33bc08ec,1.1801197003437813,5,승,2200
6a9a87d2a4edcd57115ea1a7,fd6624411994ed96ab57b9dd33bc08ec,1.1801197003437813,5,패,2200
6a9a6ba7b59eaf5495213447,fd6624411994ed96ab57b9dd33bc08ec,1.1801197003437813,5,승,2200
6a9a68da85153705e3130214,fd6624411994ed96ab57b9dd33bc08ec,1.1801197003437813,5,무,2200
6a9a6649a208651b508a8655,fd6624411994ed96ab57b9dd33bc08ec,1.1801197003437813,5,승,2200
6a9a638e1306f45507242e04,fd6624411994ed96ab57b9dd33bc08ec,1.1801197003437813,5,승,2200
6a9a3537ccd08c0ac57f6416,fd6624411994ed96ab57b9dd33bc08ec,1.1801197003437813,5,승,2300
6a9a2765b38c4b5764819543,fd6624411994ed96ab57b9dd33bc08ec,1.1801197003437813,5,승,2300
6a9a237552366316f60942f8,fd6624411994ed96ab57b9dd33bc08ec,1.1801197003437813,5,패,2300
6a9a1d936564566be685e430,fd6624411994ed96ab57b9dd33bc08ec,1.1801197003437813,5,무,2300
6a99c3c6cc1da7be2b7bc6d5,fd6624411994ed96ab57b9dd33bc08ec,1.1801197003437813,5,패,2300
6a9e4b79011c8f7a8f3ba161,240d9339dccbd0a5d32458a8a23bb827,1.1669505024034226,6,승,2000
6a9e47f5696726d36bf31bd5,240d9339dccbd0a5d32458a8a23bb827,1.1669505024034228,6,승,2100
6a9e454bbd1d2a4e01054537,240d9339dccbd0a5d32458a8a23bb827,1.1669505024034228,6,무,2100
6a9e4131372f240494207651,240d9339dccbd0a5d32458a8a23bb827,1.1669505024034226,6,승,2100
6a9e3e2932e944ccda1315db,240d9339dccbd0a5d32458a8a23bb827,1.1669505024034226,6,승,2100
6a9e3513d331167be90f6df7,240d9339dccbd0a5d32458a8a23bb827,1.1669505024034228,6,승,2100
6a9e32809354b5754f922dc4,240d9339dccbd0a5d32458a8a23bb827,1.1669505024034226,6,승,2100
6a9e26e85df20cd6e25e9d8f,240d9339dccbd0a5d32458a8a23bb827,1.1669505024034226,6,패,2100
6a9e240201fe47fff3d8aac6,240d9339dccbd0a5d32458a8a23bb827,1.1669505024034226,6,패,2100
6a9e210d674281896899f54a,240d9339dccbd0a5d32458a8a23bb827,1.1669505024034228,6,승,2100
6a9cd19a7a4516adbb902a81,240d9339dccbd0a5d32458a8a23bb827,1.1669505024034228,6,승,2100
6a9bb5777e2ebccfed09ffc5,240d9339dccbd0a5d32458a8a23bb827,1.1669505024034228,6,패,2200
6a9bb2c7cdd9403d24a36d11,240d9339dccbd0a5d32458a8a23bb827,1.1669505024034226,6,승,2200
6a9bafe06e884e2dd5aae141,240d9339dccbd0a5d32458a8a23bb827,1.1281242750083635,6,패,2200
6a9b8664ae2fb71f15594a9d,240d9339dccbd0a5d32458a8a23bb827,1.1669505024034228,6,패,2200
6a9b839318c240088816e90f,240d9339dccbd0a5d32458a8a23bb827,1.1669505024034226,6,승,2200
6a9b80f989d7fb792bb8297d,240d9339dccbd0a5d32458a8a23bb827,1.1669505024034226,6,무,2100
6a9b7e32509a484b184685e0,240d9339dccbd0a5d32458a8a23bb827,1.1669505024034228,6,패,2200
6a9a2e7a36a8ac051fcc62d0,240d9339dccbd0a5d32458a8a23bb827,1.1669505024034226,6,패,2100
6a9a2a506d6561fb2b0d1a03,240d9339dccbd0a5d32458a8a23bb827,1.1593873807916062,6,패,2200
6a9a273599f04d4de3520e59,240d9339dccbd0a5d32458a8a23bb827,1.1593873807916062,6,승,2200
6a9a242bd990fa165131e8b7,240d9339dccbd0a5d32458a8a23bb827,1.1593873807916062,6,패,2200
6a98de4ace61035ac6dc7030,240d9339dccbd0a5d32458a8a23bb827,1.1669505024034226,6,승,2100
6a98db7205722ed8836d5274,240d9339dccbd0a5d32458a8a23bb827,1.1669505024034226,6,무,2100
6a98d89190852344918e9ebf,240d9339dccbd0a5d32458a8a23bb827,1.1669505024034226,6,승,2100
6a98d2bad6cd135137bb029d,240d9339dccbd0a5d32458a8a23bb827,1.1669505024034228,6,패,2100
6a9631328c166447827c9a17,240d9339dccbd0a5d32458a8a23bb827,1.1669505024034228,6,승,2200
6a962e9d6d7feed73fc59f2e,240d9339dccbd0a5d32458a8a23bb827,1.1669505024034226,6,패,2100
6a962c0bc9a70b5de32d4685,240d9339dccbd0a5d32458a8a23bb827,1.1669505024034226,6,패,2100
6a96297013781807e603fae5,240d9339dccbd0a5d32458a8a23bb827,1.1669505024034226,6,패,2100
6a9524a2747f26dbc0b889d5,240d9339dccbd0a5d32458a8a23bb827,1.1641503605661307,6,무,2200
6a95220d01557e448b4e3005,240d9339dccbd0a5d32458a8a23bb827,1.164150360566131,6,패,2200
6a951f5573c4391a779deee2,240d9339dccbd0a5d32458a8a23bb827,1.1641503605661307,6,패,2200
6a951cde172aef803082bae0,240d9339dccbd0a5d32458a8a23bb827,1.164150360566131,6,무,2200
6a9519d61844da6f78ec11bd,240d9339dccbd0a5d32458a8a23bb827,1.164150360566131,6,무,2200
6a95143b0d1d2f7d0fc365ae,240d9339dccbd0a5d32458a8a23bb827,1.164150360566131,6,승,2200
6a94f303a6e305f1b67c0c7f,240d9339dccbd0a5d32458a8a23bb827,1.164150360566131,6,무,2200
6a94f0840c41536e26bdd4da,240d9339dccbd0a5d32458a8a23bb827,1.164150360566131,6,패,2200
6a94eda99696106a0e03d6c8,240d9339dccbd0a5d32458a8a23bb827,1.1641503605661307,6,무,2200
6a92fb938cf741e2302af15d,240d9339dccbd0a5d32458a8a23bb827,1.164150360566131,6,승,2100
6a92f8d5a5132b07b1364b73,240d9339dccbd0a5d32458a8a23bb827,1.164150360566131,6,패,2100
6a92f620f7a8138c8db41f7d,240d9339dccbd0a5d32458a8a23bb827,1.1641503605661307,6,승,2100
6a91b88c7c91d56651ff202b,240d9339dccbd0a5d32458a8a23bb827,1.1641503605661307,6,승,2200
6a91b5fe69090db589e16e86,240d9339dccbd0a5d32458a8a23bb827,1.1641503605661307,6,패,2200
6a91b339a4605bfdfd41c84f,240d9339dccbd0a5d32458a8a23bb827,1.1641503605661307,6,무,2200
6a91aebc95debe22f6dc3068,240d9339dccbd0a5d32458a8a23bb827,1.164150360566131,6,승,2200
6a91ab8f2d308734f86173aa,240d9339dccbd0a5d32458a8a23bb827,1.164150360566131,6,승,2200
6a91a8e68375e8ce78e619e2,240d9339dccbd0a5d32458a8a23bb827,1.164150360566131,6,패,2200
6a91a653f8c977a669b11c9d,240d9339dccbd0a5d32458a8a23bb827,1.164150360566131,6,패,2200
6a91a3c1aa8881f8f20bdc27,240d9339dccbd0a5d32458a8a23bb827,1.1641503605661307,6,승,2200
6a91a0f073c4393deb8247ab,240d9339dccbd0a5d32458a8a23bb827,1.164150360566131,6,무,2100
6a911ceb82d7cf3b9c87f08b,240d9339dccbd0a5d32458a8a23bb827,1.1641503605661307,6,무,2100
6a911a04249b3a2e201d1c1b,240d9339dccbd0a5d32458a8a23bb827,1.164150360566131,6,승,2100
6a8fceceab6e6f3c3cabb64e,240d9339dccbd0a5d32458a8a23bb827,1.1253518236895703,6,패,2100
6a8fcbe65540673dc29367ae,240d9339dccbd0a5d32458a8a23bb827,1.1641503605661307,6,패,2100
6a8fc944a88336192dbedf46,240d9339dccbd0a5d32458a8a23bb827,1.164150360566131,6,패,2100
6a8fc68b5d693c1d40fbeb0c,240d9339dccbd0a5d32458a8a23bb827,1.164150360566131,6,패,2100
6a8fc3e5e519b4a158ff4b25,240d9339dccbd0a5d32458a8a23bb827,1.1641503605661307,6,패,2100
6a8fc0f5ca6647a5e9ad6aaa,240d9339dccbd0a5d32458a8a23bb827,1.1641503605661307,6,패,2100
6a8fbe555a97f085704200fc,240d9339dccbd0a5d32458a8a23bb827,1.164150360566131,6,승,2100
6a8fb86dbe33424bbd0fe6c1,240d9339dccbd0a5d32458a8a23bb827,1.1641503605661307,6,승,2100
6a8e7fc9634fdd0c7206935c,240d9339dccbd0a5d32458a8a23bb827,1.164150360566131,6,무,2100
6a8e7cf8c9bfdb71fc2b3716,240d9339dccbd0a5d32458a8a23bb827,1.164150360566131,6,승,2100
6a8e7a4238a4d883dc222c72,240d9339dccbd0a5d32458a8a23bb827,1.164150360566131,6,무,2100
6a8e77b4cf3f5a5bd154ca35,240d9339dccbd0a5d32458a8a23bb827,1.164150360566131,6,무,2100
6a8e7537606a0b4b8ef49a0d,240d9339dccbd0a5d32458a8a23bb827,1.164150360566131,6,승,2100
6a8e7275afde1823939165c3,240d9339dccbd0a5d32458a8a23bb827,1.164150360566131,6,패,2100
6a8e6fd5d6f04482a30e7bce,240d9339dccbd0a5d32458a8a23bb827,1.164150360566131,6,패,2100
6a8cfd15d97cda9d366931ac,240d9339dccbd0a5d32458a8a23bb827,1.164150360566131,6,무,2100
6a8cfa7216649dfcccde7ab5,240d9339dccbd0a5d32458a8a23bb827,1.164150360566131,6,무,2100
6a8cf7573b786ff5249cdbe4,240d9339dccbd0a5d32458a8a23bb827,1.1641503605661307,6,승,2100
6a8cf42416bd216daaf8fa00,240d9339dccbd0a5d32458a8a23bb827,1.164150360566131,6,패,2100
6a8cf069dd3f17e84721b6f3,240d9339dccbd0a5d32458a8a23bb827,1.1641503605661307,6,승,2100
6a8a77184be0a78010c9ba1a,240d9339dccbd0a5d32458a8a23bb827,1.164150360566131,6,승,2200
6a8a719190debd4e6879fb86,240d9339dccbd0a5d32458a8a23bb827,1.1641503605661307,6,승,2200
6a89c7e4a56b24a9c2cde902,240d9339dccbd0a5d32458a8a23bb827,1.1691228504546423,6,승,2200
6a89c3b8b7c0664600ae5b28,240d9339dccbd0a5d32458a8a23bb827,1.1691228504546423,6,패,2200
6a89c0fb498ab0b4d78bcb7a,240d9339dccbd0a5d32458a8a23bb827,1.1691228504546423,6,승,2200
6a89be24f832228b9dfee93d,240d9339dccbd0a5d32458a8a23bb827,1.1691228504546423,6,패,2200
6a8875b21c89aea925ac0de3,240d9339dccbd0a5d32458a8a23bb827,1.1691228504546423,6,무,2500
6a88729cec252f67016fd1f9,240d9339dccbd0a5d32458a8a23bb827,1.1691228504546423,6,패,2500
6a87ad36d1d014834aa3cfd8,240d9339dccbd0a5d32458a8a23bb827,1.1691228504546423,6,패,2200
6a87aa446f8899c17104bd92,240d9339dccbd0a5d32458a8a23bb827,1.1691228504546423,6,무,2200
6a86c8164bb2d77e1fef4b47,240d9339dccbd0a5d32458a8a23bb827,1.169253066497836,6,패,2200
6a86b9e985bf236616565a3a,240d9339dccbd0a5d32458a8a23bb827,1.169253066497836,6,승,2200
6a86b6bc1927235428d2d159,240d9339dccbd0a5d32458a8a23bb827,1.169253066497836,6,무,2200
6a86ae444e54ee8294df30c4,240d9339dccbd0a5d32458a8a23bb827,1.169253066497836,6,패,2200
6a86abb713165e1ad9257021,240d9339dccbd0a5d32458a8a23bb827,1.169253066497836,6,승,2300
6a86a8f827517aa41e81e9c8,240d9339dccbd0a5d32458a8a23bb827,1.169253066497836,6,패,2200
6a9cb64a5f9795b38b2575d9,32db893c3186a2a1678dba31278f1cb3,1.1216392629896867,6,패,2200
6a9cb24f97ab9b46f6ad8c9d,32db893c3186a2a1678dba31278f1cb3,1.1216392629896867,6,무,2200
6a9caccb3204f55b728426f3,32db893c3186a2a1678dba31278f1cb3,1.1216392629896867,6,승,2200
6a9b9f45e59da3f7ae9bf4a5,32db893c3186a2a1678dba31278f1cb3,1.1216392629896867,6,승,2300
6a9b9c5bf1cd5414ac17e1ac,32db893c3186a2a1678dba31278f1cb3,1.1216392629896867,6,무,2300
6a9b99d07a0e99331b52f432,32db893c3186a2a1678dba31278f1cb3,1.1216392629896867,6,무,2300
6a9b9720232a27863b34511e,32db893c3186a2a1678dba31278f1cb3,1.1216392629896867,6,승,2300
6a9b944f29076b3cad6dcadc,32db893c3186a2a1678dba31278f1cb3,1.1216392629896867,6,패,2300
6a9b60a7ba9cd9090b56bbc2,32db893c3186a2a1678dba31278f1cb3,1.1216392629896867,6,승,2300
6a9b5d6c08eb186902013302,32db893c3186a2a1678dba31278f1cb3,1.125983268406822,6,승,2300
6a9b59eb531316590049b19e,32db893c3186a2a1678dba31278f1cb3,1.125983268406822,6,승,2300
6a9a6e69fc549030dfbf4199,32db893c3186a2a1678dba31278f1cb3,1.1281764694925194,6,승,2300
6a9a63cee0c83020eb082393,32db893c3186a2a1678dba31278f1cb3,1.1281764694925196,6,승,2300
6a9a3999e757679f422f9503,32db893c3186a2a1678dba31278f1cb3,1.1281764694925196,6,패,2300
6a9a34dce783f73d2b83c79e,32db893c3186a2a1678dba31278f1cb3,1.1300711561086783,6,승,2300
6a9a30e6ea5189e0525cebd4,32db893c3186a2a1678dba31278f1cb3,1.1300711561086785,6,승,2300
6a9a2e341324986d6503e61f,32db893c3186a2a1678dba31278f1cb3,1.1300711561086783,6,승,2300
6a9a2b4b587f68942b57d4f7,32db893c3186a2a1678dba31278f1cb3,1.1300711561086785,6,승,2300
6a99b125bcda655e5715cbf4,32db893c3186a2a1678dba31278f1cb3,1.1300711561086785,6,무,2200
6a99ae7746f64795db302d09,32db893c3186a2a1678dba31278f1cb3,1.1300711561086785,6,승,2300
6a99a710baae87c76e11a1ff,32db893c3186a2a1678dba31278f1cb3,1.1300711561086785,6,무,2200
6a99a24a0c49cc6029d02eb6,32db893c3186a2a1678dba31278f1cb3,1.1300711561086785,6,승,2200
6a999a9ba5edc178a6e75156,32db893c3186a2a1678dba31278f1cb3,1.1281764694925194,6,승,2300
6a9996f17a6742f7268893b6,32db893c3186a2a1678dba31278f1cb3,1.1281764694925194,6,승,2300
6a98ffb04cd73d57849fc338,32db893c3186a2a1678dba31278f1cb3,1.1144817665302906,6,승,2200
6a98fd2aa7617f822caa5033,32db893c3186a2a1678dba31278f1cb3,1.1144817665302906,6,패,2200
6a98f613b369f4a004212c4f,32db893c3186a2a1678dba31278f1cb3,1.1144817665302906,6,승,2200
6a988489db9721bd3d5bf0d4,32db893c3186a2a1678dba31278f1cb3,1.1144817665302906,6,승,2200
6a987f738f310b83bc211f14,32db893c3186a2a1678dba31278f1cb3,1.1144817665302906,6,승,2200
6a97954092beea18add5109a,32db893c3186a2a1678dba31278f1cb3,1.1144817665302906,6,승,2200
6a9792a2ab8b4664074aa3bb,32db893c3186a2a1678dba31278f1cb3,1.1144817665302906,6,승,2200
6a978f40e9f29d49f76e1c9d,32db893c3186a2a1678dba31278f1cb3,1.1144817665302906,6,승,2200
6a978cae601a0145eb46a1c0,32db893c3186a2a1678dba31278f1cb3,1.1144817665302906,6,승,2200
6a978321b81643378ca3c19a,32db893c3186a2a1678dba31278f1cb3,1.1144817665302906,6,승,2200
6a978053a4605b204d6ee504,32db893c3186a2a1678dba31278f1cb3,1.1144817665302906,6,승,2300
6a977db664eb6055dbab330a,32db893c3186a2a1678dba31278f1cb3,1.1144817665302906,6,패,2200
6a977ab1ad0e88f88f5b8869,32db893c3186a2a1678dba31278f1cb3,1.1144817665302906,6,패,2200
6a977791dd4b48e95a66d2d9,32db893c3186a2a1678dba31278f1cb3,1.1144817665302906,6,승,2200
6a97728952151475349bbff5,32db893c3186a2a1678dba31278f1cb3,1.1144817665302906,6,승,2200
6a9770148390d45e3c642a09,32db893c3186a2a1678dba31278f1cb3,1.1144817665302906,6,승,2200
6a976bf0dc122266f96bd2b2,32db893c3186a2a1678dba31278f1cb3,1.1144817665302906,6,패,2200
6a976923b6f801027288fa0b,32db893c3186a2a1678dba31278f1cb3,1.1144817665302906,6,패,2200
6a9766aeb68dbfe996aa368e,32db893c3186a2a1678dba31278f1cb3,1.1144817665302906,6,승,2200
6a9763390f4836bec08f48e9,32db893c3186a2a1678dba31278f1cb3,1.1144817665302906,6,승,2200
6a975f3772061f94d004f4d3,32db893c3186a2a1678dba31278f1cb3,1.1144817665302906,6,무,2200
6a9759e92ca02b04455040a3,32db893c3186a2a1678dba31278f1cb3,1.1144817665302906,6,승,2300
6a97575ad2d3cc3d869c83e7,32db893c3186a2a1678dba31278f1cb3,1.1144817665302906,6,패,2200
6a974ca312a96fdd6414db59,32db893c3186a2a1678dba31278f1cb3,1.1122894326406556,6,패,2200
6a971a7c8ac2874c840a02f5,32db893c3186a2a1678dba31278f1cb3,1.1122894326406558,6,승,2200
6a9717b4cf258e1929f1fde3,32db893c3186a2a1678dba31278f1cb3,1.1122894326406556,6,무,2200
6a970f5c1178fd3a6bb38e97,32db893c3186a2a1678dba31278f1cb3,1.1122894326406558,6,승,2200
6a9e74cb0c15a205651de7e5,5c426f6bf36342d8910456fd2dff3ca5,1.128756124123461,6,승,2300
6a9a588de9660c53b19bfcbc,5c426f6bf36342d8910456fd2dff3ca5,1.128756124123461,6,승,2300
6a9a556f01489c34ba160637,5c426f6bf36342d8910456fd2dff3ca5,1.128756124123461,6,패,2300
6a9a52c864fcf5ed09939fc4,5c426f6bf36342d8910456fd2dff3ca5,1.128756124123461,6,무,2300
6a9a500152e9fa853899399c,5c426f6bf36342d8910456fd2dff3ca5,1.128756124123461,6,패,2200
6a9a4d261042760798c1069a,5c426f6bf36342d8910456fd2dff3ca5,1.128756124123461,6,승,2300
6a9a2ee682d540c9082f3bb4,5c426f6bf36342d8910456fd2dff3ca5,1.128756124123461,6,승,2200
6a9a2c50258f5f928254ef15,5c426f6bf36342d8910456fd2dff3ca5,1.128756124123461,6,무,2200
6a9a2973e7778541d1d65cfb,5c426f6bf36342d8910456fd2dff3ca5,1.1287561241234607,6,승,2300
6a9989bb00d548586da82629,5c426f6bf36342d8910456fd2dff3ca5,1.128756124123461,6,무,2300
6a99872e027a7761ac307975,5c426f6bf36342d8910456fd2dff3ca5,1.1287561241234607,6,승,2300
6a99841773752a070b3b6998,5c426f6bf36342d8910456fd2dff3ca5,1.128756124123461,6,패,2300
6a997e5d20255b2781d3fff0,5c426f6bf36342d8910456fd2dff3ca5,1.128756124123461,6,승,2300
6a997b4e704ef2ed57470b11,5c426f6bf36342d8910456fd2dff3ca5,1.128756124123461,6,패,2200
6a99784201028efcbcad3181,5c426f6bf36342d8910456fd2dff3ca5,1.128756124123461,6,승,2300
6a99743aa4a03cb5f5e3936c,5c426f6bf36342d8910456fd2dff3ca5,1.1287561241234607,6,승,2300
6a996c20ca0893b901f3cf3d,5c426f6bf36342d8910456fd2dff3ca5,1.128756124123461,6,패,2200
6a9968c118c2401b56057102,5c426f6bf36342d8910456fd2dff3ca5,1.128756124123461,6,승,2300
6a99654bed63d7a33e410c52,5c426f6bf36342d8910456fd2dff3ca5,1.128756124123461,6,패,2200
6a99624529c55b63f5f97476,5c426f6bf36342d8910456fd2dff3ca5,1.128756124123461,6,승,2300
6a990e88f1acf142122affb1,5c426f6bf36342d8910456fd2dff3ca5,1.1287561241234607,6,승,2200
6a9905a61108bc787e673a1a,5c426f6bf36342d8910456fd2dff3ca5,1.128756124123461,6,패,2200
6a98fdb746f647285a282dc7,5c426f6bf36342d8910456fd2dff3ca5,1.128756124123461,6,승,2200
6a97db6e152cae3a85294b55,5c426f6bf36342d8910456fd2dff3ca5,1.1287561241234612,6,무,2200
6a97d1486fa9ef732d186292,5c426f6bf36342d8910456fd2dff3ca5,1.1287561241234607,6,패,2200
6a97cb639a67e62446813551,5c426f6bf36342d8910456fd2dff3ca5,1.1157477125378905,6,패,2200
6a978b0581ebbb6b73a62d52,5c426f6bf36342d8910456fd2dff3ca5,1.128756124123461,6,무,2200
6a977d1e1e1dacb4abd24482,5c426f6bf36342d8910456fd2dff3ca5,1.128756124123461,6,패,2200
6a976b31437188bbae8b8035,5c426f6bf36342d8910456fd2dff3ca5,1.128756124123461,6,무,2200
6a9763076769e11c2c177afb,5c426f6bf36342d8910456fd2dff3ca5,1.128756124123461,6,승,2200
6a96432e199a05d2b1f91166,5c426f6bf36342d8910456fd2dff3ca5,1.128756124123461,6,무,2300
6a950ac97eb5d79e78af2bdc,5c426f6bf36342d8910456fd2dff3ca5,1.128756124123461,6,승,2300
6a9507cf3fef17e3211109bb,5c426f6bf36342d8910456fd2dff3ca5,1.128756124123461,6,패,2300
6a95052b46486372beef69f8,5c426f6bf36342d8910456fd2dff3ca5,1.1287561241234607,6,패,2300
6a928f19e665ec405d063e1f,5c426f6bf36342d8910456fd2dff3ca5,1.128756124123461,6,패,2200
6a924817afe11989b316447d,5c426f6bf36342d8910456fd2dff3ca5,1.128756124123461,6,승,2200
6a92453816abd563e7090135,5c426f6bf36342d8910456fd2dff3ca5,1.128756124123461,6,승,2200
6a924172455e3b136fef5fab,5c426f6bf36342d8910456fd2dff3ca5,1.128756124123461,6,패,2200
6a923ae9d8610203c57120c8,5c426f6bf36342d8910456fd2dff3ca5,1.128756124123461,6,무,2200
6a9237c9216329413ab09442,5c426f6bf36342d8910456fd2dff3ca5,1.128756124123461,6,승,2300
6a911e40c98ea728a881753f,5c426f6bf36342d8910456fd2dff3ca5,1.128756124123461,6,무,2300
6a9119af38ce552f3b1c8123,5c426f6bf36342d8910456fd2dff3ca5,1.1287561241234607,6,패,2200
6a91132f0606a24917b5e798,5c426f6bf36342d8910456fd2dff3ca5,1.128756124123461,6,무,2300
6a90671bc1922e1af0483dc7,5c426f6bf36342d8910456fd2dff3ca5,1.1287561241234607,6,무,2200
6a9063a7fe4628611d83a95b,5c426f6bf36342d8910456fd2dff3ca5,1.1287561241234612,6,승,2300
6a906077f138ef765b9d2a40,5c426f6bf36342d8910456fd2dff3ca5,1.128756124123461,6,패,2200
6a905d3f24bb19941264851d,5c426f6bf36342d8910456fd2dff3ca5,1.1287561241234607,6,승,2300
6a9055396d810f462607a41a,5c426f6bf36342d8910456fd2dff3ca5,1.128756124123461,6,승,2300
6a9051be5648f30e87e82531,5c426f6bf36342d8910456fd2dff3ca5,1.128756124123461,6,승,2300
6a904ebfede5fef1d703cba8,5c426f6bf36342d8910456fd2dff3ca5,1.128756124123461,6,패,2300
6a904bbc733a6008ef81a1d4,5c426f6bf36342d8910456fd2dff3ca5,1.128756124123461,6,승,2300
6a9048ba4c78436496126ee5,5c426f6bf36342d8910456fd2dff3ca5,1.128756124123461,6,패,2300
6a9040ee207ac9b06b238a4a,5c426f6bf36342d8910456fd2dff3ca5,1.128756124123461,6,패,2200
6a903df396f5cf378608a7eb,5c426f6bf36342d8910456fd2dff3ca5,1.128756124123461,6,승,2200
6a901498de78eee4749b1dce,5c426f6bf36342d8910456fd2dff3ca5,1.128756124123461,6,승,2200
6a9011c8f2aec9ff04561447,5c426f6bf36342d8910456fd2dff3ca5,1.128756124123461,6,패,2200
6a900b65b1268c82becc0646,5c426f6bf36342d8910456fd2dff3ca5,1.1287561241234607,6,승,2200
6a900878a519ea5727252ea3,5c426f6bf36342d8910456fd2dff3ca5,1.128756124123461,6,승,2300
6a8fe030aec83e7dca80ce7a,5c426f6bf36342d8910456fd2dff3ca5,1.128756124123461,6,무,2300
6a9f4ccf54bb0911a6c8f6e9,10b35946d342c0fa11f6947d43ce5046,1.1129934000018562,6,패,2200
6a9f454ddfcba40f44d1ed7e,10b35946d342c0fa11f6947d43ce5046,1.113957019437864,6,무,2200
6a9f424468d5081e849ea169,10b35946d342c0fa11f6947d43ce5046,1.113957019437864,6,승,2200
6a9f3ecdd938c74521c35da3,10b35946d342c0fa11f6947d43ce5046,1.113957019437864,6,승,2200
6a9ec7440a0a13afb01994e2,10b35946d342c0fa11f6947d43ce5046,1.113957019437864,6,패,2200
6a9ec44abc532a7f3bde2064,10b35946d342c0fa11f6947d43ce5046,1.113957019437864,6,패,2200
6a9e2ce90ae8490a2cc757ac,10b35946d342c0fa11f6947d43ce5046,1.113957019437864,6,승,2200
6a9e295a0974f6cf69645110,10b35946d342c0fa11f6947d43ce5046,1.1091962364693568,6,승,2200
6a9e243baf5e743b2e351750,10b35946d342c0fa11f6947d43ce5046,1.1091962364693568,6,패,2200
6a9e1a551d0137f493c0b170,10b35946d342c0fa11f6947d43ce5046,1.1091962364693568,6,패,2200
6a9e16d8bc8f7c02754e5f3b,10b35946d342c0fa11f6947d43ce5046,1.1091962364693568,6,승,2200
6a9e1350877d242d0275e1ec,10b35946d342c0fa11f6947d43ce5046,1.1194036283746733,6,패,2200
6a9cc6bb7cedc1985f1a99ac,10b35946d342c0fa11f6947d43ce5046,1.1194036283746733,6,패,2200
6a9b769c9181d15eb35fad03,10b35946d342c0fa11f6947d43ce5046,1.1194036283746736,6,패,2200
6a9b73dc9fb1516d28663d9d,10b35946d342c0fa11f6947d43ce5046,1.1194036283746733,6,패,2200
6a981723d2139860a54b7bc7,10b35946d342c0fa11f6947d43ce5046,1.1194036283746733,6,승,2200
6a98062eaebecbf438af401b,10b35946d342c0fa11f6947d43ce5046,1.1194036283746733,6,승,2200
6a980326a815cc37699d85ba,10b35946d342c0fa11f6947d43ce5046,1.1194036283746733,6,승,2200
6a978e526eb51e002926c187,10b35946d342c0fa11f6947d43ce5046,1.1194036283746733,6,승,2200
6a97888ac8031a1c2a102990,10b35946d342c0fa11f6947d43ce5046,1.1194036283746733,6,승,2200
6a97858b473534cfc1d1cbcb,10b35946d342c0fa11f6947d43ce5046,1.1194036283746733,6,무,2200
6a9782f8073eab22e0eed307,10b35946d342c0fa11f6947d43ce5046,1.1194036283746733,6,패,2200
6a96667dead6cd2446742eac,10b35946d342c0fa11f6947d43ce5046,1.113957019437864,6,패,2200
6a92c60b7b387a58ea82dbf3,10b35946d342c0fa11f6947d43ce5046,1.113957019437864,6,무,2200
6a92c357405df236aea886ca,10b35946d342c0fa11f6947d43ce5046,1.113957019437864,6,패,2200
6a922fe905426a229196affe,10b35946d342c0fa11f6947d43ce5046,1.113957019437864,6,패,2200
6a922d288d90f737bbd43fd7,10b35946d342c0fa11f6947d43ce5046,1.113957019437864,6,무,2200
6a922a632a76108e4af0c564,10b35946d342c0fa11f6947d43ce5046,1.113957019437864,6,무,2200
6a9227d319d99224ce6c4efc,10b35946d342c0fa11f6947d43ce5046,1.113957019437864,6,패,2200
6a8e24e18273d17ff367ea5f,10b35946d342c0fa11f6947d43ce5046,1.113957019437864,6,패,2500
6a8e220e90d5f471cad3f3f1,10b35946d342c0fa11f6947d43ce5046,1.113957019437864,6,승,2500
6a8d8f334e62fc021f4b06f7,10b35946d342c0fa11f6947d43ce5046,1.113957019437864,6,승,2500
6a8d4de5bada6e46212dccfc,10b35946d342c0fa11f6947d43ce5046,1.113957019437864,6,승,2500
6a8d4ad27851b71525e54ecc,10b35946d342c0fa11f6947d43ce5046,1.113957019437864,6,승,2500
6a8d3cc51bb25d815ff7aa8c,10b35946d342c0fa11f6947d43ce5046,1.113957019437864,6,무,2500
6a8d14a3cff3a9860d727bd1,10b35946d342c0fa11f6947d43ce5046,1.113957019437864,6,패,2500
6a8d10198c79182200eaa550,10b35946d342c0fa11f6947d43ce5046,1.113957019437864,6,패,2500
6a8d0d56cd571e8dc8c478f4,10b35946d342c0fa11f6947d43ce5046,1.113957019437864,6,패,2500
6a8d086ef8765f844bf6666a,10b35946d342c0fa11f6947d43ce5046,1.113957019437864,6,승,2500
6a8d0570ccce7600262267fb,10b35946d342c0fa11f6947d43ce5046,1.113957019437864,6,승,2300
6a8d02ad8c8af6ed03dd0a8f,10b35946d342c0fa11f6947d43ce5046,1.113957019437864,6,패,2200
6a8d000d6c13288609c4dbd8,10b35946d342c0fa11f6947d43ce5046,1.113957019437864,6,패,2500
6a8cd0f5b5641f8e717face6,10b35946d342c0fa11f6947d43ce5046,1.113957019437864,6,승,2500
6a8c5fa1ae695b971df7476e,10b35946d342c0fa11f6947d43ce5046,1.113957019437864,6,무,2500
6a8c5a06da7b5c82ca944550,10b35946d342c0fa11f6947d43ce5046,1.113957019437864,6,승,2500
6a8c57234e0e9564c924a314,10b35946d342c0fa11f6947d43ce5046,1.113957019437864,6,패,2200
6a8c5477809aae6c913cbb3b,10b35946d342c0fa11f6947d43ce5046,1.113957019437864,6,패,2500
6a8c500fe86f234da79ef9a3,10b35946d342c0fa11f6947d43ce5046,1.113957019437864,6,패,2500
6a8c05cd52e5ff09695c1961,10b35946d342c0fa11f6947d43ce5046,1.1142764109606442,6,패,2500
6a8c033d026fc916a9ab4950,10b35946d342c0fa11f6947d43ce5046,1.114276410960644,6,패,2500
6a8a887d441292893a7108ed,10b35946d342c0fa11f6947d43ce5046,1.1142764109606442,6,승,2500
6a8a85d40a00c346488d9304,10b35946d342c0fa11f6947d43ce5046,1.1142764109606438,6,패,2500
6a8a3826a07b7b54da71c603,10b35946d342c0fa11f6947d43ce5046,1.1142764109606442,6,무,2500
6a8864fd0442cedc3a771656,10b35946d342c0fa11f6947d43ce5046,1.118983838493257,6,패,2500
6a886250dbbc323c0e38ecc0,10b35946d342c0fa11f6947d43ce5046,1.118983838493257,6,패,2500
6a87f33922775a0983813e87,10b35946d342c0fa11f6947d43ce5046,1.119234448209085,6,패,2500
6a87f06c81545081fdf6810c,10b35946d342c0fa11f6947d43ce5046,1.118983838493257,6,승,2500
6a87edb8df23a2254dfb495d,10b35946d342c0fa11f6947d43ce5046,1.118983838493257,6,패,2500
6a87eb1d51ee99f9215ba1c7,10b35946d342c0fa11f6947d43ce5046,1.118983838493257,6,무,2500
6a87b92e9be0f5ac789f8580,10b35946d342c0fa11f6947d43ce5046,1.118983838493257,6,패,2500
6a87b69dcb99183eac570f7b,10b35946d342c0fa11f6947d43ce5046,1.118983838493257,6,패,2500
6a87b2737bbdea1f4be56fb8,10b35946d342c0fa11f6947d43ce5046,1.118983838493257,6,승,2500
6a852342f76f9d1b696c9232,10b35946d342c0fa11f6947d43ce5046,1.118983838493257,6,승,2500
6a85205431479fb0aa71fccd,10b35946d342c0fa11f6947d43ce5046,1.118983838493257,6,패,2500
6a825e3be83ca9a8b2f8f1d5,10b35946d342c0fa11f6947d43ce5046,1.118983838493257,6,승,2300
6a825b941b535b553836ebcc,10b35946d342c0fa11f6947d43ce5046,1.118983838493257,6,승,2300
6a824eb586b1be4ba46fb399,10b35946d342c0fa11f6947d43ce5046,1.118983838493257,6,무,2300
6a815ff413e84d101c0ddc81,10b35946d342c0fa11f6947d43ce5046,1.118983838493257,6,패,2300
6a7fd8ed61320f3e3bd05ff6,10b35946d342c0fa11f6947d43ce5046,1.118983838493257,6,승,2500
6a7f12af23e92ed0a941b7f1,10b35946d342c0fa11f6947d43ce5046,1.118983838493257,6,패,2500
6a7f0fbc8bccd591136ad841,10b35946d342c0fa11f6947d43ce5046,1.118983838493257,6,승,2500
6a7f0d02e4c6f71b5b38ecfe,10b35946d342c0fa11f6947d43ce5046,1.119234448209085,6,무,2500
6a7f0a1554b7fa129e5259ab,10b35946d342c0fa11f6947d43ce5046,1.1192344482090848,6,패,2500
6a7ee618d094535188691cfb,10b35946d342c0fa11f6947d43ce5046,1.119234448209085,6,무,2300
6a7ee27598c7d70b8f6c548e,10b35946d342c0fa11f6947d43ce5046,1.118983838493257,6,승,2300
6a7edfc72296395d672d792f,10b35946d342c0fa11f6947d43ce5046,1.118983838493257,6,패,2300
6a7ecf1cee0a59822a70ddfd,10b35946d342c0fa11f6947d43ce5046,1.118983838493257,6,패,2300
6a7ecc4f35e3b38e14b87a80,10b35946d342c0fa11f6947d43ce5046,1.118983838493257,6,패,2300
6a7ec8be4427b34e5b642074,10b35946d342c0fa11f6947d43ce5046,1.118983838493257,6,패,2300
6a7ddd4e275a7d8d32640a3a,10b35946d342c0fa11f6947d43ce5046,1.118983838493257,6,무,2500
6a7ddaa422e41e37dd16cdc0,10b35946d342c0fa11f6947d43ce5046,1.118983838493257,6,패,2500
6a7dd6f925f815db9645bc92,10b35946d342c0fa11f6947d43ce5046,1.118983838493257,6,승,2500
6a7db5973fa71f6c10c068ca,10b35946d342c0fa11f6947d43ce5046,1.118983838493257,6,승,2300
6a7db11e28af73c8287535af,10b35946d342c0fa11f6947d43ce5046,1.118983838493257,6,패,2500
6a9f0ee85956ec4f75ed9543,11b7f5ad8e935d0a906f5189e907a9e9,1.1371510040976958,6,패,2300
6a9f0962b1db0654590fa6e6,11b7f5ad8e935d0a906f5189e907a9e9,1.1371510040976958,6,승,2300
6a9f0454eedc3ce96b49363a,11b7f5ad8e935d0a906f5189e907a9e9,1.1371510040976958,6,승,2300
6a9f00da325952441285ed29,11b7f5ad8e935d0a906f5189e907a9e9,1.1371510040976958,6,승,2300
6a9efd1f189f836e24cd9211,11b7f5ad8e935d0a906f5189e907a9e9,1.1371510040976955,6,무,2300
6a9b34ea7c517f6f9a2f6c52,11b7f5ad8e935d0a906f5189e907a9e9,1.1371510040976958,6,패,2300
6a9b2fecd690562d75c35c71,11b7f5ad8e935d0a906f5189e907a9e9,1.1371510040976955,6,패,2300
6a9b2cb658f804eede50b6d5,11b7f5ad8e935d0a906f5189e907a9e9,1.1371510040976958,6,무,2300
6a9b2a03325952e167640cba,11b7f5ad8e935d0a906f5189e907a9e9,1.1371510040976955,6,승,2300
6a9b27429a15e28390a9c4c4,11b7f5ad8e935d0a906f5189e907a9e9,1.1371510040976955,6,승,2300
6a9b208f0a08e07ee02b328b,11b7f5ad8e935d0a906f5189e907a9e9,1.1452622576064908,6,무,2300
6a9b10b2c2c7bb087d215dbf,11b7f5ad8e935d0a906f5189e907a9e9,1.1452622576064908,6,승,2300
6a9aee15b2b32f2f81907a6e,11b7f5ad8e935d0a906f5189e907a9e9,1.1339980549048294,6,패,2300
6a9ad85a24d0e2526083d233,11b7f5ad8e935d0a906f5189e907a9e9,1.1397030901490222,6,무,2300
6a9ad588e58a1f836af7dd99,11b7f5ad8e935d0a906f5189e907a9e9,1.1397030901490222,6,승,2300
6a9ad288ecc2753937ac5d39,11b7f5ad8e935d0a906f5189e907a9e9,1.1397030901490222,6,승,2300
6a9a6dcaf685bf3ecab531be,11b7f5ad8e935d0a906f5189e907a9e9,1.1397030901490222,6,패,2300
6a9a45fdbe89e626fe24c05d,11b7f5ad8e935d0a906f5189e907a9e9,1.1392062541496257,6,패,2200
6a982f2803aa8f9d957590b4,11b7f5ad8e935d0a906f5189e907a9e9,1.139206254149626,6,패,2200
6a982c73fda68308989c8e22,11b7f5ad8e935d0a906f5189e907a9e9,1.1392062541496257,6,패,2200
6a9693dc8e060f0222713af9,11b7f5ad8e935d0a906f5189e907a9e9,1.1392062541496257,6,무,2200
6a968ec1215f99102ae7b7df,11b7f5ad8e935d0a906f5189e907a9e9,1.1392062541496257,6,무,2200
6a968c3c237be3400da9339c,11b7f5ad8e935d0a906f5189e907a9e9,1.1392062541496257,6,승,2200
6a96892e699e5ba07bf56777,11b7f5ad8e935d0a906f5189e907a9e9,1.1392062541496257,6,승,2200
6a963966d0fda724570a48f3,11b7f5ad8e935d0a906f5189e907a9e9,1.1392062541496257,6,패,2200
6a9635f431a3ba1f825ac56f,11b7f5ad8e935d0a906f5189e907a9e9,1.1392062541496257,6,승,2200
6a9633580f97ee89ad4141ac,11b7f5ad8e935d0a906f5189e907a9e9,1.1392062541496257,6,승,2200
6a95b2e16fee944c5e13146d,11b7f5ad8e935d0a906f5189e907a9e9,1.1392062541496257,6,승,2300
6a956579e020b1fb915afa40,11b7f5ad8e935d0a906f5189e907a9e9,1.1392062541496257,6,패,2200
6a95622a466cccaea42c9ad5,11b7f5ad8e935d0a906f5189e907a9e9,1.1392062541496257,6,무,2200
6a916db6c1922e59164edad8,11b7f5ad8e935d0a906f5189e907a9e9,1.1392062541496257,6,패,2200
6a906e26a8d7313fe0e9ea7e,11b7f5ad8e935d0a906f5189e907a9e9,1.1392062541496257,6,승,2200
6a9067656fbd3e07d2420000,11b7f5ad8e935d0a906f5189e907a9e9,1.139206254149626,6,패,2200
6a8fd09345bc5414b5d28338,11b7f5ad8e935d0a906f5189e907a9e9,1.1392062541496257,6,승,2200
6a8f44d0b943d3ac77c34675,11b7f5ad8e935d0a906f5189e907a9e9,1.1392062541496257,6,승,2200
6a8f41e033f60380e7a6451f,11b7f5ad8e935d0a906f5189e907a9e9,1.1392062541496257,6,패,2200
6a8e8a9fbb8aa003c943a66b,11b7f5ad8e935d0a906f5189e907a9e9,1.1392062541496257,6,패,2200
6a8e87d6564fbeeca12c245d,11b7f5ad8e935d0a906f5189e907a9e9,1.1392062541496257,6,패,2200
6a8e85039da5360dd4cc6aaa,11b7f5ad8e935d0a906f5189e907a9e9,1.1392062541496257,6,승,2200
6a8e7460fadf579ae424b6c5,11b7f5ad8e935d0a906f5189e907a9e9,1.1392062541496257,6,패,2200
6a8e6ad3dc48951ab22f760e,11b7f5ad8e935d0a906f5189e907a9e9,1.139206254149626,6,승,2300
6a8e6813d02e3a500c669fef,11b7f5ad8e935d0a906f5189e907a9e9,1.1392062541496257,6,승,2300
6a8e6595d6bfc95fae70fae0,11b7f5ad8e935d0a906f5189e907a9e9,1.1392062541496257,6,승,2300
6a8b43fcc5a90570a056562b,11b7f5ad8e935d0a906f5189e907a9e9,1.1357959241590354,6,무,2300
6a8b3c751c0ece74f56b607b,11b7f5ad8e935d0a906f5189e907a9e9,1.1357959241590352,6,패,2300
6a88f9e9b8c815f3afa634ad,11b7f5ad8e935d0a906f5189e907a9e9,1.1357959241590352,6,승,2300
6a88f6eb70133d18b0f135ac,11b7f5ad8e935d0a906f5189e907a9e9,1.1357959241590352,6,패,2300
6a88debda54b3b7794310a7a,11b7f5ad8e935d0a906f5189e907a9e9,1.1357959241590352,6,승,2300
6a88632cf27837ee6db3782c,11b7f5ad8e935d0a906f5189e907a9e9,1.1357959241590354,6,승,2300
6a886035b0c26047a5bbb438,11b7f5ad8e935d0a906f5189e907a9e9,1.1357959241590352,6,승,2400
6a885bbce8210020fc8b314d,11b7f5ad8e935d0a906f5189e907a9e9,1.1357959241590352,6,승,2400
6a88593644de2eceae49aeb0,11b7f5ad8e935d0a906f5189e907a9e9,1.1357959241590354,6,패,2400
6a885622b556b07f96fd4883,11b7f5ad8e935d0a906f5189e907a9e9,1.1357959241590354,6,승,2400
6a882f44d2a736639fc06ae3,11b7f5ad8e935d0a906f5189e907a9e9,1.1357959241590354,6,승,2400
6a882bb3acf055b12f2e4532,11b7f5ad8e935d0a906f5189e907a9e9,1.1357959241590352,6,승,2400
6a882219f7bf95a4a8cacaf0,11b7f5ad8e935d0a906f5189e907a9e9,1.1357959241590354,6,승,2400
6a872a8e8504c4812bdde1f0,11b7f5ad8e935d0a906f5189e907a9e9,1.1357959241590354,6,무,2400
6a85bfec4dbd8a36f29e80df,11b7f5ad8e935d0a906f5189e907a9e9,1.1357959241590354,6,승,2400
6a85bcf813f0cbb5f2464511,11b7f5ad8e935d0a906f5189e907a9e9,1.1357959241590354,6,패,2400
6a85b637bc92547654a92b81,11b7f5ad8e935d0a906f5189e907a9e9,1.1357959241590352,6,무,2400
6a84e68deff34d7f670c45b5,11b7f5ad8e935d0a906f5189e907a9e9,1.1357959241590352,6,패,2400
6a84e1aefb79be6f34632a5f,11b7f5ad8e935d0a906f5189e907a9e9,1.1357959241590352,6,무,2400
6a84753146f6e6ad33333727,11b7f5ad8e935d0a906f5189e907a9e9,1.1357959241590354,6,승,2400
6a844a5c2cb64edc933a79d5,11b7f5ad8e935d0a906f5189e907a9e9,1.1357959241590354,6,패,2400
6a8440357a6ed34a150e04af,11b7f5ad8e935d0a906f5189e907a9e9,1.1357959241590354,6,패,2400
6a843d926e4fce0ac5ce37a4,11b7f5ad8e935d0a906f5189e907a9e9,1.1357959241590354,6,승,2400
6a84321a0f3a5c6a0f33577a,11b7f5ad8e935d0a906f5189e907a9e9,1.1357959241590352,6,승,2400
6a842f563bde4c6f85bfdbd4,11b7f5ad8e935d0a906f5189e907a9e9,1.1357959241590352,6,승,2500
6a8367b7a3f3cdd83902c0ed,11b7f5ad8e935d0a906f5189e907a9e9,1.1357959241590354,6,패,2400
6a8364db5a41ceb697d59c6d,11b7f5ad8e935d0a906f5189e907a9e9,1.1357959241590354,6,패,2400
6a835f203e4f688b756bb47f,11b7f5ad8e935d0a906f5189e907a9e9,1.1357959241590354,6,승,2400
6a835b3161f45e81196309f9,11b7f5ad8e935d0a906f5189e907a9e9,1.1357959241590354,6,무,2400
6a83580f66ae1b4041c93760,11b7f5ad8e935d0a906f5189e907a9e9,1.1357959241590352,6,패,2400
6a834ee9b98e31e261df143d,11b7f5ad8e935d0a906f5189e907a9e9,1.1357959241590354,6,승,2400
6a8322c88714de072f688e2a,11b7f5ad8e935d0a906f5189e907a9e9,1.1357959241590352,6,패,2400
6a831cb8ae57ca004816bf21,11b7f5ad8e935d0a906f5189e907a9e9,1.1357959241590354,6,패,2400
6a8319488f2d2c166ebca286,11b7f5ad8e935d0a906f5189e907a9e9,1.1357959241590354,6,승,2400
6a81fe79267af37a08079520,11b7f5ad8e935d0a906f5189e907a9e9,1.1357959241590352,6,승,2400
6a81fba76026aea7cba4fcd0,11b7f5ad8e935d0a906f5189e907a9e9,1.1357959241590352,6,승,2500
6a81f68fa886735537ef4202,11b7f5ad8e935d0a906f5189e907a9e9,1.1357959241590354,6,승,2500
6a9eea6e6df2dda1b6cceefe,a7fa0195112a8ffdde2219666a8b6743,1.1365517938876784,6,승,2500
6a9ee3951c6ccef9f8570021,a7fa0195112a8ffdde2219666a8b6743,1.1365517938876784,6,무,2500
6a9ee0f44151c4bfb0702afc,a7fa0195112a8ffdde2219666a8b6743,1.1405197828172364,6,승,2500
6a9ede497b4414ce4dbacf36,a7fa0195112a8ffdde2219666a8b6743,1.1365517938876784,6,패,2500
6a9ea8daa09916cd1975254e,a7fa0195112a8ffdde2219666a8b6743,1.1353480667932858,6,승,2200
6a9ea3446efb5610a060465c,a7fa0195112a8ffdde2219666a8b6743,1.1365517938876784,6,패,2100
6a9ea0927a76dd56c4af325d,a7fa0195112a8ffdde2219666a8b6743,1.1365517938876784,6,패,2500
6a9e9df0cad2bd7b30b7ea07,a7fa0195112a8ffdde2219666a8b6743,1.1269939177002908,6,무,2100
6a9e9b4faf04915010c540da,a7fa0195112a8ffdde2219666a8b6743,1.1365517938876784,6,승,2200
6a9e98ceb140af800a376b94,a7fa0195112a8ffdde2219666a8b6743,1.1365517938876784,6,승,2200
6a9e962fc100293a87d39be5,a7fa0195112a8ffdde2219666a8b6743,1.1365517938876786,6,승,2200
6a9ba70d6ee22a93c0c1931f,a7fa0195112a8ffdde2219666a8b6743,1.1346400260204301,6,패,2200
6a9b920b67a27206bebf2edf,a7fa0195112a8ffdde2219666a8b6743,1.132469184059506,6,승,2200
6a9b8f7733050967b3e04fce,a7fa0195112a8ffdde2219666a8b6743,1.1365517938876786,6,패,2200
6a9b8cc0ba94994517750c2f,a7fa0195112a8ffdde2219666a8b6743,1.132469184059506,6,패,2100
6a9b87ab1f16185d58da2cd3,a7fa0195112a8ffdde2219666a8b6743,1.1346400260204301,6,패,2100
6a9b84c9790aea53f0aa6eb6,a7fa0195112a8ffdde2219666a8b6743,1.1346400260204301,6,무,2100
6a9b82415a09e12f65dfb732,a7fa0195112a8ffdde2219666a8b6743,1.1346400260204301,6,패,2100
6a97beaf09031ae12529eefd,a7fa0195112a8ffdde2219666a8b6743,1.1396298109032912,5,무,2100
6a97bc2de0ec7d45f07e59b1,a7fa0195112a8ffdde2219666a8b6743,1.1396298109032912,5,무,2100
6a97aea4a407c838f4cfd57a,a7fa0195112a8ffdde2219666a8b6743,1.1307464577523514,6,승,2100
6a97ac3a1eb9b95a44844828,a7fa0195112a8ffdde2219666a8b6743,1.1365517938876784,6,패,2100
6a97a83107783c507585731a,a7fa0195112a8ffdde2219666a8b6743,1.1365517938876784,6,승,2100
6a97a350b0a6f5a2279b0476,a7fa0195112a8ffdde2219666a8b6743,1.1248677198102512,6,무,2100
6a97a0a3a0f31effbd6de5d8,a7fa0195112a8ffdde2219666a8b6743,1.128886249745457,6,승,2100
6a979e0c30555652a788e1a6,a7fa0195112a8ffdde2219666a8b6743,1.1365517938876784,6,패,2100
6a971c54a57233a7560987b9,a7fa0195112a8ffdde2219666a8b6743,1.1365517938876784,6,승,2100
6a9717b6ef0bbeed3826e5df,a7fa0195112a8ffdde2219666a8b6743,1.1365517938876784,6,승,2200
6a97154208c4d08836e26c25,a7fa0195112a8ffdde2219666a8b6743,1.1365517938876784,6,승,2200
6a9712bd43f74627082d04f2,a7fa0195112a8ffdde2219666a8b6743,1.1365517938876784,6,패,2200
6a9710322bee17c3e71dde6c,a7fa0195112a8ffdde2219666a8b6743,1.129855946280722,6,무,2200
6a97091cd2423dde044fe505,a7fa0195112a8ffdde2219666a8b6743,1.1365517938876784,6,무,2100
6a97069c0d433fdf516856c5,a7fa0195112a8ffdde2219666a8b6743,1.112814020714611,6,승,2100
6a97040260ffef49e9b3d006,a7fa0195112a8ffdde2219666a8b6743,1.1222741301567332,6,패,2100
6a97018ed1b38579cbe8497e,a7fa0195112a8ffdde2219666a8b6743,1.1353480667932856,6,패,2100
6a96ff2a9f0eb6bc3b9c6cc4,a7fa0195112a8ffdde2219666a8b6743,1.1193053101483805,6,무,2100
6a96fcb86c311a775f2a4eeb,a7fa0195112a8ffdde2219666a8b6743,1.1222741301567332,6,무,2100
6a96f82c1fb94dbbfa752905,a7fa0195112a8ffdde2219666a8b6743,1.1274046364556247,6,패,2100
6a96f56e369fc66eaf1116bc,a7fa0195112a8ffdde2219666a8b6743,1.1365517938876784,6,무,2100
6a96f30af08575257bca4825,a7fa0195112a8ffdde2219666a8b6743,1.109440277047969,6,패,2100
6a96f06671421a40aacecddb,a7fa0195112a8ffdde2219666a8b6743,1.1365517938876784,6,무,2100
6a96ecc6704c28a35a74e308,a7fa0195112a8ffdde2219666a8b6743,1.1079582955164533,6,무,2100
6a96ea00f6f831aea655c498,a7fa0195112a8ffdde2219666a8b6743,1.1442404014395886,6,패,2100
6a96e741bd4027c22ec2f961,a7fa0195112a8ffdde2219666a8b6743,1.1312907020726197,6,패,2100
6a96e4b1637d2eb50fa7d466,a7fa0195112a8ffdde2219666a8b6743,1.1396948530484687,6,승,2100
6a96c40303a81ef449221f74,a7fa0195112a8ffdde2219666a8b6743,1.1408985801428617,6,승,2100
6a96c190c0736b1aaa4bdc3c,a7fa0195112a8ffdde2219666a8b6743,1.122120112989194,6,패,2100
6a96bf13d9cf6611e6a21296,a7fa0195112a8ffdde2219666a8b6743,1.1408985801428615,6,패,2100
6a96bc856d7fee7c18ca7eb5,a7fa0195112a8ffdde2219666a8b6743,1.1470552042804016,6,패,2100
6a96b9e8ad7dfd249f116316,a7fa0195112a8ffdde2219666a8b6743,1.1408985801428617,6,패,2100
6a94e78d0690bc461bb84d0a,a7fa0195112a8ffdde2219666a8b6743,1.1465606520391503,5,무,2500
6a94e449d1e5410506b09536,a7fa0195112a8ffdde2219666a8b6743,1.123652096403564,6,승,2500
6a94e1b5982b535ae5d99374,a7fa0195112a8ffdde2219666a8b6743,1.1544295925298793,5,패,2500
6a94df4dd4eacfda8d5d0170,a7fa0195112a8ffdde2219666a8b6743,1.1544295925298793,5,패,2500
6a94dc6faff72816597db799,a7fa0195112a8ffdde2219666a8b6743,1.1544295925298793,5,승,2500
6a94d9d5626ec76a87e8f64e,a7fa0195112a8ffdde2219666a8b6743,1.1544295925298793,5,패,2500
6a94d6ebd516db34ca6dec6c,a7fa0195112a8ffdde2219666a8b6743,1.1544295925298793,5,패,2500
6a94d40f0a222841c198fe6f,a7fa0195112a8ffdde2219666a8b6743,1.1544295925298793,5,승,2500
6a92d58b20c849861a8e5852,a7fa0195112a8ffdde2219666a8b6743,1.1236020945207097,6,패,2100
6a9176823c71f80ac0f660ae,a7fa0195112a8ffdde2219666a8b6743,1.1408985801428617,6,승,2100
6a9172842e0c031f8e04d074,a7fa0195112a8ffdde2219666a8b6743,1.1353480667932856,6,승,2100
6a916fe1684f726b2b323fe8,a7fa0195112a8ffdde2219666a8b6743,1.1343631586796965,6,패,2100
6a916d5a1185d97859acb4fc,a7fa0195112a8ffdde2219666a8b6743,1.1365517938876784,6,승,2100
6a91680431df5555b1b334d6,a7fa0195112a8ffdde2219666a8b6743,1.1312907020726197,6,승,2100
6a9163f353c2c51331b91fd0,a7fa0195112a8ffdde2219666a8b6743,1.123652096403564,6,패,2100
6a91614ed3f94b2096e25bb8,a7fa0195112a8ffdde2219666a8b6743,1.123652096403564,6,승,2100
6a915ea8122c8fc538549046,a7fa0195112a8ffdde2219666a8b6743,1.124818385854501,6,승,2200
6a911731675baaffbc16256e,a7fa0195112a8ffdde2219666a8b6743,1.1408985801428615,6,승,2200
6a9114bca8a5c4f11093207c,a7fa0195112a8ffdde2219666a8b6743,1.1408985801428615,6,무,2200
6a911200863c76865a3055df,a7fa0195112a8ffdde2219666a8b6743,1.123652096403564,6,패,2200
6a90e7d3e49d703393354fad,a7fa0195112a8ffdde2219666a8b6743,1.1277919037073927,6,승,2200
6a8d1358442e28e1ea8882ee,a7fa0195112a8ffdde2219666a8b6743,1.1415492963001308,6,무,2200
6a8d104f81545095971eb0ee,a7fa0195112a8ffdde2219666a8b6743,1.1415492963001308,6,승,2300
6a8d0decbea2aeb1ce85e67d,a7fa0195112a8ffdde2219666a8b6743,1.1415492963001308,6,승,2300
6a8d0b64144092c6b043c906,a7fa0195112a8ffdde2219666a8b6743,1.1415492963001308,6,승,2300
6a8d004276ee6f8f1d1578a2,a7fa0195112a8ffdde2219666a8b6743,1.1415492963001308,6,무,2300
6a8cf6066c0d9f78040ea428,a7fa0195112a8ffdde2219666a8b6743,1.1356107857107693,6,무,2300
6a8cf36ee377b1e4e55a5990,a7fa0195112a8ffdde2219666a8b6743,1.1415492963001308,6,승,2300
6a8ceec3022c4880e3850229,a7fa0195112a8ffdde2219666a8b6743,1.1415492963001308,6,무,2300
6a8cec1213528139535d7d4a,a7fa0195112a8ffdde2219666a8b6743,1.1415492963001308,6,무,2300
6a8ce9aed82a794194ffb386,a7fa0195112a8ffdde2219666a8b6743,1.1415492963001308,6,무,2300
6a8ce71c1b873ff8857c18d3,a7fa0195112a8ffdde2219666a8b6743,1.1415492963001308,6,패,2300
6a8ce48e66b1114d6a895e31,a7fa0195112a8ffdde2219666a8b6743,1.1415492963001308,6,패,2300
6a8ce1e41169ef4c109afdee,a7fa0195112a8ffdde2219666a8b6743,1.1411292892494462,6,패,2300
6a9e9249424b073d3d221fe4,b29f1396dbfec36fe7014bb6e6d24a9f,1.1500249794770763,6,패,2000
6a9e8f97d59a730de731db95,b29f1396dbfec36fe7014bb6e6d24a9f,1.150024979477076,6,패,2000
6a9d2ca963f92b6ac92aff6e,b29f1396dbfec36fe7014bb6e6d24a9f,1.1500249794770763,6,승,2000
6a9d27cbbc850f3c991ea8a1,b29f1396dbfec36fe7014bb6e6d24a9f,1.1497515116556996,6,승,2100
6a9d250d7f211a3dc4ba258e,b29f1396dbfec36fe7014bb6e6d24a9f,1.1500249794770763,6,무,2100
6a9d225c74b589af9b8ff506,b29f1396dbfec36fe7014bb6e6d24a9f,1.1500249794770763,6,무,2100
6a9d1f2d4e21971b94aa36fe,b29f1396dbfec36fe7014bb6e6d24a9f,1.1500249794770763,6,패,2100
6a9d1c50f769a27f41376562,b29f1396dbfec36fe7014bb6e6d24a9f,1.1550048830737396,6,패,2100
6a9d11917c517f0fba40603d,b29f1396dbfec36fe7014bb6e6d24a9f,1.146652661608967,6,승,2100
6a9d0ed833a41b9fd74d61af,b29f1396dbfec36fe7014bb6e6d24a9f,1.1446966859243217,6,패,2100
6a9d0c1d4edab7d8c327801b,b29f1396dbfec36fe7014bb6e6d24a9f,1.146652661608967,6,패,2000
6a9d06368d1c053b394a7724,b29f1396dbfec36fe7014bb6e6d24a9f,1.146652661608967,6,무,2100
6a9d03ac3b8fb7dae6e252a6,b29f1396dbfec36fe7014bb6e6d24a9f,1.146652661608967,6,승,2100
6a9cffb38d5dce8a3daac590,b29f1396dbfec36fe7014bb6e6d24a9f,1.146652661608967,6,무,2100
6a9cfce71585dfe09921e031,b29f1396dbfec36fe7014bb6e6d24a9f,1.1463791937875905,6,무,2100
6a9cfa2b6bbd0163133efe00,b29f1396dbfec36fe7014bb6e6d24a9f,1.146652661608967,6,무,2100
6a9a4bedc3c89d4247d6866e,b29f1396dbfec36fe7014bb6e6d24a9f,1.1416727580123036,6,무,2100
6a9a495c7d4e19e127fdec64,b29f1396dbfec36fe7014bb6e6d24a9f,1.1416727580123036,6,패,2100
6a9a469eb009165eb69c0a06,b29f1396dbfec36fe7014bb6e6d24a9f,1.1416727580123036,6,무,2100
6a9a4412c42ea9de719deb1d,b29f1396dbfec36fe7014bb6e6d24a9f,1.1416727580123036,6,패,2100
6a9a22cfb089b5a2798182ad,b29f1396dbfec36fe7014bb6e6d24a9f,1.1416727580123036,6,승,2100
6a9a1f0477e97d82279948a4,b29f1396dbfec36fe7014bb6e6d24a9f,1.1416727580123036,6,패,2100
6a9a1c5c5dbcac22ca64f9c6,b29f1396dbfec36fe7014bb6e6d24a9f,1.1416727580123036,6,무,2100
6a990f117d95d71ba122e9a9,b29f1396dbfec36fe7014bb6e6d24a9f,1.141399290190927,6,패,2100
6a990c88abae9cfc9affb6f9,b29f1396dbfec36fe7014bb6e6d24a9f,1.1416727580123036,6,패,2100
6a990a0828fab3638d983773,b29f1396dbfec36fe7014bb6e6d24a9f,1.1416727580123036,6,무,2100
6a990737bf81757c77cb62bb,b29f1396dbfec36fe7014bb6e6d24a9f,1.1413992901909271,6,무,2100
6a9903680e8c0365bd7ea08b,b29f1396dbfec36fe7014bb6e6d24a9f,1.1416727580123036,6,승,2100
6a99005ba9b7c599e9c6ea24,b29f1396dbfec36fe7014bb6e6d24a9f,1.1416727580123036,6,패,2100
6a97aa59d376d60e359ed809,b29f1396dbfec36fe7014bb6e6d24a9f,1.1442482876318227,6,패,2100
6a97a771f89d2bb20b8260bc,b29f1396dbfec36fe7014bb6e6d24a9f,1.1442482876318227,6,승,2100
6a97a4b1c6f36e5cf2d11ad8,b29f1396dbfec36fe7014bb6e6d24a9f,1.1442482876318225,6,승,2100
6a979265aaef5c5de906e84e,b29f1396dbfec36fe7014bb6e6d24a9f,1.1442482876318227,6,패,2100
6a978fa784b5947f96b6c651,b29f1396dbfec36fe7014bb6e6d24a9f,1.1442482876318227,6,패,2100
6a978a1d08b9ea09c0455627,b29f1396dbfec36fe7014bb6e6d24a9f,1.1442482876318227,6,승,2100
6a963120a6916965025fef59,b29f1396dbfec36fe7014bb6e6d24a9f,1.1442482876318227,6,패,2100
6a962ea605426adef6b6e6d9,b29f1396dbfec36fe7014bb6e6d24a9f,1.1442482876318227,6,승,2100
6a962c19a3aeb7d4e43a16fe,b29f1396dbfec36fe7014bb6e6d24a9f,1.1442482876318227,6,승,2100
6a96297eb2bb2a0531008ec9,b29f1396dbfec36fe7014bb6e6d24a9f,1.1442482876318227,6,패,2100
6a9626fc716820b651b66fb7,b29f1396dbfec36fe7014bb6e6d24a9f,1.1442482876318227,6,패,2100
6a94d104175b440666d4c828,b29f1396dbfec36fe7014bb6e6d24a9f,1.1442482876318225,6,패,2100
6a94ce253f5c520598d28755,b29f1396dbfec36fe7014bb6e6d24a9f,1.1442482876318227,6,승,2100
6a94c4b48e4479d594114cb3,b29f1396dbfec36fe7014bb6e6d24a9f,1.1442482876318227,6,승,2100
6a94c207405df25415b8debf,b29f1396dbfec36fe7014bb6e6d24a9f,1.1442482876318227,6,무,2100
6a94bf54e7cc4f18e68e1b36,b29f1396dbfec36fe7014bb6e6d24a9f,1.1442482876318225,6,패,2100
6a94bc6fd1451d5429b33215,b29f1396dbfec36fe7014bb6e6d24a9f,1.1442482876318227,6,승,2100
6a94b9f3cd6c24b01490ad15,b29f1396dbfec36fe7014bb6e6d24a9f,1.1442482876318225,6,패,2100
6a942f479e0832ba65221431,b29f1396dbfec36fe7014bb6e6d24a9f,1.1442482876318227,6,무,2100
6a942c8f0d26cb2d8f407515,b29f1396dbfec36fe7014bb6e6d24a9f,1.1442482876318227,6,승,2100
6a9429dcd9ae5e1754e30c50,b29f1396dbfec36fe7014bb6e6d24a9f,1.1442482876318227,6,패,2100
6a92b70e0cd98c1272780b8d,b29f1396dbfec36fe7014bb6e6d24a9f,1.142292311947177,6,승,2100
6a92b45b85dd4b910464e1c9,b29f1396dbfec36fe7014bb6e6d24a9f,1.1442482876318225,6,패,2100
6a92a73e3e230bc4d9672ef5,b29f1396dbfec36fe7014bb6e6d24a9f,1.1422923119471773,6,승,2200
6a92a473e1dd3934288a3961,b29f1396dbfec36fe7014bb6e6d24a9f,1.1442482876318227,6,승,2200
6a92a18c7cadf55ed1bfbd20,b29f1396dbfec36fe7014bb6e6d24a9f,1.1442482876318227,6,승,2200
6a929bc4c4187c35cc42e612,b29f1396dbfec36fe7014bb6e6d24a9f,1.1442482876318227,6,승,2200
6a9298be548dab6af6743ac2,b29f1396dbfec36fe7014bb6e6d24a9f,1.143974819810446,6,승,2200
6a9295bc20c84970d38bcc28,b29f1396dbfec36fe7014bb6e6d24a9f,1.1422923119471773,6,패,2200
6a9293358a45c0305b38c492,b29f1396dbfec36fe7014bb6e6d24a9f,1.1442482876318227,6,승,2200
6a9111a0cf19333c0498353e,b29f1396dbfec36fe7014bb6e6d24a9f,1.147168542189035,6,패,2200
6a910b61018d9baf2ec33e9b,b29f1396dbfec36fe7014bb6e6d24a9f,1.1491245178736802,6,패,2200
6a9108291fcb2264287cfc02,b29f1396dbfec36fe7014bb6e6d24a9f,1.1491245178736802,6,무,2200
6a9105b588d907203191fc64,b29f1396dbfec36fe7014bb6e6d24a9f,1.1491245178736802,6,패,2200
6a90f3dfc97391beeab1da77,b29f1396dbfec36fe7014bb6e6d24a9f,1.1488510500523037,6,승,2200
6a90f166f4c47409937662a4,b29f1396dbfec36fe7014bb6e6d24a9f,1.1491245178736802,6,패,2200
6a90eeadca5d167c31f9fa95,b29f1396dbfec36fe7014bb6e6d24a9f,1.1491245178736802,6,무,2200
6a90eb604973ebf0da9ae892,b29f1396dbfec36fe7014bb6e6d24a9f,1.1491245178736802,6,승,2200
6a90e867d870e097bb17bf35,b29f1396dbfec36fe7014bb6e6d24a9f,1.1491245178736802,6,무,2200
6a90e2bbb7bee17bec755fa3,b29f1396dbfec36fe7014bb6e6d24a9f,1.1491245178736802,6,패,2200
6a8fbdc59f0eb6730c60bb56,b29f1396dbfec36fe7014bb6e6d24a9f,1.1452901935868665,6,패,2200
6a8fbaebaf25850add4bbeff,b29f1396dbfec36fe7014bb6e6d24a9f,1.1452901935868665,6,패,2200
6a8fb8300f96aca822cd1ab2,b29f1396dbfec36fe7014bb6e6d24a9f,1.1452901935868665,6,패,2200
6a8fb58827502d8625a8a418,b29f1396dbfec36fe7014bb6e6d24a9f,1.1452901935868662,6,승,2200
6a8fb2e1edebacaf38a18d5c,b29f1396dbfec36fe7014bb6e6d24a9f,1.1452901935868665,6,패,2200
6a8fa37680ea5257445f2c86,b29f1396dbfec36fe7014bb6e6d24a9f,1.1452901935868662,6,승,2200
6a8fa0eca8730384b2d9ebe2,b29f1396dbfec36fe7014bb6e6d24a9f,1.1452901935868665,6,패,2200
6a8f07d7773168e1647be6b6,b29f1396dbfec36fe7014bb6e6d24a9f,1.1452901935868665,6,무,2200
6a8f047ca44e47f1252718aa,b29f1396dbfec36fe7014bb6e6d24a9f,1.1452901935868662,6,패,2200
6a8d201461229d12509ba632,b29f1396dbfec36fe7014bb6e6d24a9f,1.1419094596487944,6,승,2200
6a8d1d78b0a11d2ff56f1fd9,b29f1396dbfec36fe7014bb6e6d24a9f,1.1419094596487944,6,승,2300
6a8d19f1236ce41256c9deb3,b29f1396dbfec36fe7014bb6e6d24a9f,1.1419094596487944,6,승,2300
6a8d178712c4712944e67182,b29f1396dbfec36fe7014bb6e6d24a9f,1.1419094596487944,6,승,2300
6a8d14a531533f7c285e96ce,b29f1396dbfec36fe7014bb6e6d24a9f,1.1419094596487944,6,패,2300
6a8d0271e407c52ce0a82c96,b29f1396dbfec36fe7014bb6e6d24a9f,1.1419094596487944,6,승,2300
6a8cfa70b0e73b5dae699b11,b29f1396dbfec36fe7014bb6e6d24a9f,1.1419094596487944,6,승,2300
6a8cf7ce0a8a0a2dfbff20db,b29f1396dbfec36fe7014bb6e6d24a9f,1.1416359918274177,6,패,2300
6a8cf2dccbb7d3183dfd0c8f,b29f1396dbfec36fe7014bb6e6d24a9f,1.1419094596487944,6,무,2300
6a8cf02b02ff2c766e8fa16a,b29f1396dbfec36fe7014bb6e6d24a9f,1.1419094596487944,6,패,2300
6a8ce9dc0ebb6a63a57af588,b29f1396dbfec36fe7014bb6e6d24a9f,1.1419094596487944,6,승,2300
6a9eeebbe245cf20717a44ba,f68d73d1cc3cdd3ee9760f99461dee24,1.1167172247536723,6,패,2100
6a9e89d879b75835a720403e,f68d73d1cc3cdd3ee9760f99461dee24,1.1167172247536725,6,패,2100
6a9e81c9ef99c44fcf741a31,f68d73d1cc3cdd3ee9760f99461dee24,1.1167172247536725,6,승,2100
6a9e7ec6afb27a1f8456683d,f68d73d1cc3cdd3ee9760f99461dee24,1.1151208961666268,6,무,2100
6a9e7bcd2a88ab1e896ca110,f68d73d1cc3cdd3ee9760f99461dee24,1.1167172247536723,6,승,2100
6a9e736f04753a5cb67f46b3,f68d73d1cc3cdd3ee9760f99461dee24,1.1167172247536725,6,승,2100
6a9e0ab09566e31de3d53056,f68d73d1cc3cdd3ee9760f99461dee24,1.1167172247536725,6,무,2100
6a9e06326b330420ff7e7e95,f68d73d1cc3cdd3ee9760f99461dee24,1.1167172247536725,6,승,2200
6a99a1f72bd93b0c67fc45cb,f68d73d1cc3cdd3ee9760f99461dee24,1.1167172247536725,6,승,2200
6a98f46f7a76dd3f677d1936,f68d73d1cc3cdd3ee9760f99461dee24,1.1167172247536727,6,무,2100
6a985e77a60d870c2c794261,f68d73d1cc3cdd3ee9760f99461dee24,1.1167172247536723,6,패,2100
6a984d590ee16c4f2e2f73e0,f68d73d1cc3cdd3ee9760f99461dee24,1.1167172247536725,6,승,2100
6a984a695bab7f138e0b0524,f68d73d1cc3cdd3ee9760f99461dee24,1.1167172247536725,6,승,2100
6a98411510091a388102f0f7,f68d73d1cc3cdd3ee9760f99461dee24,1.1162588908236646,6,패,2100
6a97ed34efb8403679552e2e,f68d73d1cc3cdd3ee9760f99461dee24,1.1189922466949267,6,승,2100
6a97e943de9cb5f35036b1c9,f68d73d1cc3cdd3ee9760f99461dee24,1.1189922466949267,6,승,2200
6a96ffa04855c68d026fc0b3,f68d73d1cc3cdd3ee9760f99461dee24,1.1162588908236646,6,패,2200
6a96fc53efaf192586ea6bc5,f68d73d1cc3cdd3ee9760f99461dee24,1.1189922466949267,6,승,2200
6a96f93fb7e787ac89a2347a,f68d73d1cc3cdd3ee9760f99461dee24,1.1189922466949267,6,승,2200
6a95cc2727a503b1d1ff82e3,f68d73d1cc3cdd3ee9760f99461dee24,1.1162588908236646,6,패,2200
6a95c988504e9816e9204041,f68d73d1cc3cdd3ee9760f99461dee24,1.1189922466949267,6,승,2200
6a95c6a4762a6685bf014f3b,f68d73d1cc3cdd3ee9760f99461dee24,1.1189922466949267,6,패,2200
6a9580a7249b3a385f41b7fa,f68d73d1cc3cdd3ee9760f99461dee24,1.1162588908236646,6,패,2100
6a95193ae23de521f4406081,f68d73d1cc3cdd3ee9760f99461dee24,1.1189922466949267,6,무,2100
6a95079cab6e6f036dd6211d,f68d73d1cc3cdd3ee9760f99461dee24,1.118992246694927,6,승,2100
6a95011d2793f42c2e38cc69,f68d73d1cc3cdd3ee9760f99461dee24,1.118992246694927,6,승,2200
6a94fbfa843ef62c2ab889bb,f68d73d1cc3cdd3ee9760f99461dee24,1.1189922466949267,6,패,2100
6a943e4d0a862caf4a3dc1c7,f68d73d1cc3cdd3ee9760f99461dee24,1.1189922466949267,6,승,2200
6a94386b9ea09038557ae616,f68d73d1cc3cdd3ee9760f99461dee24,1.1189922466949267,6,승,2200
6a9435bc3744d9633d9a870d,f68d73d1cc3cdd3ee9760f99461dee24,1.118992246694927,6,승,2200
6a90a9916e3c3c720017afda,f68d73d1cc3cdd3ee9760f99461dee24,1.1162588908236646,6,패,2200
6a9048e05cc25f68a9a0c932,f68d73d1cc3cdd3ee9760f99461dee24,1.11934364928602,6,승,2200
6a9046546a491620040de777,f68d73d1cc3cdd3ee9760f99461dee24,1.1193436492860203,6,승,2200
6a9043985f2f3e408c7bfc2b,f68d73d1cc3cdd3ee9760f99461dee24,1.1179077910089716,6,승,2200
6a903b338941d364cd82fdd1,f68d73d1cc3cdd3ee9760f99461dee24,1.1193436492860205,6,무,2200
6a902ff108fcdfdbb02ffe8c,f68d73d1cc3cdd3ee9760f99461dee24,1.1217747311219537,6,무,2200
6a8ebeef1884224c2fe1ace6,f68d73d1cc3cdd3ee9760f99461dee24,1.1232105893990025,6,승,2300
6a8eb2898945867a0b8ab76a,f68d73d1cc3cdd3ee9760f99461dee24,1.1217747311219537,6,패,2200
6a8e9bc72e0cae1f14ea741f,f68d73d1cc3cdd3ee9760f99461dee24,1.1232105893990025,6,승,2300
6a8d9edbf082b1843a9655dc,f68d73d1cc3cdd3ee9760f99461dee24,1.1232105893990025,6,패,2200
6a8d9b89cf8e754c3d1ae43b,f68d73d1cc3cdd3ee9760f99461dee24,1.1232105893990025,6,승,2300
6a8d989df832222bfe1a8fd5,f68d73d1cc3cdd3ee9760f99461dee24,1.1232105893990025,6,패,2200
6a8d95caf6b8ee5318147b8a,f68d73d1cc3cdd3ee9760f99461dee24,1.1217747311219537,6,무,2200
6a8d921a42409177f4665113,f68d73d1cc3cdd3ee9760f99461dee24,1.1232105893990025,6,패,2200
6a8d40bdd5d7222e902f4d8c,f68d73d1cc3cdd3ee9760f99461dee24,1.1232105893990025,6,패,2200
6a8d3d970f7b2299b867863f,f68d73d1cc3cdd3ee9760f99461dee24,1.1232105893990025,6,승,2200
6a8d3810122824763d9c53c2,f68d73d1cc3cdd3ee9760f99461dee24,1.1232105893990025,6,무,2200
6a8d354267915df65ba746fc,f68d73d1cc3cdd3ee9760f99461dee24,1.1232105893990025,6,승,2300
6a8d32b1a69e9a5730a0cef5,f68d73d1cc3cdd3ee9760f99461dee24,1.1232105893990025,6,무,2300
6a8d2f65689d9099e18ac8ab,f68d73d1cc3cdd3ee9760f99461dee24,1.1217747311219537,6,패,2200
6a8d2a7158132e3b7e39cbf3,f68d73d1cc3cdd3ee9760f99461dee24,1.1232105893990025,6,승,2300
6a8d2785d334ccf83c07048b,f68d73d1cc3cdd3ee9760f99461dee24,1.1217747311219537,6,무,2300
6a8d2221eeee855811746602,f68d73d1cc3cdd3ee9760f99461dee24,1.1217747311219537,6,패,2200
6a8d1f5057a6c46963182c12,f68d73d1cc3cdd3ee9760f99461dee24,1.1232105893990025,6,패,2200
6a8d1bf02a942a6f08d72917,f68d73d1cc3cdd3ee9760f99461dee24,1.1232105893990025,6,승,2300
6a8d19588f228139da8e0b47,f68d73d1cc3cdd3ee9760f99461dee24,1.1232105893990025,6,무,2300
6a8d169ee8210095acaf28c1,f68d73d1cc3cdd3ee9760f99461dee24,1.1232105893990025,6,승,2300
6a8ced909366b14b6b9d809a,f68d73d1cc3cdd3ee9760f99461dee24,1.1232105893990025,6,무,2300
6a8c3f33226662cba17ea780,f68d73d1cc3cdd3ee9760f99461dee24,1.1217747311219537,6,패,2300
6a8c3bf5a53c0b697616ad69,f68d73d1cc3cdd3ee9760f99461dee24,1.1232105893990025,6,승,2300
6a8c388ce00d599d428a1d00,f68d73d1cc3cdd3ee9760f99461dee24,1.1232105893990025,6,패,2300
6a8c35bef9532a66c880df39,f68d73d1cc3cdd3ee9760f99461dee24,1.1232105893990025,6,승,2300
6a8c32eeed0c8e79c2249f58,f68d73d1cc3cdd3ee9760f99461dee24,1.1232105893990025,6,무,2300
6a8c3023fa9d6b75378f6d8b,f68d73d1cc3cdd3ee9760f99461dee24,1.1232105893990025,6,패,2300
6a8c2d2cccfb2d56dfe849d1,f68d73d1cc3cdd3ee9760f99461dee24,1.1232105893990023,6,패,2200
6a8c2a057ccf910a1236ae51,f68d73d1cc3cdd3ee9760f99461dee24,1.1232105893990025,6,패,2200
6a8bf2e2ca4f495991c3f432,f68d73d1cc3cdd3ee9760f99461dee24,1.1217747311219537,6,패,2200
6a8bf059de4afbc29b445c2b,f68d73d1cc3cdd3ee9760f99461dee24,1.1232105893990025,6,무,2200
6a8bedc5bf7c668f47f0a907,f68d73d1cc3cdd3ee9760f99461dee24,1.1232105893990025,6,무,2200
6a8be946098d574f789e9180,f68d73d1cc3cdd3ee9760f99461dee24,1.1232105893990025,6,승,2200
6a8be6bd81fc7b6e3ac7c2d9,f68d73d1cc3cdd3ee9760f99461dee24,1.1232105893990025,6,승,2300
6a8be42210922565e3480d36,f68d73d1cc3cdd3ee9760f99461dee24,1.1217747311219537,6,패,2200
6a8be0cf7dc086b7e3d14d96,f68d73d1cc3cdd3ee9760f99461dee24,1.1232105893990025,6,승,2300
6a8bda30303b52f56a3eed8f,f68d73d1cc3cdd3ee9760f99461dee24,1.1217747311219537,6,패,2200
6a873111303b5232ae1acfe0,f68d73d1cc3cdd3ee9760f99461dee24,1.1232105893990025,6,무,2200
6a872dc627078d4bacdee3c2,f68d73d1cc3cdd3ee9760f99461dee24,1.1232105893990025,6,패,2200
6a872a4671500470805a0b3d,f68d73d1cc3cdd3ee9760f99461dee24,1.1232105893990025,6,패,2200
6a87269458132e97110c7855,f68d73d1cc3cdd3ee9760f99461dee24,1.1232105893990025,6,승,2200
6a86adb9abacf82e32d11485,f68d73d1cc3cdd3ee9760f99461dee24,1.1193436492860203,6,무,2200
6a86aa59847cd9a671c9b28c,f68d73d1cc3cdd3ee9760f99461dee24,1.1179077910089714,6,패,2200
6a85df0e3adcee1c656f9f1a,f68d73d1cc3cdd3ee9760f99461dee24,1.1179077910089714,6,무,2200
6a85d76554ee4012a9bb0778,f68d73d1cc3cdd3ee9760f99461dee24,1.1179077910089714,6,패,2200
6a845a2d60ca9f5c732f4524,f68d73d1cc3cdd3ee9760f99461dee24,1.1181616478027612,6,승,2200
6a84470255a4ec74eab33c31,f68d73d1cc3cdd3ee9760f99461dee24,1.1181616478027612,6,승,2200
6a843d23dacbce5582fdf92e,f68d73d1cc3cdd3ee9760f99461dee24,1.1167257895257123,6,승,2200
6a9f465e2265a45e833a98a6,66e5020c64d52e8d171ac2dd3303f84b,1.0945706234755361,6,패,2000
6a9f42d5da2d3d1ac0b072c4,66e5020c64d52e8d171ac2dd3303f84b,1.0990891669913128,6,승,2000
6a9e758028dbdc21646d6052,66e5020c64d52e8d171ac2dd3303f84b,1.0945706234755361,6,무,2000
6a9e6e5c59ae85c8a94ca0ad,66e5020c64d52e8d171ac2dd3303f84b,1.0990891669913125,6,무,2100
6a9e620ee4979f223b9d4f6c,66e5020c64d52e8d171ac2dd3303f84b,1.094570623475536,6,승,2100
6a9e4c0706f6f8eb34650f07,66e5020c64d52e8d171ac2dd3303f84b,1.0945706234755361,6,패,2100
6a9e3d3acdde04b97c1c9896,66e5020c64d52e8d171ac2dd3303f84b,1.0945706234755361,6,패,2000
6a9defb90e2917c71e4d289a,66e5020c64d52e8d171ac2dd3303f84b,1.0945706234755361,6,패,2000
6a9cece7f52c5738c9a24339,66e5020c64d52e8d171ac2dd3303f84b,1.0990891669913125,6,승,2000
6a9cdce28e78816ae8f9106f,66e5020c64d52e8d171ac2dd3303f84b,1.0990891669913128,6,승,2000
6a9cd8099d32eec32727bb44,66e5020c64d52e8d171ac2dd3303f84b,1.0990891669913125,6,승,2000
6a9ccda66f5f0e40b988fab3,66e5020c64d52e8d171ac2dd3303f84b,1.0945706234755361,6,승,2000
6a9ccaf973a26020fa674a68,66e5020c64d52e8d171ac2dd3303f84b,1.0990891669913125,6,승,2100
6a9ca7120978324683a1e451,66e5020c64d52e8d171ac2dd3303f84b,1.0945706234755361,6,승,2100
6a9ca3cd1459416ec09eba20,66e5020c64d52e8d171ac2dd3303f84b,1.04564706485099,6,무,2100
6a9b9ba5e8566cff665b5598,66e5020c64d52e8d171ac2dd3303f84b,1.0990891669913128,6,승,2100
6a9b7291a7617f42b7c006c1,66e5020c64d52e8d171ac2dd3303f84b,1.089745725893867,5,승,2100
6a9b5741c5989a23642ccb6b,66e5020c64d52e8d171ac2dd3303f84b,1.094570623475536,6,승,2100
6a9b54391cddacd86dbafc76,66e5020c64d52e8d171ac2dd3303f84b,1.0893219362694622,5,승,2100
6a9b518e7dda4972e7cf7970,66e5020c64d52e8d171ac2dd3303f84b,1.0990891669913125,6,무,2100
6a9a3edeb5482c4ff25500b4,66e5020c64d52e8d171ac2dd3303f84b,1.0945706234755361,6,승,2100
6a9a342aa7617f2738b4dfc7,66e5020c64d52e8d171ac2dd3303f84b,1.1020938521242187,6,무,2100
6a9a065c6f545be51a1613a1,66e5020c64d52e8d171ac2dd3303f84b,1.0990891669913125,6,승,2100
6a9a03005893a46007f88a42,66e5020c64d52e8d171ac2dd3303f84b,1.0945706234755361,6,승,2100
6a99fb89ea237ba515267fbb,66e5020c64d52e8d171ac2dd3303f84b,1.0990891669913125,6,승,2200
6a98f9189c0c7ecb639c82c0,66e5020c64d52e8d171ac2dd3303f84b,1.0945706234755361,6,무,2200
6a98d69fc44e1548fa1df800,66e5020c64d52e8d171ac2dd3303f84b,1.0990891669913125,6,승,2200
6a97dd375b60a12fa3d01663,66e5020c64d52e8d171ac2dd3303f84b,1.094570623475536,6,패,2200
6a97d99a69aa9f3b61c5ba54,66e5020c64d52e8d171ac2dd3303f84b,1.0990891669913128,6,승,2200
6a97cb2df7805f293a94227c,66e5020c64d52e8d171ac2dd3303f84b,1.0945706234755361,6,패,2100
6a97b383c81be55cdd9b41ff,66e5020c64d52e8d171ac2dd3303f84b,1.0990891669913125,6,승,2100
6a97aedf72b257afb86a458e,66e5020c64d52e8d171ac2dd3303f84b,1.1020938521242185,6,승,2100
6a979883c132d9749d860de6,66e5020c64d52e8d171ac2dd3303f84b,1.0990891669913128,6,패,2100
6a97631b3195cda3ee87788f,66e5020c64d52e8d171ac2dd3303f84b,1.0990891669913125,6,승,2100
6a9647d4277cfd3d8b5f933c,66e5020c64d52e8d171ac2dd3303f84b,1.0990891669913125,6,무,2100
6a94f5bf019d3eb03a93a31e,66e5020c64d52e8d171ac2dd3303f84b,1.094570623475536,6,무,2100
6a94f1f6fdba29a8d2b5e5f5,66e5020c64d52e8d171ac2dd3303f84b,1.0945706234755361,6,승,2100
6a94eec85d69dd3f72d53c64,66e5020c64d52e8d171ac2dd3303f84b,1.0945706234755361,6,승,2100
6a94b63724e92c941851f2aa,66e5020c64d52e8d171ac2dd3303f84b,1.0945706234755361,6,패,2100
6a93c4c3decd4016fc5e7beb,66e5020c64d52e8d171ac2dd3303f84b,1.0990891669913128,6,패,2200
6a93b8863141f10d80363ef7,66e5020c64d52e8d171ac2dd3303f84b,1.0990891669913125,6,승,2000
6a93b37be23c8e582ccb238b,66e5020c64d52e8d171ac2dd3303f84b,1.094570623475536,6,패,2000
6a93b0d56c311a1f010f3c61,66e5020c64d52e8d171ac2dd3303f84b,1.0990891669913125,6,무,2000
6a9399bcf922b8f0b73fb635,66e5020c64d52e8d171ac2dd3303f84b,1.0990891669913125,6,승,2000
6a939727afe119d7472199fd,66e5020c64d52e8d171ac2dd3303f84b,1.1020938521242185,6,승,2000
6a9390b518cf77617b7016e1,66e5020c64d52e8d171ac2dd3303f84b,1.0990891669913128,6,승,2000
6a93890c51e6a8732d89cafa,66e5020c64d52e8d171ac2dd3303f84b,1.0990891669913125,6,승,2100
6a937f0fe3530f4fb6f3ca05,66e5020c64d52e8d171ac2dd3303f84b,1.0990891669913125,6,승,2100
6a937c75aafcf21cf30e15aa,66e5020c64d52e8d171ac2dd3303f84b,1.0990891669913125,6,무,2100
6a9379c93cf7db5df86b9b83,66e5020c64d52e8d171ac2dd3303f84b,1.0945706234755361,6,패,2100
6a936cbcdbe78fc028c4c7c9,66e5020c64d52e8d171ac2dd3303f84b,1.0990891669913125,6,승,2100
6a936828a73308662ff42f51,66e5020c64d52e8d171ac2dd3303f84b,1.0990891669913125,6,무,2100
6a9263c78f0dea4b13eef521,66e5020c64d52e8d171ac2dd3303f84b,1.0990891669913128,6,승,2000
6a9260e168ac0c339ccef87a,66e5020c64d52e8d171ac2dd3303f84b,1.0990891669913128,6,승,2000
6a921ef1d283393a24519c9b,66e5020c64d52e8d171ac2dd3303f84b,1.0990891669913125,6,무,2000
6a921b9755808cea7d73020b,66e5020c64d52e8d171ac2dd3303f84b,1.1020938521242185,6,승,2000
6a9216af1301f4420f6db44c,66e5020c64d52e8d171ac2dd3303f84b,1.0842601009260469,7,패,2000
6a9213f78f0dea0fffec9e9a,66e5020c64d52e8d171ac2dd3303f84b,1.0990891669913125,6,승,2000
6a9a8fce53288b16cc72ab14,36a6f86c265539e348d51471b260e64f,1.1174166743489484,6,패,2100
6a9a8d089974a71052885b42,36a6f86c265539e348d51471b260e64f,1.1192901670706261,6,패,2100
6a9a89fa6ba8880fdba97166,36a6f86c265539e348d51471b260e64f,1.1192901670706261,6,승,2100
6a9a8721ea5189de2b5fc242,36a6f86c265539e348d51471b260e64f,1.1192901670706261,6,패,2100
6a9a4ee1b6a4466a1b7a847e,36a6f86c265539e348d51471b260e64f,1.1192901670706261,6,승,2100
6a9a4bf41a65bc1c3eeff88f,36a6f86c265539e348d51471b260e64f,1.1192901670706261,6,패,2100
6a9a497772389faeda8d4e4a,36a6f86c265539e348d51471b260e64f,1.1192901670706261,6,무,2100
6a9a272814789caad38edc1e,36a6f86c265539e348d51471b260e64f,1.1192901670706261,6,무,2100
6a9a241432e155030d787d1e,36a6f86c265539e348d51471b260e64f,1.1192901670706261,6,승,2100
6a996fb9e9660c7b609559c0,36a6f86c265539e348d51471b260e64f,1.1192901670706261,6,패,2100
6a992be0bd38b7b61f3a9943,36a6f86c265539e348d51471b260e64f,1.1094989152471466,6,패,2100
6a93c94f71ddf505675fa050,36a6f86c265539e348d51471b260e64f,1.1094989152471466,6,승,2200
6a912989cc6fce20626d9537,36a6f86c265539e348d51471b260e64f,1.1094989152471466,6,패,2200
6a9110ff3ef7952120e8a8bf,36a6f86c265539e348d51471b260e64f,1.1094989152471466,6,승,2200
6a910e442236f450676b969e,36a6f86c265539e348d51471b260e64f,1.1094989152471466,6,무,2200
6a90da356b326ee91617ac27,36a6f86c265539e348d51471b260e64f,1.1094989152471466,6,무,2200
6a90d73c6b8ce25a6d7d2427,36a6f86c265539e348d51471b260e64f,1.1094989152471466,6,승,2200
6a90d389689e13d48ac8deac,36a6f86c265539e348d51471b260e64f,1.1094989152471466,6,패,2200
6a8fc44170e8e96b8cff6b19,36a6f86c265539e348d51471b260e64f,1.1094989152471466,6,승,2200
6a8fc186317eef3a6f4a296a,36a6f86c265539e348d51471b260e64f,1.1094989152471466,6,패,2200
6a8fbe94929fea86b68ab691,36a6f86c265539e348d51471b260e64f,1.1094989152471466,6,승,2200
6a8fbbced622aaf34eb53998,36a6f86c265539e348d51471b260e64f,1.1094989152471466,6,패,2200
6a8e964674830a9d0b922d7e,36a6f86c265539e348d51471b260e64f,1.1094989152471466,6,승,2200
6a8e8fe6b716095116205dab,36a6f86c265539e348d51471b260e64f,1.1094989152471466,6,패,2200
6a8e8ce1979d35412ef27350,36a6f86c265539e348d51471b260e64f,1.1094989152471466,6,승,2300
6a8e89efcb6b49ae7190e815,36a6f86c265539e348d51471b260e64f,1.1094989152471466,6,패,2200
6a8e86258231282f2b7bc5eb,36a6f86c265539e348d51471b260e64f,1.1094989152471466,6,승,2300
6a8e832972c4fc6f63095a1e,36a6f86c265539e348d51471b260e64f,1.1094989152471466,6,패,2200
6a8e8062070b5e83095fca6a,36a6f86c265539e348d51471b260e64f,1.1076254225254687,6,패,2200
6a8e6fdf236ce43656d265fa,36a6f86c265539e348d51471b260e64f,1.1094989152471466,6,무,2200
6a8e6904f48b02d3718c134f,36a6f86c265539e348d51471b260e64f,1.1094989152471466,6,패,2200
6a8e65c456ca642f9e910c20,36a6f86c265539e348d51471b260e64f,1.1094989152471466,6,무,2200
6a8e633187383234892fb44e,36a6f86c265539e348d51471b260e64f,1.1094989152471466,6,승,2200
6a8e467b733f330c273d7ebf,36a6f86c265539e348d51471b260e64f,1.1094989152471466,6,패,2200
6a8e43819228894b302d8f0f,36a6f86c265539e348d51471b260e64f,1.1094989152471466,6,승,2200
6a8e3c0005cf11ecc5139abd,36a6f86c265539e348d51471b260e64f,1.1094989152471466,6,패,2200
6a8e38cba04c66921398cc01,36a6f86c265539e348d51471b260e64f,1.1094989152471466,6,승,2200
6a8d9dce489cee182bae7eaf,36a6f86c265539e348d51471b260e64f,1.1094989152471466,6,패,2200
6a8d3937852f7d06cfd46838,36a6f86c265539e348d51471b260e64f,1.1094989152471466,6,승,2300
6a8d3691b5641f2d9f81b7ea,36a6f86c265539e348d51471b260e64f,1.1094989152471466,6,승,2300
6a8d30ad037dc1dbc5773f65,36a6f86c265539e348d51471b260e64f,1.1094989152471466,6,승,2300
6a8d2d6d52baf11523889fdf,36a6f86c265539e348d51471b260e64f,1.1094989152471466,6,승,2300
6a8cfb6a9aafc477944ae359,36a6f86c265539e348d51471b260e64f,1.1094989152471466,6,승,2400
6a8cf87e0de756844f6b7303,36a6f86c265539e348d51471b260e64f,1.1094989152471466,6,무,2400
6a8cf59565a92018e15b7d9a,36a6f86c265539e348d51471b260e64f,1.1094989152471466,6,승,2400
6a8cded9b2b088840a8d3cd4,36a6f86c265539e348d51471b260e64f,1.1094989152471466,6,패,2400
6a8cdc181821d322c663d54b,36a6f86c265539e348d51471b260e64f,1.1094989152471466,6,승,2400
6a8c53cc1df0445a9edadefa,36a6f86c265539e348d51471b260e64f,1.1094989152471466,6,승,2400
6a8c50ef9b8924dc3bca121c,36a6f86c265539e348d51471b260e64f,1.1094989152471466,6,패,2400
6a8c460d38cf3e40935226ca,36a6f86c265539e348d51471b260e64f,1.1094989152471466,6,승,2400
6a8bfdd7cb26552d7e82fbf9,36a6f86c265539e348d51471b260e64f,1.1076254225254687,6,승,2400
6a8bfae861bb8e39b86ad127,36a6f86c265539e348d51471b260e64f,1.0991206368749689,6,패,2400
6a8bf7f5f480fc8072469e0a,36a6f86c265539e348d51471b260e64f,1.0991206368749689,6,무,2400
6a8bf4c71919237b82a9dfba,36a6f86c265539e348d51471b260e64f,1.1030079068362513,6,패,2400
6a8bf1ffe1f53dc94c575011,36a6f86c265539e348d51471b260e64f,1.1076254225254687,6,패,2400
6a8bee4ed4a3f64bf8a7f8dc,36a6f86c265539e348d51471b260e64f,1.1076254225254687,6,패,2400
6a8be38e6766fcf0fb6e78b1,36a6f86c265539e348d51471b260e64f,1.1076254225254687,6,승,2500
6a8be0e82ef65b10e33fdd8c,36a6f86c265539e348d51471b260e64f,1.1030079068362513,6,무,2500
6a8bde46b3097838045809f6,36a6f86c265539e348d51471b260e64f,1.1076254225254691,6,무,2500
6a8bdabfcee99f84d9a008f8,36a6f86c265539e348d51471b260e64f,1.0988250170674834,6,패,2500
6a8bd6f1718e65eda225eae8,36a6f86c265539e348d51471b260e64f,1.103442532756701,6,무,2500
6a8ba1fa2bff11cfa5203e75,36a6f86c265539e348d51471b260e64f,1.1109414727264229,6,승,2500
6a8b9f7d3fc14680f1bcdfce,36a6f86c265539e348d51471b260e64f,1.1109414727264229,6,승,2500
6a8b9b84ec27e0dc1e1154f9,36a6f86c265539e348d51471b260e64f,1.1109414727264229,6,승,2500
6a8b97650f61694b20ce7a62,36a6f86c265539e348d51471b260e64f,1.1109414727264226,6,승,2500
6a8b019f9be16a34530a436f,36a6f86c265539e348d51471b260e64f,1.1109414727264229,6,패,2500
6a8a8400082de8fbadbf7855,36a6f86c265539e348d51471b260e64f,1.1109414727264229,6,승,2500
6a8a811776ee8001130b7f8d,36a6f86c265539e348d51471b260e64f,1.1109414727264229,6,패,2500
6a8860a10ababe4690c20846,36a6f86c265539e348d51471b260e64f,1.1109414727264229,6,패,2500
6a885da58a1d9634337e802e,36a6f86c265539e348d51471b260e64f,1.1109414727264226,6,무,2500
6a87d76ef353a80fc16b999b,36a6f86c265539e348d51471b260e64f,1.1109414727264229,6,승,2600
6a87d44c27e67c7467906b57,36a6f86c265539e348d51471b260e64f,1.1109414727264229,6,무,2600
6a87d159b825dd836f0c4a25,36a6f86c265539e348d51471b260e64f,1.1109414727264229,6,승,2600
6a87cdc2ac3a8e44fdb10f9a,36a6f86c265539e348d51471b260e64f,1.1109414727264229,6,승,2600
6a87ca8f99948db49033dc54,36a6f86c265539e348d51471b260e64f,1.1109414727264229,6,패,2600
6a87c7ad00dd5a7ca6a4b1a1,36a6f86c265539e348d51471b260e64f,1.1109414727264229,6,무,2600
6a86af2ada9412124212c4a0,36a6f86c265539e348d51471b260e64f,1.0991372826467416,6,승,2700
6a86ac352005d672e2c9e5fc,36a6f86c265539e348d51471b260e64f,1.0978119430709203,6,패,2700
6a86a96eb4cc193602998be5,36a6f86c265539e348d51471b260e64f,1.0978119430709201,6,패,2700
6a85528f8ecb8074d678811f,36a6f86c265539e348d51471b260e64f,1.0978119430709201,6,패,2700
6a854fae8733342998a4b180,36a6f86c265539e348d51471b260e64f,1.0978119430709203,6,무,2700
6a854c84a30f80b7f279dd65,36a6f86c265539e348d51471b260e64f,1.0991372826467416,6,패,2700
6a9d920a350954642452ef80,10fd69f946e5052a275bb4da8b111ad6,1.1312274136727094,6,무,2200
6a9d8f40de04e05b6595b797,10fd69f946e5052a275bb4da8b111ad6,1.1312274136727094,6,패,2200
6a9d6c38a137f2cf7f26d457,10fd69f946e5052a275bb4da8b111ad6,1.1312274136727092,6,무,2200
6a9d68deb1bff691f4a771b9,10fd69f946e5052a275bb4da8b111ad6,1.1312274136727096,6,승,2200
6a9d66289c1ba5b255e244a0,10fd69f946e5052a275bb4da8b111ad6,1.1312274136727094,6,패,2200
6a996dcac8d6db4522a6e1e4,10fd69f946e5052a275bb4da8b111ad6,1.1312274136727094,6,승,2200
6a9962005cdbe18a574cf1bc,10fd69f946e5052a275bb4da8b111ad6,1.1232273467284173,6,승,2200
6a995de676b1991121019312,10fd69f946e5052a275bb4da8b111ad6,1.1232273467284173,6,무,2200
6a995a96e7678596eaa7887c,10fd69f946e5052a275bb4da8b111ad6,1.1232273467284173,6,승,2300
6a99500404b3eef50ff369b9,10fd69f946e5052a275bb4da8b111ad6,1.118290231558358,6,승,2300
6a992c598954e29b799d4d63,10fd69f946e5052a275bb4da8b111ad6,1.1232273467284173,6,패,2300
6a97947de2a829465c2cc0f3,10fd69f946e5052a275bb4da8b111ad6,1.1232273467284173,6,승,2300
6a9791da245a9831eec114f2,10fd69f946e5052a275bb4da8b111ad6,1.1232273467284173,6,패,2300
6a95aca5785f661fa1e04393,10fd69f946e5052a275bb4da8b111ad6,1.1232273467284173,6,패,2200
6a95a91a36892443cfca4052,10fd69f946e5052a275bb4da8b111ad6,1.1232273467284173,6,무,2300
6a95a66bdd1b57b328e60288,10fd69f946e5052a275bb4da8b111ad6,1.1232273467284173,6,승,2300
6a959c2e5618ee4ee0ccb39b,10fd69f946e5052a275bb4da8b111ad6,1.123227346728417,6,패,2300
6a958ef9f6570c739d434178,10fd69f946e5052a275bb4da8b111ad6,1.1236305590834992,6,승,2300
6a94f518ab8e5c37eb33e486,10fd69f946e5052a275bb4da8b111ad6,1.1236305590834992,6,패,2300
6a94f22a9418391fa88dd760,10fd69f946e5052a275bb4da8b111ad6,1.1236305590834992,6,패,2200
6a94eb5ed42acf32c5770fd6,10fd69f946e5052a275bb4da8b111ad6,1.1236305590834992,6,승,2300
6a94e556aad5109302db568e,10fd69f946e5052a275bb4da8b111ad6,1.1236305590834992,6,패,2200
6a9270fb5cd645dcab2a27c5,10fd69f946e5052a275bb4da8b111ad6,1.1236305590834992,6,승,2300
6a926e2f0bc85b20a2497511,10fd69f946e5052a275bb4da8b111ad6,1.1236305590834992,6,패,2200
6a926a67892cc928b2f1a9b8,10fd69f946e5052a275bb4da8b111ad6,1.1236305590834992,6,승,2300
6a925c27b5108938581581ed,10fd69f946e5052a275bb4da8b111ad6,1.1412569058253992,6,패,2300
6a925920dab7d3897b33a007,10fd69f946e5052a275bb4da8b111ad6,1.1412569058253992,6,패,2300
6a91c1d2af9f707df7da1b09,10fd69f946e5052a275bb4da8b111ad6,1.1412569058253992,6,무,2300
6a91ba4b7d99e502fa3db7a7,10fd69f946e5052a275bb4da8b111ad6,1.137129655027093,6,패,2200
6a91b6be33910d050362590d,10fd69f946e5052a275bb4da8b111ad6,1.1410384167593897,6,승,2300
6a91b4091ae80a4586769ecd,10fd69f946e5052a275bb4da8b111ad6,1.1410384167593894,6,무,2300
6a9104c56756ea63cf98adb9,10fd69f946e5052a275bb4da8b111ad6,1.1357771620939325,6,패,2200
6a910059078e524d6f4630b6,10fd69f946e5052a275bb4da8b111ad6,1.1315170392500484,6,패,2200
6a90f2ee7d58682b6f89e7d0,10fd69f946e5052a275bb4da8b111ad6,1.1315170392500484,6,패,2200
6a90e0c28aa8e865ed9b36fd,10fd69f946e5052a275bb4da8b111ad6,1.1315170392500484,6,무,2200
6a90de0bab541ceb6b1e21ec,10fd69f946e5052a275bb4da8b111ad6,1.1315170392500484,6,승,2200
6a8fb0fecf5d821a97f22782,10fd69f946e5052a275bb4da8b111ad6,1.1315170392500484,6,승,2200
6a8fa94b21befd68fd4ac6b9,10fd69f946e5052a275bb4da8b111ad6,1.1315170392500484,6,패,2200
6a8f323c071f878cfeebd6bf,10fd69f946e5052a275bb4da8b111ad6,1.1315170392500484,6,무,2200
6a8f2eecd01ff13dc54399fd,10fd69f946e5052a275bb4da8b111ad6,1.1315170392500484,6,승,2200
6a8f23dd6d29cfda21d9cd30,10fd69f946e5052a275bb4da8b111ad6,1.150059556177141,5,승,2300
6a8f20fcc74c31409de71d0f,10fd69f946e5052a275bb4da8b111ad6,1.150059556177141,5,패,2200
6a8f1dc5424091433170a8ad,10fd69f946e5052a275bb4da8b111ad6,1.150059556177141,5,무,2200
6a8effa677372c072f83fbe9,10fd69f946e5052a275bb4da8b111ad6,1.150059556177141,5,승,2300
6a8efccefd9d1122ec753d73,10fd69f946e5052a275bb4da8b111ad6,1.150059556177141,5,패,2200
6a8ef12f852f7d48c0e065ee,10fd69f946e5052a275bb4da8b111ad6,1.150059556177141,5,승,2300
6a8e94aa046da8725f47c1e4,10fd69f946e5052a275bb4da8b111ad6,1.150059556177141,5,무,2300
6a8e9192996d86bf7086871f,10fd69f946e5052a275bb4da8b111ad6,1.150059556177141,5,패,2200
6a8e8b759ffbb90eb80dcfba,10fd69f946e5052a275bb4da8b111ad6,1.150059556177141,5,패,2200
6a8d560969bccb1dc9fa43b0,10fd69f946e5052a275bb4da8b111ad6,1.150059556177141,5,패,2200
6a8d4e00a9e7f7e978c1c1c1,10fd69f946e5052a275bb4da8b111ad6,1.150059556177141,5,승,2200
6a8d4aaa2c52e74a982e1be0,10fd69f946e5052a275bb4da8b111ad6,1.150059556177141,5,승,2300
6a8949957ac15cc9ca062ff5,10fd69f946e5052a275bb4da8b111ad6,1.150059556177141,5,패,2200
6a89442524447262cb987abb,10fd69f946e5052a275bb4da8b111ad6,1.150059556177141,5,패,2200
6a89407d150ead647c71a1bc,10fd69f946e5052a275bb4da8b111ad6,1.1385708074563652,5,패,2200
6a893ca0b4e81f170f199bf5,10fd69f946e5052a275bb4da8b111ad6,1.1385708074563652,5,패,2200
6a893a208c9941e5f580d069,10fd69f946e5052a275bb4da8b111ad6,1.1385708074563652,5,승,2200
6a892110fce2366ca224b2c5,10fd69f946e5052a275bb4da8b111ad6,1.1185049506069114,6,패,2200
6a891e668a1d967ee383dd40,10fd69f946e5052a275bb4da8b111ad6,1.1196786750399392,6,무,2200
6a89181c080943825a2389dd,10fd69f946e5052a275bb4da8b111ad6,1.1185049506069111,6,무,2200
6a887e23acbbbc8979cefe48,10fd69f946e5052a275bb4da8b111ad6,1.119678675039939,6,패,2200
6a887b6e2b5cb384f6e95857,10fd69f946e5052a275bb4da8b111ad6,1.0971356680426194,6,패,2200
6a8878977f94e9d8f1387c97,10fd69f946e5052a275bb4da8b111ad6,1.1185049506069111,6,패,2200
6a8874944e785c75b56181af,10fd69f946e5052a275bb4da8b111ad6,1.0940297217953285,6,무,2200
6a8871e08287a702a9698c49,10fd69f946e5052a275bb4da8b111ad6,1.1185049506069111,6,패,2200
6a87d012a4712ec45e42bf42,10fd69f946e5052a275bb4da8b111ad6,1.0940297217953285,6,패,2200
6a87c81af429c1488122d853,10fd69f946e5052a275bb4da8b111ad6,1.0909365397691693,6,패,2200
6a8302db55a4eced95aaef2a,10fd69f946e5052a275bb4da8b111ad6,1.1002242735466434,6,승,2200
6a829461799adc3d10ce4f40,10fd69f946e5052a275bb4da8b111ad6,1.1002242735466432,6,패,2200
6a829120f1501e301570d033,10fd69f946e5052a275bb4da8b111ad6,1.1002242735466434,6,승,2200
6a8289110d60fb80889d84e5,10fd69f946e5052a275bb4da8b111ad6,1.1013979979796715,6,패,2200
6a81b1d18a49e1179b388cad,10fd69f946e5052a275bb4da8b111ad6,1.1013979979796715,6,패,2200
6a81ab18a0d3b86e5a203b76,10fd69f946e5052a275bb4da8b111ad6,1.1013979979796715,6,승,2300
6a819cf5ec4484d70ea2b325,10fd69f946e5052a275bb4da8b111ad6,1.116176076265844,6,승,2300
6a8179530130ab3f1364b5b4,10fd69f946e5052a275bb4da8b111ad6,1.1013979979796715,6,무,2300
6a8175f2101ab14aad512b10,10fd69f946e5052a275bb4da8b111ad6,1.1044911800058306,6,패,2300
6a816b862e18112e3406a83d,10fd69f946e5052a275bb4da8b111ad6,1.1013979979796715,6,패,2300
6a816909dc37aefcbb13df70,10fd69f946e5052a275bb4da8b111ad6,1.1013979979796715,6,승,2300
6a8164f30cd24744d64708f7,10fd69f946e5052a275bb4da8b111ad6,1.1013979979796715,6,승,2300
6a7f2ccc6b750a2e6dd93550,10fd69f946e5052a275bb4da8b111ad6,1.114787655760013,6,패,2300
6a7b3b016bf1f00f16306fb0,10fd69f946e5052a275bb4da8b111ad6,1.1013979979796715,6,승,2400
6a7b3816cbc6798a57529042,10fd69f946e5052a275bb4da8b111ad6,1.1013979979796715,6,승,2400
6a7b1fe90d82b5456a1467f2,10fd69f946e5052a275bb4da8b111ad6,1.1161760762658441,6,승,2500
6a79fc6fb5a15158d9bfddce,10fd69f946e5052a275bb4da8b111ad6,1.1013979979796715,6,승,2500
6a79f98d90ef9b2729780108,10fd69f946e5052a275bb4da8b111ad6,1.1013979979796715,6,승,2500
6a782e6959f5c2135786f8de,10fd69f946e5052a275bb4da8b111ad6,1.1013979979796713,6,승,2500
6a780968e7f3f9e031c6e3f5,10fd69f946e5052a275bb4da8b111ad6,1.1013979979796715,6,패,2500
6a780672edb057fe774d7415,10fd69f946e5052a275bb4da8b111ad6,1.1013979979796715,6,무,2500
6a7802046bf1f04d6e181e46,10fd69f946e5052a275bb4da8b111ad6,1.1013979979796715,6,승,2600
6a77ff533f6b3c2e4788e970,10fd69f946e5052a275bb4da8b111ad6,1.1013979979796715,6,패,2600
6a9ee941e2b32d6207dbf260,b3801448ed4876bb946a3179dfdb3a9b,1.106276327740508,4,승,2200
6a9ee6cb31de11f3bf7f9a06,b3801448ed4876bb946a3179dfdb3a9b,1.106276327740508,4,패,2100
6a9ecc20306cd9d20e62f9b2,b3801448ed4876bb946a3179dfdb3a9b,1.092729853245277,5,패,2100
6a9ec9459c1348c8ce8ddbfc,b3801448ed4876bb946a3179dfdb3a9b,1.0975136547047197,5,승,2100
6a9ec62adcfc065c90c908cb,b3801448ed4876bb946a3179dfdb3a9b,1.0975136547047197,5,승,2200
6a9e27b6bea8c4bc01146237,b3801448ed4876bb946a3179dfdb3a9b,1.105418547169087,6,패,2100
6a9d80648a975e967d31f0ea,b3801448ed4876bb946a3179dfdb3a9b,1.1017438140039744,6,무,2100
6a9d79a56b8dd5b1d8074584,b3801448ed4876bb946a3179dfdb3a9b,1.1057303152201767,6,승,2200
6a9d769fcca262e7565c3e69,b3801448ed4876bb946a3179dfdb3a9b,1.1057303152201767,6,승,2200
6a9d73cbbc931da42a9bf2bc,b3801448ed4876bb946a3179dfdb3a9b,1.1060123812280336,6,패,2200
6a9d66dc80d91c43a14f1b13,b3801448ed4876bb946a3179dfdb3a9b,1.1060123812280336,6,패,2100
6a9d644f5127ffd68dcedc64,b3801448ed4876bb946a3179dfdb3a9b,1.1017438140039744,6,패,2100
6a9ce4d8330509072eece2be,b3801448ed4876bb946a3179dfdb3a9b,1.1060123812280334,6,승,2100
6a9c50af72389fe9faa1c526,b3801448ed4876bb946a3179dfdb3a9b,1.086315195092622,6,패,2100
6a9c4de160c791161f513243,b3801448ed4876bb946a3179dfdb3a9b,1.086315195092622,6,패,2100
6a9c4b7ac71de504f8713cb3,b3801448ed4876bb946a3179dfdb3a9b,1.086315195092622,6,무,2100
6a9c48ac0b57e1a2c4d3b624,b3801448ed4876bb946a3179dfdb3a9b,1.086315195092622,6,패,2100
6a9c462ce8d544090ee3ccd6,b3801448ed4876bb946a3179dfdb3a9b,1.086315195092622,6,승,2100
6a9c3f807aad55f58fe58f53,b3801448ed4876bb946a3179dfdb3a9b,1.086315195092622,6,패,2100
6a9b939237479423b96eeb37,b3801448ed4876bb946a3179dfdb3a9b,1.0806996015041872,6,승,2200
6a9b90b0c074f0a1f6d288ab,b3801448ed4876bb946a3179dfdb3a9b,1.0806996015041872,6,승,2200
6a9affb054a54b568acd27ad,b3801448ed4876bb946a3179dfdb3a9b,1.0806996015041872,6,무,2200
6a9afccc7a3b645fb8b0412a,b3801448ed4876bb946a3179dfdb3a9b,1.0806996015041872,6,승,2200
6a9af1bf564eaea89acfd93f,b3801448ed4876bb946a3179dfdb3a9b,1.1153638908408854,6,패,2200
6a9ad69b6bf1587c5dc3e8b3,b3801448ed4876bb946a3179dfdb3a9b,1.1017438140039744,6,승,2200
6a9ad3a732952e08fcf956e9,b3801448ed4876bb946a3179dfdb3a9b,1.1017438140039744,6,무,2200
6a9ad0ebb1996ae9abb9cf03,b3801448ed4876bb946a3179dfdb3a9b,1.1017438140039746,6,패,2200
6a9ace48bba74e9a91ecd3ce,b3801448ed4876bb946a3179dfdb3a9b,1.1017438140039744,6,패,2100
6a9acbb3711b0b519f918d94,b3801448ed4876bb946a3179dfdb3a9b,1.1017438140039744,6,패,2100
6a9ac91a9f8daf340436cf5a,b3801448ed4876bb946a3179dfdb3a9b,1.1017438140039744,6,무,2100
6a9a433a25918adcc20d9ade,b3801448ed4876bb946a3179dfdb3a9b,1.1062656503049937,6,승,2100
6a99a6bdc9dc877e379faa22,b3801448ed4876bb946a3179dfdb3a9b,1.1033239718441763,6,패,2100
6a99a408a11d3b8b4d008ac3,b3801448ed4876bb946a3179dfdb3a9b,1.108783029046998,6,승,2100
6a999a79d1aeea275bdb5583,b3801448ed4876bb946a3179dfdb3a9b,1.1026631114843235,6,패,2100
6a9996abf193f63faf3fedf4,b3801448ed4876bb946a3179dfdb3a9b,1.104261192745979,6,패,2100
6a999439db8ac5e0f2427739,b3801448ed4876bb946a3179dfdb3a9b,1.104261192745979,6,승,2100
6a9991b7c24c791f19e90beb,b3801448ed4876bb946a3179dfdb3a9b,1.1042611927459787,6,승,2100
6a998efbc0a82ed3502e5dbe,b3801448ed4876bb946a3179dfdb3a9b,1.104261192745979,6,승,2100
6a995fce698b78381abe5535,b3801448ed4876bb946a3179dfdb3a9b,1.1106409680594924,6,패,2100
6a995d34d8018542a4dd3a28,b3801448ed4876bb946a3179dfdb3a9b,1.1106409680594924,6,승,2100
6a995a986098ade63a0f929b,b3801448ed4876bb946a3179dfdb3a9b,1.1106409680594924,6,승,2200
6a995812b643f884f2354192,b3801448ed4876bb946a3179dfdb3a9b,1.1106409680594924,6,무,2200
6a9954c926dcd185e2edbf3c,b3801448ed4876bb946a3179dfdb3a9b,1.1106409680594924,6,무,2200
6a991c8b2a57df4681a982dc,b3801448ed4876bb946a3179dfdb3a9b,1.1106409680594924,6,승,2200
6a98f14e793581d146d101d8,b3801448ed4876bb946a3179dfdb3a9b,1.1106409680594924,6,패,2200
6a98eea4bc608e0658fb2e4f,b3801448ed4876bb946a3179dfdb3a9b,1.1106409680594924,6,무,2200
6a9833cb9b14ed2cf0469656,b3801448ed4876bb946a3179dfdb3a9b,1.1106409680594924,6,무,2100
6a98313f74126d16435cd641,b3801448ed4876bb946a3179dfdb3a9b,1.1106409680594924,6,승,2200
6a9814de7232bb73c7660f04,b3801448ed4876bb946a3179dfdb3a9b,1.1142773452204642,6,패,2200
6a9811b6b4591f07bc13b5db,b3801448ed4876bb946a3179dfdb3a9b,1.1142773452204644,6,무,2200
6a980f5091f0a2f029276cde,b3801448ed4876bb946a3179dfdb3a9b,1.1142773452204644,6,무,2200
6a97fac2d1a87839eb6cfd9d,b3801448ed4876bb946a3179dfdb3a9b,1.1106409680594924,6,무,2200
6a97f830c6e8aae6ee4345b4,b3801448ed4876bb946a3179dfdb3a9b,1.1106409680594924,6,승,2200
6a96b4bb429663a5e409d47e,b3801448ed4876bb946a3179dfdb3a9b,1.1106409680594924,6,패,2200
6a96b22e4995690b797fe570,b3801448ed4876bb946a3179dfdb3a9b,1.1142773452204644,6,승,2200
6a96afb6ae739c16d072d99a,b3801448ed4876bb946a3179dfdb3a9b,1.114378003820866,6,승,2200
6a96abdc5ee973b83216d66d,b3801448ed4876bb946a3179dfdb3a9b,1.1106409680594924,6,패,2200
6a964017e9d21aff863c47c0,b3801448ed4876bb946a3179dfdb3a9b,1.1106409680594922,6,패,2200
6a957e6a4e098038ee9c9953,b3801448ed4876bb946a3179dfdb3a9b,1.1142773452204644,6,패,2200
6a957bf686745c8b6ec1f2e3,b3801448ed4876bb946a3179dfdb3a9b,1.1106409680594924,6,승,2200
6a9579375648f3ed0910d8ee,b3801448ed4876bb946a3179dfdb3a9b,1.1106409680594922,6,승,2200
6a9576d18f0dea3caa086586,b3801448ed4876bb946a3179dfdb3a9b,1.1106409680594924,6,패,2200
6a95744591413ec1db9ad1de,b3801448ed4876bb946a3179dfdb3a9b,1.1106409680594922,6,패,2200
6a957135f2f8672345072d89,b3801448ed4876bb946a3179dfdb3a9b,1.1142773452204644,6,무,2200
6a955b15cfd5e6c782dfa871,b3801448ed4876bb946a3179dfdb3a9b,1.1142773452204644,6,패,2100
6a955876472155eea3f80de3,b3801448ed4876bb946a3179dfdb3a9b,1.1142773452204644,6,패,2100
6a94ef97ac01e5de5c6bc4da,b3801448ed4876bb946a3179dfdb3a9b,1.1142773452204644,6,승,2100
6a94ed1445c3cf586cd5c3c6,b3801448ed4876bb946a3179dfdb3a9b,1.1142773452204644,6,승,2100
6a9438e411179f1eb696635f,b3801448ed4876bb946a3179dfdb3a9b,1.1106409680594924,6,패,2100
6a943570dd4b4829e14f9157,b3801448ed4876bb946a3179dfdb3a9b,1.1142773452204644,6,승,2100
6a9432b93e692fb84ff91860,b3801448ed4876bb946a3179dfdb3a9b,1.1142773452204642,6,승,2200
6a942fde0e1539190d336c88,b3801448ed4876bb946a3179dfdb3a9b,1.1142773452204644,6,무,2200
6a932d9a24b2de85cf4621f9,b3801448ed4876bb946a3179dfdb3a9b,1.1142773452204642,6,패,2100
6a93002d45bf355a3798cf24,b3801448ed4876bb946a3179dfdb3a9b,1.1142773452204644,6,패,2100
6a92fcf6ae850bfb1acb23fa,b3801448ed4876bb946a3179dfdb3a9b,1.1142773452204644,6,패,2100
6a92fa22c69bb71920c2c18c,b3801448ed4876bb946a3179dfdb3a9b,1.1142773452204644,6,승,2100
6a92f5a6bc1e92517db2c8e7,b3801448ed4876bb946a3179dfdb3a9b,1.1142773452204642,6,패,2100
6a92f30b910a959aaec3c37a,b3801448ed4876bb946a3179dfdb3a9b,1.1106409680594924,6,무,2100
6a92f065155ebf51751acf7d,b3801448ed4876bb946a3179dfdb3a9b,1.1106409680594924,6,무,2100
6a92ed6b0ae5c2e5e3836bf8,b3801448ed4876bb946a3179dfdb3a9b,1.1106409680594924,6,패,2100
6a92eaa9318b8362b14e82a7,b3801448ed4876bb946a3179dfdb3a9b,1.1106409680594922,6,승,2100
6a92e7e384b5947af7935eaa,b3801448ed4876bb946a3179dfdb3a9b,1.1106409680594924,6,승,2200
6a92c62131c8b1dbec4cdecd,b3801448ed4876bb946a3179dfdb3a9b,1.1106409680594924,6,승,2200
6a92c38e86c0b77750af511b,b3801448ed4876bb946a3179dfdb3a9b,1.1106409680594924,6,승,2200
6a9ee8bc46478715d2037178,9a09b68f37faee6392574a500eeb1c6f,1.1313434973072196,6,승,2000
6a9ee240852bc8700b3b5e06,9a09b68f37faee6392574a500eeb1c6f,1.1313434973072196,6,승,2000
6a9edf842f18a88735bed228,9a09b68f37faee6392574a500eeb1c6f,1.1313434973072198,6,승,2000
6a9edce8854ea2f929d5fa9c,9a09b68f37faee6392574a500eeb1c6f,1.128232148974494,6,패,2000
6a9eb9ba1540e33976b58a97,9a09b68f37faee6392574a500eeb1c6f,1.1282321489744942,6,패,2000
6a9eb6ab5e2f710a96af13b0,9a09b68f37faee6392574a500eeb1c6f,1.128232148974494,6,무,2000
6a9e8d3a5112710e99329a94,9a09b68f37faee6392574a500eeb1c6f,1.1305133597458992,6,패,2000
6a9e8aa3840c442878aa4d62,9a09b68f37faee6392574a500eeb1c6f,1.130513359745899,6,승,2000
6a9d4e0a8a975eddf12fabcc,9a09b68f37faee6392574a500eeb1c6f,1.1243702317438757,6,승,2000
6a9c28ca9b2be9823da334f0,9a09b68f37faee6392574a500eeb1c6f,1.1243702317438757,6,무,2000
6a9ad9ae9698a97483ef300b,9a09b68f37faee6392574a500eeb1c6f,1.1243702317438757,6,승,2000
6a9ad1924762c5321044577e,9a09b68f37faee6392574a500eeb1c6f,1.1243702317438757,6,승,2000
6a9acd745e426416dca4874c,9a09b68f37faee6392574a500eeb1c6f,1.1243702317438757,6,승,2100
6a9acaa1c02ab9cb5264b031,9a09b68f37faee6392574a500eeb1c6f,1.1243702317438757,6,승,2100
6a9ac795bac970b974820432,9a09b68f37faee6392574a500eeb1c6f,1.1243702317438757,6,승,2100
6a9ac4fac87c0bbf68bcc2f6,9a09b68f37faee6392574a500eeb1c6f,1.1243702317438757,6,승,2100
6a9ac20f1e5b7cf9778ed350,9a09b68f37faee6392574a500eeb1c6f,1.1243702317438757,6,승,2100
6a9a5fcf271b36127f4284c0,9a09b68f37faee6392574a500eeb1c6f,1.124370231743876,6,승,2100
6a9a5d1032c037b2f5ef41c2,9a09b68f37faee6392574a500eeb1c6f,1.1243702317438757,6,패,2100
6a9a58f8ee630a233fd4ab4b,9a09b68f37faee6392574a500eeb1c6f,1.1243702317438757,6,승,2100
6a999833a378d9be7ff83add,9a09b68f37faee6392574a500eeb1c6f,1.1243702317438757,6,승,2100
6a999538b1af3d191935593d,9a09b68f37faee6392574a500eeb1c6f,1.1243702317438757,6,승,2200
6a9992a417989b3fda087ef6,9a09b68f37faee6392574a500eeb1c6f,1.1243702317438757,6,패,2100
6a955158e1a280fd0e7575b2,9a09b68f37faee6392574a500eeb1c6f,1.1230692430594214,6,패,2100
6a94f62907d5e52ed9a9ec79,9a09b68f37faee6392574a500eeb1c6f,1.1207175683131074,6,승,2100
6a945115aef8a4b2532718c7,9a09b68f37faee6392574a500eeb1c6f,1.1223395954373419,6,패,2100
6a944cf606863fff2319d5d3,9a09b68f37faee6392574a500eeb1c6f,1.1202614312571813,6,승,2200
6a944a23e0d7574071955fab,9a09b68f37faee6392574a500eeb1c6f,1.1202614312571813,6,패,2100
6a9445005fd7bd3c3d3ad4e9,9a09b68f37faee6392574a500eeb1c6f,1.1202614312571813,6,승,2200
6a9400c26fa9eff07ffc8da7,9a09b68f37faee6392574a500eeb1c6f,1.1211305780269953,6,패,2100
6a93f977147926103c311733,9a09b68f37faee6392574a500eeb1c6f,1.1211305780269953,6,패,2100
6a918bccecffe0371181a5b5,9a09b68f37faee6392574a500eeb1c6f,1.1211305780269953,6,패,2100
6a9188f2fd87f91b683ac33e,9a09b68f37faee6392574a500eeb1c6f,1.1211305780269956,6,패,2100
6a8e4a22200e9e30e9e69a86,9a09b68f37faee6392574a500eeb1c6f,1.1252948669333136,6,패,2100
6a8d6e8a61bb8e01a174a59c,9a09b68f37faee6392574a500eeb1c6f,1.1252948669333136,6,패,2100
6a8d6bf4960bf701322c4528,9a09b68f37faee6392574a500eeb1c6f,1.1252948669333136,6,패,2000
6a8d67b9b7160975d61931a0,9a09b68f37faee6392574a500eeb1c6f,1.1252948669333136,6,승,2100
6a8d2749518b066798793949,9a09b68f37faee6392574a500eeb1c6f,1.120814235444725,6,패,2000
6a8d00d0c316bd3a36beb7eb,9a09b68f37faee6392574a500eeb1c6f,1.120814235444725,6,승,2100
6a8cfdfec411f6844884440f,9a09b68f37faee6392574a500eeb1c6f,1.120814235444725,6,패,2000
6a8cfa8c3774bb9dbe13942f,9a09b68f37faee6392574a500eeb1c6f,1.120814235444725,6,패,2000
6a8abcfef019811a98ca0c30,9a09b68f37faee6392574a500eeb1c6f,1.126724989886856,6,패,2000
6a89ba01c690a73ef603c5f0,9a09b68f37faee6392574a500eeb1c6f,1.1267249898868559,6,패,2000
6a88368bbad24ca32461c1eb,9a09b68f37faee6392574a500eeb1c6f,1.1125234468433691,6,승,2000
6a883380bca6962f208f85a8,9a09b68f37faee6392574a500eeb1c6f,1.1125234468433691,6,승,2000
6a88303bcf3a440bb5eaa771,9a09b68f37faee6392574a500eeb1c6f,1.112523446843369,6,패,2000
6a882dbd15081ff18c6ed0c4,9a09b68f37faee6392574a500eeb1c6f,1.1125234468433691,6,무,2000
6a88029f00594eafc9c0b948,9a09b68f37faee6392574a500eeb1c6f,1.1125234468433691,6,무,2000
6a87ffec2d2de6d240cebb77,9a09b68f37faee6392574a500eeb1c6f,1.1125234468433691,6,패,2000
6a822e193d3811e04cd262fb,9a09b68f37faee6392574a500eeb1c6f,1.1093409219385353,6,패,2000
6a82297a028dec3ac3e83800,9a09b68f37faee6392574a500eeb1c6f,1.1093409219385353,6,승,2000
6a8226b16d53734b39bd5f9f,9a09b68f37faee6392574a500eeb1c6f,1.1093409219385353,6,승,2100
6a82241590f6d3700ddb4967,9a09b68f37faee6392574a500eeb1c6f,1.1093409219385355,6,승,2100
6a81d64ceebc440aa692ac22,9a09b68f37faee6392574a500eeb1c6f,1.1093409219385355,6,승,2100
6a81d21643f5d35fcff6b5eb,9a09b68f37faee6392574a500eeb1c6f,1.1093409219385353,6,무,2100
6a81cf6dc1399f4465043d6f,9a09b68f37faee6392574a500eeb1c6f,1.1093409219385353,6,패,2100
6a80842cbb154ab320618d06,9a09b68f37faee6392574a500eeb1c6f,1.1093409219385355,6,패,2100
6a807fbf367d6d00676c1a92,9a09b68f37faee6392574a500eeb1c6f,1.1126726945211103,6,패,2100
6a7faf56869e2442c5b24e56,9a09b68f37faee6392574a500eeb1c6f,1.1223868515032895,6,승,2200
6a7fac95a819336e46f92e6e,9a09b68f37faee6392574a500eeb1c6f,1.1223868515032895,6,무,2200
6a7fa9d355a4ec456f897884,9a09b68f37faee6392574a500eeb1c6f,1.1223868515032895,6,승,2200
6a7f270b60d90d337c3ee64b,9a09b68f37faee6392574a500eeb1c6f,1.1223868515032895,6,패,2200
6a7f2460d8f1166cae33f95b,9a09b68f37faee6392574a500eeb1c6f,1.1223868515032895,6,패,2200
6a7f21e00d92b576abb648c6,9a09b68f37faee6392574a500eeb1c6f,1.1223868515032895,6,승,2200
6a7e9f29ce1802bc637c92d8,9a09b68f37faee6392574a500eeb1c6f,1.1223868515032895,6,무,2200
6a7e9c1378fe5d5839a4c95e,9a09b68f37faee6392574a500eeb1c6f,1.1223868515032895,6,패,2200
6a7e89cf50a39bbdefa12ee8,9a09b68f37faee6392574a500eeb1c6f,1.1223868515032895,6,승,2200
6a7e871d4948e8cde941ced5,9a09b68f37faee6392574a500eeb1c6f,1.1223868515032895,6,무,2200
6a7e7937a73316069cd7f5fc,9a09b68f37faee6392574a500eeb1c6f,1.1223868515032893,6,승,2200
6a7dcf676e3e2c33141d47f0,9a09b68f37faee6392574a500eeb1c6f,1.1223868515032895,6,패,2200
6a7dcba782a4bc913de2ff7a,9a09b68f37faee6392574a500eeb1c6f,1.1223868515032895,6,패,2200
6a7dc8cf448e73b5020a51dd,9a09b68f37faee6392574a500eeb1c6f,1.1223868515032895,6,패,2200
6a7ca6ded064eb2716b03745,9a09b68f37faee6392574a500eeb1c6f,1.1223868515032895,6,승,2200
6a7a03c1ffa8561b11baef2d,9a09b68f37faee6392574a500eeb1c6f,1.1223868515032895,6,패,2200
6a79dab34e909b281230537b,9a09b68f37faee6392574a500eeb1c6f,1.1223868515032895,6,승,2200
6a79d4d27c3c61eadec1bb41,9a09b68f37faee6392574a500eeb1c6f,1.1223868515032895,6,패,2200
6a79d2297d59dc2be88448c9,9a09b68f37faee6392574a500eeb1c6f,1.1223868515032893,6,패,2200
6a784ce290504e304b83c467,9a09b68f37faee6392574a500eeb1c6f,1.1223868515032893,6,승,2200
6a9d36133f6151d43a193fc6,fc431f32f74b7d9a7cc7c6ce40e28ddd,1.1060242547192687,6,패,2200
6a9d3372564eae64c3e44ad3,fc431f32f74b7d9a7cc7c6ce40e28ddd,1.1060242547192685,6,승,2200
6a9cebec4697353f1d35d158,fc431f32f74b7d9a7cc7c6ce40e28ddd,1.1060242547192685,6,패,2200
6a9cdac73f379a502bb48770,fc431f32f74b7d9a7cc7c6ce40e28ddd,1.1060242547192685,6,패,2200
6a9a7166f5dd5927929680b6,fc431f32f74b7d9a7cc7c6ce40e28ddd,1.1060242547192685,6,패,2200
6a9a6cd43fba29fb3a59ab04,fc431f32f74b7d9a7cc7c6ce40e28ddd,1.1060242547192685,6,승,2200
6a992c745cdbe152a14a6820,fc431f32f74b7d9a7cc7c6ce40e28ddd,1.1060242547192685,6,패,2200
6a99288617a5de17d014664c,fc431f32f74b7d9a7cc7c6ce40e28ddd,1.1060242547192687,6,승,2200
6a97f13bf74fd21d1642edc2,fc431f32f74b7d9a7cc7c6ce40e28ddd,1.1060242547192685,6,무,2200
6a97e8e9c7f1a9bd01e2a044,fc431f32f74b7d9a7cc7c6ce40e28ddd,1.106144607690782,6,패,2200
6a968ffdf6b020e727823451,fc431f32f74b7d9a7cc7c6ce40e28ddd,1.106144607690782,6,패,2200
6a95182e15d8d9d0aa457e4a,fc431f32f74b7d9a7cc7c6ce40e28ddd,1.106144607690782,6,무,2200
6a93f74472312733a38fa4c0,fc431f32f74b7d9a7cc7c6ce40e28ddd,1.106144607690782,6,무,2200
6a93cc784523880fbd061d21,fc431f32f74b7d9a7cc7c6ce40e28ddd,1.106144607690782,6,무,2200
6a93063d6ee1efd047c96521,fc431f32f74b7d9a7cc7c6ce40e28ddd,1.106144607690782,6,승,2200
6a9280b1c94f64a7139d71c7,fc431f32f74b7d9a7cc7c6ce40e28ddd,1.106144607690782,6,패,2200
6a927c10c822ebb04e0f4690,fc431f32f74b7d9a7cc7c6ce40e28ddd,1.106144607690782,6,승,2200
6a91bb15ead6cd304b4fe263,fc431f32f74b7d9a7cc7c6ce40e28ddd,1.106144607690782,6,무,2200
6a9165d029d5ae68fabc7792,fc431f32f74b7d9a7cc7c6ce40e28ddd,1.0920003456373246,6,무,2200
6a9128121a886c749a0e79f5,fc431f32f74b7d9a7cc7c6ce40e28ddd,1.0920003456373248,6,패,2200
6a911a8872d8d474751849e9,fc431f32f74b7d9a7cc7c6ce40e28ddd,1.0920003456373246,6,무,2200
6a9117eb7bc40b549774184e,fc431f32f74b7d9a7cc7c6ce40e28ddd,1.0920003456373248,6,무,2200
6a91154b066a461727ea39df,fc431f32f74b7d9a7cc7c6ce40e28ddd,1.0920003456373248,6,패,2200
6a9023474523881d61e802df,fc431f32f74b7d9a7cc7c6ce40e28ddd,1.0920003456373246,6,무,2200
6a9020443749d555c9e1e121,fc431f32f74b7d9a7cc7c6ce40e28ddd,1.0920003456373248,6,승,2200
6a901d7e82b2333024c0d7ac,fc431f32f74b7d9a7cc7c6ce40e28ddd,1.0920003456373246,6,승,2200
6a90156e250c8908f049222f,fc431f32f74b7d9a7cc7c6ce40e28ddd,1.0920003456373246,6,패,2200
6a900566f906fc380e1b3d0f,fc431f32f74b7d9a7cc7c6ce40e28ddd,1.0920003456373248,6,승,2200
6a8fe00b7d50299a89de9d8e,fc431f32f74b7d9a7cc7c6ce40e28ddd,1.0920003456373244,6,패,2200
6a8fdbf92a37405b54bf8e97,fc431f32f74b7d9a7cc7c6ce40e28ddd,1.0920003456373246,6,승,2200
6a8e89e9fb6c8e776ebcb0a6,fc431f32f74b7d9a7cc7c6ce40e28ddd,1.0920003456373246,6,승,2200
6a8e7dd3710442bba38574c4,fc431f32f74b7d9a7cc7c6ce40e28ddd,1.0920003456373246,6,패,2200
6a8e7b11f3c5de7342c24f23,fc431f32f74b7d9a7cc7c6ce40e28ddd,1.0920003456373246,6,패,2200
6a8d121da8c02445e392887e,fc431f32f74b7d9a7cc7c6ce40e28ddd,1.0920003456373244,6,무,2200
6a8d0c54e527c11e429a6b0d,fc431f32f74b7d9a7cc7c6ce40e28ddd,1.0920003456373246,6,승,2200
6a8be8aaa28190508d539001,fc431f32f74b7d9a7cc7c6ce40e28ddd,1.0920003456373246,6,패,2200
6a8be1a2f75caa63cdc74ee3,fc431f32f74b7d9a7cc7c6ce40e28ddd,1.0920003456373246,6,무,2300
6a8bdbe4541c16b86e2aa8a5,fc431f32f74b7d9a7cc7c6ce40e28ddd,1.0920003456373246,6,패,2300
6a8bd94ce5611b5df0b5034c,fc431f32f74b7d9a7cc7c6ce40e28ddd,1.0920003456373248,6,무,2300
6a8ac0a84e349a6e544a80bc,fc431f32f74b7d9a7cc7c6ce40e28ddd,1.0920003456373248,6,패,2200
6a8aba5649c030b51af0bec4,fc431f32f74b7d9a7cc7c6ce40e28ddd,1.1088307275675426,6,패,2300
6a8ab7b1ba0f4310549446d6,fc431f32f74b7d9a7cc7c6ce40e28ddd,1.1088307275675426,6,패,2200
6a892ea476755f8e270303b5,fc431f32f74b7d9a7cc7c6ce40e28ddd,1.1088307275675424,6,패,2200
6a892b438bdca4d91a9bc21a,fc431f32f74b7d9a7cc7c6ce40e28ddd,1.1088307275675426,6,승,2200
6a88052d8404313730692b71,fc431f32f74b7d9a7cc7c6ce40e28ddd,1.1088307275675424,6,패,2500
6a88028083acfe620555d5bd,fc431f32f74b7d9a7cc7c6ce40e28ddd,1.1088307275675426,6,패,2200
6a86c84176285135184756be,fc431f32f74b7d9a7cc7c6ce40e28ddd,1.1088307275675426,6,무,2500
6a86c14e8126ca14177644a4,fc431f32f74b7d9a7cc7c6ce40e28ddd,1.1088307275675426,6,패,2200
6a86b9fc47fe9578cdab391c,fc431f32f74b7d9a7cc7c6ce40e28ddd,1.1088307275675426,6,승,2200
6a86b6f874b82475f0f7e237,fc431f32f74b7d9a7cc7c6ce40e28ddd,1.1088307275675426,6,패,2200
6a86b2d6fbc8fd3ef6288a06,fc431f32f74b7d9a7cc7c6ce40e28ddd,1.1088307275675426,6,승,2200
6a86af98ae3ff733b8e2be8c,fc431f32f74b7d9a7cc7c6ce40e28ddd,1.1088307275675426,6,무,2200
6a86abce8ea29633bf470071,fc431f32f74b7d9a7cc7c6ce40e28ddd,1.1088307275675426,6,승,2500
6a86a8d48504c46f9fd73ab1,fc431f32f74b7d9a7cc7c6ce40e28ddd,1.1088307275675426,6,승,2300
6a85a49b5247d52ffd98f939,fc431f32f74b7d9a7cc7c6ce40e28ddd,1.1088307275675426,6,무,2300
6a859efccb1376e660020d33,fc431f32f74b7d9a7cc7c6ce40e28ddd,1.1088307275675426,6,패,2200
6a85995f90d214793f139463,fc431f32f74b7d9a7cc7c6ce40e28ddd,1.1088307275675426,6,패,2200
6a84aee339d91201db822a8b,fc431f32f74b7d9a7cc7c6ce40e28ddd,1.1088307275675426,6,승,2300
6a83f5a6b9d755af6a69a038,fc431f32f74b7d9a7cc7c6ce40e28ddd,1.1088307275675426,6,패,2200
6a83f082bbcd64494e320da7,fc431f32f74b7d9a7cc7c6ce40e28ddd,1.1091709392712847,6,무,2200
6a83ecd458bf3c3f87d15886,fc431f32f74b7d9a7cc7c6ce40e28ddd,1.1091709392712847,6,패,2200
6a82d0a55c5018334d815ca3,fc431f32f74b7d9a7cc7c6ce40e28ddd,1.1091709392712847,6,패,2500
6a82ccfac788dd3e0d7fc673,fc431f32f74b7d9a7cc7c6ce40e28ddd,1.1091709392712847,6,승,2500
6a82c661d1c183b76fc87832,fc431f32f74b7d9a7cc7c6ce40e28ddd,1.1091709392712847,6,패,2500
6a82c37c76cad402eb97fc06,fc431f32f74b7d9a7cc7c6ce40e28ddd,1.1091709392712847,6,승,2500
6a82c0df9b66c8f28b7e0f88,fc431f32f74b7d9a7cc7c6ce40e28ddd,1.1091709392712847,6,승,2500
6a81370ec060f659f2abe85d,fc431f32f74b7d9a7cc7c6ce40e28ddd,1.1091709392712847,6,패,2500
6a8133c6f07737da6be1e6d8,fc431f32f74b7d9a7cc7c6ce40e28ddd,1.1091709392712847,6,승,2500
6a81310a7a6ed3059ef3466a,fc431f32f74b7d9a7cc7c6ce40e28ddd,1.1091709392712847,6,패,2200
6a7e9a4fb5bb812ff1a5dff3,fc431f32f74b7d9a7cc7c6ce40e28ddd,1.109170939271285,6,승,2200
6a7e954b7025c55933bf342b,fc431f32f74b7d9a7cc7c6ce40e28ddd,1.1091709392712847,6,승,2300
6a7e91f71e78ab669ee63446,fc431f32f74b7d9a7cc7c6ce40e28ddd,1.1091709392712847,6,승,2300
6a7e8f4f91fab416830e5bd1,fc431f32f74b7d9a7cc7c6ce40e28ddd,1.1091709392712847,6,승,2300
6a7e8b98bc78ae7ff985e4f7,fc431f32f74b7d9a7cc7c6ce40e28ddd,1.109170939271285,6,패,2300
6a7d91277a56f7424ef90cd6,fc431f32f74b7d9a7cc7c6ce40e28ddd,1.109170939271285,6,패,2300
6a7d8e5866251f06bb7ae539,fc431f32f74b7d9a7cc7c6ce40e28ddd,1.109170939271285,6,패,2300
6a7c072b017542f36928119c,fc431f32f74b7d9a7cc7c6ce40e28ddd,1.1091709392712847,6,패,2300
6a7c0430b550635f597c2e55,fc431f32f74b7d9a7cc7c6ce40e28ddd,1.1091709392712847,6,무,2300
6a7ac86b8109f6c77567d34d,fc431f32f74b7d9a7cc7c6ce40e28ddd,1.1091709392712847,6,패,2300
6a7ac404ecf1f45c8c7ca6bb,fc431f32f74b7d9a7cc7c6ce40e28ddd,1.1091709392712847,6,승,2300
6a7ac142fe98fa6f66be6788,fc431f32f74b7d9a7cc7c6ce40e28ddd,1.109170939271285,6,승,2300
6a9402c946753859f29c9861,8c5c7c06856ce53e34c4d5a4db4f5801,1.111324479999839,6,패,2100
6a93fed25e6444f8fb1af407,8c5c7c06856ce53e34c4d5a4db4f5801,1.1113244799998392,6,패,2000
6a93e9d0ffd0e31db5fd18d0,8c5c7c06856ce53e34c4d5a4db4f5801,1.1113244799998392,6,무,2100
6a93a2314889ff156842f1cb,8c5c7c06856ce53e34c4d5a4db4f5801,1.111324479999839,6,승,2100
6a92d6ca2f8a432217700684,8c5c7c06856ce53e34c4d5a4db4f5801,1.1100350541086266,6,무,2100
6a92d3df850c9218454fd6cc,8c5c7c06856ce53e34c4d5a4db4f5801,1.1048749495022379,6,패,2100
6a92a70f58c1128870a0964c,8c5c7c06856ce53e34c4d5a4db4f5801,1.1070867350703442,6,패,2100
6a92a41cd48db1d2051b41fd,8c5c7c06856ce53e34c4d5a4db4f5801,1.1070867350703444,6,패,2100
6a92a0f229d5ae139bc758e9,8c5c7c06856ce53e34c4d5a4db4f5801,1.1070867350703442,6,승,2100
6a929e31119dfa4ab175b2eb,8c5c7c06856ce53e34c4d5a4db4f5801,1.1070867350703442,6,승,2100
6a9270dc6d7fee2474a7a6ce,8c5c7c06856ce53e34c4d5a4db4f5801,1.1070867350703442,6,패,2100
6a926d4f018d9b0704cedd44,8c5c7c06856ce53e34c4d5a4db4f5801,1.1070867350703442,6,무,2100
6a926a7b3b239c4bd16f6f21,8c5c7c06856ce53e34c4d5a4db4f5801,1.1070867350703442,6,무,2100
6a919cf01ffa4484876c2ac4,8c5c7c06856ce53e34c4d5a4db4f5801,1.1070867350703442,6,무,2100
6a919347c4fb602fe9018406,8c5c7c06856ce53e34c4d5a4db4f5801,1.1070867350703442,6,패,2100
6a9190510a679bc4451d714c,8c5c7c06856ce53e34c4d5a4db4f5801,1.1070867350703442,6,승,2100
6a918b606a49161a3c1720d0,8c5c7c06856ce53e34c4d5a4db4f5801,1.10678572819393,6,승,2100
6a9185bc6ca62c121029ba9a,8c5c7c06856ce53e34c4d5a4db4f5801,1.1067857281939302,6,승,2100
6a9160096eb51e2bb5f52e2f,8c5c7c06856ce53e34c4d5a4db4f5801,1.1067857281939302,6,패,2100
6a915a26e39a528b6c3f55f4,8c5c7c06856ce53e34c4d5a4db4f5801,1.1067857281939302,6,패,2100
6a9156e1051f9a018af2426a,8c5c7c06856ce53e34c4d5a4db4f5801,1.1070867350703442,6,승,2100
6a914d44647b5cd74a70c787,8c5c7c06856ce53e34c4d5a4db4f5801,1.1067857281939302,6,승,2100
6a90ca7f78a9a59a5705dc3b,8c5c7c06856ce53e34c4d5a4db4f5801,1.1067857281939302,6,무,2100
6a8ff4f64455c9642eea0f33,8c5c7c06856ce53e34c4d5a4db4f5801,1.1067857281939302,6,승,2200
6a8ff1be297ae52d817a5c89,8c5c7c06856ce53e34c4d5a4db4f5801,1.1067857281939302,6,승,2200
6a8fed155944941572067e6d,8c5c7c06856ce53e34c4d5a4db4f5801,1.1067857281939302,6,패,2200
6a8fe9c366e7571529c19005,8c5c7c06856ce53e34c4d5a4db4f5801,1.1067857281939302,6,승,2200
6a8fe7142d9dee171e28cc21,8c5c7c06856ce53e34c4d5a4db4f5801,1.1067857281939302,6,승,2200
6a8fe489c69bb71e57a83fea,8c5c7c06856ce53e34c4d5a4db4f5801,1.1067857281939302,6,패,2200
6a8fccaef2aec96ec0538ed2,8c5c7c06856ce53e34c4d5a4db4f5801,1.1067857281939302,6,승,2200
6a8fca2e9222a241c2305a9c,8c5c7c06856ce53e34c4d5a4db4f5801,1.1067857281939302,6,패,2200
6a8fc3d09d62f4c351b3ab59,8c5c7c06856ce53e34c4d5a4db4f5801,1.1067857281939302,6,패,2200
6a8fc0f95c4d6a90a96718b4,8c5c7c06856ce53e34c4d5a4db4f5801,1.1067857281939302,6,승,2200
6a8fbdce3c71f82eb7e89432,8c5c7c06856ce53e34c4d5a4db4f5801,1.1067857281939302,6,승,2500
6a8ee37e4e62fcf4ec538ca1,8c5c7c06856ce53e34c4d5a4db4f5801,1.1067857281939302,6,패,2200
6a8edf2b180b07b65a605d7b,8c5c7c06856ce53e34c4d5a4db4f5801,1.1070867350703444,6,승,2200
6a8eb581b34adbe42dff3bfc,8c5c7c06856ce53e34c4d5a4db4f5801,1.1070867350703442,6,승,2300
6a8eb2ffb3efaf0e4180648b,8c5c7c06856ce53e34c4d5a4db4f5801,1.1070867350703442,6,패,2200
6a8e616944e55a2aa8ca22c7,8c5c7c06856ce53e34c4d5a4db4f5801,1.1070867350703442,6,패,2200
6a8e5eb1d888c481774884c2,8c5c7c06856ce53e34c4d5a4db4f5801,1.1070867350703442,6,패,2200
6a8e4431c5c4e32da3ab5e9a,8c5c7c06856ce53e34c4d5a4db4f5801,1.1162621236176793,6,승,2200
6a8ded534990ebea9d702c23,8c5c7c06856ce53e34c4d5a4db4f5801,1.1162621236176795,6,승,2200
6a8de85feebbc95c63e4610a,8c5c7c06856ce53e34c4d5a4db4f5801,1.1162621236176793,6,패,2200
6a8de5ac304bc8a33f30f610,8c5c7c06856ce53e34c4d5a4db4f5801,1.1162621236176793,6,패,2200
6a8de30126d669d23ae236a5,8c5c7c06856ce53e34c4d5a4db4f5801,1.1162621236176793,6,승,2200
6a8dbe32bac5ffb50636ae9c,8c5c7c06856ce53e34c4d5a4db4f5801,1.1162621236176793,6,패,2200
6a8d5131747d38e643d2dba5,8c5c7c06856ce53e34c4d5a4db4f5801,1.1162621236176793,6,무,2200
6a8c585624cc5ae4112745bc,8c5c7c06856ce53e34c4d5a4db4f5801,1.1162621236176793,6,패,2200
6a8bbc664bbeb6f5f04948c3,8c5c7c06856ce53e34c4d5a4db4f5801,1.1162621236176793,6,승,2200
6a8bb8c6aa936ba97ab91e97,8c5c7c06856ce53e34c4d5a4db4f5801,1.1162621236176793,6,승,2200
6a8b21f78885183293bced07,8c5c7c06856ce53e34c4d5a4db4f5801,1.1162621236176793,6,패,2200
6a8b1f2c4011bc79f90201ec,8c5c7c06856ce53e34c4d5a4db4f5801,1.1162621236176793,6,패,2200
6a8b027083fef7e2ed333f24,8c5c7c06856ce53e34c4d5a4db4f5801,1.1162621236176793,6,패,2200
6a8af7a30398f03b3f65e172,8c5c7c06856ce53e34c4d5a4db4f5801,1.1162621236176793,6,패,2200
6a8ae8767bbdeab07f0199c4,8c5c7c06856ce53e34c4d5a4db4f5801,1.1162621236176793,6,패,2200
6a8aa73726616eaf9ce82b09,8c5c7c06856ce53e34c4d5a4db4f5801,1.1162621236176793,6,승,2200
6a8a542a998b5d33efe0bd17,8c5c7c06856ce53e34c4d5a4db4f5801,1.116262123617679,6,승,2200
6a8a4fbb7884cf5b3d6e64d4,8c5c7c06856ce53e34c4d5a4db4f5801,1.116262123617679,6,승,2200
6a89875a68afcd755551ab8c,8c5c7c06856ce53e34c4d5a4db4f5801,1.119300868305093,6,패,2200
6a898491f2160d22fdf62836,8c5c7c06856ce53e34c4d5a4db4f5801,1.119300868305093,6,패,2200
6a89729d7240c2455624630b,8c5c7c06856ce53e34c4d5a4db4f5801,1.1135491209924187,6,승,2300
6a896cc123f3cdc9aadebd9e,8c5c7c06856ce53e34c4d5a4db4f5801,1.1135491209924187,6,패,2300
6a895893e1edac9b6478647b,8c5c7c06856ce53e34c4d5a4db4f5801,1.1135491209924187,6,패,2300
6a8955d0c5c4e3e34587a6cd,8c5c7c06856ce53e34c4d5a4db4f5801,1.1135491209924187,6,패,2300
6a8886fb4ce4380fed0ce6b4,8c5c7c06856ce53e34c4d5a4db4f5801,1.109759463927632,6,승,2300
6a888456b665cc07f494eb7a,8c5c7c06856ce53e34c4d5a4db4f5801,1.1097594639276318,6,승,2300
6a887fe51e44ee22fb24d32e,8c5c7c06856ce53e34c4d5a4db4f5801,1.109759463927632,6,승,2300
6a887c247e520a2c3e7b3f84,8c5c7c06856ce53e34c4d5a4db4f5801,1.1097594639276318,6,승,2300
6a88729b9ef3d65c01aa91d5,8c5c7c06856ce53e34c4d5a4db4f5801,1.109759463927632,6,패,2300
6a885fd38d3ab37c14eb6db1,8c5c7c06856ce53e34c4d5a4db4f5801,1.1148554730404807,5,승,2400
6a885c5109207756932ab62d,8c5c7c06856ce53e34c4d5a4db4f5801,1.1148554730404807,5,승,2400
6a88594d4f79a0554d7eaed1,8c5c7c06856ce53e34c4d5a4db4f5801,1.1148554730404807,5,승,2400
6a8856bd355e996225f07741,8c5c7c06856ce53e34c4d5a4db4f5801,1.1148554730404807,5,승,2400
6a8825c4d852f99ce63b4083,8c5c7c06856ce53e34c4d5a4db4f5801,1.1148554730404807,5,승,2400
6a8821f67104428b6c55ed84,8c5c7c06856ce53e34c4d5a4db4f5801,1.1148554730404807,5,패,2400
6a846003ad9d66a6f7a7f890,8c5c7c06856ce53e34c4d5a4db4f5801,1.1148554730404807,5,패,2400
6a84595b5cb2e82b682e6c33,8c5c7c06856ce53e34c4d5a4db4f5801,1.1148554730404807,5,패,2400
6a8456ab591b15edb990396a,8c5c7c06856ce53e34c4d5a4db4f5801,1.1148554730404807,5,승,2400
6a83096cc415e21cf743588b,8c5c7c06856ce53e34c4d5a4db4f5801,1.1148554730404807,5,패,2400
6a83060796386de7752fcfb3,8c5c7c06856ce53e34c4d5a4db4f5801,1.1148554730404807,5,승,2400
6a9baf9e1d67665bd0c4544b,705defd8cf0f775d7f14a6a6428bc9e1,1.0982510520636257,6,승,2200
6a9babed7a3b645fd4b556db,705defd8cf0f775d7f14a6a6428bc9e1,1.0941141419243803,6,패,2200
6a9ba8f994d4f8d57f3c98df,705defd8cf0f775d7f14a6a6428bc9e1,1.0879438101181702,6,패,2200
6a9a89582085d45f026c9419,705defd8cf0f775d7f14a6a6428bc9e1,1.0672825228186973,6,승,2200
6a9a8535e836c67518f81d4b,705defd8cf0f775d7f14a6a6428bc9e1,1.0744107357633983,6,패,2200
6a9a82639870529549a96a74,705defd8cf0f775d7f14a6a6428bc9e1,1.078237691525948,6,승,2200
6a9a3d469c0c7e4e1fa780e3,705defd8cf0f775d7f14a6a6428bc9e1,1.1002671270077986,6,승,2200
6a9a3a333635cf3cd8e43d6f,705defd8cf0f775d7f14a6a6428bc9e1,1.054742831987377,6,패,2200
6a9a346e403a3d094bd6ab65,705defd8cf0f775d7f14a6a6428bc9e1,1.0833175856738986,5,패,2200
6a994426e1dd4805af3664f4,705defd8cf0f775d7f14a6a6428bc9e1,1.079999675508335,5,승,2200
6a993ffbeb384f54ce7350e1,705defd8cf0f775d7f14a6a6428bc9e1,1.0838542974105896,5,패,2200
6a993ce27fdf09a1fd50c8c9,705defd8cf0f775d7f14a6a6428bc9e1,1.079999675508335,5,승,2300
6a9939c84eb7775f09af571e,705defd8cf0f775d7f14a6a6428bc9e1,1.0891834635589368,5,승,2300
6a99221194f8feddc3a62e68,705defd8cf0f775d7f14a6a6428bc9e1,1.073704336901711,5,무,2300
6a991f1f39124e3d6ba89546,705defd8cf0f775d7f14a6a6428bc9e1,1.079999675508335,5,패,2300
6a991a6eba8b638aadd583d5,705defd8cf0f775d7f14a6a6428bc9e1,1.079999675508335,5,승,2300
6a990a3a07ae1eaa7d591ea6,705defd8cf0f775d7f14a6a6428bc9e1,1.0832224806373851,6,승,2300
6a9906b91ce1cb0b1e08dfb1,705defd8cf0f775d7f14a6a6428bc9e1,1.0711888325268095,5,승,2400
6a97c765ec29ec83dbc44d98,705defd8cf0f775d7f14a6a6428bc9e1,1.0792310750493994,6,승,2400
6a97c47bc9c55b80e1655c7a,705defd8cf0f775d7f14a6a6428bc9e1,1.053000022791547,6,패,2400
6a97bfc6132d51dbb8877dea,705defd8cf0f775d7f14a6a6428bc9e1,1.0437327260933291,5,패,2300
6a9502fcbe3342eaef3ab45f,705defd8cf0f775d7f14a6a6428bc9e1,1.0530000227915468,6,패,2300
6a94fd86ddb3954bfb4cf44c,705defd8cf0f775d7f14a6a6428bc9e1,1.0522767902668777,3,패,2300
6a92f7d02ae16412e03a62ba,705defd8cf0f775d7f14a6a6428bc9e1,1.0815169191057874,4,패,2300
6a92f50d58ef36fcd0cf3a57,705defd8cf0f775d7f14a6a6428bc9e1,1.0760204704844765,5,패,2300
6a92f237ec646c0e79dc5b8c,705defd8cf0f775d7f14a6a6428bc9e1,1.0725803966962093,5,무,2300
6a91519645db0a626ba86f91,705defd8cf0f775d7f14a6a6428bc9e1,1.075781179441869,5,패,2200
6a913e493a379782630aa2c1,705defd8cf0f775d7f14a6a6428bc9e1,1.0624658111361482,4,패,2200
6a910c1e6d2c5657e7e44d84,705defd8cf0f775d7f14a6a6428bc9e1,1.09251683727981,6,승,2200
6a91070731df55639eaff650,705defd8cf0f775d7f14a6a6428bc9e1,1.0711888325268095,5,승,2300
6a91022a7f6ecc20dd01e4e9,705defd8cf0f775d7f14a6a6428bc9e1,1.053000022791547,6,승,2300
6a90fe6305b3447a887420a4,705defd8cf0f775d7f14a6a6428bc9e1,1.0924858519426648,4,패,2300
6a8e87f79366b16bdaa78d99,705defd8cf0f775d7f14a6a6428bc9e1,1.1259947215370452,5,패,2300
6a8e7120b1f34e4c368986f6,705defd8cf0f775d7f14a6a6428bc9e1,1.093706977145898,5,패,2200
6a8e6e0d900579121842b830,705defd8cf0f775d7f14a6a6428bc9e1,1.0609982077006033,5,승,2300
6a8e69a4ce57aa3c5181c353,705defd8cf0f775d7f14a6a6428bc9e1,1.0884543141340837,5,패,2200
6a8d671d3e7a093ad5d37723,705defd8cf0f775d7f14a6a6428bc9e1,1.0624658111361485,4,패,2200
6a8d61c889529c8647cf37da,705defd8cf0f775d7f14a6a6428bc9e1,1.0737418554323692,5,패,2200
6a8d2c969910c20b2e65d667,705defd8cf0f775d7f14a6a6428bc9e1,1.099919836988514,6,무,2200
6a89707b24c7f2bb949e87d5,705defd8cf0f775d7f14a6a6428bc9e1,1.0892169088171755,5,무,2300
6a896dd985d57f6970101024,705defd8cf0f775d7f14a6a6428bc9e1,1.0730133833292246,6,무,2300
6a89446f5fb19e52ec375437,705defd8cf0f775d7f14a6a6428bc9e1,1.076351078841186,6,패,2200
6a89413f1d1a6387f3090301,705defd8cf0f775d7f14a6a6428bc9e1,1.07461367746323,5,승,2300
6a893e6500f04b298f005387,705defd8cf0f775d7f14a6a6428bc9e1,1.0730133833292246,6,패,2200
6a891f468187db696c309f5c,705defd8cf0f775d7f14a6a6428bc9e1,1.0731738532993775,6,패,2200
6a891c7174320d54f6e49f80,705defd8cf0f775d7f14a6a6428bc9e1,1.0701438600957618,6,무,2200
6a870b1a866af41b03b60007,705defd8cf0f775d7f14a6a6428bc9e1,1.060364083268231,6,패,2200
6a86dcfbb641786e561bbddb,705defd8cf0f775d7f14a6a6428bc9e1,1.0563377183035083,6,승,2200
6a86d988a22d80f7e5e1c662,705defd8cf0f775d7f14a6a6428bc9e1,1.076351078841186,6,승,2200
6a86bc602c72a325a12abef7,705defd8cf0f775d7f14a6a6428bc9e1,1.069147488334655,6,무,2200
6a86b92a65a9204721295277,705defd8cf0f775d7f14a6a6428bc9e1,1.0752222988762568,5,승,2200
6a86b653464184543c378729,705defd8cf0f775d7f14a6a6428bc9e1,1.0730133833292246,6,패,2200
6a86b3619564d242f268bfb8,705defd8cf0f775d7f14a6a6428bc9e1,1.085797975276313,4,패,2200
6a85717977422d48ee9277d7,705defd8cf0f775d7f14a6a6428bc9e1,1.0746136774632302,5,패,2200
6a856ea87ddec82df639feaf,705defd8cf0f775d7f14a6a6428bc9e1,1.078894618903284,6,패,2200
6a853165aca008ffdc166838,705defd8cf0f775d7f14a6a6428bc9e1,1.0611105779257572,5,패,2200
6a851da0fa5f8b78256aa1e4,705defd8cf0f775d7f14a6a6428bc9e1,1.076351078841186,6,패,2200
6a851934d08e334b8e94d904,705defd8cf0f775d7f14a6a6428bc9e1,1.0803774438059086,6,승,2200
6a85091abbca3784073e03d1,705defd8cf0f775d7f14a6a6428bc9e1,1.0701438600957616,6,패,2200
6a83e148bbcf7680676b51cc,705defd8cf0f775d7f14a6a6428bc9e1,1.0801780346037357,6,승,2200
6a83de17acef803de96c259f,705defd8cf0f775d7f14a6a6428bc9e1,1.0730133833292248,6,승,2200
6a80034d4e33cb2f42cd0a9a,705defd8cf0f775d7f14a6a6428bc9e1,1.065200876171962,5,패,2200
6a7fffc680696271e441c41c,705defd8cf0f775d7f14a6a6428bc9e1,1.0645455276805116,5,승,2200
6a7ffcb6966ba20025acb671,705defd8cf0f775d7f14a6a6428bc9e1,1.0603640832682308,6,패,2200
6a7ebd4aea4079307b5154b7,705defd8cf0f775d7f14a6a6428bc9e1,1.0573001834988733,5,승,2200
6a7e9ca15a41ce82a7a89c7e,705defd8cf0f775d7f14a6a6428bc9e1,1.057658917484844,5,패,2200
6a7e99de0b4d636480423d96,705defd8cf0f775d7f14a6a6428bc9e1,1.0978612174250126,5,무,2200
6a7e96b7ac2e9d26ffd393fb,705defd8cf0f775d7f14a6a6428bc9e1,1.0734746951404253,6,승,2200
6a7d93d4919878129f445e08,705defd8cf0f775d7f14a6a6428bc9e1,1.077414952315623,6,승,2300
6a7d8fe2fb4c9116363db010,705defd8cf0f775d7f14a6a6428bc9e1,1.0807526478275842,6,패,2200
6a7d8cbb68cf2742aa6e31e5,705defd8cf0f775d7f14a6a6428bc9e1,1.0590051461542211,6,패,2200
6a7c3b34b97715b1412c28dd,705defd8cf0f775d7f14a6a6428bc9e1,1.078894618903284,6,패,2200
6a7c383be4ac82b2dbd1cc49,705defd8cf0f775d7f14a6a6428bc9e1,1.0890585322301598,5,패,2200
6a7c354a4e4b88043133cbb6,705defd8cf0f775d7f14a6a6428bc9e1,1.0624563680653434,5,무,2200
6a7c1bdb8bef3969efff4c13,705defd8cf0f775d7f14a6a6428bc9e1,1.0869056329110027,6,패,2200
6a7c19122d0807e97b84b3ce,705defd8cf0f775d7f14a6a6428bc9e1,1.0920765929275091,5,패,2200
6a7adef7a703d229a00da2c2,705defd8cf0f775d7f14a6a6428bc9e1,1.0978612174250129,5,승,2200
6a7acd5ebdf5db3f58a89037,705defd8cf0f775d7f14a6a6428bc9e1,1.0738451847797996,5,패,2200
6a7aca713fb34c12337e32d2,705defd8cf0f775d7f14a6a6428bc9e1,1.060364083268231,6,패,2200
6a7abcc3247a202912e266fb,705defd8cf0f775d7f14a6a6428bc9e1,1.0978612174250126,5,패,2200
6a9ec87045cb439f64f17372,7891d47e83432be82ad81eac11c10ee1,1.126698608934533,6,패,2300
6a9ec5b86df3132a46f8de72,7891d47e83432be82ad81eac11c10ee1,1.126698608934533,6,승,2300
6a9eb8703744fd325f1d377a,7891d47e83432be82ad81eac11c10ee1,1.126698608934533,6,무,2300
6a9eb5780db4eb4db1e23da7,7891d47e83432be82ad81eac11c10ee1,1.126698608934533,6,승,2300
6a9ead689493e9afe4e0ccb4,7891d47e83432be82ad81eac11c10ee1,1.126698608934533,6,무,2300
6a9ea9eaefeb5654d8ae7a84,7891d47e83432be82ad81eac11c10ee1,1.126698608934533,6,승,2300
6a9ea45f39b597468cd793a1,7891d47e83432be82ad81eac11c10ee1,1.126698608934533,6,승,2400
6a9e9251960ebfd076ae62a3,7891d47e83432be82ad81eac11c10ee1,1.126698608934533,6,무,2400
6a9e8ed05b178af4adb83aa7,7891d47e83432be82ad81eac11c10ee1,1.1217767221804673,6,무,2400
6a9e6ff64aa7dfb36634bb1b,7891d47e83432be82ad81eac11c10ee1,1.1217767221804678,6,패,2400
6a9e6d2e7c161c4ace86ebc7,7891d47e83432be82ad81eac11c10ee1,1.1217767221804675,6,패,2400
6a9e691695da65460331c8d2,7891d47e83432be82ad81eac11c10ee1,1.1217767221804675,6,무,2400
6a9d74a61540e382c6ac4f9a,7891d47e83432be82ad81eac11c10ee1,1.1217767221804678,6,무,2400
6a9d71ea3ec2ee18274dfaad,7891d47e83432be82ad81eac11c10ee1,1.1217767221804678,6,패,2300
6a9cf690bb434bc9d1673b98,7891d47e83432be82ad81eac11c10ee1,1.1217767221804675,6,패,2300
6a9cf3c1b664f72decf14127,7891d47e83432be82ad81eac11c10ee1,1.1217767221804678,6,패,2300
6a9cf02850ec3f35cf0c6b9e,7891d47e83432be82ad81eac11c10ee1,1.1289668780689754,6,무,2300
6a9ced412496b5f203868e2a,7891d47e83432be82ad81eac11c10ee1,1.1289668780689752,6,패,2300
6a9c3a4b874d724b356245e3,7891d47e83432be82ad81eac11c10ee1,1.1289668780689752,6,승,2300
6a9c37ab9750bc3079b08c06,7891d47e83432be82ad81eac11c10ee1,1.1289668780689754,6,승,2300
6a9c33b65520ae5249d588c0,7891d47e83432be82ad81eac11c10ee1,1.1289668780689752,6,패,2300
6a9c2e02ef7278125e987b04,7891d47e83432be82ad81eac11c10ee1,1.1289668780689752,6,승,2300
6a9c25fb3fba290f156b0e32,7891d47e83432be82ad81eac11c10ee1,1.1289668780689752,6,승,2300
6a9c2357e5be80e564a6a358,7891d47e83432be82ad81eac11c10ee1,1.1289668780689754,6,승,2300
6a9c20bb7c517f6709387253,7891d47e83432be82ad81eac11c10ee1,1.1289668780689754,6,패,2300
6a9c1e02d0377513d347730c,7891d47e83432be82ad81eac11c10ee1,1.1289668780689752,6,승,2300
6a9c1b0ca25d6885aa64a1a1,7891d47e83432be82ad81eac11c10ee1,1.1289668780689752,6,승,2300
6a998626a313b0f2a06a08a8,7891d47e83432be82ad81eac11c10ee1,1.1434955497241996,6,패,2300
6a9825a126b40d13a939fc61,7891d47e83432be82ad81eac11c10ee1,1.1434955497241994,6,패,2300
6a950a122b8ba53ee75a6883,7891d47e83432be82ad81eac11c10ee1,1.1452636542998822,6,무,2200
6a95077fffd0e3335d04ea65,7891d47e83432be82ad81eac11c10ee1,1.1452636542998822,6,패,2200
6a95048b486cf47991be9932,7891d47e83432be82ad81eac11c10ee1,1.145263654299882,6,승,2200
6a94657f07d8761c4ee68eb9,7891d47e83432be82ad81eac11c10ee1,1.1452636542998822,6,패,2200
6a94615226349be875292bd9,7891d47e83432be82ad81eac11c10ee1,1.1452636542998822,6,승,2200
6a945e7e11f64f700e5b4cc9,7891d47e83432be82ad81eac11c10ee1,1.145263654299882,6,무,2200
6a945bdeb0b4975cdf28dae6,7891d47e83432be82ad81eac11c10ee1,1.145263654299882,6,승,2300
6a9458bda0cfbc9de4340102,7891d47e83432be82ad81eac11c10ee1,1.1452636542998822,6,무,2300
6a9455e6dd8934a393d7eb21,7891d47e83432be82ad81eac11c10ee1,1.145263654299882,6,승,2300
6a945329d6de47d49fc97336,7891d47e83432be82ad81eac11c10ee1,1.145263654299882,6,무,2300
6a94508685bcf24a758cd6e7,7891d47e83432be82ad81eac11c10ee1,1.145263654299882,6,승,2300
6a944da3bfca25e3252aa685,7891d47e83432be82ad81eac11c10ee1,1.1434937026263647,6,승,2300
6a944ac27a9f08208932f098,7891d47e83432be82ad81eac11c10ee1,1.1434937026263647,6,승,2300
6a944492043abe27537902dd,7891d47e83432be82ad81eac11c10ee1,1.1452636542998822,6,승,2400
6a942e1105a12a7aa6292521,7891d47e83432be82ad81eac11c10ee1,1.1434937026263647,6,패,2300
6a942b2b8f118582f8c35ab7,7891d47e83432be82ad81eac11c10ee1,1.1434937026263647,6,패,2300
6a93bac25b70501af200756b,7891d47e83432be82ad81eac11c10ee1,1.127293367916377,6,패,2300
6a93b69fa95b166f16696552,7891d47e83432be82ad81eac11c10ee1,1.1322643390867244,6,패,2200
6a93b3e14b5f89b9dce3c0a6,7891d47e83432be82ad81eac11c10ee1,1.1322643390867244,6,패,2200
6a93b1163433ce0c2c80f404,7891d47e83432be82ad81eac11c10ee1,1.1322643390867244,6,승,2200
6a93ae74c91e720f198b81d3,7891d47e83432be82ad81eac11c10ee1,1.1322643390867244,6,패,2200
6a93abc5703b8a60698194da,7891d47e83432be82ad81eac11c10ee1,1.127293367916377,6,승,2200
6a9378b757b862d51ac5d7a6,7891d47e83432be82ad81eac11c10ee1,1.127293367916377,6,패,2200
6a9375046618337433e62b33,7891d47e83432be82ad81eac11c10ee1,1.1322643390867244,6,승,2200
6a9371c7ee938ce87fe0c886,7891d47e83432be82ad81eac11c10ee1,1.1322643390867244,6,패,2200
6a936f09a8d7318a59015ac5,7891d47e83432be82ad81eac11c10ee1,1.1322643390867244,6,승,2200
6a936c26d1423e895002ef17,7891d47e83432be82ad81eac11c10ee1,1.1322643390867246,6,승,2300
6a9308bebc8b1f79363cdf83,7891d47e83432be82ad81eac11c10ee1,1.1322643390867244,6,패,2200
6a9305ef781e6e70e6100f02,7891d47e83432be82ad81eac11c10ee1,1.1340655366976629,6,패,2200
6a9302d5cf11527537b2b667,7891d47e83432be82ad81eac11c10ee1,1.1340655366976629,6,패,2200
6a92ff39043abe23af6e0487,7891d47e83432be82ad81eac11c10ee1,1.1322643390867244,6,패,2200
6a92fbd2b8e31905e4db2572,7891d47e83432be82ad81eac11c10ee1,1.1322643390867244,6,무,2200
6a92f890d376d642117b606e,7891d47e83432be82ad81eac11c10ee1,1.1344057740986344,6,무,2200
6a92f5d010091ad17bd97e57,7891d47e83432be82ad81eac11c10ee1,1.135652838485388,6,패,2200
6a92f3669c0f5232fdd95356,7891d47e83432be82ad81eac11c10ee1,1.135652838485388,6,무,2200
6a92f027c94f642d27a21bd2,7891d47e83432be82ad81eac11c10ee1,1.1194172027619793,6,승,2300
6a92e8f5f2602c29e8d414a9,7891d47e83432be82ad81eac11c10ee1,1.1206642671487326,6,무,2300
6a92b6d664c0a41bbaad4de7,7891d47e83432be82ad81eac11c10ee1,1.1340844178990583,6,무,2300
6a92b2af3572214a9cf75b1f,7891d47e83432be82ad81eac11c10ee1,1.1340844178990583,6,승,2300
6a92aecb72e6b348982a3c07,7891d47e83432be82ad81eac11c10ee1,1.1340844178990586,6,패,2300
6a92abc68cdafff5facf6394,7891d47e83432be82ad81eac11c10ee1,1.1340844178990583,6,승,2300
6a92a8e4279452f73ba5755b,7891d47e83432be82ad81eac11c10ee1,1.1340844178990583,6,승,2300
6a9293f7e7b2e11832a1d1da,7891d47e83432be82ad81eac11c10ee1,1.1340844178990583,6,무,2300
6a9281083153b66871ed62e7,7891d47e83432be82ad81eac11c10ee1,1.1340844178990583,6,무,2300
6a927e440d0c3b9b2c31cc00,7891d47e83432be82ad81eac11c10ee1,1.1340844178990583,6,패,2300
6a927b4fc01683ee36ac7af1,7891d47e83432be82ad81eac11c10ee1,1.1340844178990583,6,승,2300
6a9102fa8c85af1125f5b587,7891d47e83432be82ad81eac11c10ee1,1.1340844178990583,6,승,2400
6a91007dca5d16a2e5fa629c,7891d47e83432be82ad81eac11c10ee1,1.1340844178990583,6,무,2400
6a90fd43ae739c839444779b,7891d47e83432be82ad81eac11c10ee1,1.1340844178990586,6,패,2300
6a905f4b5daaa0e7e2d788f5,7891d47e83432be82ad81eac11c10ee1,1.1340844178990583,6,승,2300
6a905c743a1e3c277a60ec21,7891d47e83432be82ad81eac11c10ee1,1.1340844178990583,6,무,2300
6a9059d150e58ba7df392c2d,7891d47e83432be82ad81eac11c10ee1,1.1340844178990583,6,패,2300
6a8fe5e7cd6c240ab9681688,7891d47e83432be82ad81eac11c10ee1,1.1340844178990583,6,패,2300
6a8fe3041844da5579c1a1d4,7891d47e83432be82ad81eac11c10ee1,1.1340844178990583,6,승,2300
6a8ef61b8a00b157512a04a8,7891d47e83432be82ad81eac11c10ee1,1.1340844178990583,6,무,2300
6a8ef102df16c07ccb29c21a,7891d47e83432be82ad81eac11c10ee1,1.1340844178990583,6,무,2300
6a9f64e43d80f3822b663365,2b53856bd589ea40e591b8827151bb04,1.1317251213927613,5,승,2200
6a9f62659272b0ede8b09d01,2b53856bd589ea40e591b8827151bb04,1.1317251213927613,5,무,2200
6a9f5f86125bd6e3da2f42e4,2b53856bd589ea40e591b8827151bb04,1.131725121392761,5,패,2100
6a9e701e6d6561537932ac1b,2b53856bd589ea40e591b8827151bb04,1.1317251213927613,5,패,2100
6a9e61c232e155ff9b9ddef3,2b53856bd589ea40e591b8827151bb04,1.1317251213927613,5,패,2100
6a9e5ea02c6482d18263c87e,2b53856bd589ea40e591b8827151bb04,1.1317251213927613,5,무,2100
6a9e5a58c8007e7f130f0db2,2b53856bd589ea40e591b8827151bb04,1.1317251213927613,5,승,2200
6a9e56ab4f82bce1d91f72d5,2b53856bd589ea40e591b8827151bb04,1.1317251213927613,5,승,2200
6a9e4ef446f5ac2dffc7cc01,2b53856bd589ea40e591b8827151bb04,1.128750165733186,5,승,2200
6a9d1df5ff75b33f673be960,2b53856bd589ea40e591b8827151bb04,1.128750165733186,5,패,2200
6a9d1a69539480cf10112a3c,2b53856bd589ea40e591b8827151bb04,1.128750165733186,5,승,2200
6a9d17771d6766ce99d19f6f,2b53856bd589ea40e591b8827151bb04,1.128750165733186,5,무,2200
6a9d149bc71de561dc777722,2b53856bd589ea40e591b8827151bb04,1.128750165733186,5,무,2200
6a9d11c4194b9c7af1fd0fff,2b53856bd589ea40e591b8827151bb04,1.128750165733186,5,패,2200
6a9cf686615b9437cb8b49d7,2b53856bd589ea40e591b8827151bb04,1.128750165733186,5,승,2200
6a9cf39a2a8ec59f147d8828,2b53856bd589ea40e591b8827151bb04,1.128750165733186,5,무,2200
6a9cf029998d2c03d9d9b6e2,2b53856bd589ea40e591b8827151bb04,1.128750165733186,5,무,2200
6a9ceb4e829bfa1eaf11a019,2b53856bd589ea40e591b8827151bb04,1.128750165733186,5,승,2200
6a9ce33a8624267fe284a7e3,2b53856bd589ea40e591b8827151bb04,1.128750165733186,5,무,2200
6a9ba5782663c1503764d9db,2b53856bd589ea40e591b8827151bb04,1.1282188210816708,5,패,2200
6a9ba29c76aac627db622ec1,2b53856bd589ea40e591b8827151bb04,1.1282188210816708,5,패,2200
6a9ba0024142ae65a9d55c84,2b53856bd589ea40e591b8827151bb04,1.1282188210816708,5,무,2200
6a9b9d6f0ad906269d4be0d4,2b53856bd589ea40e591b8827151bb04,1.1282188210816708,5,무,2200
6a9b9abf511271c7a018dbdb,2b53856bd589ea40e591b8827151bb04,1.1282188210816708,5,무,2200
6a9b9789c126950605ad3272,2b53856bd589ea40e591b8827151bb04,1.1282188210816708,5,승,2200
6a9b8b2ca4295e0ee35e4c97,2b53856bd589ea40e591b8827151bb04,1.1282188210816708,5,패,2200
6a9b888757f283313598acc5,2b53856bd589ea40e591b8827151bb04,1.1282188210816708,5,무,2200
6a9b734f8f54d248b785cbc2,2b53856bd589ea40e591b8827151bb04,1.1268235526880708,6,승,2200
6a9b6fa0e4cb5b8e232d1d5a,2b53856bd589ea40e591b8827151bb04,1.1268235526880708,6,패,2200
6a9b6cd039a72a4af225b129,2b53856bd589ea40e591b8827151bb04,1.1268235526880708,6,패,2200
6a9b6a1ae62a3b1c27cd91ad,2b53856bd589ea40e591b8827151bb04,1.1268235526880708,6,패,2200
6a9b67403120a5579a055f18,4fbfcf3987ee636ad603023964dcd90e,1.13435003714387,6,패,2200
6a9b67403120a5579a055f18,2b53856bd589ea40e591b8827151bb04,1.1268235526880708,6,승,2200
6a9a7c2ce8119afb42553da9,2b53856bd589ea40e591b8827151bb04,1.1268235526880708,6,무,2200
6a9a796c5d44e66a4cf613dc,2b53856bd589ea40e591b8827151bb04,1.1268235526880708,6,무,2200
6a9a76ccdfbbf31974f7adfe,2b53856bd589ea40e591b8827151bb04,1.1268235526880708,6,패,2200
6a9a73b98f4154b601d6ea10,2b53856bd589ea40e591b8827151bb04,1.1223818736074958,6,무,2200
6a9a6ebf419abd8a3c7694ef,2b53856bd589ea40e591b8827151bb04,1.1223818736074958,6,승,2200
6a9a67c8f973082940bb56f9,2b53856bd589ea40e591b8827151bb04,1.1268235526880708,6,패,2200
6a9a64c30e00b1267e5a17be,2b53856bd589ea40e591b8827151bb04,1.1268235526880708,6,무,2200
6a9a61e74eb246839ceea44e,2b53856bd589ea40e591b8827151bb04,1.1268235526880708,6,패,2200
6a9a5f3cfdac513459617009,2b53856bd589ea40e591b8827151bb04,1.1268235526880708,6,무,2200
6a9a5bc6620db44b650b3a70,2b53856bd589ea40e591b8827151bb04,1.1268235526880708,6,패,2200
6a9a58eece0fed15e379df4a,2b53856bd589ea40e591b8827151bb04,1.1268235526880708,6,패,2100
6a9a557aa21057f059bdc7d8,2b53856bd589ea40e591b8827151bb04,1.1268235526880708,6,패,2100
6a9a52c5ca16dd022104b741,2b53856bd589ea40e591b8827151bb04,1.1268235526880708,6,무,2100
6a9a1d2f240aad7e79839859,2b53856bd589ea40e591b8827151bb04,1.1268235526880708,6,무,2100
6a9a1a74096b183fd21a4b79,2b53856bd589ea40e591b8827151bb04,1.1268235526880708,6,승,2100
6a9a17b65f9795580c0dc5f1,2b53856bd589ea40e591b8827151bb04,1.1268235526880708,6,승,2200
6a9a15026167a7f5a9f3c069,2b53856bd589ea40e591b8827151bb04,1.1268235526880708,6,무,2200
6a9a12504a6ecbcb8d30e52c,2b53856bd589ea40e591b8827151bb04,1.1268235526880708,6,무,2200
6a99657e6d70ae473bb8e53b,2b53856bd589ea40e591b8827151bb04,1.1268235526880708,6,승,2200
6a9962aa28bd01a122e4dc4e,2b53856bd589ea40e591b8827151bb04,1.1268235526880708,6,패,2200
6a995f2b352dfa215bef82e1,2b53856bd589ea40e591b8827151bb04,1.1268235526880708,6,패,2200
6a995c6091cf2b85f80851f7,2b53856bd589ea40e591b8827151bb04,1.1268235526880708,6,패,2100
6a9929da2e50a56c7e69cb5e,2b53856bd589ea40e591b8827151bb04,1.1268235526880708,6,승,2200
6a99271524218935decca73c,2b53856bd589ea40e591b8827151bb04,1.1268235526880708,6,승,2200
6a9923edbcc921388115ae9c,2b53856bd589ea40e591b8827151bb04,1.1268235526880708,6,무,2200
6a99215e6b42e8479e0d614c,2b53856bd589ea40e591b8827151bb04,1.1268235526880708,6,승,2200
6a991dbff6100a80fed92646,2b53856bd589ea40e591b8827151bb04,1.1268235526880708,6,무,2200
6a991af141f88df58692a8ab,2b53856bd589ea40e591b8827151bb04,1.1268235526880708,6,패,2200
6a9915191c4a2605794f41da,2b53856bd589ea40e591b8827151bb04,1.1268235526880708,6,패,2200
6a99126d82d5407f10256d7c,2b53856bd589ea40e591b8827151bb04,1.1268235526880708,6,패,2200
6a990fb54a827d16f9e7f375,2b53856bd589ea40e591b8827151bb04,1.1268235526880708,6,패,2100
6a98d5403f379ab8b290bca2,2b53856bd589ea40e591b8827151bb04,1.1268235526880708,6,승,2200
6a97d884534d78587db1f933,2b53856bd589ea40e591b8827151bb04,1.1268235526880708,6,승,2200
6a97d5c5b17c3cd5eba74a18,2b53856bd589ea40e591b8827151bb04,1.1268235526880708,6,패,2200
6a97d3266afbd9f577ea8e33,2b53856bd589ea40e591b8827151bb04,1.1268235526880708,6,패,2200
6a97d03a175b446492eaf53c,2b53856bd589ea40e591b8827151bb04,1.1268235526880708,6,승,2200
6a97bce36e3c3c7dda4ed8a1,2b53856bd589ea40e591b8827151bb04,1.1267555546882517,6,패,2200
6a97b6dd1468033f40d5d3fa,2b53856bd589ea40e591b8827151bb04,1.1267555546882517,6,승,2200
6a97b3e157f0fa25f99d9847,2b53856bd589ea40e591b8827151bb04,1.128137223481888,5,패,2200
6a97b13c659809419bc8e39c,2b53856bd589ea40e591b8827151bb04,1.1267555546882517,6,패,2200
6a97ae8f02de6589dbc16ccb,2b53856bd589ea40e591b8827151bb04,1.1267555546882517,6,패,2100
6a977f104a2fc97e96e8afb5,2b53856bd589ea40e591b8827151bb04,1.1267555546882517,6,패,2100
6a977a367b2173b5f69f8f63,2b53856bd589ea40e591b8827151bb04,1.1267555546882517,6,패,2100
6a9777b4fd3b2c6e0b13b7c1,2b53856bd589ea40e591b8827151bb04,1.1267555546882517,6,패,2100
6a9774e544f05905ac836637,2b53856bd589ea40e591b8827151bb04,1.1267555546882517,6,패,2100
6a977266934f0c8203b7993d,2b53856bd589ea40e591b8827151bb04,1.1267555546882517,6,승,2100
6a976f9f2dd97405e0fa56a8,2b53856bd589ea40e591b8827151bb04,1.1267555546882517,6,패,2100
6a96bf7269076409932541b4,2b53856bd589ea40e591b8827151bb04,1.1267555546882517,6,승,2100
6a96bc96e590b725b00e54c2,2b53856bd589ea40e591b8827151bb04,1.1267555546882517,6,패,2100
6a96ba061b7c37ad8d725b11,2b53856bd589ea40e591b8827151bb04,1.1267555546882517,6,패,2100
6a96b7600b231c359ec5c511,2b53856bd589ea40e591b8827151bb04,1.1267555546882517,6,무,2100
6a96b4b2607f96a75d7bef5a,2b53856bd589ea40e591b8827151bb04,1.1267555546882517,6,승,2100
6a96b1f4fb0e87636456ad29,2b53856bd589ea40e591b8827151bb04,1.1267555546882517,6,승,2100
6a96af12d05d86644e7d6f01,2b53856bd589ea40e591b8827151bb04,1.1267555546882517,6,패,2100
6a96ac7e941691f463da77c6,2b53856bd589ea40e591b8827151bb04,1.1267555546882517,6,승,2100
6a96a97bd7363192d19dc390,2b53856bd589ea40e591b8827151bb04,1.1267555546882517,6,무,2100
6a96a6d78e677368e5723821,2b53856bd589ea40e591b8827151bb04,1.1267555546882517,6,패,2100
6a96a426e7b2e1dfdec1e43a,2b53856bd589ea40e591b8827151bb04,1.1267555546882517,6,패,2100
6a96a117c41ce8c577cf8b0c,2b53856bd589ea40e591b8827151bb04,1.1267555546882517,6,무,2100
6a969de35ab23d5a432b5b4d,2b53856bd589ea40e591b8827151bb04,1.1267555546882517,6,승,2100
6a96787bd56f83397fe2f571,2b53856bd589ea40e591b8827151bb04,1.1267555546882517,6,승,2100
6a966cc3ca9c99e316ad4fb9,2b53856bd589ea40e591b8827151bb04,1.1267555546882517,6,승,2200
6a9ec5b9c01dcb76d4908b03,d5047df7b5e5770c24415c029ff50c92,1.1307537893899777,6,승,2500
6a9ec06409432abbac889ee6,d5047df7b5e5770c24415c029ff50c92,1.1307537893899777,6,무,2500
6a9d815231b4ace39879f9b7,d5047df7b5e5770c24415c029ff50c92,1.1421107760715508,6,무,2300
6a9d7cfc40ab1f8305c71e7e,d5047df7b5e5770c24415c029ff50c92,1.1336462477708003,6,무,2300
6a9d7a04689bbd0eb8422092,d5047df7b5e5770c24415c029ff50c92,1.1336462477708003,6,승,2400
6a9d75dfcc6a4e0c2acfb79b,d5047df7b5e5770c24415c029ff50c92,1.1336462477708003,6,패,2300
6a9c131697bac386555f8aa0,d5047df7b5e5770c24415c029ff50c92,1.1388084648383083,6,무,2300
6a9c0dd89974a787fa972cc6,d5047df7b5e5770c24415c029ff50c92,1.1388084648383083,6,승,2400
6a9c0552a4edcd651b6d5b3e,d5047df7b5e5770c24415c029ff50c92,1.138808464838308,6,승,2400
6a9c023acfaf732795ec05b7,d5047df7b5e5770c24415c029ff50c92,1.1388084648383083,6,승,2400
6a9bff2a01489c2b1a263db1,d5047df7b5e5770c24415c029ff50c92,1.1388084648383083,6,패,2400
6a9bfc93498bef436f1fb483,d5047df7b5e5770c24415c029ff50c92,1.1388084648383083,6,패,2400
6a9aa944a7617f39d7b9181c,d5047df7b5e5770c24415c029ff50c92,1.138808464838308,6,승,2400
6a9aa16f3801911f3c949344,d5047df7b5e5770c24415c029ff50c92,1.1388084648383083,6,승,2400
6a9a9d0450c9017d253b1a49,d5047df7b5e5770c24415c029ff50c92,1.1388084648383083,6,패,2400
6a9a97634234dd87b91a9f74,d5047df7b5e5770c24415c029ff50c92,1.1388084648383083,6,패,2400
6a9a9436666e86bb9f507a33,d5047df7b5e5770c24415c029ff50c92,1.1388084648383083,6,패,2300
6a9a8e6934ff7b5588ca3140,d5047df7b5e5770c24415c029ff50c92,1.1388084648383083,6,승,2400
6a9a8b466311d60cb1c5d022,d5047df7b5e5770c24415c029ff50c92,1.1388084648383083,6,패,2300
6a9a8855faeff767d176be5d,d5047df7b5e5770c24415c029ff50c92,1.1388084648383083,6,패,2300
6a9a85d45f32ecfa88dbfffb,d5047df7b5e5770c24415c029ff50c92,1.1388084648383083,6,승,2300
6a9989a4b4460c84bf230e7b,d5047df7b5e5770c24415c029ff50c92,1.1388084648383083,6,승,2400
6a982bee0b5d74c2a56cfc4c,d5047df7b5e5770c24415c029ff50c92,1.1374921503624045,6,패,2300
6a96c4030394bc85458f4e58,d5047df7b5e5770c24415c029ff50c92,1.1374921503624045,6,패,2300
6a96c0497a0ea08626f5b23c,d5047df7b5e5770c24415c029ff50c92,1.1374921503624045,6,승,2300
6a96b7c563192ef60baef7a5,d5047df7b5e5770c24415c029ff50c92,1.1374921503624043,6,승,2400
6a96b3b1a03faa933ee58c00,d5047df7b5e5770c24415c029ff50c92,1.1374921503624045,6,무,2400
6a96b0a8d8b9e93e757751f7,d5047df7b5e5770c24415c029ff50c92,1.1374921503624045,6,패,2300
6a96ac2ed1423e61ee1c4ef7,d5047df7b5e5770c24415c029ff50c92,1.1374921503624045,6,패,2300
6a9615484f8230a2d3470e5b,d5047df7b5e5770c24415c029ff50c92,1.133354952157177,6,패,2300
6a960c9cbac9353c1a94dc00,d5047df7b5e5770c24415c029ff50c92,1.1333549521571775,6,무,2300
6a9609394e09804c66a097a2,d5047df7b5e5770c24415c029ff50c92,1.133354952157177,6,승,2300
6a95ec13e5ee73543693aa01,d5047df7b5e5770c24415c029ff50c92,1.1333549521571773,6,승,2400
6a95e702d27099320671b978,d5047df7b5e5770c24415c029ff50c92,1.133354952157177,6,승,2400
6a95e40456cc3844e7667fa1,d5047df7b5e5770c24415c029ff50c92,1.1333549521571773,6,패,2400
6a95d8658bbf562428de26d6,d5047df7b5e5770c24415c029ff50c92,1.1333549521571775,6,승,2400
6a95d3bb272f6842913c64d0,d5047df7b5e5770c24415c029ff50c92,1.133354952157177,6,패,2400
6a95be4b9d62f4f1e1e53e02,d5047df7b5e5770c24415c029ff50c92,1.1333549521571775,6,패,2400
6a9511d23bd8532aae3950ba,d5047df7b5e5770c24415c029ff50c92,1.1143544957385585,6,패,2500
6a9509e2a1f75c68f7908804,d5047df7b5e5770c24415c029ff50c92,1.115823637424816,6,승,2500
6a950758b105a603f6ab3bbe,d5047df7b5e5770c24415c029ff50c92,1.1143544957385585,6,승,2500
6a94d2f60a62d85f7c051181,d5047df7b5e5770c24415c029ff50c92,1.1143544957385585,6,패,2500
6a94cf409c1adfa53b3c4152,d5047df7b5e5770c24415c029ff50c92,1.1143544957385585,6,패,2300
6a94166d66e75718d7e539c9,d5047df7b5e5770c24415c029ff50c92,1.1143544957385585,6,승,2300
6a9413c43a1e3c9d1a7f9341,d5047df7b5e5770c24415c029ff50c92,1.1143544957385585,6,패,2300
6a93f058a001b13e99d9d001,d5047df7b5e5770c24415c029ff50c92,1.1143544957385585,6,승,2300
6a93b46b6651bdba9e96c3d2,d5047df7b5e5770c24415c029ff50c92,1.1143544957385585,6,패,2300
6a935e17051f9a6794040460,d5047df7b5e5770c24415c029ff50c92,1.1143544957385585,6,승,2300
6a9359cceb9d8647593a7edf,d5047df7b5e5770c24415c029ff50c92,1.1143544957385587,6,패,2300
6a933ebed27099e12d5d3a9a,d5047df7b5e5770c24415c029ff50c92,1.1143544957385585,6,무,2300
6a933660bc19cc83e5f02cf8,d5047df7b5e5770c24415c029ff50c92,1.1143544957385585,6,승,2300
6a9332d7df6ec9a8e4b606b6,d5047df7b5e5770c24415c029ff50c92,1.1143544957385585,6,승,2300
6a9266a5130487aa66a0c60e,d5047df7b5e5770c24415c029ff50c92,1.1143544957385585,6,패,2300
6a9205bd703b8a53ba73eec9,d5047df7b5e5770c24415c029ff50c92,1.1143544957385585,6,패,2300
6a9203006115af4819c222f7,d5047df7b5e5770c24415c029ff50c92,1.1143544957385585,6,승,2300
6a9200763ef7951221f105ed,d5047df7b5e5770c24415c029ff50c92,1.1143544957385585,6,무,2300
6a9162106769e11117e7022f,d5047df7b5e5770c24415c029ff50c92,1.1143544957385585,6,승,2400
6a9042c8cd6aa45cb02146d9,d5047df7b5e5770c24415c029ff50c92,1.1143544957385585,6,무,2500
6a903de5003bac5900c3fb67,d5047df7b5e5770c24415c029ff50c92,1.1143544957385585,6,무,2500
6a903791ac01e5e151461e30,d5047df7b5e5770c24415c029ff50c92,1.1143544957385585,6,패,2500
6a9016cf36299d10d832071a,d5047df7b5e5770c24415c029ff50c92,1.1143544957385585,6,패,2500
6a9013c75a97f0cb46451098,d5047df7b5e5770c24415c029ff50c92,1.1143544957385585,6,패,2500
6a8ff2305bab7fd169c7df74,d5047df7b5e5770c24415c029ff50c92,1.1143544957385585,6,승,2500
6a8fe66dc4fb6022eaf39a87,d5047df7b5e5770c24415c029ff50c92,1.1143544957385587,6,무,2500
6a8fcef5df741c6f4ce2cd34,d5047df7b5e5770c24415c029ff50c92,1.1143544957385585,6,승,2500
6a8fc577e29810415dac72e3,d5047df7b5e5770c24415c029ff50c92,1.1143544957385585,6,패,2300
6a8fb9182852008f74624107,d5047df7b5e5770c24415c029ff50c92,1.1141603497062118,6,패,2300
6a8f9dbfd07151717214ac91,d5047df7b5e5770c24415c029ff50c92,1.1143544957385585,6,패,2300
6a8ee4cb2df17579b47e7f84,d5047df7b5e5770c24415c029ff50c92,1.1143544957385585,6,승,2300
6a8ec838deccb7348701c50c,d5047df7b5e5770c24415c029ff50c92,1.1186759038649041,6,패,2200
6a8ec2d7b199c81cf8531f81,d5047df7b5e5770c24415c029ff50c92,1.1186759038649041,6,패,2200
6a8e7075db7b8d954316607d,d5047df7b5e5770c24415c029ff50c92,1.1161541559631232,6,승,2200
6a8e66a3c41cb0e49507f093,d5047df7b5e5770c24415c029ff50c92,1.1161541559631232,6,패,2200
6a8e3c6ade10ad66078e1c5c,d5047df7b5e5770c24415c029ff50c92,1.1161541559631232,6,패,2200
6a8e38df76b05273dfe7b18f,d5047df7b5e5770c24415c029ff50c92,1.1161541559631232,6,승,2200
6a9e4d0ce928b9eef695b9e4,72363c8a4a3bf1d8de9d1c452b088de2,1.159291165001392,6,패,2000
6a9d738b6b92020c9efd4359,72363c8a4a3bf1d8de9d1c452b088de2,1.159291165001392,6,패,1900
6a9d7092b60b6b03d126cc29,72363c8a4a3bf1d8de9d1c452b088de2,1.159291165001392,6,패,1900
6a9d6daab9a02ee1043bf113,72363c8a4a3bf1d8de9d1c452b088de2,1.1592911650013917,6,무,1900
6a9d6a9a31de11196173c2c4,72363c8a4a3bf1d8de9d1c452b088de2,1.159291165001392,6,무,1900
6a9d67df5e1511420bb9e73b,72363c8a4a3bf1d8de9d1c452b088de2,1.159291165001392,6,승,2000
6a9d64f8777eba980d16434f,72363c8a4a3bf1d8de9d1c452b088de2,1.159291165001392,6,무,2000
6a9d620e681ca34ba9eae66e,72363c8a4a3bf1d8de9d1c452b088de2,1.159291165001392,6,승,2000
6a9d5f1eb07a3dbe326faa50,72363c8a4a3bf1d8de9d1c452b088de2,1.159291165001392,6,무,2000
6a9d5bda1991a831209c803e,72363c8a4a3bf1d8de9d1c452b088de2,1.159291165001392,6,패,2000
6a9d008416cfc3a4c6fe9945,72363c8a4a3bf1d8de9d1c452b088de2,1.159291165001392,6,패,1900
6a9cfe45f306d12a6dee48fa,72363c8a4a3bf1d8de9d1c452b088de2,1.159291165001392,6,승,2000
6a9cfb7362e5e384a7d3050c,72363c8a4a3bf1d8de9d1c452b088de2,1.159291165001392,6,패,1900
6a9cf8a0c547e71aa8cbfb2f,72363c8a4a3bf1d8de9d1c452b088de2,1.1535143085014292,6,승,2000
6a9cf5a68b43560905cda729,72363c8a4a3bf1d8de9d1c452b088de2,1.159291165001392,6,승,2000
6a9cf2e267c1423d07b16e87,72363c8a4a3bf1d8de9d1c452b088de2,1.159291165001392,6,패,2000
6a9cf04ea292f55fef513423,72363c8a4a3bf1d8de9d1c452b088de2,1.159291165001392,6,패,1900
6a9ced8ea4527b509e6b7b27,72363c8a4a3bf1d8de9d1c452b088de2,1.159291165001392,6,승,2000
6a9ceab7c497d73205fcbb4c,72363c8a4a3bf1d8de9d1c452b088de2,1.159291165001392,6,무,2000
6a9ce7f39736665af59c84b2,72363c8a4a3bf1d8de9d1c452b088de2,1.159291165001392,6,무,2000
6a9c3df33de018a21b540253,72363c8a4a3bf1d8de9d1c452b088de2,1.1103156277640498,6,패,2000
6a9c1ffb8bad10206c606a72,72363c8a4a3bf1d8de9d1c452b088de2,1.1103156277640498,6,패,1900
6a9c1409f7f325656f96f78f,72363c8a4a3bf1d8de9d1c452b088de2,1.1103156277640498,6,패,1900
6a9c0d25a8f9c046b4af8114,72363c8a4a3bf1d8de9d1c452b088de2,1.1103156277640498,6,무,1900
6a9c06d2abae9c863c1b4898,72363c8a4a3bf1d8de9d1c452b088de2,1.1103156277640498,6,승,1900
6a9c03a3ca75e9388b642297,72363c8a4a3bf1d8de9d1c452b088de2,1.1103156277640498,6,패,1900
6a9bb5292212a9085af9a6c9,72363c8a4a3bf1d8de9d1c452b088de2,1.1103156277640498,6,패,1900
6a9bb0bcba9cd9342359cde7,72363c8a4a3bf1d8de9d1c452b088de2,1.1103156277640498,6,패,1900
6a9bab1978a2c3c671428d45,72363c8a4a3bf1d8de9d1c452b088de2,1.1103156277640498,6,승,1900
6a9ba1f52843807661cce724,72363c8a4a3bf1d8de9d1c452b088de2,1.1103156277640498,6,패,1900
6a9b9f1ef68d21bee784a154,72363c8a4a3bf1d8de9d1c452b088de2,1.1103156277640498,6,패,1900
6a9b9c5412e431d689bb5d1d,72363c8a4a3bf1d8de9d1c452b088de2,1.1103156277640498,6,승,1900
6a9b98f15d4b445ffa20be87,72363c8a4a3bf1d8de9d1c452b088de2,1.1103156277640498,6,패,1900
6a9b9644911b7920448d29fe,72363c8a4a3bf1d8de9d1c452b088de2,1.1103156277640498,6,승,1900
6a9b92cbb533e4c533a0801d,72363c8a4a3bf1d8de9d1c452b088de2,1.1103156277640498,6,승,1900
6a9b8f4013e45530db6b00ab,72363c8a4a3bf1d8de9d1c452b088de2,1.1103156277640498,6,승,1900
6a9b8be8f9807ba629cc259b,72363c8a4a3bf1d8de9d1c452b088de2,1.1103156277640498,6,패,1900
6a9b893d8354fb65221cc24d,72363c8a4a3bf1d8de9d1c452b088de2,1.1103156277640498,6,패,1900
6a9b868b06608562fbea38b0,72363c8a4a3bf1d8de9d1c452b088de2,1.1103156277640498,6,승,2000
6a9b840c11b6be2ada216e3f,72363c8a4a3bf1d8de9d1c452b088de2,1.1103156277640498,6,무,2000
6a9b809ca80d9b5a347226a0,72363c8a4a3bf1d8de9d1c452b088de2,1.1103156277640498,6,패,2000
6a9b7ddc6bf1580e9cc8eae6,72363c8a4a3bf1d8de9d1c452b088de2,1.1103156277640498,6,승,2000
6a9b7accc24c798893f829b6,72363c8a4a3bf1d8de9d1c452b088de2,1.1103156277640498,6,승,2000
6a9b7834b4a3104c7a870d6d,72363c8a4a3bf1d8de9d1c452b088de2,1.1103156277640498,6,승,2000
6a9b75aed7c211a42d0ec599,72363c8a4a3bf1d8de9d1c452b088de2,1.1103156277640498,6,승,2000
6a9b732446f647b0fa3de5cb,72363c8a4a3bf1d8de9d1c452b088de2,1.1103156277640498,6,패,2000
6a9a91d6e2b32d5c83b4758d,72363c8a4a3bf1d8de9d1c452b088de2,1.1103156277640498,6,승,2000
6a9a8f18a6211a7320fad0f0,72363c8a4a3bf1d8de9d1c452b088de2,1.1103156277640498,6,무,2000
6a9a8bb8d70ad189e9f84fbb,72363c8a4a3bf1d8de9d1c452b088de2,1.12851516904687,6,패,2000
6a9a8896829bfa8820fb53a2,72363c8a4a3bf1d8de9d1c452b088de2,1.12851516904687,6,승,2000
6a9a84754db99a0bae9ab1ae,72363c8a4a3bf1d8de9d1c452b088de2,1.12851516904687,6,패,2000
6a9a816d9f43bb2f1ce97498,72363c8a4a3bf1d8de9d1c452b088de2,1.12851516904687,6,무,2000
6a9a7de7a7617f6207b7372d,72363c8a4a3bf1d8de9d1c452b088de2,1.1335608885908746,6,패,2000
6a9a7b4f9272b06c108641b7,72363c8a4a3bf1d8de9d1c452b088de2,1.1335608885908748,6,무,2000
6a9a78270b7af5539e2374eb,72363c8a4a3bf1d8de9d1c452b088de2,1.1335608885908748,6,승,2000
6a9a754b1c571739ef38444f,72363c8a4a3bf1d8de9d1c452b088de2,1.1335608885908746,6,패,2000
6a9a714c99f3552797ea814d,72363c8a4a3bf1d8de9d1c452b088de2,1.1203039629616347,6,패,2000
6a9a6e8b7db4b6ca261f7598,72363c8a4a3bf1d8de9d1c452b088de2,1.1203039629616347,6,승,2000
6a9a688c41f88d2f069de3d8,72363c8a4a3bf1d8de9d1c452b088de2,1.1203039629616345,6,패,2000
6a9a66012c64828c8e403f59,72363c8a4a3bf1d8de9d1c452b088de2,1.1203039629616345,6,무,2000
6a9a635d6f9e0c753ef7c6ed,72363c8a4a3bf1d8de9d1c452b088de2,1.1203039629616345,6,무,2000
6a9a60cce558352e51d400ae,72363c8a4a3bf1d8de9d1c452b088de2,1.1203039629616347,6,승,2000
6a9a57c2bb1ae72b956ec466,72363c8a4a3bf1d8de9d1c452b088de2,1.1203039629616345,6,패,2000
6a9a53d5013f7dce83f935d9,72363c8a4a3bf1d8de9d1c452b088de2,1.1203039629616347,6,무,2000
6a9a51536cb400121e5031c7,72363c8a4a3bf1d8de9d1c452b088de2,1.1203039629616345,6,승,2000
6a9a4dacabae9c84260a7f56,72363c8a4a3bf1d8de9d1c452b088de2,1.1203039629616345,6,무,2000
6a9a4aefc317a53194ed5a00,72363c8a4a3bf1d8de9d1c452b088de2,1.1203039629616347,6,승,2000
6a9a480228554f486088bcbf,72363c8a4a3bf1d8de9d1c452b088de2,1.1203039629616345,6,패,2000
6a9a44d6efedca68c5a44be2,72363c8a4a3bf1d8de9d1c452b088de2,1.1203039629616345,6,승,2000
6a996b39932eed14ce48c308,72363c8a4a3bf1d8de9d1c452b088de2,1.1203039629616347,6,승,2000
6a99689aac8edc7380141f50,72363c8a4a3bf1d8de9d1c452b088de2,1.1203039629616347,6,승,2000
6a9965d5ec739b0f9bf8b89b,72363c8a4a3bf1d8de9d1c452b088de2,1.1203039629616345,6,승,2100
6a996275afe9ab79fa54bc42,72363c8a4a3bf1d8de9d1c452b088de2,1.1203039629616347,6,패,2000
6a995f70a313b0099167df73,72363c8a4a3bf1d8de9d1c452b088de2,1.101491590518607,6,패,2000
6a995c50c7f7b91068c95568,72363c8a4a3bf1d8de9d1c452b088de2,1.123989220404553,6,무,2000
6a99591cad433d21615cd5d2,72363c8a4a3bf1d8de9d1c452b088de2,1.1203039629616345,6,패,2000
6a99540c2dca322b68602f27,72363c8a4a3bf1d8de9d1c452b088de2,1.1203039629616347,6,무,2000
6a993f0c65b5360e85508992,72363c8a4a3bf1d8de9d1c452b088de2,1.123989220404553,6,승,2000
6a993bddc5bb5d5d500e687b,72363c8a4a3bf1d8de9d1c452b088de2,1.123989220404553,6,패,2000
6a99388d147d5b6b9b2cf1ac,72363c8a4a3bf1d8de9d1c452b088de2,1.123989220404553,6,승,2000
6a993592998f21819862bcd6,72363c8a4a3bf1d8de9d1c452b088de2,1.123989220404553,6,승,2000
6a992ff2b382f25c1a71efb8,72363c8a4a3bf1d8de9d1c452b088de2,1.123989220404553,6,패,2000
6a992d351d81d1de33d86960,72363c8a4a3bf1d8de9d1c452b088de2,1.123989220404553,6,승,2000
6a992962d6192d0ed4b45038,72363c8a4a3bf1d8de9d1c452b088de2,1.1239892204045532,6,무,2000
6a9925ff282ae286350a80cf,72363c8a4a3bf1d8de9d1c452b088de2,1.123989220404553,6,패,2000
6a98f6e32cf42036a8c8dd3e,72363c8a4a3bf1d8de9d1c452b088de2,1.1087506121647708,6,패,2000
6a98f3ae7404513d11dad6af,72363c8a4a3bf1d8de9d1c452b088de2,1.1149654725525793,6,패,2000
6a98f12b0e0a4ebbfb973af1,72363c8a4a3bf1d8de9d1c452b088de2,1.1149654725525793,6,승,2000
6a98ee5ccef8f16c83783289,72363c8a4a3bf1d8de9d1c452b088de2,1.1149654725525793,6,패,2000
6a98eb88403a3df0a9cb86f9,72363c8a4a3bf1d8de9d1c452b088de2,1.1149654725525793,6,패,2000
6a9820970a862c3a685a33d4,72363c8a4a3bf1d8de9d1c452b088de2,1.1149654725525793,6,패,1900
6a981ad683aba4d56f1db1fd,72363c8a4a3bf1d8de9d1c452b088de2,1.1149654725525793,6,무,2000
6a9816e0c5e9675180298f69,72363c8a4a3bf1d8de9d1c452b088de2,1.1087506121647708,6,패,2000
6a97f7db29a7267f440b9f47,72363c8a4a3bf1d8de9d1c452b088de2,1.1087506121647708,6,무,2000
6a97f5621ad42accb62c2f77,72363c8a4a3bf1d8de9d1c452b088de2,1.1087506121647708,6,무,2000
6a97f2d3f9f0402cd66e590f,72363c8a4a3bf1d8de9d1c452b088de2,1.1087506121647708,6,승,2000
6a9e9c035723894d72b62046,e2ea960aed26a3fbfab560942f1878a7,1.12000985472598,6,패,2000
6a9d8432e63592f107e43a66,e2ea960aed26a3fbfab560942f1878a7,1.12000985472598,6,패,2000
6a9d81345fa04baf9530778b,e2ea960aed26a3fbfab560942f1878a7,1.12000985472598,6,승,2000
6a9d7ec86b3d2cc94d5f5edf,e2ea960aed26a3fbfab560942f1878a7,1.12000985472598,6,패,2000
6a9ce6388a4595a4c2f211e7,e2ea960aed26a3fbfab560942f1878a7,1.12000985472598,6,패,2000
6a9ce1d6c5a7f153eee229a8,e2ea960aed26a3fbfab560942f1878a7,1.12000985472598,6,패,2000
6a9cde6f110679c937af70f6,e2ea960aed26a3fbfab560942f1878a7,1.12000985472598,6,무,2000
6a9baf243437d9ee40b44246,e2ea960aed26a3fbfab560942f1878a7,1.12000985472598,6,패,2000
6a9bac814110a6b3e07e26fd,e2ea960aed26a3fbfab560942f1878a7,1.12000985472598,6,패,2000
6a9ba9f107d0242b0cb01dd2,e2ea960aed26a3fbfab560942f1878a7,1.12000985472598,6,승,2000
6a9ba728c6233ce2419386c9,e2ea960aed26a3fbfab560942f1878a7,1.12000985472598,6,승,2000
6a9b7fd5038c64b2c4ce0956,e2ea960aed26a3fbfab560942f1878a7,1.12000985472598,6,패,2000
6a9af7c151730a3402ded133,e2ea960aed26a3fbfab560942f1878a7,1.12000985472598,6,패,2000
6a9af4f98662867eb3f13a0a,e2ea960aed26a3fbfab560942f1878a7,1.12000985472598,6,승,2000
6a9af2738c73b1c0e266d3e6,e2ea960aed26a3fbfab560942f1878a7,1.12000985472598,6,승,2000
6a9aefedc73eff827b22107a,e2ea960aed26a3fbfab560942f1878a7,1.12000985472598,6,패,2000
6a9aed560981ab0484c818c1,e2ea960aed26a3fbfab560942f1878a7,1.12000985472598,6,승,2000
6a9a59783fd9ef40130b2a18,e2ea960aed26a3fbfab560942f1878a7,1.12000985472598,6,승,2000
6a9a558cca7b050cd72f9752,e2ea960aed26a3fbfab560942f1878a7,1.12000985472598,6,승,2000
6a9a5152cfeb10096323bc57,e2ea960aed26a3fbfab560942f1878a7,1.12000985472598,6,승,2100
6a994d1934752b30744d9b63,e2ea960aed26a3fbfab560942f1878a7,1.12000985472598,6,무,2100
6a994a940265e06e4a13ba96,e2ea960aed26a3fbfab560942f1878a7,1.12000985472598,6,승,2100
6a994688ccd08c1ba3779c70,e2ea960aed26a3fbfab560942f1878a7,1.12000985472598,6,승,2100
6a9943aeca757bfbcd45a314,e2ea960aed26a3fbfab560942f1878a7,1.12000985472598,6,승,2100
6a9940fae2c9e3b06cd04cc2,e2ea960aed26a3fbfab560942f1878a7,1.1186830364910634,6,승,2100
6a993573ad6b6977a1f38983,e2ea960aed26a3fbfab560942f1878a7,1.1186830364910632,6,패,2100
6a9932cc125bd6d4f4f96696,e2ea960aed26a3fbfab560942f1878a7,1.1186830364910632,6,승,2100
6a98e7e89f778a228846a034,e2ea960aed26a3fbfab560942f1878a7,1.1186830364910632,6,승,2100
6a98e563c22017330e3144e1,e2ea960aed26a3fbfab560942f1878a7,1.1186830364910632,6,패,2100
6a97dd56fcf4203deed4d124,e2ea960aed26a3fbfab560942f1878a7,1.0989874654404315,6,패,2100
6a97da87d0715105535591c4,e2ea960aed26a3fbfab560942f1878a7,1.0982617439976294,6,패,2000
6a97d679d4eacf7cb573084e,e2ea960aed26a3fbfab560942f1878a7,1.0953256842464096,6,패,2000
6a97d39078917a667df42747,e2ea960aed26a3fbfab560942f1878a7,1.0977226499735504,6,패,2000
6a97d063d1b1b8bde7697937,e2ea960aed26a3fbfab560942f1878a7,1.1016539586440834,6,승,2000
6a970207486cf438edcf6b2d,e2ea960aed26a3fbfab560942f1878a7,1.0997747956271449,6,패,2000
6a96ff4dee49195541a19ae7,e2ea960aed26a3fbfab560942f1878a7,1.1016539586440834,6,승,2000
6a96fc7e3a5230156f35c993,e2ea960aed26a3fbfab560942f1878a7,1.1016539586440837,6,패,2000
6a96f97ea7f3e4aedd353e62,e2ea960aed26a3fbfab560942f1878a7,1.1016539586440837,6,패,2000
6a96f65488d9073bfbc351a3,e2ea960aed26a3fbfab560942f1878a7,1.099774795627145,6,승,2000
6a96f2bdefaf191eaaea0f7c,e2ea960aed26a3fbfab560942f1878a7,1.1016539586440837,6,패,2000
6a96efae845a7a8ab51ee7aa,e2ea960aed26a3fbfab560942f1878a7,1.1016539586440837,6,승,2000
6a969cfd5b70503cf4167716,e2ea960aed26a3fbfab560942f1878a7,1.09278365920031,6,패,2000
6a96887fd870e034e7450d14,e2ea960aed26a3fbfab560942f1878a7,1.1016539586440837,6,패,2000
6a9685f5e422b435d323dcc9,e2ea960aed26a3fbfab560942f1878a7,1.1016539586440834,6,무,2000
6a968286d21133694ac5678e,e2ea960aed26a3fbfab560942f1878a7,1.0997747956271449,6,패,2000
6a967f91128a1d6b27e51d7e,e2ea960aed26a3fbfab560942f1878a7,1.1016539586440837,6,승,2000
6a967c8833910d5dff876497,e2ea960aed26a3fbfab560942f1878a7,1.1016539586440837,6,승,2000
6a9679d300688fa4244166c0,e2ea960aed26a3fbfab560942f1878a7,1.1016539586440837,6,패,2000
6a9642220a22283e43a35eed,e2ea960aed26a3fbfab560942f1878a7,1.1016539586440837,6,패,2000
6a92838cf1d930a93de8107e,e2ea960aed26a3fbfab560942f1878a7,1.1252836336990533,6,패,2000
6a9280e00ee4be40b8088873,e2ea960aed26a3fbfab560942f1878a7,1.1252836336990535,6,패,2000
6a927e43d330c012a77c32c1,e2ea960aed26a3fbfab560942f1878a7,1.1252836336990533,6,무,2000
6a913720404d5545b7d32101,e2ea960aed26a3fbfab560942f1878a7,1.1252836336990535,6,승,2000
6a9133cd0d78db3aad43962c,e2ea960aed26a3fbfab560942f1878a7,1.1252836336990535,6,승,2000
6a8fbded2493a71e0213862f,e2ea960aed26a3fbfab560942f1878a7,1.1252836336990535,6,패,2000
6a8fba7824522d0d62e2b7a1,e2ea960aed26a3fbfab560942f1878a7,1.1252836336990535,6,승,2100
6a8e7c4b2ba91407b5e90e71,e2ea960aed26a3fbfab560942f1878a7,1.1252836336990535,6,승,2100
6a8e65f0060f286b764514d7,e2ea960aed26a3fbfab560942f1878a7,1.1252836336990535,6,승,2100
6a8e625a9a71a719738838cb,e2ea960aed26a3fbfab560942f1878a7,1.1288622516074096,6,승,2100
6a8e5f8930e2c43c99916c8a,e2ea960aed26a3fbfab560942f1878a7,1.1288622516074096,6,승,2100
6a8e5ad215306963052c5bb3,e2ea960aed26a3fbfab560942f1878a7,1.1288622516074096,6,승,2100
6a8d86cf45cb732e594937f5,e2ea960aed26a3fbfab560942f1878a7,1.1288622516074096,6,패,2100
6a8d842ce59bc9269a27417b,e2ea960aed26a3fbfab560942f1878a7,1.1252836336990535,6,패,2100
6a8d801bc294871ec5b802da,e2ea960aed26a3fbfab560942f1878a7,1.1288622516074096,6,무,2100
6a8d33b345ea78a1e9515dd2,e2ea960aed26a3fbfab560942f1878a7,1.1200236270016588,6,무,2100
6a8d310fed4a1740f3808c56,e2ea960aed26a3fbfab560942f1878a7,1.120023627001659,6,무,2100
6a8c3ad8747d3832b1cc561c,e2ea960aed26a3fbfab560942f1878a7,1.120023627001659,6,패,2100
6a8c378e2c5aac5279f3fbfd,e2ea960aed26a3fbfab560942f1878a7,1.120023627001659,6,패,2100
6a8c0c7a3dc2aa7b2926ee37,e2ea960aed26a3fbfab560942f1878a7,1.120023627001659,6,승,2100
6a8c098309f87b5c905c9962,e2ea960aed26a3fbfab560942f1878a7,1.120023627001659,6,패,2100
6a8c0681f480fcb4ec47183c,e2ea960aed26a3fbfab560942f1878a7,1.120023627001659,6,승,2100
6a8c03df50475d3b6e474497,e2ea960aed26a3fbfab560942f1878a7,1.120023627001659,6,패,2100
6a8c012357a6c4b0ad10c78d,e2ea960aed26a3fbfab560942f1878a7,1.1200236270016588,6,승,2100
6a8bd85fea16cb33e755e1d4,e2ea960aed26a3fbfab560942f1878a7,1.120023627001659,6,승,2100
6a8bd30039e5ce45807a99ce,e2ea960aed26a3fbfab560942f1878a7,1.120023627001659,6,승,2100
6a8bcfc0280d9241f11df25b,e2ea960aed26a3fbfab560942f1878a7,1.120023627001659,6,승,2100
6a8bcd10306e8f126bdcbd4f,e2ea960aed26a3fbfab560942f1878a7,1.120023627001659,6,승,2200
6a8bc07c929fa81b0721407b,e2ea960aed26a3fbfab560942f1878a7,1.1288622516074096,6,무,2200
6a8bb4f3e1cfdeacdbb8a2a8,e2ea960aed26a3fbfab560942f1878a7,1.1288622516074096,6,승,2200
6a8a8ba66e4ed03420f573dc,e2ea960aed26a3fbfab560942f1878a7,1.1288622516074096,6,패,2200
6a8a8922bf49ae66f73d77b3,e2ea960aed26a3fbfab560942f1878a7,1.1288622516074096,6,패,2200
6a87e10394f05bbebf488e91,e2ea960aed26a3fbfab560942f1878a7,1.120023627001659,6,패,2100
6a87de6d6b1a223f76d8f865,e2ea960aed26a3fbfab560942f1878a7,1.120023627001659,6,승,2100
6a87dbac36bbe79fee389dfc,e2ea960aed26a3fbfab560942f1878a7,1.1259970995953148,6,승,2100
6a87d919a56b246d2dbbf25a,e2ea960aed26a3fbfab560942f1878a7,1.120023627001659,6,패,2100
6a87d69a362e193b5cfc7d3a,e2ea960aed26a3fbfab560942f1878a7,1.1259970995953148,6,패,2100
6a859559f9398e2cff98c14e,e2ea960aed26a3fbfab560942f1878a7,1.120023627001659,6,무,2100
6a858b98ab162f929b06929e,e2ea960aed26a3fbfab560942f1878a7,1.120023627001659,6,무,2100
6a858797c1aaa38dae1c3ee3,e2ea960aed26a3fbfab560942f1878a7,1.120023627001659,6,패,2100
6a852c75f606c5684d4ec110,e2ea960aed26a3fbfab560942f1878a7,1.120023627001659,6,승,2100
6a8529f751adaaee3a5c4209,e2ea960aed26a3fbfab560942f1878a7,1.120023627001659,6,승,2100
6a9ef37577a847d978407b22,0e69c23061e6a8bd1f77dac0a2352525,1.1092223653904683,6,무,2100
6a9ef125a1f6d22d3f7807b2,0e69c23061e6a8bd1f77dac0a2352525,1.1092223653904683,6,무,2100
6a9eeea2ad59c826634ac84e,0e69c23061e6a8bd1f77dac0a2352525,1.1092223653904683,6,무,2100
6a9eebffec4996d29cb600d6,0e69c23061e6a8bd1f77dac0a2352525,1.1092223653904683,6,패,2100
6a9ee9863fda3cd4ded70dbc,0e69c23061e6a8bd1f77dac0a2352525,1.1092223653904683,6,패,2100
6a9ee6d0bd9ced3c6c399945,0e69c23061e6a8bd1f77dac0a2352525,1.1092223653904683,6,승,2100
6a9ee46d420441559023574e,0e69c23061e6a8bd1f77dac0a2352525,1.1092223653904683,6,승,2100
6a9edf91a461dae00d327e3c,0e69c23061e6a8bd1f77dac0a2352525,1.1092223653904683,6,패,2100
6a9edcc17e38f7ca9cad6ff8,0e69c23061e6a8bd1f77dac0a2352525,1.1092223653904685,6,승,2100
6a9e6c17d5d6a00b0c762345,0e69c23061e6a8bd1f77dac0a2352525,1.1092223653904683,6,승,2100
6a9e696c621ab93c77ae4783,0e69c23061e6a8bd1f77dac0a2352525,1.1092223653904683,6,승,2100
6a9e6690cfacdd7c47cdbff7,0e69c23061e6a8bd1f77dac0a2352525,1.1092223653904683,6,승,2200
6a9e63bd7f3f2048cf97c77a,0e69c23061e6a8bd1f77dac0a2352525,1.1092223653904683,6,승,2200
6a9e60c40e898221c0a74853,0e69c23061e6a8bd1f77dac0a2352525,1.1092223653904683,6,승,2200
6a9e5e41c26650475f19f42b,0e69c23061e6a8bd1f77dac0a2352525,1.1092223653904683,6,승,2200
6a9e58455b78996cfe2cca3c,0e69c23061e6a8bd1f77dac0a2352525,1.1092223653904683,6,무,2200
6a9e3b9bbcfd622bb3b7aa8b,0e69c23061e6a8bd1f77dac0a2352525,1.1092223653904683,6,승,2300
6a9e38b4b009163e7bbf680f,0e69c23061e6a8bd1f77dac0a2352525,1.1092223653904683,6,패,2200
6a9e34a593790d66da734326,0e69c23061e6a8bd1f77dac0a2352525,1.1105915391374992,6,승,2300
6a9e313dd297c55631c6bd92,0e69c23061e6a8bd1f77dac0a2352525,1.1105915391374992,6,패,2200
6a9e2e367df3204bfacd347e,0e69c23061e6a8bd1f77dac0a2352525,1.1105915391374992,6,패,2200
6a9e2b3d504e2a6af8deac5c,0e69c23061e6a8bd1f77dac0a2352525,1.1105915391374992,6,승,2200
6a9e287506cb97f3e32ac36c,0e69c23061e6a8bd1f77dac0a2352525,1.1105915391374992,6,승,2300
6a9e25255f014fd9813e4c23,0e69c23061e6a8bd1f77dac0a2352525,1.1105915391374992,6,패,2200
6a9d7e4fa061d20f57b98f62,0e69c23061e6a8bd1f77dac0a2352525,1.1332698499480653,6,승,2300
6a9d7ac702e0862421ca6e5b,0e69c23061e6a8bd1f77dac0a2352525,1.1362509309169742,6,승,2300
6a9d724d6ee22a3dacd38155,0e69c23061e6a8bd1f77dac0a2352525,1.1369055765046125,6,패,2300
6a9d6eb9aac3ac2c9a935d9b,0e69c23061e6a8bd1f77dac0a2352525,1.1332698499480653,6,패,2200
6a9c23ed7531e3dd22ee54f7,0e69c23061e6a8bd1f77dac0a2352525,1.132615204360427,6,패,2200
6a9c20e512e4315b97c17da4,0e69c23061e6a8bd1f77dac0a2352525,1.132615204360427,6,무,2200
6a9c1dc09e80beacc46ac8ef,0e69c23061e6a8bd1f77dac0a2352525,1.132615204360427,6,승,2200
6a9c1a33bb6580870ccdf4cf,0e69c23061e6a8bd1f77dac0a2352525,1.132615204360427,6,패,2200
6a9c1791c1dccf75894a3bc6,0e69c23061e6a8bd1f77dac0a2352525,1.132615204360427,6,패,2200
6a9c14e703b46c3e29f98098,0e69c23061e6a8bd1f77dac0a2352525,1.132615204360427,6,패,2200
6a9c120a7ac347cb57581d44,0e69c23061e6a8bd1f77dac0a2352525,1.1326152043604274,6,패,2100
6a9a7f2f53ff2f29ed278d48,0e69c23061e6a8bd1f77dac0a2352525,1.132615204360427,6,무,2100
6a9a7c5ff8a81f8666266021,0e69c23061e6a8bd1f77dac0a2352525,1.132615204360427,6,패,2100
6a9a7904b1996a5eddb5c592,0e69c23061e6a8bd1f77dac0a2352525,1.132615204360427,6,패,2100
6a99a56899125c6d3d8576ab,0e69c23061e6a8bd1f77dac0a2352525,1.1292590387448085,6,패,2100
6a99a2c05d4b0341bfdc14c3,0e69c23061e6a8bd1f77dac0a2352525,1.1292590387448085,6,패,2100
6a99a03a1108bcdcc76e5cb0,0e69c23061e6a8bd1f77dac0a2352525,1.1292590387448085,6,무,2100
6a999d8db9cc4d99d9c3bbe2,0e69c23061e6a8bd1f77dac0a2352525,1.1292590387448085,6,패,2100
6a9999081c4a2684bf559ae2,0e69c23061e6a8bd1f77dac0a2352525,1.1292590387448085,6,패,2100
6a9995d2632e4f0121ac45f6,0e69c23061e6a8bd1f77dac0a2352525,1.1292590387448085,6,무,2100
6a9993054bb7da6badec7d2b,0e69c23061e6a8bd1f77dac0a2352525,1.1292590387448085,6,승,2100
6a998fb88ffb30156620df08,0e69c23061e6a8bd1f77dac0a2352525,1.1292590387448085,6,승,2100
6a998bfedafeb01ff1f159a1,0e69c23061e6a8bd1f77dac0a2352525,1.1292590387448085,6,승,2100
6a998950ba3f41d5cc3a807c,0e69c23061e6a8bd1f77dac0a2352525,1.1292590387448085,6,무,2100
6a98174b1787fed1174e724e,0e69c23061e6a8bd1f77dac0a2352525,1.129705341010042,6,패,2100
6a9813f07fbc9ce72f084459,0e69c23061e6a8bd1f77dac0a2352525,1.129705341010042,6,승,2100
6a97e93d0e6420b33fe8d9ec,0e69c23061e6a8bd1f77dac0a2352525,1.129705341010042,6,승,2100
6a97e69f8d74534fd883911c,0e69c23061e6a8bd1f77dac0a2352525,1.129705341010042,6,무,2100
6a97e3eb0e153955764dbb22,0e69c23061e6a8bd1f77dac0a2352525,1.129705341010042,6,무,2100
6a97e0ed02de65c9a6c2ec21,0e69c23061e6a8bd1f77dac0a2352525,1.129705341010042,6,승,2100
6a9780ece9519d13b0429e46,0e69c23061e6a8bd1f77dac0a2352525,1.120458600797277,6,무,2100
6a9778b01cf5125984c576a9,0e69c23061e6a8bd1f77dac0a2352525,1.1204586007972772,6,승,2200
6a96ad49526294dd2ce0bdc0,0e69c23061e6a8bd1f77dac0a2352525,1.1204586007972772,6,패,2200
6a96aab690fccc079032292f,0e69c23061e6a8bd1f77dac0a2352525,1.1204586007972772,6,무,2200
6a96a840e5fe65bfe5659ddf,0e69c23061e6a8bd1f77dac0a2352525,1.120458600797277,6,패,2100
6a968a6ee23de5dda74b6409,0e69c23061e6a8bd1f77dac0a2352525,1.1114264858681546,6,승,2200
6a9687de69bf438d38b0ae32,0e69c23061e6a8bd1f77dac0a2352525,1.1112525999916578,6,패,2100
6a967928d9f111d6b1040221,0e69c23061e6a8bd1f77dac0a2352525,1.1112525999916578,6,패,2100
6a95b25c416f40e03c3f0ef8,0e69c23061e6a8bd1f77dac0a2352525,1.1112525999916578,6,승,2100
6a95afdc2e119511a89cd0d2,0e69c23061e6a8bd1f77dac0a2352525,1.1114264858681546,6,패,2100
6a95ad789f9675b089ceea00,0e69c23061e6a8bd1f77dac0a2352525,1.1112525999916578,6,무,2100
6a95aa8e85a0cb45e64370f7,0e69c23061e6a8bd1f77dac0a2352525,1.1114264858681546,6,승,2100
6a95a71c629e1b2bfe9c983f,0e69c23061e6a8bd1f77dac0a2352525,1.1112525999916578,6,승,2200
6a95a4ac798977b6dc67947d,0e69c23061e6a8bd1f77dac0a2352525,1.111252599991658,6,승,2200
6a95a20c9de04d575beaffb4,0e69c23061e6a8bd1f77dac0a2352525,1.111252599991658,6,패,2200
6a944427c7d4a5ce4351b809,0e69c23061e6a8bd1f77dac0a2352525,1.1112525999916578,6,패,2100
6a9441c395debea4fbf294b7,0e69c23061e6a8bd1f77dac0a2352525,1.111252599991658,6,패,2100
6a943f3454d5dc09624c756c,0e69c23061e6a8bd1f77dac0a2352525,1.111252599991658,6,승,2100
6a943ca3c366bf9a18f1c7a4,0e69c23061e6a8bd1f77dac0a2352525,1.1112525999916578,6,패,2100
6a9439fb98627a4f0a228887,0e69c23061e6a8bd1f77dac0a2352525,1.111252599991658,6,무,2100
6a943773d575475fe3dbc3af,0e69c23061e6a8bd1f77dac0a2352525,1.1112525999916578,6,패,2100
6a9315455cd90c513080de6b,0e69c23061e6a8bd1f77dac0a2352525,1.1112525999916578,6,패,2100
6a9312aa14be34d7608a72d3,0e69c23061e6a8bd1f77dac0a2352525,1.1112525999916578,6,패,2100
6a930f7364c0a439b4b10e7d,0e69c23061e6a8bd1f77dac0a2352525,1.1112525999916578,6,승,2100
6a930c95bac935b59b7e3af9,0e69c23061e6a8bd1f77dac0a2352525,1.1112525999916578,6,승,2100
6a9308d8d05d8651e361ac5b,0e69c23061e6a8bd1f77dac0a2352525,1.111252599991658,6,승,2100
6a92f5248eb1cc78f590af5c,0e69c23061e6a8bd1f77dac0a2352525,1.1112525999916578,6,무,2100
6a92f2831dc4800582d326ff,0e69c23061e6a8bd1f77dac0a2352525,1.1112525999916578,6,패,2100
6a92efb44889ffc66d3e24d6,0e69c23061e6a8bd1f77dac0a2352525,1.1112525999916578,6,패,2100
6a92ed1ccd8ec3f9e9219c81,0e69c23061e6a8bd1f77dac0a2352525,1.111252599991658,6,패,2100
6a92ea9118af0af6b1dcd13f,0e69c23061e6a8bd1f77dac0a2352525,1.111252599991658,6,승,2100
6a92a20ca4605b01b7491a08,0e69c23061e6a8bd1f77dac0a2352525,1.111252599991658,6,무,2100
6a929f5f4bd3343c9e216505,0e69c23061e6a8bd1f77dac0a2352525,1.1112525999916578,6,패,2100
6a9185f3087a753604fd9da2,0e69c23061e6a8bd1f77dac0a2352525,1.1112525999916578,6,패,2100
6a916d52c973917a66b5b5b9,0e69c23061e6a8bd1f77dac0a2352525,1.115630923059671,6,패,2100
6a9169773bf05c17b1a15a92,0e69c23061e6a8bd1f77dac0a2352525,1.115630923059671,6,무,2100
6a9166e1a8f25240e71bb0ca,0e69c23061e6a8bd1f77dac0a2352525,1.115630923059671,6,승,2100
6a91645cefd1b94e462d18ec,0e69c23061e6a8bd1f77dac0a2352525,1.115630923059671,6,무,2100
6a9f4c4c2f7b0ea33f6fc42f,aa1ec5296e3a5960c1520695400f6f5b,1.0930161440535986,6,승,2100
6a9e93c6f68d21fcdd9e8c54,aa1ec5296e3a5960c1520695400f6f5b,1.0930161440535984,6,승,2100
6a9e90bdaf9ff328ca0b52f3,aa1ec5296e3a5960c1520695400f6f5b,1.0930161440535984,6,패,2100
6a9e5e3f62657b7648f66589,aa1ec5296e3a5960c1520695400f6f5b,1.0930161440535986,6,무,2100
6a9e5b2f23eb0b60ce35b956,aa1ec5296e3a5960c1520695400f6f5b,1.0930161440535986,6,패,2100
6a9e5820cc1da7149ca242ea,aa1ec5296e3a5960c1520695400f6f5b,1.0930161440535986,6,승,2100
6a9e35484b71eb8482f91032,aa1ec5296e3a5960c1520695400f6f5b,1.0930161440535986,6,패,2100
6a9e2fbef9f7cb5fa9b69c29,aa1ec5296e3a5960c1520695400f6f5b,1.0930161440535981,6,승,2100
6a9e1e9fd7d9ff351ea6691f,aa1ec5296e3a5960c1520695400f6f5b,1.0930161440535984,6,승,2100
6a9e19141d22ae21ad72f341,aa1ec5296e3a5960c1520695400f6f5b,1.0919741631263449,6,승,2200
6a9e153bda3187eb102cac2c,aa1ec5296e3a5960c1520695400f6f5b,1.086870178442683,6,패,2100
6a9d4fadc01dcb667585146b,aa1ec5296e3a5960c1520695400f6f5b,1.0871268833943153,6,승,2200
6a9d189152a2efda5f1d57af,aa1ec5296e3a5960c1520695400f6f5b,1.0854986675204275,6,패,2100
6a9d140ac147562abb3ad092,aa1ec5296e3a5960c1520695400f6f5b,1.0899431476561197,6,패,2100
6a9d0ecdb2972307b747e8c1,aa1ec5296e3a5960c1520695400f6f5b,1.0896953160888945,6,패,2100
6a9b6b3501abb4e0b4cc4de5,aa1ec5296e3a5960c1520695400f6f5b,1.0896953160888947,6,승,2100
6a9b680bcdde044c4e038a2d,aa1ec5296e3a5960c1520695400f6f5b,1.0896953160888945,6,무,2100
6a9b657db1db496c25b14379,aa1ec5296e3a5960c1520695400f6f5b,1.0896953160888945,6,패,2100
6a9b61fed1b56a326b923095,aa1ec5296e3a5960c1520695400f6f5b,1.0896953160888945,6,패,2100
6a9b5f509c4e155ca7cae8aa,aa1ec5296e3a5960c1520695400f6f5b,1.0896953160888945,6,무,2100
6a9b5cd028bd015d07f5a12a,aa1ec5296e3a5960c1520695400f6f5b,1.0896953160888947,6,승,2100
6a9a744b93cb71239436032c,aa1ec5296e3a5960c1520695400f6f5b,1.0896953160888945,6,패,2100
6a9a717d00a2a601a3bfcf41,aa1ec5296e3a5960c1520695400f6f5b,1.0896953160888947,6,승,2100
6a9a6e8452111f3d299acda6,aa1ec5296e3a5960c1520695400f6f5b,1.0896953160888947,6,패,2100
6a9a6c046076d52945096fc4,aa1ec5296e3a5960c1520695400f6f5b,1.0896953160888947,6,패,2100
6a9a694b284380d197c18b42,aa1ec5296e3a5960c1520695400f6f5b,1.0896953160888945,6,승,2100
6a9a6685132498ab29057e72,aa1ec5296e3a5960c1520695400f6f5b,1.0896953160888945,6,패,2100
6a994c941e5b6d39a398e622,aa1ec5296e3a5960c1520695400f6f5b,1.0896953160888945,6,패,2100
6a9949251ff1e343e17ae216,aa1ec5296e3a5960c1520695400f6f5b,1.0896953160888945,6,승,2100
6a99463fbc76a55bbbe9f67c,aa1ec5296e3a5960c1520695400f6f5b,1.0896953160888945,6,승,2100
6a98fea455727b9ea35fb46b,aa1ec5296e3a5960c1520695400f6f5b,1.0896953160888945,6,승,2100
6a98fbd2aa385be15c4d08f9,aa1ec5296e3a5960c1520695400f6f5b,1.0896953160888947,6,패,2100
6a98f4ef4a827d608ae72194,aa1ec5296e3a5960c1520695400f6f5b,1.0896953160888947,6,패,2100
6a97f5dee30fb659adf56537,aa1ec5296e3a5960c1520695400f6f5b,1.0896953160888945,6,패,2100
6a9780fdfe7c19e7d408dcf5,aa1ec5296e3a5960c1520695400f6f5b,1.1049474207837227,6,승,2200
6a977dbf5e6444331034c1ff,aa1ec5296e3a5960c1520695400f6f5b,1.104294704926942,6,무,2200
6a9772ca1a52834707a5846a,aa1ec5296e3a5960c1520695400f6f5b,1.1097328956648205,6,승,2200
6a976fc61259512537bbb574,aa1ec5296e3a5960c1520695400f6f5b,1.1097328956648205,6,승,2200
6a976cff77065c26d13465b0,aa1ec5296e3a5960c1520695400f6f5b,1.1097328956648205,6,패,2200
6a9768a2152cae4dc12682fc,aa1ec5296e3a5960c1520695400f6f5b,1.1097328956648203,6,패,2200
6a976619aa9fd1180adf7367,aa1ec5296e3a5960c1520695400f6f5b,1.1097328956648203,6,패,2200
6a96a1eb522e275902dd2e2a,aa1ec5296e3a5960c1520695400f6f5b,1.1052795421447212,6,무,2200
6a969f27213e45123b1828c9,aa1ec5296e3a5960c1520695400f6f5b,1.1097328956648205,6,무,2200
6a962adf08c4d035c1d9eca7,aa1ec5296e3a5960c1520695400f6f5b,1.1097328956648205,6,승,2200
6a9627d9869161286c7d4fa3,aa1ec5296e3a5960c1520695400f6f5b,1.1097328956648205,6,승,2200
6a962170998bdb73924ffe3f,aa1ec5296e3a5960c1520695400f6f5b,1.11583227802895,6,패,2200
6a961e8ae1b1bf1c9bea9be9,aa1ec5296e3a5960c1520695400f6f5b,1.11583227802895,6,무,2200
6a961b465dad7a05ff1b507a,aa1ec5296e3a5960c1520695400f6f5b,1.11583227802895,6,승,2300
6a96183720c84991f2a79aa4,aa1ec5296e3a5960c1520695400f6f5b,1.114912790387415,6,패,2200
6a961556e666024397817507,aa1ec5296e3a5960c1520695400f6f5b,1.1252107987932483,6,패,2200
6a9560f1d3121510649bed0c,aa1ec5296e3a5960c1520695400f6f5b,1.1252107987932483,6,무,2200
6a9551d7e4d6ec0bfed05350,aa1ec5296e3a5960c1520695400f6f5b,1.1149127903874148,6,패,2200
6a954dff869161cbc676b9f1,aa1ec5296e3a5960c1520695400f6f5b,1.114912790387415,6,승,2200
6a95265472848df3eccb1f8d,aa1ec5296e3a5960c1520695400f6f5b,1.114912790387415,6,승,2200
6a952382b703ba69a12959f1,aa1ec5296e3a5960c1520695400f6f5b,1.114912790387415,6,승,2200
6a951d98428d2516d92c5134,aa1ec5296e3a5960c1520695400f6f5b,1.114912790387415,6,패,2200
6a951aedf085756837ba89e7,aa1ec5296e3a5960c1520695400f6f5b,1.114912790387415,6,승,2200
6a94ee6ea254e92c9149dbdc,aa1ec5296e3a5960c1520695400f6f5b,1.1149127903874148,6,패,2200
6a94ebdd69e54e0b3414a434,aa1ec5296e3a5960c1520695400f6f5b,1.1149127903874148,6,승,2200
6a94e8f369076450bb16cbff,aa1ec5296e3a5960c1520695400f6f5b,1.111654418402143,6,무,2200
6a93a22dbc1e9202a8b74ccf,aa1ec5296e3a5960c1520695400f6f5b,1.1149127903874148,6,무,2200
6a939f1ac75078f0c6fd2af0,aa1ec5296e3a5960c1520695400f6f5b,1.114912790387415,6,패,2200
6a939c88b8e3190c60df1aaa,aa1ec5296e3a5960c1520695400f6f5b,1.1149127903874148,6,무,2200
6a9399b19543628fa6f7f5ef,aa1ec5296e3a5960c1520695400f6f5b,1.1149127903874148,6,승,2200
6a9396bf5ba001c67e76afed,aa1ec5296e3a5960c1520695400f6f5b,1.1149127903874148,6,패,2200
6a93941801da182593be0961,aa1ec5296e3a5960c1520695400f6f5b,1.114912790387415,6,승,2200
6a92f50097f5e20871cc3834,aa1ec5296e3a5960c1520695400f6f5b,1.1116983314832245,6,패,2200
6a92f2320af60e94de4d9cae,aa1ec5296e3a5960c1520695400f6f5b,1.1116983314832245,6,패,2200
6a92ef4fa6bfab3706aca02b,aa1ec5296e3a5960c1520695400f6f5b,1.1094971719547255,6,패,2200
6a92220af2aec97f4766505e,aa1ec5296e3a5960c1520695400f6f5b,1.0950371034632247,6,패,2200
6a91290ab98d2b4004e47878,aa1ec5296e3a5960c1520695400f6f5b,1.0950371034632245,6,패,2200
6a9109187b2173b5586bd319,aa1ec5296e3a5960c1520695400f6f5b,1.095037103463225,6,패,2200
6a9105ecacb6441ee9b10783,aa1ec5296e3a5960c1520695400f6f5b,1.095037103463225,6,패,2100
6a91017ca712fc59951a2098,aa1ec5296e3a5960c1520695400f6f5b,1.095037103463225,6,승,2200
6a90dcbc52d2f5b78ad8624c,aa1ec5296e3a5960c1520695400f6f5b,1.095037103463225,6,패,2100
6a90d971cc9b42c2686bc5ad,aa1ec5296e3a5960c1520695400f6f5b,1.0950371034632247,6,승,2200
6a8fadae9a70079b4169e661,aa1ec5296e3a5960c1520695400f6f5b,1.0950371034632245,6,무,2200
6a8e380f63ef275e80368b62,aa1ec5296e3a5960c1520695400f6f5b,1.095037103463225,6,승,2200
6a8e352760c110241188237a,aa1ec5296e3a5960c1520695400f6f5b,1.0950371034632247,6,패,2200
6a8e3291a9769d9a92cb1ec3,aa1ec5296e3a5960c1520695400f6f5b,1.095037103463225,6,승,2200
6a8e2fc1a9ffa62cee7ce5ab,aa1ec5296e3a5960c1520695400f6f5b,1.0950371034632245,6,승,2200
6a8e2d17665947073c174839,aa1ec5296e3a5960c1520695400f6f5b,1.0950371034632245,6,무,2200
6a8d413ccee99f4362a94feb,aa1ec5296e3a5960c1520695400f6f5b,1.1036844844699067,6,승,2200
6a8d3e85f83222764f1764ed,aa1ec5296e3a5960c1520695400f6f5b,1.1036844844699067,6,패,2200
6a8d3b46b4d91fc94609ecc4,aa1ec5296e3a5960c1520695400f6f5b,1.097754016911354,6,무,2200
6a8ce8138b7bfedb654a83e7,aa1ec5296e3a5960c1520695400f6f5b,1.0950371034632245,6,패,2200
6a9e716b25af4cee36003607,1465a719963dde2c75df1969ba0d993a,1.1407576134844548,6,승,2000
6a9e6ec0a8fb3b84e5289ea7,1465a719963dde2c75df1969ba0d993a,1.1407576134844548,6,패,2000
6a9e6b482df722b3a6279439,1465a719963dde2c75df1969ba0d993a,1.1407576134844548,6,승,2000
6a9e680e509a48b66c603b0b,1465a719963dde2c75df1969ba0d993a,1.1407576134844548,6,패,2000
6a9e654700512ce644c01ea1,1465a719963dde2c75df1969ba0d993a,1.1407576134844546,6,무,2000
6a9e62a22182ac3e0ac4b219,1465a719963dde2c75df1969ba0d993a,1.14134834160782,6,승,2000
6a9d231751010ae0600fc033,1465a719963dde2c75df1969ba0d993a,1.1402165186848385,6,승,2000
6a9d20a5ab812234c16d56cb,1465a719963dde2c75df1969ba0d993a,1.1424640542385713,6,승,2000
6a9d1e182eb46556ccf10815,1465a719963dde2c75df1969ba0d993a,1.140807246808204,6,패,2000
6a9d1633c9cd27c6fb48b325,1465a719963dde2c75df1969ba0d993a,1.140807246808204,6,무,2000
6a9d12d109c28c256d88b5b9,1465a719963dde2c75df1969ba0d993a,1.1424640542385711,6,패,2000
6a9bd7f8a210578f8fcc7dcf,1465a719963dde2c75df1969ba0d993a,1.1556865947246548,6,패,2000
6a9bd240d533f067de409bc8,1465a719963dde2c75df1969ba0d993a,1.1556865947246548,6,무,2000
6a9bcfc6e975b886e47d7957,1465a719963dde2c75df1969ba0d993a,1.1556865947246548,6,승,2000
6a9bbfe9f37dfc30f3bea0aa,1465a719963dde2c75df1969ba0d993a,1.1556865947246548,6,승,2000
6a9bbd7fe726f822f04aa839,1465a719963dde2c75df1969ba0d993a,1.1540297872942875,6,패,2000
6a9bbae8c3ba23519b083300,1465a719963dde2c75df1969ba0d993a,1.1540297872942877,6,승,2000
6a9bb818db7472a2912f3289,1465a719963dde2c75df1969ba0d993a,1.153530663243157,6,패,2000
6a9b9b6f982bf97bf45161c9,1465a719963dde2c75df1969ba0d993a,1.1535306632431572,6,승,2000
6a9b98d7cdcc94571bd93eab,1465a719963dde2c75df1969ba0d993a,1.1540297872942877,6,패,2000
6a9b7b0db167296c575917d4,1465a719963dde2c75df1969ba0d993a,1.1556865947246548,6,패,2200
6a9b787b845c01f85c655ebf,1465a719963dde2c75df1969ba0d993a,1.1556865947246548,6,패,2200
6a9b755e930ef776b8770082,1465a719963dde2c75df1969ba0d993a,1.1556865947246548,6,패,2200
6a97e2758f560380efad3567,1465a719963dde2c75df1969ba0d993a,1.1556865947246548,6,승,2000
6a9691952ca02bf79f49b043,1465a719963dde2c75df1969ba0d993a,1.1556865947246548,6,승,2100
6a968f06f6000060d8784d03,1465a719963dde2c75df1969ba0d993a,1.1556865947246548,6,승,2100
6a968c4c762a665cf105e932,1465a719963dde2c75df1969ba0d993a,1.1556865947246548,6,무,2100
6a9689c0bf3450ce19a19eba,1465a719963dde2c75df1969ba0d993a,1.1556865947246548,6,패,2100
6a96871e14ae9e47ae8a4719,1465a719963dde2c75df1969ba0d993a,1.1556865947246548,6,패,2100
6a96846e4cfad8d4aaf283f6,1465a719963dde2c75df1969ba0d993a,1.1556865947246548,6,무,2100
6a9681bb8507ee6204f6fcd4,1465a719963dde2c75df1969ba0d993a,1.1556865947246548,6,승,2100
6a95396b91258503423eda32,1465a719963dde2c75df1969ba0d993a,1.1556865947246548,6,패,2100
6a953471d9f111678ffa6b7b,1465a719963dde2c75df1969ba0d993a,1.1556865947246548,6,무,2100
6a9531b2fbcc7e9a163f4ce7,1465a719963dde2c75df1969ba0d993a,1.1556865947246548,6,패,2100
6a952f0e09b9fdf80b39f597,1465a719963dde2c75df1969ba0d993a,1.1556865947246548,6,승,2100
6a952c9b30e28c40d00ffdb8,1465a719963dde2c75df1969ba0d993a,1.1556865947246548,6,무,2100
6a9529ee54595440d587978e,1465a719963dde2c75df1969ba0d993a,1.1556865947246548,6,패,2100
6a95276952ad262e1a2831f2,1465a719963dde2c75df1969ba0d993a,1.1556865947246548,6,승,2100
6a951242ba666b60ebee4ac0,1465a719963dde2c75df1969ba0d993a,1.1556865947246548,6,승,2200
6a950f9e9fc42a773bfd6c4f,1465a719963dde2c75df1969ba0d993a,1.1556865947246548,6,패,2200
6a950ccb3e5a62e8e406359a,1465a719963dde2c75df1969ba0d993a,1.1556865947246548,6,무,2200
6a950a348ada85593d5f1955,1465a719963dde2c75df1969ba0d993a,1.1556865947246548,6,패,2200
6a94f41ca882864f282557d8,1465a719963dde2c75df1969ba0d993a,1.1556865947246548,6,승,2100
6a93ea53cb325ecd87049c6b,1465a719963dde2c75df1969ba0d993a,1.1556865947246548,6,패,2100
6a93e7e9130487613bae8ed8,1465a719963dde2c75df1969ba0d993a,1.1556865947246548,6,무,2100
6a93e568dac14d4ea3c5f5dd,1465a719963dde2c75df1969ba0d993a,1.1556865947246548,6,무,2100
6a93e284ecc0c4b829063945,1465a719963dde2c75df1969ba0d993a,1.1556865947246548,6,승,2100
6a93dfbb98604f4b8f0f44dc,1465a719963dde2c75df1969ba0d993a,1.155686594724655,6,승,2100
6a93d9d4e8896fd2590208e7,1465a719963dde2c75df1969ba0d993a,1.1556865947246548,6,승,2100
6a93d47234cc543fb71f083c,1465a719963dde2c75df1969ba0d993a,1.1556865947246548,6,패,2100
6a93d1efbca6c7f43bbec4e1,1465a719963dde2c75df1969ba0d993a,1.1556865947246548,6,승,2200
6a93cf0a7fe077edc9da3f29,1465a719963dde2c75df1969ba0d993a,1.1556865947246548,6,패,2100
6a93cc20b6fbe292d1c7eba7,1465a719963dde2c75df1969ba0d993a,1.1556865947246548,6,승,2200
6a93c9389c0f52269fdf9f4a,1465a719963dde2c75df1969ba0d993a,1.1556865947246548,6,승,2200
6a93c678ab633d3639a9dfbd,1465a719963dde2c75df1969ba0d993a,1.1556865947246548,6,패,2200
6a8fcf1620c849515f74eb1f,1465a719963dde2c75df1969ba0d993a,1.1556865947246548,6,패,2100
6a8fcbc8397628089788de00,1465a719963dde2c75df1969ba0d993a,1.1556865947246548,6,패,2100
6a8fc855d2d3ccaabc5f97bf,1465a719963dde2c75df1969ba0d993a,1.1556865947246548,6,패,2100
6a8fc4c5654cc360e84cf65e,1465a719963dde2c75df1969ba0d993a,1.1556865947246548,6,패,2100
6a8fc118f380ce5f3234cf71,1465a719963dde2c75df1969ba0d993a,1.1556865947246548,6,패,2000
6a8fba6c466cccfa29fede66,1465a719963dde2c75df1969ba0d993a,1.1556865947246548,6,패,2000
6a8fb7987989774e5f36d34f,1465a719963dde2c75df1969ba0d993a,1.1556865947246548,6,승,2000
6a8fb48dcbbda61635b41c5c,1465a719963dde2c75df1969ba0d993a,1.1556865947246548,6,패,2000
6a8fb200b47b5958a13b42be,1465a719963dde2c75df1969ba0d993a,1.155686594724655,6,승,2200
6a8fae495dad7ab64de761f6,1465a719963dde2c75df1969ba0d993a,1.1556865947246548,6,승,2100
6a8ea48ebf0ec8511ed6414a,1465a719963dde2c75df1969ba0d993a,1.1556865947246548,6,승,2100
6a8e69a6b08aae17d0d25c7e,1465a719963dde2c75df1969ba0d993a,1.1556865947246548,6,패,2100
6a8e66e2a3757988710c923d,1465a719963dde2c75df1969ba0d993a,1.1556865947246548,6,무,2100
6a8e644a021f217c6e831994,1465a719963dde2c75df1969ba0d993a,1.1556865947246548,6,승,2100
6a8e61b3fdf433c92b76f858,1465a719963dde2c75df1969ba0d993a,1.1556865947246548,6,승,2100
6a8e5f2e254ef17b39eb178e,1465a719963dde2c75df1969ba0d993a,1.155686594724655,6,승,2100
6a8d55bd5c6bc9d757b0ed65,1465a719963dde2c75df1969ba0d993a,1.1483002006637797,6,무,2100
6a8d532618fbf01094bf1b59,1465a719963dde2c75df1969ba0d993a,1.14830020066378,6,승,2100
6a8d5071fbc8fd48735d2537,1465a719963dde2c75df1969ba0d993a,1.1556865947246548,6,패,2100
6a8d4d870c73697c5093ac13,1465a719963dde2c75df1969ba0d993a,1.1483002006637797,6,승,2100
6a8d4578ccea2910d30593a0,1465a719963dde2c75df1969ba0d993a,1.1483002006637797,6,무,2100
6a8d3fee8a1d965faca32d70,1465a719963dde2c75df1969ba0d993a,1.14830020066378,6,무,2100
6a8d3d82ce049af3d7936a50,1465a719963dde2c75df1969ba0d993a,1.14830020066378,6,승,2100
6a8d3ad0868762099cd08bfd,1465a719963dde2c75df1969ba0d993a,1.1556865947246548,6,패,2100
6a8d0cb79be4ef05af4007f8,1465a719963dde2c75df1969ba0d993a,1.1556865947246548,6,승,2100
6a8d0a334e54ee996b121f68,1465a719963dde2c75df1969ba0d993a,1.1540297872942877,6,무,2100
6a8d07a27caf4e40a3408579,1465a719963dde2c75df1969ba0d993a,1.1556865947246548,6,승,2200
6a8d04eb43c5d3f6321ef4e0,1465a719963dde2c75df1969ba0d993a,1.1556865947246548,6,패,2100
6a8d01f3b1bfb5686d45447b,1465a719963dde2c75df1969ba0d993a,1.148890928787145,6,패,2100
6a8cfa5d8c0f6669c8ab9c3e,1465a719963dde2c75df1969ba0d993a,1.1488909287871454,6,패,2100
6a8cf7e5c9f93be73491f1ae,1465a719963dde2c75df1969ba0d993a,1.1488909287871452,6,승,2100
6a8bff0555b5cf14ce15da93,1465a719963dde2c75df1969ba0d993a,1.1488909287871452,6,패,2100
6a8bfbbbfce20b326c7e1176,1465a719963dde2c75df1969ba0d993a,1.1556865947246548,6,무,2100
6a8bf93863b2f687a408a2c1,1465a719963dde2c75df1969ba0d993a,1.1556865947246548,6,승,2100
6a9e42d39a652e3d28e82297,58dc630931c14f020cb5fff51eb3e59a,1.138989217116226,6,패,1900
6a9e40346babe68ed8c52041,58dc630931c14f020cb5fff51eb3e59a,1.138989217116226,6,무,1900
6a9e3cb83cda1fb265e8bf02,58dc630931c14f020cb5fff51eb3e59a,1.138989217116226,6,무,1900
6a9e3a5439ab7d36943aba8f,58dc630931c14f020cb5fff51eb3e59a,1.138989217116226,6,무,1900
6a9e01f3d98aa65f1ba8c9bc,58dc630931c14f020cb5fff51eb3e59a,1.1389892171162257,6,무,1900
6a9dff35abc694c03e682c30,58dc630931c14f020cb5fff51eb3e59a,1.1389892171162261,6,승,2000
6a9dfbf8db38208c4cf1b7d9,58dc630931c14f020cb5fff51eb3e59a,1.138989217116226,6,승,2000
6a990621f398566d8828ce82,58dc630931c14f020cb5fff51eb3e59a,1.138989217116226,6,패,2000
6a9900ad34752b1d2c4aabc3,58dc630931c14f020cb5fff51eb3e59a,1.138989217116226,6,패,1900
6a98fe1cb9dd6b2a2f1a5471,58dc630931c14f020cb5fff51eb3e59a,1.138989217116226,6,승,2000
6a97a5a17c91d5050c2d296d,58dc630931c14f020cb5fff51eb3e59a,1.138989217116226,6,패,1900
6a976df2e665ec5c062c864d,58dc630931c14f020cb5fff51eb3e59a,1.1389892171162257,6,패,1900
6a976b88452388cf0921d5cc,58dc630931c14f020cb5fff51eb3e59a,1.138989217116226,6,패,1900
6a96753d4df84f37085056b4,58dc630931c14f020cb5fff51eb3e59a,1.1389892171162257,6,패,1900
6a9632da93461a12e18d405c,58dc630931c14f020cb5fff51eb3e59a,1.138989217116226,6,승,1900
6a962c5918ca77409d4dfd75,58dc630931c14f020cb5fff51eb3e59a,1.138989217116226,6,패,1900
6a96299e18bc372a6f794f0d,58dc630931c14f020cb5fff51eb3e59a,1.138989217116226,6,패,1900
6a961ae698627a4e382f4c1a,58dc630931c14f020cb5fff51eb3e59a,1.138989217116226,6,승,1900
6a95175566151d1f2c4c5065,58dc630931c14f020cb5fff51eb3e59a,1.138989217116226,6,패,1900
6a95147a2066da5b5fc74872,58dc630931c14f020cb5fff51eb3e59a,1.138989217116226,6,승,1900
6a94fb5f23147175cdc42ba6,58dc630931c14f020cb5fff51eb3e59a,1.138989217116226,6,패,1900
6a94f8af11179f79aa9a7c1f,58dc630931c14f020cb5fff51eb3e59a,1.138989217116226,6,승,1900
6a94f4ef38bc2f00d44e868c,58dc630931c14f020cb5fff51eb3e59a,1.138989217116226,6,승,2000
6a94f1ad80bcf7791eae202c,58dc630931c14f020cb5fff51eb3e59a,1.138989217116226,6,무,2000
6a94ef0fbc5a5c33d0e17e63,58dc630931c14f020cb5fff51eb3e59a,1.138989217116226,6,무,2000
6a912bdd9c0f28d8bc493634,58dc630931c14f020cb5fff51eb3e59a,1.138989217116226,6,무,2000
6a8e98b80442ceeafea471e4,58dc630931c14f020cb5fff51eb3e59a,1.138989217116226,6,승,2000
6a8e9306061234e5d9897169,58dc630931c14f020cb5fff51eb3e59a,1.138989217116226,6,승,2000
6a8e8d72a8c02499ed9bf916,58dc630931c14f020cb5fff51eb3e59a,1.138989217116226,6,패,2000
6a8e8acf7b0d362f40cef8bb,58dc630931c14f020cb5fff51eb3e59a,1.138989217116226,6,승,2000
6a8e87aef72e959aaf1a4104,58dc630931c14f020cb5fff51eb3e59a,1.138989217116226,6,승,2000
6a8e49ee83fef7399e47ed99,58dc630931c14f020cb5fff51eb3e59a,1.138989217116226,6,승,2100
6a8e3e4285920d84c2822303,58dc630931c14f020cb5fff51eb3e59a,1.138989217116226,6,승,2100
6a8e3967f55ea21ec726e949,58dc630931c14f020cb5fff51eb3e59a,1.138989217116226,6,패,2000
6a8e36b677372c13577e3b48,58dc630931c14f020cb5fff51eb3e59a,1.138989217116226,6,무,2000
6a8e323269bccbb259003713,58dc630931c14f020cb5fff51eb3e59a,1.138989217116226,6,패,2000
6a8e2f6d00dd79537463ef24,58dc630931c14f020cb5fff51eb3e59a,1.138989217116226,6,무,2000
6a8e2cb8e1a19b0383e8ceea,58dc630931c14f020cb5fff51eb3e59a,1.138989217116226,6,패,2000
6a8d2ef37ab5e19c4488da63,58dc630931c14f020cb5fff51eb3e59a,1.138989217116226,6,패,2000
6a8d2c5a8273d15fc7611a1e,58dc630931c14f020cb5fff51eb3e59a,1.138989217116226,6,승,2000
6a8bdf1e50ce25dabf50f391,58dc630931c14f020cb5fff51eb3e59a,1.1309858214017734,6,승,2100
6a8bdbf2c0c33848adcc0af1,58dc630931c14f020cb5fff51eb3e59a,1.1309858214017732,6,승,2100
6a8bd77b1d1a6364c21dac48,58dc630931c14f020cb5fff51eb3e59a,1.1309858214017732,6,승,2100
6a8bd1d23937605a10739d1b,58dc630931c14f020cb5fff51eb3e59a,1.1228303601966347,6,승,2100
6a8bc9f42df1755f7b6971b2,58dc630931c14f020cb5fff51eb3e59a,1.1228303601966345,6,패,2100
6a8bc575cb3981995d0faade,58dc630931c14f020cb5fff51eb3e59a,1.1228303601966345,6,무,2100
6a8b9a5987eb6175b374eda5,58dc630931c14f020cb5fff51eb3e59a,1.1228303601966347,6,패,2100
6a8b97a44cefb74be195deb6,58dc630931c14f020cb5fff51eb3e59a,1.1228303601966347,6,무,2100
6a8b94bf567750f36e6994df,58dc630931c14f020cb5fff51eb3e59a,1.1228303601966347,6,패,2100
6a8b90afa9bb1ad65a7e8628,58dc630931c14f020cb5fff51eb3e59a,1.1228303601966347,6,패,2100
6a8aabbd117d2a54e4620360,58dc630931c14f020cb5fff51eb3e59a,1.1228303601966347,6,패,2100
6a8aa88e19b39dd3df0c0f79,58dc630931c14f020cb5fff51eb3e59a,1.1228303601966347,6,무,2100
6a8a447a30ce5f6be33e040d,58dc630931c14f020cb5fff51eb3e59a,1.1228303601966347,6,승,2100
6a8a41bb16646237d2af53a3,58dc630931c14f020cb5fff51eb3e59a,1.1228303601966347,6,승,2100
6a890dc47835075204aa1e06,58dc630931c14f020cb5fff51eb3e59a,1.122830360196635,6,패,2100
6a88e8f63d4e66cd75b91605,58dc630931c14f020cb5fff51eb3e59a,1.1228303601966347,6,패,2100
6a88e5fdbea4aa6da343a887,58dc630931c14f020cb5fff51eb3e59a,1.1228303601966347,6,패,2100
6a87a70edf37a1248b818a9c,58dc630931c14f020cb5fff51eb3e59a,1.1228303601966345,6,승,2100
6a86d1620a9bf0005525c836,58dc630931c14f020cb5fff51eb3e59a,1.1228303601966345,6,패,2100
6a86bee48adb0a608db63447,58dc630931c14f020cb5fff51eb3e59a,1.1228303601966345,6,승,2100
6a86bc48b0055a11ccdf72b0,58dc630931c14f020cb5fff51eb3e59a,1.122830360196635,6,승,2100
6a83f33b2be224813722b1ea,58dc630931c14f020cb5fff51eb3e59a,1.1228303601966347,6,패,2100
6a83f0ad98b8a3d7246c0e66,58dc630931c14f020cb5fff51eb3e59a,1.1228303601966347,6,패,2100
6a83eb952dd4335f6bc3c087,58dc630931c14f020cb5fff51eb3e59a,1.1228303601966345,6,승,2100
6a83e8dab607c996147f078c,58dc630931c14f020cb5fff51eb3e59a,1.1228303601966347,6,무,2100
6a83abcd46e4f36a159ed823,58dc630931c14f020cb5fff51eb3e59a,1.122830360196635,6,승,2100
6a83a870f969d87144d46d34,58dc630931c14f020cb5fff51eb3e59a,1.1228303601966347,6,패,2100
6a83a4619c845d0aeb4e688f,58dc630931c14f020cb5fff51eb3e59a,1.1228303601966347,6,승,2100
6a83a0df628f03d44fa0270d,58dc630931c14f020cb5fff51eb3e59a,1.1228303601966347,6,패,2100
6a839d6733bcf807e40fe487,58dc630931c14f020cb5fff51eb3e59a,1.122830360196635,6,패,2100
6a828c0483b25155750a8a48,58dc630931c14f020cb5fff51eb3e59a,1.1228303601966347,6,패,2100
6a828964553a1ee5c281f87c,58dc630931c14f020cb5fff51eb3e59a,1.1228303601966347,6,패,2100
6a827385ef01102ea6be3781,58dc630931c14f020cb5fff51eb3e59a,1.122830360196635,6,무,2100
6a826c7fa6db1751b75a1d11,58dc630931c14f020cb5fff51eb3e59a,1.1228303601966347,6,패,2100
6a8261fb6f44816be73bb0c8,58dc630931c14f020cb5fff51eb3e59a,1.1228303601966347,6,무,2100
6a8006325c50185f8a661243,58dc630931c14f020cb5fff51eb3e59a,1.1228303601966347,6,승,2100
6a80039b634c4c90f7af5bda,58dc630931c14f020cb5fff51eb3e59a,1.1228303601966347,6,승,2100
6a7fdcf3750e1c82b4bd681c,58dc630931c14f020cb5fff51eb3e59a,1.1228303601966347,6,승,2100
6a7fd5876541541dd4292ddd,58dc630931c14f020cb5fff51eb3e59a,1.1228303601966347,6,승,2200
6a7fd27f090767533eb1294b,58dc630931c14f020cb5fff51eb3e59a,1.1228303601966347,6,승,2200
6a7fcfe25cd08f5be88667ec,58dc630931c14f020cb5fff51eb3e59a,1.1228303601966347,6,승,2200
6a7fc2f44072e8265fdd9631,58dc630931c14f020cb5fff51eb3e59a,1.1228303601966347,6,패,2200
6a7e70f2db7aa92a7c4ab5ff,58dc630931c14f020cb5fff51eb3e59a,1.1228303601966347,6,패,2200
6a7a891870c54d49b2456538,58dc630931c14f020cb5fff51eb3e59a,1.1228303601966347,6,패,2200
6a7a868566f1c63e8d6382d6,58dc630931c14f020cb5fff51eb3e59a,1.1228303601966347,6,승,2200
6a7a83feca03e1190b027f61,58dc630931c14f020cb5fff51eb3e59a,1.1228303601966347,6,무,2200
6a98f3fb6d70aead4ab42d2b,8597a472718ecb170dcbbd77c2ace6cd,1.154886888886167,6,승,2200
6a98ef8b12ae023921146d45,8597a472718ecb170dcbbd77c2ace6cd,1.154886888886167,6,패,2200
6a98ed1f95f4b7edb43aedbe,8597a472718ecb170dcbbd77c2ace6cd,1.154886888886167,6,승,2200
6a98e6db8ce96eae05ad6293,8597a472718ecb170dcbbd77c2ace6cd,1.154886888886167,6,승,2200
6a97a3f99e47d4703aa04087,8597a472718ecb170dcbbd77c2ace6cd,1.1543543636847737,6,승,2200
6a9799739201dff8fd417162,8597a472718ecb170dcbbd77c2ace6cd,1.1543543636847737,6,승,2200
6a97948606bb61c6783a98a7,8597a472718ecb170dcbbd77c2ace6cd,1.1543543636847737,6,패,2200
6a9790219d849d49b0ed2ba1,8597a472718ecb170dcbbd77c2ace6cd,1.1543543636847737,6,무,2200
6a953855a4dc3501e57e2041,8597a472718ecb170dcbbd77c2ace6cd,1.1543543636847737,6,승,2200
6a95310811df37604b0e22fb,8597a472718ecb170dcbbd77c2ace6cd,1.1543543636847737,6,승,2300
6a952e67c1ed65be8b90c313,8597a472718ecb170dcbbd77c2ace6cd,1.1543543636847737,6,무,2300
6a952a47ab77cb64473ceb8b,8597a472718ecb170dcbbd77c2ace6cd,1.1543543636847735,6,승,2300
6a952363425cb2306f2eb176,8597a472718ecb170dcbbd77c2ace6cd,1.1543543636847737,6,무,2200
6a9520b858480587c0480544,8597a472718ecb170dcbbd77c2ace6cd,1.1543543636847737,6,무,2200
6a951e1edff3a6504cf58e64,8597a472718ecb170dcbbd77c2ace6cd,1.1543543636847737,6,승,2200
6a951ba076902ff9a2ca22f6,8597a472718ecb170dcbbd77c2ace6cd,1.1543543636847737,6,승,2300
6a95148a1ac5fd132662ea1c,8597a472718ecb170dcbbd77c2ace6cd,1.1543543636847737,6,승,2300
6a9511f988c97f6428a0a763,8597a472718ecb170dcbbd77c2ace6cd,1.1543543636847737,6,승,2300
6a950c6078a9a5fd7e28805c,8597a472718ecb170dcbbd77c2ace6cd,1.1543543636847737,6,패,2300
6a9509ffaf25856ec976e157,8597a472718ecb170dcbbd77c2ace6cd,1.1543543636847737,6,패,2200
6a95046283aba4949105a010,8597a472718ecb170dcbbd77c2ace6cd,1.1543543636847737,6,패,2200
6a8fa907323e23a7167cd441,8597a472718ecb170dcbbd77c2ace6cd,1.1543543636847737,6,패,2200
6a8fa64f2371d92f30962165,8597a472718ecb170dcbbd77c2ace6cd,1.1543543636847737,6,승,2200
6a890f95e3cc618645543353,8597a472718ecb170dcbbd77c2ace6cd,1.1543543636847737,6,무,2200
6a890c8c36ca550a2ec19e7a,8597a472718ecb170dcbbd77c2ace6cd,1.1543543636847737,6,승,2200
6a89076001b66a5518ec1b3f,8597a472718ecb170dcbbd77c2ace6cd,1.1543543636847737,6,패,2200
6a8904a20e811858ef30902d,8597a472718ecb170dcbbd77c2ace6cd,1.1543543636847737,6,패,2200
6a841e1c6b5ea97494fafa70,8597a472718ecb170dcbbd77c2ace6cd,1.1543543636847737,6,승,2200
6a841b8e47fd070b01de3e2b,8597a472718ecb170dcbbd77c2ace6cd,1.1543543636847737,6,무,2200
6a841900f1a4244df00f8f0f,8597a472718ecb170dcbbd77c2ace6cd,1.1543543636847737,6,패,2200
6a84166b7c32e53c914e0d7d,8597a472718ecb170dcbbd77c2ace6cd,1.1543543636847737,6,무,2200
6a8413adf6b3b920491c9217,8597a472718ecb170dcbbd77c2ace6cd,1.1543543636847737,6,무,2200
6a841135d432afbbfb52480e,8597a472718ecb170dcbbd77c2ace6cd,1.1543543636847737,6,승,2200
6a7ff31303bf7de565ed1b49,8597a472718ecb170dcbbd77c2ace6cd,1.1411986597250485,6,패,2200
6a7ff061917c1e1e16f5a6cb,8597a472718ecb170dcbbd77c2ace6cd,1.1411986597250487,6,무,2200
6a7fedf1ed5077c7086700e1,8597a472718ecb170dcbbd77c2ace6cd,1.1411986597250487,6,패,2200
6a7fea35750404e52f2b2d75,8597a472718ecb170dcbbd77c2ace6cd,1.1411986597250487,6,승,2200
6a7fe7c5c63b82d4af074957,8597a472718ecb170dcbbd77c2ace6cd,1.1411986597250487,6,승,2200
6a7fe46011ec300e6a0d2d22,8597a472718ecb170dcbbd77c2ace6cd,1.1411986597250483,6,무,2200
6a7fe170efe6696943da907d,8597a472718ecb170dcbbd77c2ace6cd,1.1411986597250483,6,무,2200
6a7efb6799882023e6c0d647,8597a472718ecb170dcbbd77c2ace6cd,1.1411986597250483,6,승,2200
6a7ef8f5f0b96415f3ad59b2,8597a472718ecb170dcbbd77c2ace6cd,1.1411986597250483,6,승,2200
6a7ef633f30a45a3154dab81,8597a472718ecb170dcbbd77c2ace6cd,1.1411986597250483,6,승,2200
6a7ef31a6616f7309367615f,8597a472718ecb170dcbbd77c2ace6cd,1.1411986597250485,6,패,2200
6a7eebcb78fe5d7e93a779f7,8597a472718ecb170dcbbd77c2ace6cd,1.1411986597250487,6,무,2200
6a7ee93ce7ce2cce8281e796,8597a472718ecb170dcbbd77c2ace6cd,1.1411986597250483,6,패,2200
6a7ee6bfe8b7fb2845a762c3,8597a472718ecb170dcbbd77c2ace6cd,1.1411986597250483,6,패,2200
6a7c374b08f38f30937467f2,8597a472718ecb170dcbbd77c2ace6cd,1.1411986597250483,6,승,2300
6a7c3482ac0194f4b2aa4314,8597a472718ecb170dcbbd77c2ace6cd,1.1411986597250483,6,승,2300
6a7c31fcbe533580e31dc9f7,8597a472718ecb170dcbbd77c2ace6cd,1.1411986597250483,6,무,2300
6a7c2d3700daf8609230815f,8597a472718ecb170dcbbd77c2ace6cd,1.1411986597250483,6,승,2300
6a7c2888da8c6e6391fc011d,8597a472718ecb170dcbbd77c2ace6cd,1.1411986597250487,6,무,2400
6a7c262c50f6ab2b619fa36c,8597a472718ecb170dcbbd77c2ace6cd,1.1411986597250483,6,승,2400
6a7c2274aa9fb6e11ffaa5d4,8597a472718ecb170dcbbd77c2ace6cd,1.1349979807081298,6,무,2400
6a7c20015f375a36f43694a3,8597a472718ecb170dcbbd77c2ace6cd,1.1349979807081298,6,패,2400
6a7c1d84068b946e6b1046df,8597a472718ecb170dcbbd77c2ace6cd,1.1349979807081298,6,승,2400
6a7c1b00c71503d8b384e9c0,8597a472718ecb170dcbbd77c2ace6cd,1.1349979807081298,6,패,2400
6a7c188c3fe14b64884ce89e,8597a472718ecb170dcbbd77c2ace6cd,1.1349979807081298,6,승,2400
6a7aa5fecb3b3c84e409ef48,8597a472718ecb170dcbbd77c2ace6cd,1.1243648424753048,6,승,2400
6a7aa372f11e402bb8c4f20a,8597a472718ecb170dcbbd77c2ace6cd,1.124364842475305,6,패,2400
6a7aa00afad227ae6e2b2657,8597a472718ecb170dcbbd77c2ace6cd,1.1243648424753048,6,승,2400
6a7a9c432e16d6bde8df3a83,8597a472718ecb170dcbbd77c2ace6cd,1.1243648424753048,6,승,2400
6a7a9989a8d752b0f50c705d,8597a472718ecb170dcbbd77c2ace6cd,1.1243648424753048,6,패,2400
6a9d64c67ab6c96dca0f9c35,f0e0213b369538a3608e96a8dc12567c,1.1252967432178151,5,패,2100
6a9d5fe6538b84d9607aac4a,f0e0213b369538a3608e96a8dc12567c,1.111130861254295,5,패,2100
6a9d5cb5f56c1d90cbc85c86,f0e0213b369538a3608e96a8dc12567c,1.1077489212829534,5,승,2200
6a9d38d3a2e3d1634725aaed,f0e0213b369538a3608e96a8dc12567c,1.111130861254295,5,패,2200
6a9d357144773303da77bc4e,f0e0213b369538a3608e96a8dc12567c,1.0931769894397143,4,승,2200
6a941bc087742ed1749646d7,f0e0213b369538a3608e96a8dc12567c,1.111130861254295,5,패,2200
6a9419292b3fde1b05977eb0,f0e0213b369538a3608e96a8dc12567c,1.111130861254295,5,무,2200
6a941678f596270663e21ceb,f0e0213b369538a3608e96a8dc12567c,1.1043956580617593,5,승,2200
6a9413d33a759b0a4463ec90,f0e0213b369538a3608e96a8dc12567c,1.1092967451459739,5,무,2200
6a939f18249b3a4c9e327e0b,f0e0213b369538a3608e96a8dc12567c,1.111130861254295,5,승,2200
6a9399a911a40f4ca1bd79eb,f0e0213b369538a3608e96a8dc12567c,1.1203817504516584,4,무,2200
6a939697cfa2db45b3c7d78f,f0e0213b369538a3608e96a8dc12567c,1.111130861254295,5,무,2200
6a938b3951e6a86b0689db5b,f0e0213b369538a3608e96a8dc12567c,1.1063535486681741,5,승,2200
6a92a306f8d6af86eb7fa21b,f0e0213b369538a3608e96a8dc12567c,1.111130861254295,5,패,2200
6a92a0882f70ab8414bbad69,f0e0213b369538a3608e96a8dc12567c,1.1025264944500215,6,승,2200
6a9246e67b8044d27e908483,f0e0213b369538a3608e96a8dc12567c,1.111130861254295,5,승,2200
6a923d7e0384f52859a98faf,f0e0213b369538a3608e96a8dc12567c,1.111130861254295,5,승,2300
6a922be2df12c4465a858011,f0e0213b369538a3608e96a8dc12567c,1.1043956580617593,5,승,2300
6a92292018354c31006fcc84,f0e0213b369538a3608e96a8dc12567c,1.0937733971328438,6,패,2200
6a89ace62d63a6cc821b1d62,f0e0213b369538a3608e96a8dc12567c,1.1043956580617593,5,패,2200
6a89aa274e51ae5fb085e185,f0e0213b369538a3608e96a8dc12567c,1.108216285341472,6,무,2200
6a89843b75768daaa2d38549,f0e0213b369538a3608e96a8dc12567c,1.0924498592881664,6,패,2200
6a8981b7d5f82eb154505bed,f0e0213b369538a3608e96a8dc12567c,1.0840429290191476,6,무,2200
6a897dd8b1f34e6f446684f2,f0e0213b369538a3608e96a8dc12567c,1.1180201035466564,6,승,2300
6a897a8db3b9a3726cf1db33,f0e0213b369538a3608e96a8dc12567c,1.1016139594668781,6,패,2200
6a88e801ed8767f39814f752,f0e0213b369538a3608e96a8dc12567c,1.1063978522855504,5,승,2200
6a88e33a6e4b3df68b20bc41,f0e0213b369538a3608e96a8dc12567c,1.1152718013600675,4,패,2200
6a885cda3774bb26a4f0132d,f0e0213b369538a3608e96a8dc12567c,1.1043956580617595,5,승,2200
6a8859c18f573226ad296b3a,f0e0213b369538a3608e96a8dc12567c,1.1231196998147932,4,승,2200
6a8856609bff0ada3e89d71b,f0e0213b369538a3608e96a8dc12567c,1.1043956580617593,5,패,2200
6a885367ee25a501f91fa72e,f0e0213b369538a3608e96a8dc12567c,1.1043956580617593,5,승,2200
6a885029ff689202e341bf7f,f0e0213b369538a3608e96a8dc12567c,1.099974758134161,6,무,2200
6a8721cbd6bfc925ce3b68c9,f0e0213b369538a3608e96a8dc12567c,1.1113837369095207,5,승,2300
6a871f34fac3d6eb81fcea5c,f0e0213b369538a3608e96a8dc12567c,1.1078297414794385,6,패,2200
6a871c631952deb2ffa94ddc,f0e0213b369538a3608e96a8dc12567c,1.1113837369095207,5,승,2300
6a82b81470dda5cf57e90c5a,f0e0213b369538a3608e96a8dc12567c,1.1231196998147932,4,패,2200
6a82b48c066e4578709ab79b,f0e0213b369538a3608e96a8dc12567c,1.1231196998147934,4,승,2200
6a82b1e24db7560b066b1560,f0e0213b369538a3608e96a8dc12567c,1.1368749819397175,3,무,2200
6a828a3da2f4239530f3d1d8,f0e0213b369538a3608e96a8dc12567c,1.101940204515925,6,패,2200
6a828686832dcd6601f8c191,f0e0213b369538a3608e96a8dc12567c,1.1191545995748087,6,무,2200
6a8283edd8893d9185b8a8e9,f0e0213b369538a3608e96a8dc12567c,1.1144028222364115,3,패,2200
6a8280d7810d4cde803e4beb,f0e0213b369538a3608e96a8dc12567c,1.131754539814276,1,승,2200
6a827ddae11e7a9ae3c63b08,f0e0213b369538a3608e96a8dc12567c,1.1068041966271487,2,승,2300
6a81b15c5d4bc1897f34171a,f0e0213b369538a3608e96a8dc12567c,1.1068041966271487,2,패,2200
6a81aab0765f92e9c1f5db95,f0e0213b369538a3608e96a8dc12567c,1.08139362133662,2,패,2200
6a81a7d199b97e6215a1adfd,f0e0213b369538a3608e96a8dc12567c,1.0861473221232916,2,패,2200
6a814a3ca7a87d38bdbbe08b,f0e0213b369538a3608e96a8dc12567c,1.0818538534400215,1,패,2200
6a814444d46c0aaa950f6c83,f0e0213b369538a3608e96a8dc12567c,1.072346451866678,1,승,2200
6a81404867f5e96a5e582f86,f0e0213b369538a3608e96a8dc12567c,1.0867635960499908,2,패,2200
6a813ad959c47a62962e50fb,f0e0213b369538a3608e96a8dc12567c,1.1093195484804412,6,패,2200
6a811054f5a1a77c1fc7fa62,f0e0213b369538a3608e96a8dc12567c,1.1075147902588045,6,승,2200
6a810c9cbf19c92db3abf326,f0e0213b369538a3608e96a8dc12567c,1.1006440949127347,6,패,2200
6a8082657e4f7509da6a4eae,f0e0213b369538a3608e96a8dc12567c,1.1144130277092652,6,승,2200
6a8066bfb51c336f3bf13f63,f0e0213b369538a3608e96a8dc12567c,1.1153057292639124,6,패,2200
6a804ee8ac5c0bfe57d9d63e,f0e0213b369538a3608e96a8dc12567c,1.1195193328049469,6,패,2200
6a8049f74d6fc53196368b96,f0e0213b369538a3608e96a8dc12567c,1.1213344557474347,5,패,2200
6a8046b38872824d31a7cab7,f0e0213b369538a3608e96a8dc12567c,1.0937062101231274,5,무,2200
6a8043651211cb5eb95531e1,f0e0213b369538a3608e96a8dc12567c,1.1036345075832255,6,무,2200
6a7ff1bf035b87069c75ac6e,f0e0213b369538a3608e96a8dc12567c,1.0622894771886784,6,패,2100
6a7feb4a986b4b5352a181a9,f0e0213b369538a3608e96a8dc12567c,1.1065475638513231,4,승,2200
6a7fe742ca6c44643e09025d,f0e0213b369538a3608e96a8dc12567c,1.1065475638513231,4,패,2100
6a7fd2ff9580bd75d71eef7b,f0e0213b369538a3608e96a8dc12567c,1.1117623768580345,6,패,2100
6a7fd00738453b295ea632d5,f0e0213b369538a3608e96a8dc12567c,1.1016197729801538,6,패,2100
6a7fcc752fc48073acba6dab,f0e0213b369538a3608e96a8dc12567c,1.0997955367019636,6,승,2100
6a7fc67e46e4f354027a8a37,f0e0213b369538a3608e96a8dc12567c,1.0877759977105397,6,패,2100
6a7fbdc35e32200580f71edb,f0e0213b369538a3608e96a8dc12567c,1.1205270316419242,4,패,2100
6a7fba7058b1ad13b6af7061,f0e0213b369538a3608e96a8dc12567c,1.1024445280184783,6,패,2100
6a7f3093f84904240ce8dec2,f0e0213b369538a3608e96a8dc12567c,1.0912487903620258,6,패,2100
6a7f2d1ef7f63ed3d246a687,f0e0213b369538a3608e96a8dc12567c,1.1029039161734127,5,승,2200
6a7f2a6abae6673d5031eb85,f0e0213b369538a3608e96a8dc12567c,1.0960208893997518,6,승,2200
6a7f27bbf39bf911f287d421,f0e0213b369538a3608e96a8dc12567c,1.0912487903620258,6,무,2200
6a7f19bc53dd3566a04dc4af,f0e0213b369538a3608e96a8dc12567c,1.0817603105694227,6,승,2200
6a7f16e98db51895c7622a11,f0e0213b369538a3608e96a8dc12567c,1.1067613444673448,5,패,2200
6a7f13eca7087a231bba9c37,f0e0213b369538a3608e96a8dc12567c,1.1060048522402102,4,승,2100
6a7f10fc1b824361a7abbf65,f0e0213b369538a3608e96a8dc12567c,1.1214680064848335,5,승,2200
6a7ddbd60db6a4096d8cccb1,f0e0213b369538a3608e96a8dc12567c,1.1390999996094784,5,패,2200
6a7dd8f9d63fc80adc8921cc,f0e0213b369538a3608e96a8dc12567c,1.0960208893997516,6,패,2200
6a7803345b163e3f7141811b,f0e0213b369538a3608e96a8dc12567c,1.1222412789327467,5,패,2100
6a77d1b8cfdfafdebd7fe984,f0e0213b369538a3608e96a8dc12567c,1.0859406873650186,5,패,2100
6a9edbe236a6fd7804a51018,e7801c8bdab825ab99fe87c467afc991,1.1110475322465745,6,승,2200
6a9ed92dcf71a32501bf094d,e7801c8bdab825ab99fe87c467afc991,1.1110475322465743,6,승,2200
6a9ed6647d466306b6af73b2,e7801c8bdab825ab99fe87c467afc991,1.1110475322465743,6,무,2200
6a9ed185e4c0a74fe533569b,e7801c8bdab825ab99fe87c467afc991,1.1110475322465745,6,무,2200
6a9e8011c4eb4c809bc1532f,e7801c8bdab825ab99fe87c467afc991,1.1013447122773372,6,승,2200
6a9e7d00bf52500fab66d4cf,e7801c8bdab825ab99fe87c467afc991,1.1013447122773374,6,무,2200
6a9e79bb6e83f3a825edae5a,e7801c8bdab825ab99fe87c467afc991,1.1013447122773374,6,무,2200
6a9c08dfe73ee98aadd98af3,e7801c8bdab825ab99fe87c467afc991,1.1013447122773374,6,무,2200
6a9c051706f6f81bc6522873,e7801c8bdab825ab99fe87c467afc991,1.1013447122773374,6,패,2200
6a9c00121795230520a13afa,e7801c8bdab825ab99fe87c467afc991,1.1050512878713015,6,패,2200
6a9bde478b06dd68229ab749,e7801c8bdab825ab99fe87c467afc991,1.1013447122773374,6,패,2200
6a9bdb4d1042767d7bd024ea,e7801c8bdab825ab99fe87c467afc991,1.1050512878713015,6,승,2200
6a9bd866bb1ae726687d2e04,e7801c8bdab825ab99fe87c467afc991,1.1050512878713015,6,패,2200
6a9ac369858d16acf30b66f7,e7801c8bdab825ab99fe87c467afc991,1.1050512878713015,6,패,2200
6a9ac0a1961a902949f2dccb,e7801c8bdab825ab99fe87c467afc991,1.1050512878713015,6,패,2200
6a9aa67299f04da93a5664dd,e7801c8bdab825ab99fe87c467afc991,1.1050512878713017,6,패,2200
6a9a94e11d63f56658e1179a,e7801c8bdab825ab99fe87c467afc991,1.1050512878713015,6,무,2200
6a9a91d971d94c7e4acb674b,e7801c8bdab825ab99fe87c467afc991,1.1050512878713015,6,승,2200
6a9a8f40e9228c4b840ace3a,e7801c8bdab825ab99fe87c467afc991,1.1050512878713015,6,패,2200
6a99e1d0eacdde4c2d084d71,e7801c8bdab825ab99fe87c467afc991,1.1050512878713017,6,패,2100
6a99def84684989cb8ef53fe,e7801c8bdab825ab99fe87c467afc991,1.1050512878713017,6,승,2200
6a99dc04e5933789c3efcc9a,e7801c8bdab825ab99fe87c467afc991,1.1050512878713015,6,패,2100
6a99d8fbfa3b2812352ae3fc,e7801c8bdab825ab99fe87c467afc991,1.1050512878713017,6,승,2200
6a99d6786873373f87fc9477,e7801c8bdab825ab99fe87c467afc991,1.1050512878713015,6,승,2200
6a99d3fed9542953aa3e586e,e7801c8bdab825ab99fe87c467afc991,1.1050512878713015,6,승,2200
6a99550ab2329c615c37b7f4,e7801c8bdab825ab99fe87c467afc991,1.1050512878713015,6,패,2200
6a9952050ac3da4ee3d42144,e7801c8bdab825ab99fe87c467afc991,1.1050512878713015,6,무,2200
6a994f364901afd2125ac0ba,e7801c8bdab825ab99fe87c467afc991,1.1050512878713017,6,승,2200
6a99413176481f3d4fef89fa,e7801c8bdab825ab99fe87c467afc991,1.1091996465270706,6,패,2200
6a993c0611cfd57f1a53893d,e7801c8bdab825ab99fe87c467afc991,1.101939256928519,6,무,2200
6a99393d7083c28a2ced9fc1,e7801c8bdab825ab99fe87c467afc991,1.1134333247618955,6,패,2200
6a9936cf9575aa96649b67f6,e7801c8bdab825ab99fe87c467afc991,1.1134333247618955,6,승,2200
6a99263d73688ce5d8dc921f,e7801c8bdab825ab99fe87c467afc991,1.1134333247618955,6,패,2200
6a98f6b2b34df23a7d845564,e7801c8bdab825ab99fe87c467afc991,1.0963430979288427,6,패,2100
6a98e46e3cda1fbfceb982de,e7801c8bdab825ab99fe87c467afc991,1.0963430979288427,6,패,2100
6a98e15437079be42d2ad3d3,e7801c8bdab825ab99fe87c467afc991,1.0963430979288427,6,패,2100
6a98da8b2450c3983f669e5a,e7801c8bdab825ab99fe87c467afc991,1.0921947392730735,6,패,2100
6a98d7b18ce96e287fad12e7,e7801c8bdab825ab99fe87c467afc991,1.0921947392730735,6,승,2100
6a986cece3b72b6394e4c55a,e7801c8bdab825ab99fe87c467afc991,1.0921947392730733,6,승,2100
6a986a48d49a3c518cfaa0c6,e7801c8bdab825ab99fe87c467afc991,1.0921947392730735,6,패,2100
6a9867c54c7843a9e352aca3,e7801c8bdab825ab99fe87c467afc991,1.0921947392730733,6,승,2100
6a98650d6745b452f3ab59b1,e7801c8bdab825ab99fe87c467afc991,1.0921947392730733,6,승,2200
6a98622cb47b596ae2814c5b,e7801c8bdab825ab99fe87c467afc991,1.0921947392730733,6,무,2200
6a985f9ed283392f1a8424e0,e7801c8bdab825ab99fe87c467afc991,1.0921947392730735,6,승,2200
6a97fac91e19c282272fd7db,e7801c8bdab825ab99fe87c467afc991,1.0921947392730733,6,무,2200
6a97f82fad725f15c95d2c3c,e7801c8bdab825ab99fe87c467afc991,1.0921947392730733,6,승,2200
6a97f59814ae9e05c39549b7,e7801c8bdab825ab99fe87c467afc991,1.0921947392730733,6,무,2200
6a97918db47b59083f79ec4c,e7801c8bdab825ab99fe87c467afc991,1.0921947392730738,6,패,2200
6a978e98db10cb493b1cb21a,e7801c8bdab825ab99fe87c467afc991,1.0921947392730733,6,패,2200
6a978bdb7d6bb04a60e93919,e7801c8bdab825ab99fe87c467afc991,1.0921947392730733,6,승,2200
6a97337545c3cfdc5ae8186e,e7801c8bdab825ab99fe87c467afc991,1.0921947392730733,6,승,2200
6a972edc5cc25fdd83d81540,e7801c8bdab825ab99fe87c467afc991,1.0921947392730733,6,승,2200
6a972c37fb612c3e76a8b10a,e7801c8bdab825ab99fe87c467afc991,1.0921947392730733,6,패,2200
6a9727a931df555978e2b791,e7801c8bdab825ab99fe87c467afc991,1.0921947392730738,6,패,2200
6a97215712518821ec0c897f,e7801c8bdab825ab99fe87c467afc991,1.0921947392730735,6,패,2200
6a96cc3d950a17e7aad05689,e7801c8bdab825ab99fe87c467afc991,1.0921947392730735,6,승,2200
6a96c5e8aa8881199a352a6a,e7801c8bdab825ab99fe87c467afc991,1.0921947392730735,6,무,2200
6a96c31ccde1b332cb40d4e1,e7801c8bdab825ab99fe87c467afc991,1.0921947392730735,6,승,2300
6a96c05a84437139fd21fde0,e7801c8bdab825ab99fe87c467afc991,1.0921947392730733,6,승,2300
6a968dd0a95b16586b7f0d1c,e7801c8bdab825ab99fe87c467afc991,1.0921947392730733,6,무,2300
6a968a7b20408c31bfabfc6b,e7801c8bdab825ab99fe87c467afc991,1.0921947392730733,6,패,2200
6a9687c295f40efe33c2f4f6,e7801c8bdab825ab99fe87c467afc991,1.0921947392730735,6,무,2200
6a95584e290b755128695278,e7801c8bdab825ab99fe87c467afc991,1.0921947392730735,6,패,2200
6a95557b187c828a30f9ee59,e7801c8bdab825ab99fe87c467afc991,1.0921947392730733,6,승,2300
6a9552e660a761ed6149e95b,e7801c8bdab825ab99fe87c467afc991,1.0921947392730733,6,무,2300
6a953db43f5c521484d53707,e7801c8bdab825ab99fe87c467afc991,1.0921947392730738,6,패,2200
6a95397da46c579c0873220d,e7801c8bdab825ab99fe87c467afc991,1.0921947392730735,6,패,2200
6a9432aed83713d21953f241,e7801c8bdab825ab99fe87c467afc991,1.103879347977606,6,무,2300
6a942f9e297ae504fd9ee5b7,e7801c8bdab825ab99fe87c467afc991,1.103879347977606,6,무,2300
6a942cfb4bb7db1f28dd3767,e7801c8bdab825ab99fe87c467afc991,1.1038793479776057,6,패,2200
6a9425d7f0f4c547cffc3a32,e7801c8bdab825ab99fe87c467afc991,1.103879347977606,6,승,2300
6a9408e3c6ea2ab3ce80639d,e7801c8bdab825ab99fe87c467afc991,1.1038793479776057,6,패,2200
6a940646679482573dde1f01,e7801c8bdab825ab99fe87c467afc991,1.103879347977606,6,패,2200
6a94039fb0e4d42177c0eaf4,e7801c8bdab825ab99fe87c467afc991,1.1038793479776057,6,승,2200
6a93dd38fb99fc946a903c74,e7801c8bdab825ab99fe87c467afc991,1.1042768019856986,6,패,2200
6a93dab84889ff0e874570cd,e7801c8bdab825ab99fe87c467afc991,1.1042768019856986,6,무,2200
6a918243b3a45b31bd8f18a7,e7801c8bdab825ab99fe87c467afc991,1.1042768019856986,6,무,2200
6a917fbc37921dcb443add20,e7801c8bdab825ab99fe87c467afc991,1.1042768019856986,6,승,2200
6a917d6bec31b0535d5477cb,e7801c8bdab825ab99fe87c467afc991,1.1042768019856986,6,무,2200
6a917ab6efe97233cae8693f,e7801c8bdab825ab99fe87c467afc991,1.1042768019856986,6,승,2200
6a9120184293d90ed21e7526,e7801c8bdab825ab99fe87c467afc991,1.1042768019856986,6,승,2300
6a911cdb7603db2cf1ecd774,e7801c8bdab825ab99fe87c467afc991,1.114345847948835,6,패,2200
6a910a3ecbadb21c3600dc5e,e7801c8bdab825ab99fe87c467afc991,1.114345847948835,6,패,2200
6a9103ed4860353d54b9cfad,e7801c8bdab825ab99fe87c467afc991,1.114345847948835,6,패,2200
6a9100facb44f986822fd050,e7801c8bdab825ab99fe87c467afc991,1.114345847948835,6,패,2200
6a90fdd73ebfa05179c82c8d,e7801c8bdab825ab99fe87c467afc991,1.114345847948835,6,패,2100
6a9e08c8a55bd18d1358a366,a800c60c593bbb73732c1a2e7d2fcbe5,1.1355305972918532,6,승,2000
6a9e057e4d28f14d251549ee,a800c60c593bbb73732c1a2e7d2fcbe5,1.1218361978754843,6,패,1900
6a9e0269dfd22f37c868ce19,a800c60c593bbb73732c1a2e7d2fcbe5,1.1355305972918532,6,승,2000
6a9dffb058b2f653b8f342b6,a800c60c593bbb73732c1a2e7d2fcbe5,1.1218361978754843,6,패,1900
6a9dfb6a67a2721bfdd57fe2,a800c60c593bbb73732c1a2e7d2fcbe5,1.1218361978754843,6,패,1900
6a9df857efedca46e6c640b8,a800c60c593bbb73732c1a2e7d2fcbe5,1.1218361978754843,6,패,1900
6a9ca8d69c4dde17d7bf55a4,a800c60c593bbb73732c1a2e7d2fcbe5,1.135530597291853,6,무,1900
6a9b7932b140aff4221bb6d7,a800c60c593bbb73732c1a2e7d2fcbe5,1.133173869093835,6,승,2000
6a9b76a261333a6e58b61ae8,a800c60c593bbb73732c1a2e7d2fcbe5,1.135530597291853,6,무,2000
6a9b7207ba94994ff274180f,a800c60c593bbb73732c1a2e7d2fcbe5,1.1326264078065331,5,승,2000
6a9b6f71b00e1bfd1b72cc8b,a800c60c593bbb73732c1a2e7d2fcbe5,1.1355305972918532,6,무,2000
6a9b6b86d6cd1385a2d17598,a800c60c593bbb73732c1a2e7d2fcbe5,1.1355305972918532,6,승,2000
6a9b68b6150e4fa0eb351929,a800c60c593bbb73732c1a2e7d2fcbe5,1.1265175608618565,6,승,2000
6a9b607d3ec0123608bc723c,a800c60c593bbb73732c1a2e7d2fcbe5,1.1218361978754843,6,무,2000
6a9b5ba66742816cb081223c,a800c60c593bbb73732c1a2e7d2fcbe5,1.135530597291853,6,승,2000
6a9a0ae3f672806628763a86,a800c60c593bbb73732c1a2e7d2fcbe5,1.1218361978754843,6,패,2000
6a9a085af34f733ed30a6db5,a800c60c593bbb73732c1a2e7d2fcbe5,1.1218361978754843,6,패,2000
6a9a058c9c1ba589d6c2bbaf,a800c60c593bbb73732c1a2e7d2fcbe5,1.128817853715239,6,무,2000
6a9a02c885b47d12a9b00823,a800c60c593bbb73732c1a2e7d2fcbe5,1.128817853715239,6,무,2000
6a9a0028aeef7a0f1c019de5,a800c60c593bbb73732c1a2e7d2fcbe5,1.1218361978754843,6,무,2000
6a99fd2dee105d548e1dd8f6,a800c60c593bbb73732c1a2e7d2fcbe5,1.128817853715239,6,승,2000
6a99fa58e66cb78565c4f02f,a800c60c593bbb73732c1a2e7d2fcbe5,1.1218361978754843,6,패,2000
6a9882e858ef36498afa2441,a800c60c593bbb73732c1a2e7d2fcbe5,1.128817853715239,6,승,2100
6a98804bb6d22c3a019140e9,a800c60c593bbb73732c1a2e7d2fcbe5,1.128817853715239,6,승,2100
6a987d22923a80eaf23f2d21,a800c60c593bbb73732c1a2e7d2fcbe5,1.1218361978754843,6,무,2100
6a987a727adcee6bd2b36ed7,a800c60c593bbb73732c1a2e7d2fcbe5,1.1218361978754843,6,무,2100
6a97726adbf5473c035e56e7,a800c60c593bbb73732c1a2e7d2fcbe5,1.128817853715239,6,승,2100
6a976fc73d769756e84eba18,a800c60c593bbb73732c1a2e7d2fcbe5,1.1218361978754843,6,패,2100
6a976ce85d3e630cbdf60729,a800c60c593bbb73732c1a2e7d2fcbe5,1.1218361978754843,6,승,2100
6a976786bca6c7322cda0ff0,a800c60c593bbb73732c1a2e7d2fcbe5,1.133173869093835,6,승,2100
6a9764a4f7037ea3b7d02615,a800c60c593bbb73732c1a2e7d2fcbe5,1.1218361978754843,6,패,2100
6a975a7cad4725059d779299,a800c60c593bbb73732c1a2e7d2fcbe5,1.133173869093835,6,승,2100
6a97575ac02a4e36bd03bc07,a800c60c593bbb73732c1a2e7d2fcbe5,1.1218361978754843,6,무,2100
6a9754858c298efda8c159c7,a800c60c593bbb73732c1a2e7d2fcbe5,1.133173869093835,6,무,2100
6a9628c3fe1a0bb683e80faf,a800c60c593bbb73732c1a2e7d2fcbe5,1.128817853715239,6,무,2100
6a962596c570b02911d189a2,a800c60c593bbb73732c1a2e7d2fcbe5,1.128817853715239,6,승,2100
6a9622e58390d44b855a028f,a800c60c593bbb73732c1a2e7d2fcbe5,1.1218361978754843,6,무,2100
6a961fdc64de7f23f9de66cf,a800c60c593bbb73732c1a2e7d2fcbe5,1.128817853715239,6,승,2100
6a961bb8b8b231b5608b2a5d,a800c60c593bbb73732c1a2e7d2fcbe5,1.128817853715239,6,패,2100
6a90b8ae28c73b7f13a31f3c,a800c60c593bbb73732c1a2e7d2fcbe5,1.1282244451160306,6,승,2100
6a8f202777c6145cee785ba4,a800c60c593bbb73732c1a2e7d2fcbe5,1.1282244451160304,6,승,2100
6a8f1d732d053e41a1a6cf24,a800c60c593bbb73732c1a2e7d2fcbe5,1.1282244451160304,6,무,2100
6a8eebd17918d1fb29d57a1f,a800c60c593bbb73732c1a2e7d2fcbe5,1.1261930645257887,6,승,2100
6a8e45146dc0ba2213b1f302,a800c60c593bbb73732c1a2e7d2fcbe5,1.1261930645257887,6,승,2100
6a8e41e72e66bb00c53efb19,a800c60c593bbb73732c1a2e7d2fcbe5,1.1369805051744684,6,패,2100
6a8e3a72dc31615d1f7274aa,a800c60c593bbb73732c1a2e7d2fcbe5,1.1261930645257887,6,승,2100
6a8e3785992d2f52f1d40588,a800c60c593bbb73732c1a2e7d2fcbe5,1.1261930645257887,6,승,2100
6a8e35063f11ef4297fc1455,a800c60c593bbb73732c1a2e7d2fcbe5,1.1369805051744684,6,패,2100
6a8e2e20837e8d2b6c9ffc6b,a800c60c593bbb73732c1a2e7d2fcbe5,1.1261930645257887,6,승,2100
6a8d5285ddd9b55c8147bba2,a800c60c593bbb73732c1a2e7d2fcbe5,1.1261930645257887,6,승,2100
6a8cdda5c017a96d06155aa9,a800c60c593bbb73732c1a2e7d2fcbe5,1.1261930645257887,6,승,2100
6a8cda9f48ddfd6255344042,a800c60c593bbb73732c1a2e7d2fcbe5,1.1369805051744684,6,패,2100
6a8cd7adbf48c8359caabebc,a800c60c593bbb73732c1a2e7d2fcbe5,1.1261930645257887,6,승,2100
6a8cd2fed0a6fc4cd64f87b5,a800c60c593bbb73732c1a2e7d2fcbe5,1.1369805051744686,6,무,2100
6a8ccfaa6586c7b723fd0ace,a800c60c593bbb73732c1a2e7d2fcbe5,1.1261930645257887,6,무,2100
6a8b80d34df0b52ee2dfa435,a800c60c593bbb73732c1a2e7d2fcbe5,1.1261930645257887,6,승,2200
6a8b7e0191637389764cf448,a800c60c593bbb73732c1a2e7d2fcbe5,1.1369805051744684,6,패,2200
6a8b7b54de10ad12eb7c4dac,a800c60c593bbb73732c1a2e7d2fcbe5,1.1261930645257887,6,무,2200
6a8b76e31dda4166bd186bc4,a800c60c593bbb73732c1a2e7d2fcbe5,1.1369805051744684,6,패,2100
6a8b730e40be1c7146b61e80,a800c60c593bbb73732c1a2e7d2fcbe5,1.1261930645257887,6,무,2100
6a8b702a747d386475c71e34,a800c60c593bbb73732c1a2e7d2fcbe5,1.1369805051744686,6,패,2100
6a8b6d4d413c6684bf4e6bb2,a800c60c593bbb73732c1a2e7d2fcbe5,1.1261930645257887,6,승,2100
6a88e9a11fb1732308c66f9f,a800c60c593bbb73732c1a2e7d2fcbe5,1.1417711385563492,6,승,2200
6a88e71dea17b2b070bc4cc1,a800c60c593bbb73732c1a2e7d2fcbe5,1.1417711385563492,6,무,2200
6a88e436b082109f1a0a2004,a800c60c593bbb73732c1a2e7d2fcbe5,1.14690947312599,6,패,2200
6a86ea9158132eb32f093fa9,a800c60c593bbb73732c1a2e7d2fcbe5,1.1417711385563492,6,승,2200
6a86e7a8f20852f2bb5822d9,a800c60c593bbb73732c1a2e7d2fcbe5,1.14690947312599,6,패,2200
6a86e1fdaedde83614b30012,a800c60c593bbb73732c1a2e7d2fcbe5,1.1469094731259901,6,패,2100
6a86dae2acc84a35cb97d7da,a800c60c593bbb73732c1a2e7d2fcbe5,1.1417711385563492,6,승,2100
6a86d6a385920d38664958c6,a800c60c593bbb73732c1a2e7d2fcbe5,1.1469094731259901,6,패,2100
6a7e5450f36cda39fbd51a33,a800c60c593bbb73732c1a2e7d2fcbe5,1.1417711385563494,6,무,2100
6a7cc8039e60b68497f3c2af,a800c60c593bbb73732c1a2e7d2fcbe5,1.1417711385563492,6,승,2100
6a7cc258ba3947130953e240,a800c60c593bbb73732c1a2e7d2fcbe5,1.14690947312599,6,무,2200
6a7cba13e65d4830a852b00d,a800c60c593bbb73732c1a2e7d2fcbe5,1.1417711385563494,6,무,2200
6a7cb475cc0a79818af98416,a800c60c593bbb73732c1a2e7d2fcbe5,1.1417711385563492,6,승,2200
6a7cb1b57c3c611453d59baa,a800c60c593bbb73732c1a2e7d2fcbe5,1.1417711385563494,6,승,2200
6a7c57a4ab16fe769bfb8fee,a800c60c593bbb73732c1a2e7d2fcbe5,1.14690947312599,6,패,2200
6a9e1b2ec44e1500454cca1f,4fbfcf3987ee636ad603023964dcd90e,1.1406443115078486,6,무,2200
6a9e1858f1c3a0708bd0cad7,4fbfcf3987ee636ad603023964dcd90e,1.1406443115078486,6,패,2200
6a9d5c6bbb08df7f45be8d45,4fbfcf3987ee636ad603023964dcd90e,1.1279776593421291,6,승,2200
6a9d57ba57124ec4ab77f90a,4fbfcf3987ee636ad603023964dcd90e,1.1279776593421291,6,패,2200
6a9d5503d816bb034ad19403,4fbfcf3987ee636ad603023964dcd90e,1.1279776593421291,6,승,2200
6a9d15565404280799442157,4fbfcf3987ee636ad603023964dcd90e,1.1350940988560996,6,패,2200
6a9cbdd71933959378d8e059,4fbfcf3987ee636ad603023964dcd90e,1.1350940988560996,6,승,2200
6a9bdc239b7b5067f2d6276c,4fbfcf3987ee636ad603023964dcd90e,1.1350940988560994,6,승,2200
6a9b6ed650a0444bdaf471c8,4fbfcf3987ee636ad603023964dcd90e,1.1380762437366851,6,승,2200
6a9b58ef0434a26e268ae94f,4fbfcf3987ee636ad603023964dcd90e,1.1343500371438697,6,승,2200
6a9b554216df82fffa9b44b6,4fbfcf3987ee636ad603023964dcd90e,1.1343500371438697,6,승,2300
6a9b522610dfda2894e0e718,4fbfcf3987ee636ad603023964dcd90e,1.1331460692751505,6,패,2200
6a9b4f953cd13f30ac93cc1d,4fbfcf3987ee636ad603023964dcd90e,1.1331460692751503,6,무,2200
6a9abc73fc54909ae5c2a92d,4fbfcf3987ee636ad603023964dcd90e,1.1331460692751503,6,승,2300
6a9ab83fe945a04e07f258c6,4fbfcf3987ee636ad603023964dcd90e,1.13435003714387,6,패,2200
6a9ab439ebae6728955fe3d2,4fbfcf3987ee636ad603023964dcd90e,1.1432990886952077,6,승,2300
6a9ab19afe69ed5117e6ab9a,4fbfcf3987ee636ad603023964dcd90e,1.1432990886952077,6,승,2300
6a9a7466d9e85947c41814cf,4fbfcf3987ee636ad603023964dcd90e,1.1380762437366851,6,승,2300
6a9a717a118650627ab663b3,4fbfcf3987ee636ad603023964dcd90e,1.1380762437366851,6,패,2200
6a9a2627ff75b3d32b203e2c,4fbfcf3987ee636ad603023964dcd90e,1.1380762437366851,6,승,2300
6a9a18e0ddf898461da09dc1,4fbfcf3987ee636ad603023964dcd90e,1.136729351920763,6,승,2300
6a9a12be01611f114e6e70f8,4fbfcf3987ee636ad603023964dcd90e,1.136729351920763,6,무,2300
6a9a1022d5d6a028224fe972,4fbfcf3987ee636ad603023964dcd90e,1.1367293519207633,6,패,2300
6a996d38573d7e22c8da120a,4fbfcf3987ee636ad603023964dcd90e,1.1348151582149815,6,패,2200
6a996888aa385be93051a13a,4fbfcf3987ee636ad603023964dcd90e,1.1356084319152877,6,무,2200
6a9965c1b08b1863405f964d,4fbfcf3987ee636ad603023964dcd90e,1.1356084319152877,6,패,2200
6a99364932c0376976e5b14a,4fbfcf3987ee636ad603023964dcd90e,1.1356084319152877,6,승,2200
6a992a91b8729c4cd627e7ce,4fbfcf3987ee636ad603023964dcd90e,1.135608431915288,6,승,2200
6a98f3cd6f6ec322694b198b,4fbfcf3987ee636ad603023964dcd90e,1.137232380619184,6,무,2300
6a98efd258b3d0702c0f8d17,4fbfcf3987ee636ad603023964dcd90e,1.137232380619184,6,승,2300
6a98ecd2e40d86abe36c0259,4fbfcf3987ee636ad603023964dcd90e,1.137232380619184,6,패,2300
6a97d1a5fff4ee44f47a6f08,4fbfcf3987ee636ad603023964dcd90e,1.1371008101349742,6,승,2300
6a97a10f27a5032f8d0c395b,4fbfcf3987ee636ad603023964dcd90e,1.1506744354113372,6,승,2300
6a9799b2c91e7261fca9950d,4fbfcf3987ee636ad603023964dcd90e,1.1506744354113374,6,패,2200
6a9787f78d024d1c80c74009,4fbfcf3987ee636ad603023964dcd90e,1.1506744354113372,6,패,2100
6a9782f5cbdf673f820e3658,4fbfcf3987ee636ad603023964dcd90e,1.1506744354113372,6,패,2100
6a97805f286364436c22d8a3,4fbfcf3987ee636ad603023964dcd90e,1.1506744354113372,6,승,2100
6a976831fde1a4bc47979c30,4fbfcf3987ee636ad603023964dcd90e,1.1513510112637997,6,패,2100
6a9765a5d60a6780d5bdbad9,4fbfcf3987ee636ad603023964dcd90e,1.1513510112637997,6,무,2100
6a97630344bfb65c0105a7a5,4fbfcf3987ee636ad603023964dcd90e,1.1513510112637997,6,승,2100
6a975a622c1947de38fff2b4,4fbfcf3987ee636ad603023964dcd90e,1.1513510112638,6,승,2100
6a96ee4cab8b4685174752f2,4fbfcf3987ee636ad603023964dcd90e,1.1513510112637997,6,승,2100
6a96ead1042a5dc9c851317e,4fbfcf3987ee636ad603023964dcd90e,1.1513510112637997,6,패,2100
6a96e810947a4e604a927fef,4fbfcf3987ee636ad603023964dcd90e,1.1513510112637997,6,승,2100
6a96e2693d2bfc14effab89e,4fbfcf3987ee636ad603023964dcd90e,1.1513510112637997,6,패,2100
6a96dfc50f3b395a57a55b89,4fbfcf3987ee636ad603023964dcd90e,1.1513510112638,6,승,2100
6a96cecd34004fbb3cacd9d9,4fbfcf3987ee636ad603023964dcd90e,1.1513510112637997,6,승,2100
6a96c6cafe7c1977db0407fb,4fbfcf3987ee636ad603023964dcd90e,1.1472309116600032,6,무,2100
6a96c37a016af21582125c4d,4fbfcf3987ee636ad603023964dcd90e,1.147230911660003,6,무,2100
6a96b8ef2dd974576ef544b9,4fbfcf3987ee636ad603023964dcd90e,1.1489795450913938,6,무,2100
6a9683dda72d10d36caaba30,4fbfcf3987ee636ad603023964dcd90e,1.1489795450913938,6,승,2100
6a967a4aa0d0cbd515300f4f,4fbfcf3987ee636ad603023964dcd90e,1.1502292109640557,6,무,2100
6a965746de74d20cac5de222,4fbfcf3987ee636ad603023964dcd90e,1.1502292109640555,6,승,2100
6a96364d90fccc51d72e48ab,4fbfcf3987ee636ad603023964dcd90e,1.1502292109640555,6,무,2100
6a962f63db3930bb5c009274,4fbfcf3987ee636ad603023964dcd90e,1.1502292109640555,6,승,2200
6a9629646cce5fad3436eeed,4fbfcf3987ee636ad603023964dcd90e,1.1502292109640555,6,승,2200
6a9624a0005485760cab16df,4fbfcf3987ee636ad603023964dcd90e,1.1502292109640555,6,승,2200
6a961fc795a5b09e5752a1fd,4fbfcf3987ee636ad603023964dcd90e,1.1502292109640555,6,승,2200
6a94f600493a2f6a6049ea31,4fbfcf3987ee636ad603023964dcd90e,1.1334662608394508,6,승,2200
6a94d96598627ab98c25f2ca,4fbfcf3987ee636ad603023964dcd90e,1.133466260839451,6,승,2300
6a94d6697d5868839aaa635b,4fbfcf3987ee636ad603023964dcd90e,1.133466260839451,6,패,2200
6a94d3213195cdedc673fa3a,4fbfcf3987ee636ad603023964dcd90e,1.133466260839451,6,승,2300
6a941a79386fd025a6ba5322,4fbfcf3987ee636ad603023964dcd90e,1.133466260839451,6,패,2200
6a941799c8d84a5f39b1af4a,4fbfcf3987ee636ad603023964dcd90e,1.133466260839451,6,승,2300
6a93fbf0fdba292b33af563a,4fbfcf3987ee636ad603023964dcd90e,1.133466260839451,6,패,2200
6a9e994288ce6528d980d285,6bf748ac0ad4245d7567fd5e5e3d25d2,1.0811146676114654,6,무,2000
6a9e968c1639d60c8d698e9e,6bf748ac0ad4245d7567fd5e5e3d25d2,1.0811146676114654,6,패,2000
6a9e93aae63592e6ebeb0962,6bf748ac0ad4245d7567fd5e5e3d25d2,1.0695398647514955,5,무,2000
6a9e910b9a652e7d82eab26a,6bf748ac0ad4245d7567fd5e5e3d25d2,1.0811146676114654,6,승,2000
6a9e8dff32d8a7ca7a624690,6bf748ac0ad4245d7567fd5e5e3d25d2,1.0811146676114651,6,승,2000
6a9e8b3a8cebb6c189abc93b,6bf748ac0ad4245d7567fd5e5e3d25d2,1.0811146676114651,6,승,2000
6a9e85a3b41002117ea6bdb1,6bf748ac0ad4245d7567fd5e5e3d25d2,1.1115550577426874,6,패,2000
6a9d82a889e1279300849853,6bf748ac0ad4245d7567fd5e5e3d25d2,1.1086172275214399,6,승,2000
6a9d80133305097212f40bfc,6bf748ac0ad4245d7567fd5e5e3d25d2,1.1086172275214399,6,패,2000
6a9d764f66522978d19ad15d,6bf748ac0ad4245d7567fd5e5e3d25d2,1.1086172275214399,6,승,2000
6a9c21ef77d669b5438d31f4,6bf748ac0ad4245d7567fd5e5e3d25d2,1.10861722752144,6,패,2000
6a9c1f252f7b0e196f55d1f3,6bf748ac0ad4245d7567fd5e5e3d25d2,1.1086172275214399,6,패,2000
6a9ae01c5230210ca73240a7,6bf748ac0ad4245d7567fd5e5e3d25d2,1.102141942587308,6,패,2000
6a9ada6e981e90ab1de45a1a,6bf748ac0ad4245d7567fd5e5e3d25d2,1.1021419425873078,6,승,2000
6a997d67c71de578e457b38e,6bf748ac0ad4245d7567fd5e5e3d25d2,1.096381607368493,6,승,2100
6a9978c7a78e96f78e5c9b00,6bf748ac0ad4245d7567fd5e5e3d25d2,1.096381607368493,6,패,2100
6a99763ebfe4bafa6fd2db42,6bf748ac0ad4245d7567fd5e5e3d25d2,1.096381607368493,6,승,2100
6a9973971426d9262dd5c8f3,6bf748ac0ad4245d7567fd5e5e3d25d2,1.0963816073684933,6,패,2100
6a997115f52513780acdde2d,6bf748ac0ad4245d7567fd5e5e3d25d2,1.096381607368493,6,무,2100
6a996e6c1347026796d15484,6bf748ac0ad4245d7567fd5e5e3d25d2,1.096381607368493,6,승,2100
6a996bd2183655b5c1841d8d,6bf748ac0ad4245d7567fd5e5e3d25d2,1.096381607368493,6,승,2100
6a99694437479447ed5c9760,6bf748ac0ad4245d7567fd5e5e3d25d2,1.096381607368493,6,승,2100
6a9966cd8c73b1ad6f58b9bb,6bf748ac0ad4245d7567fd5e5e3d25d2,1.0963816073684933,6,승,2100
6a996417cf71a31baf8e75ed,6bf748ac0ad4245d7567fd5e5e3d25d2,1.0963816073684933,6,무,2100
6a996188471ac6593817796d,6bf748ac0ad4245d7567fd5e5e3d25d2,1.096381607368493,6,승,2100
6a9948428358ecdfff077b83,6bf748ac0ad4245d7567fd5e5e3d25d2,1.096381607368493,6,승,2100
6a9943590e70a7bb67c14a1c,6bf748ac0ad4245d7567fd5e5e3d25d2,1.0963816073684933,6,승,2100
6a9940c5bba6a4cbc32bd7e4,6bf748ac0ad4245d7567fd5e5e3d25d2,1.0963816073684933,6,승,2200
6a9843315e38521a0ea7a8ab,6bf748ac0ad4245d7567fd5e5e3d25d2,1.1093532796228012,6,패,2100
6a984095509b8122b5a2505b,6bf748ac0ad4245d7567fd5e5e3d25d2,1.1093532796228012,6,패,2100
6a983de3dc9b4736538abcc3,6bf748ac0ad4245d7567fd5e5e3d25d2,1.1093532796228012,6,승,2100
6a981f971b9187cd52c4f4a8,6bf748ac0ad4245d7567fd5e5e3d25d2,1.0856597225156113,6,승,2100
6a981cdac64265c4cad6d3e8,6bf748ac0ad4245d7567fd5e5e3d25d2,1.0734618215224108,6,무,2100
6a9701f86674867558a9ad84,6bf748ac0ad4245d7567fd5e5e3d25d2,1.073461821522411,6,승,2100
6a96ff51fd6a696cd368c848,6bf748ac0ad4245d7567fd5e5e3d25d2,1.0856597225156113,6,무,2100
6a96fc8bffb3552a84fc1f7e,6bf748ac0ad4245d7567fd5e5e3d25d2,1.0856597225156113,6,패,2100
6a96fa06c9a70b6e68350c08,6bf748ac0ad4245d7567fd5e5e3d25d2,1.0856597225156113,6,무,2100
6a96f0fa03c1740d496c9ec8,6bf748ac0ad4245d7567fd5e5e3d25d2,1.0856597225156113,6,무,2100
6a95831b0728c302adb880ef,6bf748ac0ad4245d7567fd5e5e3d25d2,1.0697698024544111,6,승,2100
6a958082ef0a6bd5fce2e485,6bf748ac0ad4245d7567fd5e5e3d25d2,1.0697698024544113,6,패,2100
6a93fd663a379714a2232067,6bf748ac0ad4245d7567fd5e5e3d25d2,1.0697698024544113,6,무,2100
6a93fa7d5bab7f8910ea1b04,6bf748ac0ad4245d7567fd5e5e3d25d2,1.0697698024544111,6,패,2100
6a93f55b659809275fad78e6,6bf748ac0ad4245d7567fd5e5e3d25d2,1.0697698024544111,6,승,2100
6a93913c7d6e90a95bde609a,6bf748ac0ad4245d7567fd5e5e3d25d2,1.0697698024544113,6,승,2100
6a938b610860e2dca5486f9a,6bf748ac0ad4245d7567fd5e5e3d25d2,1.0697698024544113,6,승,2100
6a9196f195e4995707e48b12,6bf748ac0ad4245d7567fd5e5e3d25d2,1.0697698024544111,6,승,2100
6a91947943a68788a45ddce5,6bf748ac0ad4245d7567fd5e5e3d25d2,1.0697698024544113,6,패,2100
6a903f29f21e08a0a10874e5,6bf748ac0ad4245d7567fd5e5e3d25d2,1.0697698024544113,6,승,2100
6a903c9ef0f4c5f1d8db4556,6bf748ac0ad4245d7567fd5e5e3d25d2,1.0697698024544113,6,승,2200
6a9033b00ee16c70f1eed241,6bf748ac0ad4245d7567fd5e5e3d25d2,1.0697698024544113,6,무,2200
6a90304a64d8f166875f10e4,6bf748ac0ad4245d7567fd5e5e3d25d2,1.0697698024544111,6,승,2200
6a8db3ff8928bcb2c238f80b,6bf748ac0ad4245d7567fd5e5e3d25d2,1.0697698024544113,6,패,2100
6a8d644be4d7f0e764dc3a33,6bf748ac0ad4245d7567fd5e5e3d25d2,1.0697698024544113,6,승,2100
6a8d61c0c07d6e060e66bf32,6bf748ac0ad4245d7567fd5e5e3d25d2,1.0697698024544113,6,패,2100
6a8d5e970f0aaa2b3068a829,6bf748ac0ad4245d7567fd5e5e3d25d2,1.0697698024544113,6,승,2100
6a8c628e8f546db06fc5573e,6bf748ac0ad4245d7567fd5e5e3d25d2,1.0697698024544113,6,패,2100
6a8c5fc8d10b28a3459688b0,6bf748ac0ad4245d7567fd5e5e3d25d2,1.0697698024544113,6,승,2100
6a8c5aa54443e7ff5760f583,6bf748ac0ad4245d7567fd5e5e3d25d2,1.0697698024544111,6,패,2100
6a8c57f11a25ab3066cb8cc4,6bf748ac0ad4245d7567fd5e5e3d25d2,1.0697698024544111,6,무,2100
6a8c523be5611b008eb939c1,6bf748ac0ad4245d7567fd5e5e3d25d2,1.0697698024544113,6,승,2100
6a8c4bfa57b9e0d144baa19d,6bf748ac0ad4245d7567fd5e5e3d25d2,1.0697698024544113,6,무,2100
6a8c496104b078675a0afd0a,6bf748ac0ad4245d7567fd5e5e3d25d2,1.0697698024544113,6,승,2100
6a8c46b50517751499fc29d3,6bf748ac0ad4245d7567fd5e5e3d25d2,1.0697698024544113,6,패,2100
6a8b7fd5f08e423b8b04b851,6bf748ac0ad4245d7567fd5e5e3d25d2,1.0697698024544113,6,승,2100
6a8b7d41c0780da924b95e57,6bf748ac0ad4245d7567fd5e5e3d25d2,1.0697698024544113,6,승,2100
6a8b008ab299543194394d7e,6bf748ac0ad4245d7567fd5e5e3d25d2,1.0669871174112908,6,패,2100
6a8afdff7080785d7b5b0b34,6bf748ac0ad4245d7567fd5e5e3d25d2,1.066987117411291,6,무,2100
6a8afb34322570e39dc6ee00,6bf748ac0ad4245d7567fd5e5e3d25d2,1.0669871174112908,6,패,2100
6a8af858c7b60c066c51e62a,6bf748ac0ad4245d7567fd5e5e3d25d2,1.0669871174112908,6,승,2100
6a88df8e200283b414e006b1,6bf748ac0ad4245d7567fd5e5e3d25d2,1.066987117411291,6,승,2100
6a88193214ce12155ee75819,6bf748ac0ad4245d7567fd5e5e3d25d2,1.0852786300978183,6,패,2000
6a9ba94fd9df5744637adb0d,3db38ddd074829e3e8261bfdfd56d762,1.1525265484670888,6,승,2300
6a9ba5cc5c09467c9c17d468,3db38ddd074829e3e8261bfdfd56d762,1.1525265484670888,6,승,2300
6a9642e9dac14d2dd6d74e0f,3db38ddd074829e3e8261bfdfd56d762,1.1527267838579256,6,승,2300
6a964019b6075280c8fb791e,3db38ddd074829e3e8261bfdfd56d762,1.1527267838579258,6,패,2300
6a963d43f884085d5780b03b,3db38ddd074829e3e8261bfdfd56d762,1.1527267838579256,6,승,2300
6a93a94081df117db0177a6b,3db38ddd074829e3e8261bfdfd56d762,1.1527267838579256,6,승,2300
6a93a4985af19bde527bee0a,3db38ddd074829e3e8261bfdfd56d762,1.1558070154012932,6,승,2300
6a93a0980c4153128bb33373,3db38ddd074829e3e8261bfdfd56d762,1.1558070154012932,6,승,2300
6a93980d580c8f4698c5a3e4,3db38ddd074829e3e8261bfdfd56d762,1.1689159971911411,5,패,2300
6a93941fc5133c4c0cb63445,3db38ddd074829e3e8261bfdfd56d762,1.1915798665858808,5,승,2300
6a926c53455e3b0818f0febf,3db38ddd074829e3e8261bfdfd56d762,1.1800882742761236,6,패,2300
6a9267d3fec547d437bd609d,3db38ddd074829e3e8261bfdfd56d762,1.1800882742761236,6,승,2300
6a92635db5ffca4c8b18656c,3db38ddd074829e3e8261bfdfd56d762,1.1800882742761236,6,승,2300
6a925eea0c415374f5a864ac,3db38ddd074829e3e8261bfdfd56d762,1.1800882742761236,6,패,2200
6a925b4292ac84a305b47559,3db38ddd074829e3e8261bfdfd56d762,1.1800882742761236,6,승,2200
6a9254f68d5d3049a31017b5,3db38ddd074829e3e8261bfdfd56d762,1.1800882742761236,6,승,2300
6a924ebc6e40f8c48afc9e19,3db38ddd074829e3e8261bfdfd56d762,1.176694963564154,6,승,2300
6a924b0762ca871b0a4226f4,3db38ddd074829e3e8261bfdfd56d762,1.176694963564154,6,패,2300
6a92478f3c71f8a098fcb724,3db38ddd074829e3e8261bfdfd56d762,1.176694963564154,6,무,2300
6a924114db09ff6bffdc2502,3db38ddd074829e3e8261bfdfd56d762,1.176694963564154,6,패,2200
6a923d190a862ca23c2aec4f,3db38ddd074829e3e8261bfdfd56d762,1.176694963564154,6,승,2200
6a9239fa05a12a47dd16b0ba,3db38ddd074829e3e8261bfdfd56d762,1.176694963564154,6,무,2200
6a90091605991d31358de9c5,3db38ddd074829e3e8261bfdfd56d762,1.1800882742761236,6,승,2200
6a8ecc0c74320d4e180e76a1,3db38ddd074829e3e8261bfdfd56d762,1.1934801511388775,5,승,2200
6a8ec77b2fad631b6a9f9c80,3db38ddd074829e3e8261bfdfd56d762,1.1942262875488752,5,패,2200
6a8ec2b9cdc3eb068c3a62d5,3db38ddd074829e3e8261bfdfd56d762,1.176694963564154,6,패,2200
6a893de9442e2888be6b40df,3db38ddd074829e3e8261bfdfd56d762,1.1372419773113522,6,승,2200
6a8938398cd695088018d929,3db38ddd074829e3e8261bfdfd56d762,1.1372419773113522,6,패,2200
6a8934d5d1fe4653771ad032,3db38ddd074829e3e8261bfdfd56d762,1.1372419773113522,6,패,2200
6a8932053cc56b2888ff4e84,3db38ddd074829e3e8261bfdfd56d762,1.1372419773113522,6,승,2200
6a892c43df16c0d6aaff0267,3db38ddd074829e3e8261bfdfd56d762,1.1372419773113522,6,패,2200
6a8928a42444724f08974dca,3db38ddd074829e3e8261bfdfd56d762,1.1365893971642171,6,패,2200
6a88e2c979e3751f1217b3bc,3db38ddd074829e3e8261bfdfd56d762,1.1394407493569758,6,무,2200
6a88df66c79aff50d6227aa9,3db38ddd074829e3e8261bfdfd56d762,1.1399433161293557,6,패,2200
6a88dbc6bbf4b1ac45a83ae7,3db38ddd074829e3e8261bfdfd56d762,1.1399433161293557,6,무,2200
6a83c31494d348ab6b7f6183,3db38ddd074829e3e8261bfdfd56d762,1.1394407493569758,6,무,2200
6a83c03d7869793058b2e6a6,3db38ddd074829e3e8261bfdfd56d762,1.1394407493569758,6,승,2200
6a83bc6ff47cf227e58f1b1c,3db38ddd074829e3e8261bfdfd56d762,1.1394407493569758,6,패,2200
6a83b9af44d7bcec51ee9a6d,3db38ddd074829e3e8261bfdfd56d762,1.1394407493569758,6,패,2200
6a83b6fa6c6f295fb79ccda9,3db38ddd074829e3e8261bfdfd56d762,1.1394407493569758,6,무,2200
6a83b0f77e4455932d1c87df,3db38ddd074829e3e8261bfdfd56d762,1.1394407493569758,6,승,2200
6a83ad4dc8d6d99b37e0f479,3db38ddd074829e3e8261bfdfd56d762,1.1394407493569758,6,승,2300
6a83aa65f00d1c10dac5d251,3db38ddd074829e3e8261bfdfd56d762,1.1233579387009054,7,패,2200
6a83a7b14d6fc5637255040a,3db38ddd074829e3e8261bfdfd56d762,1.1394407493569758,6,패,2200
6a839eea869372a3007426dd,3db38ddd074829e3e8261bfdfd56d762,1.1434319565874331,6,패,2200
6a839aecb5e08c35c6c7f4b2,3db38ddd074829e3e8261bfdfd56d762,1.1372419773113522,6,패,2200
6a8397e9068413f51044d827,3db38ddd074829e3e8261bfdfd56d762,1.1372419773113522,6,패,2200
6a810794db2ad331058a31a1,3db38ddd074829e3e8261bfdfd56d762,1.137241977311352,6,승,2200
6a810278076e448e0a4e8685,3db38ddd074829e3e8261bfdfd56d762,1.1372419773113522,6,무,2200
6a80fe3e9666c48717f69806,3db38ddd074829e3e8261bfdfd56d762,1.1372419773113522,6,패,2200
6a80f194fcfa1303406533a5,3db38ddd074829e3e8261bfdfd56d762,1.1372419773113522,6,패,2200
6a80edef566a0fe5aa872c61,3db38ddd074829e3e8261bfdfd56d762,1.137241977311352,6,패,2200
6a80eb31f9bcaf11ad4611b0,3db38ddd074829e3e8261bfdfd56d762,1.1372419773113522,6,패,2200
6a80e8837b7a088ac96b614a,3db38ddd074829e3e8261bfdfd56d762,1.1372419773113522,6,승,2200
6a7fdfd95a2bb45bf3b41243,3db38ddd074829e3e8261bfdfd56d762,1.1372419773113522,6,승,2200
6a7fd9eaab162f2549d5c838,3db38ddd074829e3e8261bfdfd56d762,1.1372419773113522,6,패,2200
6a7fd707d432af50a72c01a5,3db38ddd074829e3e8261bfdfd56d762,1.1372419773113522,6,무,2200
6a7fd35217fca06f8b8daa1e,3db38ddd074829e3e8261bfdfd56d762,1.137241977311352,6,패,2200
6a7f9ee8fa0ff780addb223c,3db38ddd074829e3e8261bfdfd56d762,1.1372419773113522,6,승,2200
6a7f9badfb79be693535163a,3db38ddd074829e3e8261bfdfd56d762,1.1674221135490903,6,무,2200
6a7f975f301eda409b34099a,3db38ddd074829e3e8261bfdfd56d762,1.1667695334019552,6,승,2200
6a7f92d5b3dd2291f9742d72,3db38ddd074829e3e8261bfdfd56d762,1.1674221135490903,6,패,2200
6a7f8ea9af423e0fbe60e8ee,3db38ddd074829e3e8261bfdfd56d762,1.1674221135490903,6,패,2200
6a7f8ba5362ee5df157f3d46,3db38ddd074829e3e8261bfdfd56d762,1.1674221135490903,6,패,2200
6a7f890c2078cc489842ada2,3db38ddd074829e3e8261bfdfd56d762,1.1674221135490903,6,무,2200
6a7f8570a2848564153aed79,3db38ddd074829e3e8261bfdfd56d762,1.1674221135490903,6,승,2300
6a77e4d07d71b70fd0b7aa99,3db38ddd074829e3e8261bfdfd56d762,1.1674221135490903,6,무,2300
6a77e1b683ecee8a7d20a6e3,3db38ddd074829e3e8261bfdfd56d762,1.1674221135490903,6,승,2300
6a77db62c166c2841adc8566,3db38ddd074829e3e8261bfdfd56d762,1.1394407493569758,6,패,2300
6a77d75e7887e98d000ce8e5,3db38ddd074829e3e8261bfdfd56d762,1.1372419773113522,6,승,2300
6a77d30bd582ba525c3e8bb1,3db38ddd074829e3e8261bfdfd56d762,1.1583273071859255,6,무,2300
6a77cf10ca608934394f2100,3db38ddd074829e3e8261bfdfd56d762,1.1674221135490903,6,패,2300
6a9f1039f8a81f50684f7474,53d116c0461c63e0e3dcd7c05ef1d600,1.1313324146565782,6,패,2000
6a9f0da6302740dd3ea04e07,53d116c0461c63e0e3dcd7c05ef1d600,1.1313324146565784,6,무,2000
6a9f0b0a4fd2c77033bb7210,53d116c0461c63e0e3dcd7c05ef1d600,1.1313324146565784,6,패,1900
6a9f0447a313b08244999988,53d116c0461c63e0e3dcd7c05ef1d600,1.1313324146565786,6,패,1900
6a9ee2b2407a77050f0aee69,53d116c0461c63e0e3dcd7c05ef1d600,1.1313324146565784,6,승,1900
6a9ed7e8f734cd85eb35b6c4,53d116c0461c63e0e3dcd7c05ef1d600,1.1313324146565782,6,승,2000
6a9ec314f2801bd9a8a9e0e6,53d116c0461c63e0e3dcd7c05ef1d600,1.1313324146565782,6,무,2000
6a9e818e8624260e0791fb0d,53d116c0461c63e0e3dcd7c05ef1d600,1.1313324146565784,6,패,1900
6a9e6edf9181d1032079c770,53d116c0461c63e0e3dcd7c05ef1d600,1.1313324146565782,6,승,1900
6a9daf38ee53c2ef913c0f1c,53d116c0461c63e0e3dcd7c05ef1d600,1.1313324146565784,6,승,2000
6a9dab20896a2d871a941afa,53d116c0461c63e0e3dcd7c05ef1d600,1.1331402479785455,6,패,1900
6a985b477bc9afd2603844cb,53d116c0461c63e0e3dcd7c05ef1d600,1.1278920705927764,5,무,1900
6a9858ae71276478ae72515c,53d116c0461c63e0e3dcd7c05ef1d600,1.1278920705927764,5,승,2000
6a9795becfbe7672abe215ef,53d116c0461c63e0e3dcd7c05ef1d600,1.1302850724822764,6,패,1900
6a979307e9f29d041d6e344d,53d116c0461c63e0e3dcd7c05ef1d600,1.1302850724822764,6,패,1900
6a97080667c5f9836916712e,53d116c0461c63e0e3dcd7c05ef1d600,1.1302850724822766,6,패,1900
6a96f58642966394640ce9a7,53d116c0461c63e0e3dcd7c05ef1d600,1.1302850724822766,6,무,2000
6a96f2b618d41a725dcf0a8e,53d116c0461c63e0e3dcd7c05ef1d600,1.1302850724822766,6,패,1900
6a96de92e59e117d80118a4d,53d116c0461c63e0e3dcd7c05ef1d600,1.1302850724822764,6,승,2000
6a96dbc9d9f1112519085a68,53d116c0461c63e0e3dcd7c05ef1d600,1.1302850724822764,6,패,1900
6a95b0b26714194966d08d32,53d116c0461c63e0e3dcd7c05ef1d600,1.1302850724822766,6,승,2000
6a95a503a6c22d234938f831,53d116c0461c63e0e3dcd7c05ef1d600,1.1302850724822766,6,패,1900
6a959fb9698463a11549f6d6,53d116c0461c63e0e3dcd7c05ef1d600,1.1302850724822764,6,무,1900
6a95935f6eb51ef93d185e54,53d116c0461c63e0e3dcd7c05ef1d600,1.1302850724822766,6,승,1900
6a9590c686b25e9848e94076,53d116c0461c63e0e3dcd7c05ef1d600,1.1302850724822764,6,패,1900
6a958452fb9120c734e1fd53,53d116c0461c63e0e3dcd7c05ef1d600,1.1302850724822766,6,패,2200
6a957c0d06c633734571b67e,53d116c0461c63e0e3dcd7c05ef1d600,1.1302850724822764,6,패,2200
6a9424846fe3f1499035acdd,53d116c0461c63e0e3dcd7c05ef1d600,1.1302850724822766,6,승,1900
6a93f9d43f743f4504b86335,53d116c0461c63e0e3dcd7c05ef1d600,1.1302850724822766,6,패,1900
6a9367f78e6ec50c609537ac,53d116c0461c63e0e3dcd7c05ef1d600,1.1302850724822766,6,승,1900
6a93643b249517a183557e2f,53d116c0461c63e0e3dcd7c05ef1d600,1.1302850724822764,6,승,1900
6a93615f0dfce05778d826d0,53d116c0461c63e0e3dcd7c05ef1d600,1.1302850724822764,6,패,1900
6a935e664a660af1ddaf95ed,53d116c0461c63e0e3dcd7c05ef1d600,1.1302850724822764,6,승,1900
6a932bca4d7a0c71f2161dd9,53d116c0461c63e0e3dcd7c05ef1d600,1.1302850724822766,6,패,1900
6a9328bd4f6cea2e6679edc3,53d116c0461c63e0e3dcd7c05ef1d600,1.1302850724822764,6,패,1900
6a93210c49df23329bdc8c20,53d116c0461c63e0e3dcd7c05ef1d600,1.1302850724822766,6,패,1900
6a931d7cb23ff728bb2a1c05,53d116c0461c63e0e3dcd7c05ef1d600,1.1302850724822764,6,무,1900
6a91d846032a6775d2b47efb,53d116c0461c63e0e3dcd7c05ef1d600,1.1369999149279015,6,패,1900
6a91d5732301de8033a7ecd1,53d116c0461c63e0e3dcd7c05ef1d600,1.1369999149279015,6,승,1900
6a91d2e1d66fd29c69370cef,53d116c0461c63e0e3dcd7c05ef1d600,1.1369999149279015,6,승,1900
6a9164498d11ced74f2e48fc,53d116c0461c63e0e3dcd7c05ef1d600,1.1369999149279015,6,승,1900
6a9154649732bbc30e3a0d7d,53d116c0461c63e0e3dcd7c05ef1d600,1.1369999149279015,6,패,1900
6a9151a1edebacadb5ae0c81,53d116c0461c63e0e3dcd7c05ef1d600,1.1369999149279015,6,패,1900
6a9085952d9deee8172f17d8,53d116c0461c63e0e3dcd7c05ef1d600,1.1369999149279015,6,패,1900
6a8f4c773df9814e1d5f8e89,53d116c0461c63e0e3dcd7c05ef1d600,1.1369999149279015,6,무,1900
6a8f1cd4764832207a4b5578,53d116c0461c63e0e3dcd7c05ef1d600,1.1369999149279015,6,승,1900
6a8f1a2a9da5368993d17318,53d116c0461c63e0e3dcd7c05ef1d600,1.1369999149279015,6,무,1900
6a8eccc8fa1e81495c2c60ff,53d116c0461c63e0e3dcd7c05ef1d600,1.1369999149279015,6,패,1900
6a8e897c3bb4113fd623ef55,53d116c0461c63e0e3dcd7c05ef1d600,1.1369999149279015,6,승,1900
6a8e862853d4a1042f6ca88f,53d116c0461c63e0e3dcd7c05ef1d600,1.1369999149279015,6,패,1900
6a8e71a8ee25a52bb54caef3,53d116c0461c63e0e3dcd7c05ef1d600,1.1369999149279015,6,승,1900
6a8de52766e01962cd6a1c43,53d116c0461c63e0e3dcd7c05ef1d600,1.1369999149279015,6,승,1900
6a8de20dcc67b9a7e6f6db31,53d116c0461c63e0e3dcd7c05ef1d600,1.1369999149279015,6,패,1900
6a8ddab8c7a2b81982e2405c,53d116c0461c63e0e3dcd7c05ef1d600,1.1369999149279015,6,무,1900
6a8dd7c80e4c2aaeb92a46a6,53d116c0461c63e0e3dcd7c05ef1d600,1.1369999149279015,6,패,1900
6a8dd3bf496e862f2f3583d4,53d116c0461c63e0e3dcd7c05ef1d600,1.1369999149279015,6,승,1900
6a8d8ffb777d2fb5c04272b4,53d116c0461c63e0e3dcd7c05ef1d600,1.1369999149279015,6,패,1900
6a8d8d6e48075325d4c8e3eb,53d116c0461c63e0e3dcd7c05ef1d600,1.1369999149279015,6,승,1900
6a8d82c4b985ed80f8a5f8bd,53d116c0461c63e0e3dcd7c05ef1d600,1.1369999149279015,6,무,1900
6a8b07fc8f546de67abc2cf3,53d116c0461c63e0e3dcd7c05ef1d600,1.1198205876394685,6,승,2000
6a8b042dda9551eddca65933,53d116c0461c63e0e3dcd7c05ef1d600,1.1198205876394687,6,승,2000
6a8afc04f8abdc129e6a0c88,53d116c0461c63e0e3dcd7c05ef1d600,1.1198205876394685,6,승,2000
6a8af95a5dbe6c078d8ed6d2,53d116c0461c63e0e3dcd7c05ef1d600,1.1198205876394685,6,승,2000
6a8a95a3ab3d60112ac5fa1d,53d116c0461c63e0e3dcd7c05ef1d600,1.1198205876394687,6,승,2000
6a8a9332dfb6456b13cc0114,53d116c0461c63e0e3dcd7c05ef1d600,1.1198205876394685,6,승,2000
6a8a7947096d02258c611068,53d116c0461c63e0e3dcd7c05ef1d600,1.1198205876394687,6,승,2000
6a8a767e17940d3996264085,53d116c0461c63e0e3dcd7c05ef1d600,1.1198205876394687,6,무,2000
6a8a73ad480753039ab26c88,53d116c0461c63e0e3dcd7c05ef1d600,1.1198205876394687,6,무,2000
6a8a70f17a9a27c2d1439501,53d116c0461c63e0e3dcd7c05ef1d600,1.1198205876394685,6,패,2200
6a8a6754f9d1dca5b62c4bce,53d116c0461c63e0e3dcd7c05ef1d600,1.1198205876394687,6,승,2100
6a8a6401c8501bd237110c59,53d116c0461c63e0e3dcd7c05ef1d600,1.1198205876394685,6,승,2100
6a893e3c53768bc491f4d9a9,53d116c0461c63e0e3dcd7c05ef1d600,1.1198205876394685,6,패,2100
6a893b8d21cf8144d4ca4c78,53d116c0461c63e0e3dcd7c05ef1d600,1.1198205876394687,6,패,2100
6a89133ba1a6f25041b6e434,53d116c0461c63e0e3dcd7c05ef1d600,1.1198205876394687,6,무,2100
6a8910669a71a7421a60bbfa,53d116c0461c63e0e3dcd7c05ef1d600,1.1198205876394685,6,승,2100
6a888c48cee99f412b868dbb,53d116c0461c63e0e3dcd7c05ef1d600,1.1198205876394685,6,승,2100
6a8889d7c53c0071220346fe,53d116c0461c63e0e3dcd7c05ef1d600,1.1198205876394685,6,패,2100
6a886b0f8f546d6a4aa58755,53d116c0461c63e0e3dcd7c05ef1d600,1.1198205876394685,6,패,2100
6a88640319d0db387ab1bd77,53d116c0461c63e0e3dcd7c05ef1d600,1.1198205876394685,6,승,2100
6a8861540db4d24adbee139b,53d116c0461c63e0e3dcd7c05ef1d600,1.1198205876394687,6,무,2100
6a885e8e95aea57752993fab,53d116c0461c63e0e3dcd7c05ef1d600,1.1198205876394687,6,승,2100
6a885bd31d1a6328dd01ef86,53d116c0461c63e0e3dcd7c05ef1d600,1.1198205876394685,6,승,2100
6a87f756f4d65ad6621dee95,53d116c0461c63e0e3dcd7c05ef1d600,1.1198205876394687,6,승,2100
6a87ceb27ab7710aeb0616c8,53d116c0461c63e0e3dcd7c05ef1d600,1.1198205876394687,6,패,2100
6a9ee6cd5d4b447e593f0fcc,1d237d47bcb0c2f0f8145878fa28a5a3,1.1788889204774928,6,패,2400
6a9e360cbc8f7c1c644f192b,1d237d47bcb0c2f0f8145878fa28a5a3,1.1788889204774928,6,무,2400
6a9e33af538b84aa257ff885,1d237d47bcb0c2f0f8145878fa28a5a3,1.1788889204774928,6,패,2400
6a9d4e6cf41b7da22a3a54a1,1d237d47bcb0c2f0f8145878fa28a5a3,1.1788889204774928,6,승,2400
6a9ce8beb797f00cfa15ee62,1d237d47bcb0c2f0f8145878fa28a5a3,1.1788889204774928,6,승,2400
6a9ce624ba3f4150e5574d39,1d237d47bcb0c2f0f8145878fa28a5a3,1.1788889204774928,6,승,2400
6a9c20ded69dc5a400ac6d67,1d237d47bcb0c2f0f8145878fa28a5a3,1.1747089079650075,6,패,2400
6a9bbb9864fcf5e676a114e4,1d237d47bcb0c2f0f8145878fa28a5a3,1.179485238542562,6,승,2400
6a9bb8c05e42642289ac8dbe,1d237d47bcb0c2f0f8145878fa28a5a3,1.1794852385425618,6,패,2400
6a9b05a9bcabc67106b2ff08,1d237d47bcb0c2f0f8145878fa28a5a3,1.1794852385425618,6,패,2400
6a9af9d34fd42ed4dfe4badd,1d237d47bcb0c2f0f8145878fa28a5a3,1.179485238542562,6,패,2300
6a9af28f150f750899d37982,1d237d47bcb0c2f0f8145878fa28a5a3,1.1794852385425618,6,패,2300
6a9a3177916108783ac980f5,1d237d47bcb0c2f0f8145878fa28a5a3,1.179485238542562,6,승,2300
6a997f462c1e35592ffd3268,1d237d47bcb0c2f0f8145878fa28a5a3,1.1794852385425616,6,무,2300
6a997c8d4a81152f1e951520,1d237d47bcb0c2f0f8145878fa28a5a3,1.179485238542562,6,패,2300
6a992b7e1306f43a2b19dd77,1d237d47bcb0c2f0f8145878fa28a5a3,1.1480116822807818,6,패,2300
6a992823cdc3d1f14f791904,1d237d47bcb0c2f0f8145878fa28a5a3,1.1480116822807818,6,패,2300
6a97ed4a5cc25f76b5dc5aef,1d237d47bcb0c2f0f8145878fa28a5a3,1.1480116822807818,6,승,2300
6a979be9dd7803c6c53226a9,1d237d47bcb0c2f0f8145878fa28a5a3,1.1485974679256203,6,무,2300
6a97992301e3f1c78cd58a93,1d237d47bcb0c2f0f8145878fa28a5a3,1.1485974679256201,6,무,2300
6a96aa496a414da5cb7b780d,1d237d47bcb0c2f0f8145878fa28a5a3,1.1359978251621283,6,패,2300
6a96a76114be34f2a5a5839c,1d237d47bcb0c2f0f8145878fa28a5a3,1.1359978251621283,6,패,2200
6a96a3ad36299d09796625b4,1d237d47bcb0c2f0f8145878fa28a5a3,1.1359978251621283,6,무,2200
6a94d253c27727ff9c07ca12,1d237d47bcb0c2f0f8145878fa28a5a3,1.1776915913802826,6,패,2200
6a94cddb31df555de2cff06f,1d237d47bcb0c2f0f8145878fa28a5a3,1.1776915913802826,6,패,2200
6a90af2e70252c459c6a0275,1d237d47bcb0c2f0f8145878fa28a5a3,1.1776915913802828,6,승,2200
6a90aa85fb9338b125945055,1d237d47bcb0c2f0f8145878fa28a5a3,1.1776915913802826,6,승,2300
6a90a7bd6546867b3c0672a4,1d237d47bcb0c2f0f8145878fa28a5a3,1.1776915913802826,6,패,2300
6a909847667486545575bba0,1d237d47bcb0c2f0f8145878fa28a5a3,1.171593481060644,6,패,2200
6a901ffc0a0691c83e482691,1d237d47bcb0c2f0f8145878fa28a5a3,1.171593481060644,6,승,2300
6a8fd6330e97423db11aedfc,1d237d47bcb0c2f0f8145878fa28a5a3,1.1694270861150586,6,패,2200
6a8fd31b0394bc35a6570b95,1d237d47bcb0c2f0f8145878fa28a5a3,1.1694270861150582,6,패,2200
6a8ea7593c15a018f934ad5e,1d237d47bcb0c2f0f8145878fa28a5a3,1.1694270861150586,6,승,2300
6a8ea43b4289876a7c497ab9,1d237d47bcb0c2f0f8145878fa28a5a3,1.1689623923906025,6,패,2200
6a8ea0059e9a091c54344c54,1d237d47bcb0c2f0f8145878fa28a5a3,1.1689623923906025,6,승,2300
6a8e99d98ed01d41fe64ba37,1d237d47bcb0c2f0f8145878fa28a5a3,1.1689623923906025,6,승,2300
6a8e1c5cba00326b15a17e5d,1d237d47bcb0c2f0f8145878fa28a5a3,1.1694270861150584,6,패,2300
6a8dfbf5de12b34e93956425,1d237d47bcb0c2f0f8145878fa28a5a3,1.1694270861150586,6,패,2200
6a8df9202fc5ac25c8c9a725,1d237d47bcb0c2f0f8145878fa28a5a3,1.1694270861150586,6,무,2200
6a8debd3f7d7a6a134113708,1d237d47bcb0c2f0f8145878fa28a5a3,1.1694270861150586,6,패,2200
6a8de89bb08aaeac84d05930,1d237d47bcb0c2f0f8145878fa28a5a3,1.1694270861150586,6,패,2200
6a8de3f56e8cd003f7d437f2,1d237d47bcb0c2f0f8145878fa28a5a3,1.1694270861150584,6,승,2300
6a8b8392f2c142054f20deab,1d237d47bcb0c2f0f8145878fa28a5a3,1.1307370945328807,6,패,2200
6a8b80e5b541a45588e6e655,1d237d47bcb0c2f0f8145878fa28a5a3,1.1322645195014733,6,패,2200
6a8a444244de2e29ae597b0c,1d237d47bcb0c2f0f8145878fa28a5a3,1.1322645195014736,6,승,2300
6a8a4157b10efcd9bd54a3c3,1d237d47bcb0c2f0f8145878fa28a5a3,1.1322645195014733,6,패,2200
6a8a3e568d20d2660bdeb705,1d237d47bcb0c2f0f8145878fa28a5a3,1.1322645195014736,6,패,2200
6a8a3b8e998b5d4ec8e026fa,1d237d47bcb0c2f0f8145878fa28a5a3,1.1307370945328807,6,패,2200
6a89191e5fe17a6709484e76,1d237d47bcb0c2f0f8145878fa28a5a3,1.1347226572900961,4,승,2200
6a8916693786326a8ba14bb1,1d237d47bcb0c2f0f8145878fa28a5a3,1.1307370945328807,6,패,2200
6a88a1e702176c2fcc23edc3,1d237d47bcb0c2f0f8145878fa28a5a3,1.1307370945328805,6,승,2200
6a889f03d75d41232728c091,1d237d47bcb0c2f0f8145878fa28a5a3,1.1307370945328807,6,패,2200
6a87c29b7c6e9e68db7dc91b,1d237d47bcb0c2f0f8145878fa28a5a3,1.1322645195014736,6,승,2200
6a87bfa928fd9f0049311660,1d237d47bcb0c2f0f8145878fa28a5a3,1.1307370945328805,6,패,2200
6a876f46cea34d9a79d52264,1d237d47bcb0c2f0f8145878fa28a5a3,1.1322645195014736,6,패,2200
6a876c741dda41d8abf76351,1d237d47bcb0c2f0f8145878fa28a5a3,1.1322645195014736,6,패,2100
6a87692ffa46799778deb46f,1d237d47bcb0c2f0f8145878fa28a5a3,1.1322645195014738,6,패,2100
6a86cbdfb579e401c1ea767a,1d237d47bcb0c2f0f8145878fa28a5a3,1.1322645195014736,6,무,2100
6a85e45f01c87c1297cda402,1d237d47bcb0c2f0f8145878fa28a5a3,1.1322645195014733,6,승,2100
6a85e18243f5d34aa415e889,1d237d47bcb0c2f0f8145878fa28a5a3,1.1322645195014736,6,무,2100
6a84b9eda84ade305f5eb530,1d237d47bcb0c2f0f8145878fa28a5a3,1.1322645195014733,6,무,2100
6a83e6848c4d8416a3b0c50f,1d237d47bcb0c2f0f8145878fa28a5a3,1.1322645195014736,6,패,2100
6a83e1d110eef18698ec8a45,1d237d47bcb0c2f0f8145878fa28a5a3,1.1322645195014733,6,패,2100
6a83decee8f7a326b85d4c30,1d237d47bcb0c2f0f8145878fa28a5a3,1.1322645195014736,6,승,2100
6a83d66b3f7cbf394be8e770,1d237d47bcb0c2f0f8145878fa28a5a3,1.1322645195014736,6,승,2100
6a834e7eba3de26bdf5cf47e,1d237d47bcb0c2f0f8145878fa28a5a3,1.1322645195014736,6,승,2100
6a8293cb76a371a91843ba36,1d237d47bcb0c2f0f8145878fa28a5a3,1.1322645195014733,6,패,2100
6a8290e5f7e20312135924d5,1d237d47bcb0c2f0f8145878fa28a5a3,1.1322645195014733,6,승,2100
6a828e0e17b37ce78d2d8106,1d237d47bcb0c2f0f8145878fa28a5a3,1.1348450251902906,6,패,2100
6a827aaf124a827006d30570,1d237d47bcb0c2f0f8145878fa28a5a3,1.1348450251902904,6,패,2100
6a82706801e99d4f1cec6271,1d237d47bcb0c2f0f8145878fa28a5a3,1.1348450251902904,6,승,2100
6a81685cf1a30dbd1a11aff2,1d237d47bcb0c2f0f8145878fa28a5a3,1.1307370945328805,6,패,2100
6a8165b870363aa93ceb6d2b,1d237d47bcb0c2f0f8145878fa28a5a3,1.1307370945328807,6,패,2100
6a8162a9bc4e514bec50e701,1d237d47bcb0c2f0f8145878fa28a5a3,1.1307370945328807,6,승,2100
6a7fd472ed9e5266f08ec3e8,1d237d47bcb0c2f0f8145878fa28a5a3,1.1307370945328805,6,패,2100
6a7fd1a3f73a3b5f01e12457,1d237d47bcb0c2f0f8145878fa28a5a3,1.1307370945328807,6,패,2100
6a7fcee0a70238fc50ee9ca9,1d237d47bcb0c2f0f8145878fa28a5a3,1.1307370945328805,6,승,2100
6a9f5666e90945592615717a,3ed66997880fb560e70a689e7b0d2ed1,1.1056169578133488,6,승,2000
6a9f537071a2c783b6fb44a1,3ed66997880fb560e70a689e7b0d2ed1,1.1056169578133488,6,승,2000
6a9f50df9b69586f3289642e,3ed66997880fb560e70a689e7b0d2ed1,1.1056169578133488,6,승,2000
6a9cbcd7eb668819370b9f79,3ed66997880fb560e70a689e7b0d2ed1,1.1056169578133488,6,패,2000
6a9cba1e80d91cc525479fc4,3ed66997880fb560e70a689e7b0d2ed1,1.1056169578133488,6,무,2000
6a9cb690bc850fb1bc19e4a7,3ed66997880fb560e70a689e7b0d2ed1,1.105616957813349,6,무,2000
6a9cb3ff1fe78445e34e804b,3ed66997880fb560e70a689e7b0d2ed1,1.1056169578133488,6,승,2000
6a9cb144bb434b793d64c98b,3ed66997880fb560e70a689e7b0d2ed1,1.1056169578133488,6,패,2000
6a9caad496e4b90baffbfadb,3ed66997880fb560e70a689e7b0d2ed1,1.1056169578133488,6,승,2000
6a9ca7be02a6c1765e6de56c,3ed66997880fb560e70a689e7b0d2ed1,1.1056169578133488,6,승,2000
6a9c9ceeb29b475f80d3f169,3ed66997880fb560e70a689e7b0d2ed1,1.1056169578133488,6,무,2000
6a9b63cdc87c0b0f19c1cf5a,3ed66997880fb560e70a689e7b0d2ed1,1.1166204626999086,5,패,2000
6a9b60f2a0991628e358044e,3ed66997880fb560e70a689e7b0d2ed1,1.1056169578133488,6,승,2000
6a9b5d4ede35ee726716c135,3ed66997880fb560e70a689e7b0d2ed1,1.1056169578133488,6,승,2000
6a9b5a361cb0497d20fed1a7,3ed66997880fb560e70a689e7b0d2ed1,1.1056169578133488,6,승,2100
6a9b5775fa12fc343e13ddbc,3ed66997880fb560e70a689e7b0d2ed1,1.1100795671428567,6,패,2000
6a9b5494917bd007bf3365ea,3ed66997880fb560e70a689e7b0d2ed1,1.1084226172170086,6,패,2000
6a9b5143845c01272c644d02,3ed66997880fb560e70a689e7b0d2ed1,1.1056169578133488,6,무,2000
6a9b4e5d23152b7faa3b7615,3ed66997880fb560e70a689e7b0d2ed1,1.1056169578133488,6,승,2000
6a9b4b0c82a2875ba6be3aa6,3ed66997880fb560e70a689e7b0d2ed1,1.1001801044419783,6,무,2000
6a9b455d9e6cac5d5d21fb24,3ed66997880fb560e70a689e7b0d2ed1,1.1001801044419783,6,패,2000
6a9b41eebd38b7d8d44d86b6,3ed66997880fb560e70a689e7b0d2ed1,1.1001801044419783,6,무,2000
6a9b24236a643da60e92f880,3ed66997880fb560e70a689e7b0d2ed1,1.1001801044419783,6,승,2000
6a9b21753345ea2699871df9,3ed66997880fb560e70a689e7b0d2ed1,1.1001801044419783,6,패,2000
6a9b1ef2b8338dcc112e8dab,3ed66997880fb560e70a689e7b0d2ed1,1.104986412823673,6,패,2000
6a9b1c04df9cd15b419d79e9,3ed66997880fb560e70a689e7b0d2ed1,1.1001801044419783,6,승,2000
6a9a669c002acdce588a9da8,3ed66997880fb560e70a689e7b0d2ed1,1.1001801044419783,6,무,2000
6a9a603e539480c8aff7587e,3ed66997880fb560e70a689e7b0d2ed1,1.100180104441978,6,승,2000
6a9a5b7664878b0480c5710d,3ed66997880fb560e70a689e7b0d2ed1,1.098771024605509,6,승,2000
6a9a58973b89e96225a1bbc7,3ed66997880fb560e70a689e7b0d2ed1,1.0987710246055087,6,패,2000
6a9a4eefa0012975295d2747,3ed66997880fb560e70a689e7b0d2ed1,1.0987710246055087,6,승,2100
6a9a4c4400ea59d88ce0c9f8,3ed66997880fb560e70a689e7b0d2ed1,1.0987710246055087,6,무,2100
6a9a49413abab9ac10633dd0,3ed66997880fb560e70a689e7b0d2ed1,1.098771024605509,6,무,2100
6a9a446447d23523f375de62,3ed66997880fb560e70a689e7b0d2ed1,1.1043580480263422,6,승,2100
6a9a41fbc3046107c4892dd0,3ed66997880fb560e70a689e7b0d2ed1,1.1043580480263422,6,무,2100
6a9a3efe9f52703443ff56af,3ed66997880fb560e70a689e7b0d2ed1,1.101845024168606,6,패,2100
6a9a3c4b6aa7b643e902b0fa,3ed66997880fb560e70a689e7b0d2ed1,1.0959082338329755,6,패,2100
6a9a354f19462144ad2f94f7,3ed66997880fb560e70a689e7b0d2ed1,1.0965884558651995,6,패,2000
6a9a309a4283022c21c78295,3ed66997880fb560e70a689e7b0d2ed1,1.0965884558651993,6,무,2100
6a9a2dc119acbd2b75a3a04b,3ed66997880fb560e70a689e7b0d2ed1,1.0965884558651993,6,무,2100
6a9a2afcd6905675d1b97cdb,3ed66997880fb560e70a689e7b0d2ed1,1.0965884558651995,6,패,2100
6a9a2879232a271e7a2773de,3ed66997880fb560e70a689e7b0d2ed1,1.0965884558651993,6,승,2100
6a9a25b4cdde045688f8774f,3ed66997880fb560e70a689e7b0d2ed1,1.0965884558651993,6,패,2100
6a962594e140e8319b4cf99d,3ed66997880fb560e70a689e7b0d2ed1,1.090375572311243,6,패,2100
6a9623092dd974c882f058ef,3ed66997880fb560e70a689e7b0d2ed1,1.090375572311243,6,승,2100
6a962040b8b2319e228b4232,3ed66997880fb560e70a689e7b0d2ed1,1.090375572311243,6,패,2100
6a961d9a2e6b0054baa0961f,3ed66997880fb560e70a689e7b0d2ed1,1.090375572311243,6,패,2000
6a961253e822606f3a953022,3ed66997880fb560e70a689e7b0d2ed1,1.090375572311243,6,승,2100
6a9389bcbe33420d272efffb,3ed66997880fb560e70a689e7b0d2ed1,1.090375572311243,6,패,2000
6a9386e575afbca9722c3538,3ed66997880fb560e70a689e7b0d2ed1,1.090375572311243,6,패,2000
6a9383df1185d9c88fbe457e,3ed66997880fb560e70a689e7b0d2ed1,1.0857720235650203,6,패,2000
6a937b9373141209d903188a,3ed66997880fb560e70a689e7b0d2ed1,1.0910040765190383,6,패,2000
6a9378bd12a96f6887f677c1,3ed66997880fb560e70a689e7b0d2ed1,1.0910040765190383,6,패,2000
6a9375b6d8bac37e3a7404b4,3ed66997880fb560e70a689e7b0d2ed1,1.0910040765190383,6,패,2000
6a935bd508fcdf34934a0f0f,3ed66997880fb560e70a689e7b0d2ed1,1.0910040765190383,6,패,2000
6a935936950a170afcb53bd3,3ed66997880fb560e70a689e7b0d2ed1,1.091004076519038,6,승,2000
6a922efcef0e99e1898a1efa,3ed66997880fb560e70a689e7b0d2ed1,1.0910040765190387,6,패,2000
6a922c4baf2585c9025f3301,3ed66997880fb560e70a689e7b0d2ed1,1.0910040765190383,6,무,2000
6a92284dddb39562413546fc,3ed66997880fb560e70a689e7b0d2ed1,1.0910040765190383,6,승,2000
6a92256c58a6e7639307a73c,3ed66997880fb560e70a689e7b0d2ed1,1.0910040765190383,6,패,2000
6a91f527a8a6dd8795ead244,3ed66997880fb560e70a689e7b0d2ed1,1.0977932527489127,6,패,2000
6a91f28fa27c613054dc9a9d,3ed66997880fb560e70a689e7b0d2ed1,1.0977932527489127,6,승,2000
6a91efc1bff6d84dc94cc872,3ed66997880fb560e70a689e7b0d2ed1,1.0977932527489127,6,승,2000
6a91ec665644151eb27d0c57,3ed66997880fb560e70a689e7b0d2ed1,1.097793252748913,6,승,2000
6a91e7f95b17c8a9b2c4957e,3ed66997880fb560e70a689e7b0d2ed1,1.097793252748913,6,무,2000
6a91e56e87ba0d843bc663cd,3ed66997880fb560e70a689e7b0d2ed1,1.097793252748913,6,패,2000
6a91d08c10d760278bfdfc34,3ed66997880fb560e70a689e7b0d2ed1,1.097793252748913,6,승,2000
6a91c8d304f6932f2b4688aa,3ed66997880fb560e70a689e7b0d2ed1,1.0977932527489127,6,패,2000
6a90dac86a29b434325057a5,3ed66997880fb560e70a689e7b0d2ed1,1.0977932527489127,6,패,2000
6a90d1066b2a9e349acd48dc,3ed66997880fb560e70a689e7b0d2ed1,1.097793252748913,6,승,2100
6a90ce46d5d5652a39047d04,3ed66997880fb560e70a689e7b0d2ed1,1.097793252748913,6,승,2100
6a90c9c0b3c40ce2af5637df,3ed66997880fb560e70a689e7b0d2ed1,1.0977932527489127,6,승,2100
6a90c5dc4fc9ee73508f3a9a,3ed66997880fb560e70a689e7b0d2ed1,1.097793252748913,6,승,2100
6a90bfec24360e3ea591652d,3ed66997880fb560e70a689e7b0d2ed1,1.097793252748913,6,승,2100
6a8a04794e8438612778996c,3ed66997880fb560e70a689e7b0d2ed1,1.0977932527489127,6,패,2100
6a8a0170aaf69bfe9710831e,3ed66997880fb560e70a689e7b0d2ed1,1.0977932527489127,6,패,2100
6a89fe58220e5df6be933b7a,3ed66997880fb560e70a689e7b0d2ed1,1.097793252748913,6,패,2100
6a89fba474a029255b094c89,3ed66997880fb560e70a689e7b0d2ed1,1.0977932527489127,6,무,2100
6a88dff3fe7f951dc45a85ab,3ed66997880fb560e70a689e7b0d2ed1,1.086908495034207,6,승,2100
6a88dd0c8231280a4d52369b,3ed66997880fb560e70a689e7b0d2ed1,1.086908495034207,6,무,2100
6a88da8a32af4cc212418dc7,3ed66997880fb560e70a689e7b0d2ed1,1.086908495034207,6,승,2100
6a88d59d7e520a5f9a7d3c80,3ed66997880fb560e70a689e7b0d2ed1,1.0869084950342072,6,승,2200
6a88d2f5d4a01b1bfe2612bf,3ed66997880fb560e70a689e7b0d2ed1,1.0869084950342072,6,무,2200
6a88d04445cb731423254b3a,3ed66997880fb560e70a689e7b0d2ed1,1.086908495034207,6,승,2200
6a88ccf3c3b51a00edbaca31,3ed66997880fb560e70a689e7b0d2ed1,1.0869084950342072,6,승,2200
6a88ca399cd96fda13a9447d,3ed66997880fb560e70a689e7b0d2ed1,1.086908495034207,6,승,2200
6a88c7407731683e7a4d9fb4,3ed66997880fb560e70a689e7b0d2ed1,1.086908495034207,6,승,2200
6a88c4976f13bf1de67ab575,3ed66997880fb560e70a689e7b0d2ed1,1.0869084950342072,6,패,2200
6a88bd76d25a7d863d57daee,3ed66997880fb560e70a689e7b0d2ed1,1.09046662853513,6,승,2200
6a88a063d6abb8fa99190662,3ed66997880fb560e70a689e7b0d2ed1,1.089161923123957,6,패,2200
6a9986aeafc0223eff2b70fb,ced3bef0200edff2ef9458ff1e6fa569,1.1139269944178845,6,패,2100
6a99021f960ebf64ae7d2b1d,ced3bef0200edff2ef9458ff1e6fa569,1.1128629302287847,6,승,2100
6a98ff398c0dea237ccbf798,ced3bef0200edff2ef9458ff1e6fa569,1.1161842660356118,6,무,2100
6a97ebd4d15fda6f19887fa2,ced3bef0200edff2ef9458ff1e6fa569,1.1231373008058392,6,패,2200
6a97cf8e87842778a1041114,ced3bef0200edff2ef9458ff1e6fa569,1.1298906663462365,6,승,2100
6a939927c3e592a0797568e2,ced3bef0200edff2ef9458ff1e6fa569,1.1298906663462365,6,패,2100
6a9395e938ce557a3d31a5df,ced3bef0200edff2ef9458ff1e6fa569,1.1298906663462362,6,승,2100
6a939350f08fe15f1073e2df,ced3bef0200edff2ef9458ff1e6fa569,1.1298906663462362,6,패,2100
6a92e98b811eeb1dbdee44e4,ced3bef0200edff2ef9458ff1e6fa569,1.1298906663462365,6,무,2100
6a92e6526a7ee9cdc27a58f9,ced3bef0200edff2ef9458ff1e6fa569,1.1298906663462365,6,무,2100
6a92e398ba666b7084ddadf1,ced3bef0200edff2ef9458ff1e6fa569,1.1298906663462365,6,무,2100
6a92df6860d3ec515f685b46,ced3bef0200edff2ef9458ff1e6fa569,1.1298906663462365,6,승,2100
6a92aa38ad7dfd10a8f1347a,ced3bef0200edff2ef9458ff1e6fa569,1.1298906663462362,6,승,2200
6a92a7b0ab633d55cea08266,ced3bef0200edff2ef9458ff1e6fa569,1.1298906663462365,6,패,2200
6a92a4dc99c476332ab61a0a,ced3bef0200edff2ef9458ff1e6fa569,1.1298906663462365,6,패,2200
6a9283ad59aa2dd4b34a7370,ced3bef0200edff2ef9458ff1e6fa569,1.1298906663462362,6,승,2200
6a927461bcd686180787e562,ced3bef0200edff2ef9458ff1e6fa569,1.1298906663462365,6,승,2200
6a924a89ad8a928dcb6a85ea,ced3bef0200edff2ef9458ff1e6fa569,1.1298906663462365,6,승,2200
6a91aa58e1f32316614119eb,ced3bef0200edff2ef9458ff1e6fa569,1.1298906663462365,6,승,2200
6a9197c0b9617d683f0c8fe1,ced3bef0200edff2ef9458ff1e6fa569,1.1298906663462365,6,승,2300
6a9194e31b5c0d0a9feeafae,ced3bef0200edff2ef9458ff1e6fa569,1.1298906663462365,6,승,2300
6a91924a1dbc95f2d4eebfe2,ced3bef0200edff2ef9458ff1e6fa569,1.1298906663462362,6,승,2300
6a918f86a696be13caadfd67,ced3bef0200edff2ef9458ff1e6fa569,1.1298906663462362,6,승,2300
6a918cf2d6da6047d9d2584a,ced3bef0200edff2ef9458ff1e6fa569,1.1298906663462365,6,무,2300
6a90e730bed44c728218ea01,ced3bef0200edff2ef9458ff1e6fa569,1.1298906663462362,6,무,2300
6a906f33f1c8d92659927d65,ced3bef0200edff2ef9458ff1e6fa569,1.1298906663462362,6,승,2300
6a906c33aaef5c2064cf967a,ced3bef0200edff2ef9458ff1e6fa569,1.1298906663462362,6,무,2300
6a9068c3665aaf630beaed5f,ced3bef0200edff2ef9458ff1e6fa569,1.1298906663462362,6,무,2300
6a9053a7667486481a73d430,ced3bef0200edff2ef9458ff1e6fa569,1.1298906663462365,6,승,2300
6a9042d56a4c3867f3a19492,ced3bef0200edff2ef9458ff1e6fa569,1.1298906663462362,6,패,2300
6a8ff8bd6df50c09d57bc26e,ced3bef0200edff2ef9458ff1e6fa569,1.1074203090600565,6,무,2300
6a8ff378d565442ecda4b649,ced3bef0200edff2ef9458ff1e6fa569,1.1074203090600565,6,승,2300
6a8feeafbaf10a63bea1dad9,ced3bef0200edff2ef9458ff1e6fa569,1.1074203090600565,6,승,2400
6a8fe6e524a218d01a20b1af,ced3bef0200edff2ef9458ff1e6fa569,1.1129709483573742,6,패,2300
6a8f0b19e6e3002afae7e169,ced3bef0200edff2ef9458ff1e6fa569,1.104421512737838,6,무,2300
6a8f07d05de8dc9e5f043e6c,ced3bef0200edff2ef9458ff1e6fa569,1.104421512737838,6,승,2400
6a8f0476a04c66fc2f9eb06d,ced3bef0200edff2ef9458ff1e6fa569,1.1044215127378383,6,무,2400
6a8e50719f8ef94e5d54fa1a,ced3bef0200edff2ef9458ff1e6fa569,1.1093038887280149,5,승,2400
6a8e4b5354e63c5dea720289,ced3bef0200edff2ef9458ff1e6fa569,1.104421512737838,6,무,2400
6a8e299c1169ef2ff0a35b02,ced3bef0200edff2ef9458ff1e6fa569,1.104421512737838,6,승,2400
6a8e26728f046907e9b84c82,ced3bef0200edff2ef9458ff1e6fa569,1.104421512737838,6,승,2400
6a8e213108f9834e97467535,ced3bef0200edff2ef9458ff1e6fa569,1.104421512737838,6,무,2400
6a8e1dfc110bfa95d38e97f3,ced3bef0200edff2ef9458ff1e6fa569,1.104421512737838,6,패,2400
6a8e1aa88d760972a49865c2,ced3bef0200edff2ef9458ff1e6fa569,1.104421512737838,6,승,2400
6a8e17c7763046b34243961b,ced3bef0200edff2ef9458ff1e6fa569,1.104421512737838,6,승,2400
6a8e14e2f740d17fdd79ebda,ced3bef0200edff2ef9458ff1e6fa569,1.104421512737838,6,승,2500
6a8e123d9e9a0919cc316a8f,ced3bef0200edff2ef9458ff1e6fa569,1.1104628098952156,6,무,2500
6a8e0d9038cf3ea4545d9717,ced3bef0200edff2ef9458ff1e6fa569,1.1104628098952156,6,승,2500
6a8d8145032d51a87159e1ff,ced3bef0200edff2ef9458ff1e6fa569,1.104421512737838,6,승,2500
6a8d79d4c97e228415620031,ced3bef0200edff2ef9458ff1e6fa569,1.1061486904414901,6,승,2500
6a8d1dbeacc84a2e17c90578,ced3bef0200edff2ef9458ff1e6fa569,1.104421512737838,6,패,2400
6a8d1855a0827e861d6abac5,ced3bef0200edff2ef9458ff1e6fa569,1.104421512737838,6,승,2400
6a8d009dabc1aa6a2a601780,ced3bef0200edff2ef9458ff1e6fa569,1.1044215127378383,6,무,2400
6a8cfe1111ffbc33c2483bca,ced3bef0200edff2ef9458ff1e6fa569,1.1044215127378383,6,승,2400
6a8cfb4f18331083662808a8,ced3bef0200edff2ef9458ff1e6fa569,1.104421512737838,6,패,2400
6a8cf887dc6c36caa0f90afe,ced3bef0200edff2ef9458ff1e6fa569,1.104421512737838,6,무,2400
6a8cf5866e4b3de47440626e,ced3bef0200edff2ef9458ff1e6fa569,1.104421512737838,6,승,2400
6a8cb9d530e2c42d358791c3,ced3bef0200edff2ef9458ff1e6fa569,1.104421512737838,6,승,2400
6a8b5a81ee238221f75901af,ced3bef0200edff2ef9458ff1e6fa569,1.104421512737838,6,승,2400
6a8b56a21d7ba33481493487,ced3bef0200edff2ef9458ff1e6fa569,1.0997377887821063,5,패,2400
6a8b535faaf69b15861b3a9e,ced3bef0200edff2ef9458ff1e6fa569,1.1044215127378383,6,패,2300
6a8b5012922889d0061b00e3,ced3bef0200edff2ef9458ff1e6fa569,1.104421512737838,6,승,2400
6a8b4d4b32d2f12363821100,ced3bef0200edff2ef9458ff1e6fa569,1.1061486904414901,6,패,2300
6a8b471085023185d9be78c5,ced3bef0200edff2ef9458ff1e6fa569,1.104421512737838,6,승,2300
6a8b24583b95610e8ab87dce,ced3bef0200edff2ef9458ff1e6fa569,1.104421512737838,6,패,2300
6a8b21963f258c8a8532fc47,ced3bef0200edff2ef9458ff1e6fa569,1.104421512737838,6,패,2300
6a8a7a7c3447c57e5fe3b4c6,ced3bef0200edff2ef9458ff1e6fa569,1.104421512737838,6,승,2200
6a8a778fd85bc616bdb1e840,ced3bef0200edff2ef9458ff1e6fa569,1.104421512737838,6,패,2200
6a9eb0d6da16f8cefdfb267b,83857522b9ab119140f9eceaec67068d,1.123635349263498,6,승,2200
6a9e24e50434a2c8f9a403ef,83857522b9ab119140f9eceaec67068d,1.1247581422026793,5,패,2200
6a9e20f97b22256bffdbec04,83857522b9ab119140f9eceaec67068d,1.123635349263498,6,패,2100
6a9e1e84fc5490c21de0b0f8,83857522b9ab119140f9eceaec67068d,1.123635349263498,6,패,2100
6a9dfb1a75c112576e8a7598,83857522b9ab119140f9eceaec67068d,1.1236353492634976,6,패,2100
6a9df8309b845d23f646a8ab,83857522b9ab119140f9eceaec67068d,1.123635349263498,6,승,2100
6a9d533d28bd01002708e5f6,83857522b9ab119140f9eceaec67068d,1.123635349263498,6,패,2100
6a9d50662c64825bb15c9a0a,83857522b9ab119140f9eceaec67068d,1.1236353492634978,6,무,2100
6a9d23ceeae171fa467a153b,83857522b9ab119140f9eceaec67068d,1.1236353492634976,6,무,2100
6a9c18d21f16082131563ac2,83857522b9ab119140f9eceaec67068d,1.123635349263498,6,패,2100
6a9c15d5e5f9ada098ac7486,83857522b9ab119140f9eceaec67068d,1.123635349263498,6,승,2100
6a9c12f07e755437d437c82d,83857522b9ab119140f9eceaec67068d,1.1236353492634978,6,무,2100
6a9c10151c4a2603a66b193a,83857522b9ab119140f9eceaec67068d,1.123635349263498,6,승,2200
6a9bdfbbae0376857f66f0f6,83857522b9ab119140f9eceaec67068d,1.1236353492634978,6,승,2200
6a9bdce55d4b030bc0eec7a8,83857522b9ab119140f9eceaec67068d,1.123635349263498,6,승,2200
6a9b68ff52f893b14e313007,83857522b9ab119140f9eceaec67068d,1.1236353492634976,6,패,2200
6a9b6625bda2420edbaa4812,83857522b9ab119140f9eceaec67068d,1.123635349263498,6,승,2200
6a9b636c858d160513108df0,83857522b9ab119140f9eceaec67068d,1.1236353492634978,6,무,2200
6a9b60aa4c2ad11c30f2a54e,83857522b9ab119140f9eceaec67068d,1.1236353492634978,6,무,2200
6a9b5c5ca82be7274626e83d,83857522b9ab119140f9eceaec67068d,1.123635349263498,6,승,2200
6a9b59b24aa9d5255ca67b88,83857522b9ab119140f9eceaec67068d,1.1236353492634976,6,승,2200
6a9b56d1cd4f5268cbbc4253,83857522b9ab119140f9eceaec67068d,1.123635349263498,6,승,2300
6a9b52d4cf7e30278b82155a,83857522b9ab119140f9eceaec67068d,1.1236353492634978,6,승,2300
6a9b4fa817496003491f6313,83857522b9ab119140f9eceaec67068d,1.123635349263498,6,패,2300
6a9b4ce96efb565f5a42dbf7,83857522b9ab119140f9eceaec67068d,1.123635349263498,6,승,2300
6a9b49e883a50a7b15e52038,83857522b9ab119140f9eceaec67068d,1.123635349263498,6,승,2300
6a9b2889cfd94b338a21c354,83857522b9ab119140f9eceaec67068d,1.1236353492634976,6,승,2300
6a9b22474a30ea1829f9c3f9,83857522b9ab119140f9eceaec67068d,1.123635349263498,6,승,2300
6a9b0c67d74cdf88fe478c13,83857522b9ab119140f9eceaec67068d,1.1236353492634978,6,승,2300
6a9b09bf6e884ed1a9a61a57,83857522b9ab119140f9eceaec67068d,1.123635349263498,6,무,2300
6a9b06eef193f644164c4256,83857522b9ab119140f9eceaec67068d,1.1236353492634978,6,승,2400
6a958c30938a3c29feec4897,83857522b9ab119140f9eceaec67068d,1.1404976077281246,6,패,2300
6a956b38b214db956f12c7f2,83857522b9ab119140f9eceaec67068d,1.1404976077281246,6,패,2300
6a9568687dda5ee5531e87af,83857522b9ab119140f9eceaec67068d,1.1404976077281246,6,패,2300
6a956557b8e3193510ed403c,83857522b9ab119140f9eceaec67068d,1.1404976077281248,6,무,2300
6a955dd68959cb72a2ad7658,83857522b9ab119140f9eceaec67068d,1.1404976077281246,6,패,2300
6a955b25d21133fbd2bcc3c7,83857522b9ab119140f9eceaec67068d,1.1404976077281246,6,패,2200
6a955841b2f2981db03ea010,83857522b9ab119140f9eceaec67068d,1.1404976077281246,6,패,2200
6a95540f65e7fa1f5c26ceeb,83857522b9ab119140f9eceaec67068d,1.1404976077281248,6,무,2200
6a9550e6a6251760d4d16999,83857522b9ab119140f9eceaec67068d,1.1404976077281248,6,무,2200
6a9547247d99e5f86c59b181,83857522b9ab119140f9eceaec67068d,1.1404976077281244,6,무,2200
6a954455b76f43bfd17331c1,83857522b9ab119140f9eceaec67068d,1.1404976077281246,6,패,2200
6a945a5a2dec23979d51c586,83857522b9ab119140f9eceaec67068d,1.1404976077281248,6,승,2200
6a940b99b02057951ff46e0a,83857522b9ab119140f9eceaec67068d,1.1404976077281248,6,패,2200
6a9006c09b92f846eb2055a3,83857522b9ab119140f9eceaec67068d,1.081730813565356,6,패,2200
6a9002b553fcbe45328d5c08,83857522b9ab119140f9eceaec67068d,1.081730813565356,6,패,2100
6a8fe6a7ce45f01af36dbd69,83857522b9ab119140f9eceaec67068d,1.1252022281940917,6,패,2500
6a8fcf287a4a139da01771a1,83857522b9ab119140f9eceaec67068d,1.1252022281940914,6,승,2500
6a8dbacc45e996920ba10ddf,83857522b9ab119140f9eceaec67068d,1.1252022281940912,6,승,2100
6a8da8556eade705ce964198,83857522b9ab119140f9eceaec67068d,1.1252022281940914,6,승,2200
6a8d9f26f8afb56a1a2ec02b,83857522b9ab119140f9eceaec67068d,1.1252022281940912,6,패,2100
6a8d9c62c52a452705b383e5,83857522b9ab119140f9eceaec67068d,1.1252022281940912,6,승,2100
6a8d9189339c4f296d926420,83857522b9ab119140f9eceaec67068d,1.1252022281940912,6,승,2100
6a8d5bbd3cc56b521e1eb56b,83857522b9ab119140f9eceaec67068d,1.1252022281940912,6,패,2100
6a8d56a579ccba31a30cef25,83857522b9ab119140f9eceaec67068d,1.1252022281940914,6,승,2100
6a8cc1059f1f0d689705eef1,83857522b9ab119140f9eceaec67068d,1.1252022281940914,6,승,2200
6a8cbe6a66fc1bd1a977bb9d,83857522b9ab119140f9eceaec67068d,1.1252022281940917,6,패,2100
6a8cbb31c24ad2dbd1330c52,83857522b9ab119140f9eceaec67068d,1.1252022281940912,6,패,2100
6a8c54881f98edcbba5a000a,83857522b9ab119140f9eceaec67068d,1.1252022281940912,6,승,2200
6a8c51b5b172039be0002355,83857522b9ab119140f9eceaec67068d,1.1252022281940914,6,무,2200
6a8c4ef713a7376f63fd90d2,83857522b9ab119140f9eceaec67068d,1.1252022281940912,6,승,2200
6a8ae4e90f77d3456c9178cd,83857522b9ab119140f9eceaec67068d,1.1252022281940912,6,패,2200
6a8ad0659cd96ff4eebb1ad2,83857522b9ab119140f9eceaec67068d,1.1252022281940914,6,패,2200
6a8accfd5729ae6eff20542b,83857522b9ab119140f9eceaec67068d,1.1252022281940912,6,패,2100
6a89b998428987760e27aee2,83857522b9ab119140f9eceaec67068d,1.1252022281940914,6,무,2100
6a89831d5ffc8857435e0aac,83857522b9ab119140f9eceaec67068d,1.1252022281940914,6,승,2100
6a885335a248b7baa6337c95,83857522b9ab119140f9eceaec67068d,1.1252022281940917,6,패,2100
6a8850544049ccdc9240083c,83857522b9ab119140f9eceaec67068d,1.1252022281940917,6,패,2100
6a884ca63df98117382bd7e3,83857522b9ab119140f9eceaec67068d,1.1252022281940914,6,무,2100
6a884979e988906c2bd22080,83857522b9ab119140f9eceaec67068d,1.1252022281940914,6,승,2100
6a88115f8cd2b04d1405e6bb,83857522b9ab119140f9eceaec67068d,1.1252022281940914,6,패,2100
6a880e98f0fd1c0acd4a2f83,83857522b9ab119140f9eceaec67068d,1.1252022281940912,6,승,2100
6a880b8c5e11aaf99ed7a8bd,83857522b9ab119140f9eceaec67068d,1.1252022281940912,6,패,2100
6a8800e622775a0cba81be85,83857522b9ab119140f9eceaec67068d,1.1252022281940912,6,승,2200
6a87fd2a489916e2f3550b72,83857522b9ab119140f9eceaec67068d,1.1252022281940912,6,무,2200
6a87fa7c9fba4d9355b99ac2,83857522b9ab119140f9eceaec67068d,1.1252022281940912,6,승,2200
6a87f7e14cefb703567773aa,83857522b9ab119140f9eceaec67068d,1.1252022281940914,6,패,2200
6a87ec9380b9b1f93400107d,83857522b9ab119140f9eceaec67068d,1.1252022281940914,6,무,2200
6a87ec9380b9b1f93400107d,09ba8685557ddb426efaba4bb7f65c28,1.1333759434367219,6,무,2000
6a87e32b3268a78ba60bbd92,83857522b9ab119140f9eceaec67068d,1.1252022281940914,6,승,2200
6a87a13a1b6c7e9f01c6704a,83857522b9ab119140f9eceaec67068d,1.1252022281940914,6,승,2300
6a879e3bc1530e34a0d623eb,83857522b9ab119140f9eceaec67068d,1.1252022281940912,6,승,2300
6a8792867544c2f293cd2d3b,83857522b9ab119140f9eceaec67068d,1.1252022281940912,6,무,2300
6a878f30fdcb6b1613d9a9f1,83857522b9ab119140f9eceaec67068d,1.1252022281940912,6,승,2300
6a878c6b9c6571f17ddc3b0a,83857522b9ab119140f9eceaec67068d,1.1252022281940914,6,패,2300
6a87059c404e3b1b9b5c0ce4,83857522b9ab119140f9eceaec67068d,1.1252022281940914,6,승,2300
6a870223a16347554e00494a,83857522b9ab119140f9eceaec67068d,1.1252022281940914,6,승,2300
6a86ff8002ff0c329fae7d9f,83857522b9ab119140f9eceaec67068d,1.1252022281940912,6,패,2300
6a9ee8e2ea3c1a63785bca2f,7917eca528b9562c9c177a5bc39b4802,1.1316448729784785,6,패,2000
6a9ee6486f416c7c88a0781c,7917eca528b9562c9c177a5bc39b4802,1.1316448729784785,6,승,2000
6a9ee396e8943e55a3982741,7917eca528b9562c9c177a5bc39b4802,1.1316448729784787,6,패,2000
6a9ee0e5c39fe663cee6a48a,7917eca528b9562c9c177a5bc39b4802,1.1316448729784785,6,무,2000
6a9e8d0273d6ce60cae32b14,7917eca528b9562c9c177a5bc39b4802,1.1316448729784787,6,승,2000
6a9e83eadaf885fc29f03996,7917eca528b9562c9c177a5bc39b4802,1.1316448729784787,6,패,2000
6a9bbe940f5a4309f43482b3,7917eca528b9562c9c177a5bc39b4802,1.1316448729784785,6,승,2000
6a9a550b98380120992092f5,7917eca528b9562c9c177a5bc39b4802,1.133343045796481,6,승,2100
6a9a52543635cf961ee4e9e5,7917eca528b9562c9c177a5bc39b4802,1.1312191374037548,6,승,2100
6a995894ecc275304f9f27ec,7917eca528b9562c9c177a5bc39b4802,1.1312191374037546,6,무,2100
6a9955dcada25f3b81909a27,7917eca528b9562c9c177a5bc39b4802,1.133343045796481,6,패,2100
6a98190217c6892eb9a5962a,7917eca528b9562c9c177a5bc39b4802,1.1542433839762059,5,패,2000
6a98165b72c4088ad549aa12,7917eca528b9562c9c177a5bc39b4802,1.1542433839762059,5,승,2100
6a98132a04f693094977bf44,7917eca528b9562c9c177a5bc39b4802,1.1542433839762059,5,패,2000
6a97a166f4550b60e06430d5,7917eca528b9562c9c177a5bc39b4802,1.1120082903170754,6,승,2100
6a979d5a06ae2400127c9e8f,7917eca528b9562c9c177a5bc39b4802,1.1120082903170756,6,무,2000
6a8e873c571656c93c4c4825,7917eca528b9562c9c177a5bc39b4802,1.127644496256076,6,승,2100
6a8d15fefb16a91aa3b83b42,7917eca528b9562c9c177a5bc39b4802,1.1199287821180122,6,승,2100
6a8d133b0f7b220ed3668c7d,7917eca528b9562c9c177a5bc39b4802,1.1199287821180122,6,패,2100
6a8bb1d916649d12c7d5d739,7917eca528b9562c9c177a5bc39b4802,1.1199287821180122,6,승,2100
6a897445092077ab00340502,7917eca528b9562c9c177a5bc39b4802,1.1199287821180122,6,패,2100
6a8971413786323479a53670,7917eca528b9562c9c177a5bc39b4802,1.1199287821180122,6,승,2100
6a896d3882df21c630129431,7917eca528b9562c9c177a5bc39b4802,1.1199287821180122,6,패,2100
6a87cab84c14eb2f5ec4ad64,7917eca528b9562c9c177a5bc39b4802,1.116709487885321,6,무,2100
6a87c765b14f947c45cb9c61,7917eca528b9562c9c177a5bc39b4802,1.116709487885321,6,패,2100
6a87025216fce442d0e3c151,7917eca528b9562c9c177a5bc39b4802,1.1181174779161513,6,패,2100
6a85d4fb85047414a0a84884,7917eca528b9562c9c177a5bc39b4802,1.1193405611058966,6,패,2000
6a85d222c95b2fa42e17e583,7917eca528b9562c9c177a5bc39b4802,1.1193405611058966,6,패,2000
6a85cf62ff7972a6e551a30a,7917eca528b9562c9c177a5bc39b4802,1.1193405611058966,6,승,2000
6a85cc793d863ebb4ca5e1a7,7917eca528b9562c9c177a5bc39b4802,1.1193405611058966,6,무,2000
6a8585844a12993dcc5e126b,7917eca528b9562c9c177a5bc39b4802,1.1193405611058966,6,승,2000
6a858081628f0309bcacefb2,7917eca528b9562c9c177a5bc39b4802,1.1193405611058966,6,무,2000
6a857dc85a4d283dd9ec88cf,7917eca528b9562c9c177a5bc39b4802,1.1193405611058966,6,승,2100
6a8575395ed95d4b24ab3923,7917eca528b9562c9c177a5bc39b4802,1.1193405611058966,6,패,2000
6a8572610b867db71764e324,7917eca528b9562c9c177a5bc39b4802,1.1193405611058966,6,승,2100
6a856f90306c1d6f99a1c4ff,7917eca528b9562c9c177a5bc39b4802,1.1193405611058966,6,패,2000
6a851c082dd4333678cbf51d,7917eca528b9562c9c177a5bc39b4802,1.1092649449934657,6,패,2000
6a8513a6550b816f2d1e7721,7917eca528b9562c9c177a5bc39b4802,1.1092649449934657,6,패,2000
6a850edbc11b637c933f4306,7917eca528b9562c9c177a5bc39b4802,1.1092649449934657,6,승,2000
6a84958fa962a5560274cc22,7917eca528b9562c9c177a5bc39b4802,1.1092649449934657,6,승,2100
6a8492bc98c629a35682c5f6,7917eca528b9562c9c177a5bc39b4802,1.1092649449934657,6,패,2000
6a8476268329893002863d34,7917eca528b9562c9c177a5bc39b4802,1.1092649449934657,6,승,2100
6a845ffcf460783ed32a5e9e,7917eca528b9562c9c177a5bc39b4802,1.1092649449934657,6,무,2100
6a832285d73092690147b24e,7917eca528b9562c9c177a5bc39b4802,1.1313710484884039,6,패,2100
6a831f13986b4b7f2cc212b5,7917eca528b9562c9c177a5bc39b4802,1.131371048488404,6,패,2000
6a8308f8cbd9d3411002876b,7917eca528b9562c9c177a5bc39b4802,1.131371048488404,6,패,2000
6a8262b800d9ef8d927c9438,7917eca528b9562c9c177a5bc39b4802,1.1313710484884039,6,패,2000
6a826021ccf6ef8d54ae85f1,7917eca528b9562c9c177a5bc39b4802,1.1313710484884039,6,패,2000
6a81c002114ed88e8dd95972,7917eca528b9562c9c177a5bc39b4802,1.1313710484884039,6,패,2000
6a81bd409201147ba0d2dcf8,7917eca528b9562c9c177a5bc39b4802,1.1313710484884039,6,승,2000
6a81b9c97ae7a41559958819,7917eca528b9562c9c177a5bc39b4802,1.131371048488404,6,패,2000
6a81b717681cd44a73b9ab83,7917eca528b9562c9c177a5bc39b4802,1.1313710484884039,6,승,2000
6a81b454371022fc4c51aded,7917eca528b9562c9c177a5bc39b4802,1.1313710484884039,6,패,2000
6a7dfa0e7eebc5713d6a9301,7917eca528b9562c9c177a5bc39b4802,1.131371048488404,6,승,2000
6a7df75822fb92a0f1227875,7917eca528b9562c9c177a5bc39b4802,1.1313710484884039,6,패,2000
6a7d51cb69bdc03eafdf4e7e,7917eca528b9562c9c177a5bc39b4802,1.1314828040426794,6,승,2000
6a7d46711dece1e4f3fe52a1,7917eca528b9562c9c177a5bc39b4802,1.1314828040426794,6,패,2000
6a7d4046838ccfa2b3280454,7917eca528b9562c9c177a5bc39b4802,1.1314828040426792,6,승,2000
6a7c9c4a62182d71d33b78be,7917eca528b9562c9c177a5bc39b4802,1.1314828040426792,6,승,2000
6a7c9480122df2f46aa9751d,7917eca528b9562c9c177a5bc39b4802,1.1313710484884039,6,패,2000
6a7c70c04a9fe09449a106b1,7917eca528b9562c9c177a5bc39b4802,1.1313710484884039,6,승,2000
6a7c675d0b42c204dec183f2,7917eca528b9562c9c177a5bc39b4802,1.1313710484884039,6,무,2000
6a7c1f646e43fd79ba15686f,7917eca528b9562c9c177a5bc39b4802,1.1543854271255714,7,승,2000
6a7c1b33fa8977857db83ccc,7917eca528b9562c9c177a5bc39b4802,1.1543854271255714,7,패,2000
6a7c181ed7b1603357a318b1,7917eca528b9562c9c177a5bc39b4802,1.1543854271255714,7,승,2000
6a7c14dc0056e51ab02b659c,7917eca528b9562c9c177a5bc39b4802,1.1577568608057869,7,패,2000
6a7bf66d68109ffa31fea726,7917eca528b9562c9c177a5bc39b4802,1.1543854271255714,7,패,2000
6a7bf2dc88095260c73804ec,7917eca528b9562c9c177a5bc39b4802,1.1593414498500068,7,패,2000
6a7b1404503b63fafb461cd2,7917eca528b9562c9c177a5bc39b4802,1.1326693207531717,6,패,1900
6a7b0fcd1b3a7eed865b266d,7917eca528b9562c9c177a5bc39b4802,1.1326693207531717,6,패,1900
6a7a8b02c077e7191aa89c15,7917eca528b9562c9c177a5bc39b4802,1.1326693207531717,6,승,1900
6a7a88064c906875cf59e9a4,7917eca528b9562c9c177a5bc39b4802,1.1326693207531717,6,패,1900
6a793db5a5ad600ef19b44c4,7917eca528b9562c9c177a5bc39b4802,1.1326693207531717,6,패,1900
6a788c7b4019079459b81cc6,7917eca528b9562c9c177a5bc39b4802,1.1326693207531717,6,패,1900
6a78898d3ae6e65da2a6c8bd,7917eca528b9562c9c177a5bc39b4802,1.1326693207531717,6,승,1900
6a78865f64ca982f49cc5496,7917eca528b9562c9c177a5bc39b4802,1.1326693207531717,6,승,1900
6a788358b69c7d335846f3f9,7917eca528b9562c9c177a5bc39b4802,1.1326693207531717,6,승,1900
6a7839c729c300916ff42341,7917eca528b9562c9c177a5bc39b4802,1.1326693207531717,6,패,1900
6a7836e456e50d1d34782dbf,7917eca528b9562c9c177a5bc39b4802,1.1326693207531717,6,승,1900
6a7828cefa2f1f30521fb6cc,7917eca528b9562c9c177a5bc39b4802,1.1326693207531717,6,패,1900
6a7807e2acad1e5f309dfc1c,7917eca528b9562c9c177a5bc39b4802,1.1326693207531717,6,무,1900
6a78051feb10e8a7070ccf28,7917eca528b9562c9c177a5bc39b4802,1.1326693207531717,6,패,1900
6a780284acfb353ca58ca4db,7917eca528b9562c9c177a5bc39b4802,1.1326693207531717,6,패,1900
6a77580b9b89a43640c45b7a,7917eca528b9562c9c177a5bc39b4802,1.1326693207531717,6,승,1900
6a77553fb4d0785dd5d2f124,7917eca528b9562c9c177a5bc39b4802,1.1326693207531717,6,승,1900
6a775254eb3908a1dbceb002,7917eca528b9562c9c177a5bc39b4802,1.1326693207531717,6,승,1900
6a774f8298396afb42a1a6bc,7917eca528b9562c9c177a5bc39b4802,1.1326693207531717,6,승,2000
6a77470388626551edb5beb9,7917eca528b9562c9c177a5bc39b4802,1.1326693207531717,6,패,1900
6a9ecce435426c7a2fd9cb8b,09ba8685557ddb426efaba4bb7f65c28,1.110846750130744,6,패,2100
6a9eca4cad28d284d16cc112,09ba8685557ddb426efaba4bb7f65c28,1.110846750130744,6,무,2100
6a9ec4dff4af30849bd1d16d,09ba8685557ddb426efaba4bb7f65c28,1.110846750130744,6,패,2000
6a9ec210a1b0ddf68834491c,09ba8685557ddb426efaba4bb7f65c28,1.110846750130744,6,승,2100
6a9de6754434c9e2c838bc12,09ba8685557ddb426efaba4bb7f65c28,1.1421797202423705,6,패,2000
6a9dd7f254af06669592c444,09ba8685557ddb426efaba4bb7f65c28,1.1429284638712771,6,패,2000
6a9dd0fb3c074a4540ddc7db,09ba8685557ddb426efaba4bb7f65c28,1.1441277371699121,6,패,2000
6a9dccfda67b6a0d91ad04a8,09ba8685557ddb426efaba4bb7f65c28,1.1429284638712771,6,패,2000
6a9dc89f9a038afba2f59c8c,09ba8685557ddb426efaba4bb7f65c28,1.1429284638712771,6,패,1900
6a9dc5573138a399277afa9e,09ba8685557ddb426efaba4bb7f65c28,1.1429284638712771,6,승,1900
6a9dc2bb7cd5fa70cfeba462,09ba8685557ddb426efaba4bb7f65c28,1.1429284638712771,6,승,2000
6a9dc01b8a8e80581d98992b,09ba8685557ddb426efaba4bb7f65c28,1.1429284638712771,6,패,1900
6a9dbda8c6befd6afff18fae,09ba8685557ddb426efaba4bb7f65c28,1.1429284638712773,6,패,1900
6a9db8fa374794fbbe840c52,09ba8685557ddb426efaba4bb7f65c28,1.1429284638712771,6,승,1900
6a9db63d28dbdc693e694cdc,09ba8685557ddb426efaba4bb7f65c28,1.1429284638712771,6,승,1900
6a9db30bbf3a612ff8c871c3,09ba8685557ddb426efaba4bb7f65c28,1.1429284638712771,6,승,2000
6a9da56ff37dfce822d17669,09ba8685557ddb426efaba4bb7f65c28,1.1317224912936419,6,패,1900
6a9d9709fc54902f3cde3f2d,09ba8685557ddb426efaba4bb7f65c28,1.1272321317991663,6,패,1900
6a9d94320b11856fa0269d64,09ba8685557ddb426efaba4bb7f65c28,1.1272321317991663,6,승,2000
6a9d9155a378d9c0391c3efb,09ba8685557ddb426efaba4bb7f65c28,1.1272321317991663,6,승,2000
6a9d8e8b4848e4a887f48627,09ba8685557ddb426efaba4bb7f65c28,1.1272321317991663,6,무,2000
6a9d88adde9abadbdd4ee113,09ba8685557ddb426efaba4bb7f65c28,1.1337229589585103,6,패,1900
6a9d85d8eb2be35720d230a2,09ba8685557ddb426efaba4bb7f65c28,1.127232131799166,6,승,2000
6a9d80ea5236637f9b295ef6,09ba8685557ddb426efaba4bb7f65c28,1.1272321317991663,6,패,1900
6a9d7e583c44ca53f8007950,09ba8685557ddb426efaba4bb7f65c28,1.127232131799166,6,무,1900
6a9d7b8cdc7139abffb79847,09ba8685557ddb426efaba4bb7f65c28,1.127232131799166,6,승,1900
6a9d779e5d4b03c05afe8847,09ba8685557ddb426efaba4bb7f65c28,1.1272321317991663,6,승,2000
6a9d6a5997e4b4423b0871ce,09ba8685557ddb426efaba4bb7f65c28,1.127232131799166,6,무,2000
6a9d67c24177ac373ae88c84,09ba8685557ddb426efaba4bb7f65c28,1.1272321317991663,6,무,2000
6a9d652cb3c78163b155ad43,09ba8685557ddb426efaba4bb7f65c28,1.127232131799166,6,무,2000
6a9d53df983801a3ba3d87b2,09ba8685557ddb426efaba4bb7f65c28,1.1272321317991663,6,패,1900
6a9bc8dc2dca328624763404,09ba8685557ddb426efaba4bb7f65c28,1.1284561196116158,6,패,2200
6a9bc645564eaed1f0d69872,09ba8685557ddb426efaba4bb7f65c28,1.1284561196116158,6,패,2200
6a9bc378c0906ebe225d5f50,09ba8685557ddb426efaba4bb7f65c28,1.1284561196116158,6,무,2200
6a9bc0ab7efbd5389815a18c,09ba8685557ddb426efaba4bb7f65c28,1.1284561196116158,6,승,2200
6a9a6c7b2ccfdba09ecda494,09ba8685557ddb426efaba4bb7f65c28,1.1284561196116158,6,승,2200
6a99a35e80b9d9674c6230ea,09ba8685557ddb426efaba4bb7f65c28,1.1284561196116158,6,승,2200
6a99a0bc28d51c8319357c71,09ba8685557ddb426efaba4bb7f65c28,1.1284561196116158,6,패,2200
6a999dd81a7a2094dedc065f,09ba8685557ddb426efaba4bb7f65c28,1.1284561196116158,6,승,2200
6a999b016b8dd55b13e48f13,09ba8685557ddb426efaba4bb7f65c28,1.1284561196116158,6,패,2200
6a99985cc28d4f03a5ffd8ae,09ba8685557ddb426efaba4bb7f65c28,1.1284561196116158,6,무,2200
6a9995cf3cda1f81e8c146be,09ba8685557ddb426efaba4bb7f65c28,1.1284561196116158,6,무,2200
6a99932ca9448439ff954dfb,09ba8685557ddb426efaba4bb7f65c28,1.1284561196116158,6,승,2200
6a9962ae67c2d96d61adaa86,09ba8685557ddb426efaba4bb7f65c28,1.1284561196116158,6,승,2200
6a8efcfa6d792274689fb44d,09ba8685557ddb426efaba4bb7f65c28,1.1333759434367219,6,승,2000
6a8c084c89aae2ece6c0a520,09ba8685557ddb426efaba4bb7f65c28,1.1288660427419248,6,패,1900
6a8c0580f7432b5a8112997d,09ba8685557ddb426efaba4bb7f65c28,1.1333759434367219,6,승,2000
6a8c02b73fea8c4b870a1616,09ba8685557ddb426efaba4bb7f65c28,1.1333759434367219,6,패,1900
6a8bffd56fe434aeabc7eb48,09ba8685557ddb426efaba4bb7f65c28,1.1333759434367219,6,승,2000
6a8bfd00884dae818976e695,09ba8685557ddb426efaba4bb7f65c28,1.1333759434367219,6,패,1900
6a8aeb4b3a608493f735f1a2,09ba8685557ddb426efaba4bb7f65c28,1.1333759434367219,6,패,1900
6a8ae8a2dd58e8711d58526f,09ba8685557ddb426efaba4bb7f65c28,1.1333759434367219,6,승,1900
6a8ae6183172fd985eff6042,09ba8685557ddb426efaba4bb7f65c28,1.1333759434367219,6,패,1900
6a8ae353f32bc6220ae05cde,09ba8685557ddb426efaba4bb7f65c28,1.1333759434367219,6,패,1900
6a8ae0db541c16659424b2c8,09ba8685557ddb426efaba4bb7f65c28,1.1333759434367219,6,승,1900
6a8ad4bd0d94d425b7286df2,09ba8685557ddb426efaba4bb7f65c28,1.1333759434367219,6,무,1900
6a8ad1e78f573231333eba42,09ba8685557ddb426efaba4bb7f65c28,1.1333759434367219,6,승,1900
6a8acf38cff3a972576373e1,09ba8685557ddb426efaba4bb7f65c28,1.1333759434367219,6,패,1900
6a8acc60a928b94f409926b7,09ba8685557ddb426efaba4bb7f65c28,1.1333759434367219,6,패,1900
6a8ac355df5e069fdab64fe1,09ba8685557ddb426efaba4bb7f65c28,1.1333759434367219,6,승,2000
6a8abdb2d377b4c93096fd81,09ba8685557ddb426efaba4bb7f65c28,1.1333759434367219,6,승,2000
6a8abb4bf0eb03dde5072414,09ba8685557ddb426efaba4bb7f65c28,1.1333759434367219,6,패,2000
6a8ab8b70f61694109c8614b,09ba8685557ddb426efaba4bb7f65c28,1.1288660427419248,6,패,2000
6a8ab61a8b7bfeb4d73b62e4,09ba8685557ddb426efaba4bb7f65c28,1.1333759434367219,6,승,2000
6a8ab2811eddf512d7582d6c,09ba8685557ddb426efaba4bb7f65c28,1.1288660427419246,6,승,2000
6a8aaf29fe7f957a056aa609,09ba8685557ddb426efaba4bb7f65c28,1.1333759434367219,6,패,2000
6a8aac78018ea04c15501142,09ba8685557ddb426efaba4bb7f65c28,1.1333759434367219,6,패,2000
6a8aa9dfd090f43c8cbaa1dc,09ba8685557ddb426efaba4bb7f65c28,1.1333759434367219,6,패,2000
6a8aa757588e024c852dd769,09ba8685557ddb426efaba4bb7f65c28,1.133375943436722,6,승,2000
6a8aa4c128057855395b15df,09ba8685557ddb426efaba4bb7f65c28,1.1333759434367219,6,패,2000
6a8aa2520a3804829d1455bb,09ba8685557ddb426efaba4bb7f65c28,1.1333759434367219,6,승,2000
6a8a9f7aa89692601cb4fa92,09ba8685557ddb426efaba4bb7f65c28,1.1333759434367219,6,승,2000
6a8a9cba2126b1a5c4d82e0b,09ba8685557ddb426efaba4bb7f65c28,1.1333759434367219,6,승,2000
6a87f546d659d5e10456d00c,09ba8685557ddb426efaba4bb7f65c28,1.1333759434367219,6,승,2000
6a87f2b7b5ddea4a64b16961,09ba8685557ddb426efaba4bb7f65c28,1.1333759434367219,6,승,2000
6a87efd3718e65b82f05cc10,09ba8685557ddb426efaba4bb7f65c28,1.1333759434367219,6,승,2000
6a87e9f490a198f9f7b5dd8c,09ba8685557ddb426efaba4bb7f65c28,1.1333759434367219,6,승,2100
6a87e76dafeb7b4be5ac7b0f,09ba8685557ddb426efaba4bb7f65c28,1.1333759434367219,6,패,2000
6a87e490bc34c3be546a16a6,09ba8685557ddb426efaba4bb7f65c28,1.1333759434367219,6,승,2100
6a87e21550e6c4799d28a34b,09ba8685557ddb426efaba4bb7f65c28,1.133375943436722,6,무,2100
6a87df740ba4d647f555dbeb,09ba8685557ddb426efaba4bb7f65c28,1.1333759434367219,6,패,2000
6a87dce787ff751712c0fd5d,09ba8685557ddb426efaba4bb7f65c28,1.1333759434367219,6,승,2100
6a87da1f518b0639a64fc939,09ba8685557ddb426efaba4bb7f65c28,1.1333759434367219,6,승,2100
6a87d792fd9d116a773f007a,09ba8685557ddb426efaba4bb7f65c28,1.1333759434367219,6,패,2100
6a87d3d28f22816c1364b81f,09ba8685557ddb426efaba4bb7f65c28,1.1333759434367219,6,승,2100
6a87d13fea7f6ff4cb6b8dd7,09ba8685557ddb426efaba4bb7f65c28,1.1333759434367219,6,패,2100
6a87ce857197750b9d5df116,09ba8685557ddb426efaba4bb7f65c28,1.1333759434367219,6,승,2100
6a8750061c2e7f455b451a37,09ba8685557ddb426efaba4bb7f65c28,1.1333759434367219,6,승,2100
6a874d9ab0a5229863f5ccd7,09ba8685557ddb426efaba4bb7f65c28,1.1333759434367219,6,패,2100
6a9d461fd70ad197b012a929,902c7bb45148f599087400b8ca69624a,1.1117571523222909,6,승,2000
6a9cf6e95c09461737240fc1,902c7bb45148f599087400b8ca69624a,1.1303273280773312,6,무,2000
6a9cf2fe93790de37f68df77,902c7bb45148f599087400b8ca69624a,1.1303273280773312,6,패,2000
6a9cf02017945bd49dea3edd,902c7bb45148f599087400b8ca69624a,1.1303273280773312,6,승,2000
6a9ced986098ab751038f2ad,902c7bb45148f599087400b8ca69624a,1.1303273280773312,6,승,2000
6a9cea46a8c01a8ca05f5aca,902c7bb45148f599087400b8ca69624a,1.1235375088513508,6,패,2000
6a9ce7628e78945d829bfe1e,902c7bb45148f599087400b8ca69624a,1.1235375088513508,6,승,2000
6a9beaaa7ee042516a36f46f,902c7bb45148f599087400b8ca69624a,1.1174699621779485,6,승,2200
6a9be71752f7ca12485b2f88,902c7bb45148f599087400b8ca69624a,1.1189800521916562,6,패,2000
6a9be004a5d88db28612e5d2,902c7bb45148f599087400b8ca69624a,1.1190423628455017,6,패,2000
6a9bdd71810684107d49d6ff,902c7bb45148f599087400b8ca69624a,1.1190423628455017,6,승,2000
6a9bd7e00e00b17b64682db7,902c7bb45148f599087400b8ca69624a,1.119042362845502,6,승,2000
6a9bc5fab517549c7ebcb8b0,902c7bb45148f599087400b8ca69624a,1.0984411564706846,6,무,2000
6a9bc30efa27435a338153c2,902c7bb45148f599087400b8ca69624a,1.111160652656695,6,패,2000
6a9bc0802450c357ab8077a7,902c7bb45148f599087400b8ca69624a,1.111160652656695,6,패,2000
6a9bbdae2556b63001c8ee01,902c7bb45148f599087400b8ca69624a,1.111160652656695,6,패,1900
6a9bbaa618c2401f3a1948a3,902c7bb45148f599087400b8ca69624a,1.111160652656695,6,무,1900
6a9bb6e736db4600274c2217,902c7bb45148f599087400b8ca69624a,1.111160652656695,6,승,2000
6a9bb404e63788aa20959472,902c7bb45148f599087400b8ca69624a,1.1096777587064168,6,무,2000
6a9bb0f5df8cea75cbdb8581,902c7bb45148f599087400b8ca69624a,1.1096777587064168,6,패,2000
6a9bad60a4a03c226cf65ec8,902c7bb45148f599087400b8ca69624a,1.1099584204814996,6,패,1900
6a9ba9de0a11ff04fde9cabd,902c7bb45148f599087400b8ca69624a,1.1099584204814998,6,패,1900
6a9ba5ec995f6568cfa9b823,902c7bb45148f599087400b8ca69624a,1.1099584204814998,6,승,1900
6a9ba29f8d5b75c69096411f,902c7bb45148f599087400b8ca69624a,1.1099584204814998,6,승,1900
6a9b8d0893a0f322afdce720,902c7bb45148f599087400b8ca69624a,1.1099584204814996,6,승,2000
6a9ac3e4c4eb4c4eb3a0f115,902c7bb45148f599087400b8ca69624a,1.1311682918254424,6,무,2000
6a9ac1121b002a29603d8637,902c7bb45148f599087400b8ca69624a,1.1311682918254424,6,승,2000
6a9abe9a277ccbb398070add,902c7bb45148f599087400b8ca69624a,1.1311682918254424,6,패,2000
6a9aa35c4082fd406326c3d7,902c7bb45148f599087400b8ca69624a,1.1498300232441963,6,패,1900
6a9a885efbc9966fa09cdb29,902c7bb45148f599087400b8ca69624a,1.1438600474317828,6,패,1900
6a9a706a163dd66a29c7a126,902c7bb45148f599087400b8ca69624a,1.1438600474317828,6,무,1900
6a9a6cde58cde28a7c1646b8,902c7bb45148f599087400b8ca69624a,1.1438600474317828,6,승,1900
6a9a67d3a7617f071fb65fbf,902c7bb45148f599087400b8ca69624a,1.1438600474317828,6,승,2200
6a940150912585968836aafd,902c7bb45148f599087400b8ca69624a,1.1210129498824652,6,패,2200
6a93e59b18bc370ba9689309,902c7bb45148f599087400b8ca69624a,1.129086818476011,6,패,2200
6a93db881ae094c5e666ea4b,902c7bb45148f599087400b8ca69624a,1.1290868184760112,6,승,2200
6a93d7cc4ff4b36ce2e2d268,902c7bb45148f599087400b8ca69624a,1.1235588750635672,6,패,2200
6a93d4db3976281f4aaab65d,902c7bb45148f599087400b8ca69624a,1.1237432466264752,6,승,2200
6a93afc9690bc8db45e21063,902c7bb45148f599087400b8ca69624a,1.1182022753017138,6,승,2000
6a93acf487761023bf5c3500,902c7bb45148f599087400b8ca69624a,1.1228721456124966,6,패,1900
6a93a9c41a52836c7a882d82,902c7bb45148f599087400b8ca69624a,1.1045439943886823,6,패,1900
6a92aadaf264137bcde079ff,902c7bb45148f599087400b8ca69624a,1.1244283290446708,6,승,1900
6a92a6ff32961650f1815fae,902c7bb45148f599087400b8ca69624a,1.1245489247193052,6,패,1900
6a928088f0f4c50610ecd3ae,902c7bb45148f599087400b8ca69624a,1.0915254144558313,6,승,1900
6a927dc2d0bc58c72936cd87,902c7bb45148f599087400b8ca69624a,1.084628644690009,6,패,1900
6a92217bdb4bf9cc41630901,902c7bb45148f599087400b8ca69624a,1.084628644690009,6,패,1900
6a921eb285c901aa5dab198c,902c7bb45148f599087400b8ca69624a,1.084628644690009,6,무,1900
6a921b6eefdffd0869bb714f,902c7bb45148f599087400b8ca69624a,1.089689552523066,6,무,1900
6a8c0b770320075a2f8d6d28,902c7bb45148f599087400b8ca69624a,1.1073109293953658,6,무,1900
6a8acb3801dd097db609fc3f,902c7bb45148f599087400b8ca69624a,1.1073109293953658,6,승,1900
6a8ac86740be1c23fdb1338b,902c7bb45148f599087400b8ca69624a,1.1073109293953658,6,패,1900
6a8ac570f48b026670744b09,902c7bb45148f599087400b8ca69624a,1.1073109293953658,6,패,1900
6a8ab1f8f20852f0e67838d9,902c7bb45148f599087400b8ca69624a,1.1073109293953658,6,패,1900
6a8a7e92532c1e25c039e658,902c7bb45148f599087400b8ca69624a,1.1073109293953656,6,무,1900
6a8a7c12c4de8b2c11caa673,902c7bb45148f599087400b8ca69624a,1.1073109293953658,6,승,1900
6a8a797527cee4d807a62f92,902c7bb45148f599087400b8ca69624a,1.1073109293953656,6,승,1900
6a8a76ca2918a621ea4f0f39,902c7bb45148f599087400b8ca69624a,1.1073109293953658,6,패,1900
6a8a7438959d0e7e83108630,902c7bb45148f599087400b8ca69624a,1.1073109293953658,6,패,1900
6a8a7162705d480a81e4356a,902c7bb45148f599087400b8ca69624a,1.1073109293953658,6,승,1900
6a899a3d99bafdd16f52f9ff,902c7bb45148f599087400b8ca69624a,1.1073109293953658,6,패,1900
6a897a9a0c9eeef636b68562,902c7bb45148f599087400b8ca69624a,1.1073109293953658,6,승,1900
6a8961942540591ab568da52,902c7bb45148f599087400b8ca69624a,1.0930550913786927,6,승,1900
6a895eb3fb5d051690743ff6,902c7bb45148f599087400b8ca69624a,1.0930550913786927,6,패,1900
6a8942d49f3dd87af117b30a,902c7bb45148f599087400b8ca69624a,1.0930550913786927,6,패,1900
6a893697047a1a516a387b53,902c7bb45148f599087400b8ca69624a,1.1024773630930236,4,패,1900
6a8933aae00d59428171a687,902c7bb45148f599087400b8ca69624a,1.1024773630930236,4,승,1900
6a892d0c7ccf91ad911e6ef7,902c7bb45148f599087400b8ca69624a,1.102005104849571,3,패,1900
6a8841c0a04c663b286bfca1,902c7bb45148f599087400b8ca69624a,1.1092718278926397,6,승,2000
6a883f528f9dcf3eeb74cc69,902c7bb45148f599087400b8ca69624a,1.1092718278926397,6,승,2000
6a883ca8935c6efb1b7f6e83,902c7bb45148f599087400b8ca69624a,1.1092718278926397,6,승,2000
6a883a2a1c7b074b223f77f2,902c7bb45148f599087400b8ca69624a,1.1092718278926397,6,패,2000
6a8837759be0f5296ca3abe6,902c7bb45148f599087400b8ca69624a,1.1092718278926397,6,패,2000
6a88138fbbe4f95b2ac82d2e,902c7bb45148f599087400b8ca69624a,1.1092718278926397,6,승,2000
6a86bbe9bdb5dbbefdcf756b,902c7bb45148f599087400b8ca69624a,1.110156713928095,6,승,2100
6a86b946cb8289a3ff123ba4,902c7bb45148f599087400b8ca69624a,1.110156713928095,6,승,2100
6a86b67426d5cf4ac1c828d0,902c7bb45148f599087400b8ca69624a,1.110156713928095,6,승,2100
6a86b3cd7e46f0ad52a7e4a3,902c7bb45148f599087400b8ca69624a,1.110156713928095,6,패,2100
6a86b02c787f4692eeed2548,902c7bb45148f599087400b8ca69624a,1.110156713928095,6,승,2100
6a82aa5c45cc005625ff6cc6,902c7bb45148f599087400b8ca69624a,1.114244718491204,6,무,2200
6a9ecf74327ce7134f6f2f12,aa15cff253ae91ae7ce743b8a19055f8,1.1384897437900352,5,패,2100
6a9eca4bd0f7150b673868f3,aa15cff253ae91ae7ce743b8a19055f8,1.1384897437900352,5,승,2200
6a9ec6703e308e2c62da2fd4,aa15cff253ae91ae7ce743b8a19055f8,1.1384897437900352,5,패,2100
6a9ebc55137caf253ad13a1c,aa15cff253ae91ae7ce743b8a19055f8,1.1384897437900352,5,승,2200
6a9d73087fbca652aa4b7f86,aa15cff253ae91ae7ce743b8a19055f8,1.1384897437900352,5,무,2500
6a9d7006da6c7cefa1b2cef6,aa15cff253ae91ae7ce743b8a19055f8,1.1384897437900352,5,무,2500
6a9c1172e8943e044f7f9aff,aa15cff253ae91ae7ce743b8a19055f8,1.1384897437900352,5,패,2100
6a9c09465520ae033ed38339,aa15cff253ae91ae7ce743b8a19055f8,1.1384897437900352,5,무,2100
6a9bc7024216cb85d8e715a8,aa15cff253ae91ae7ce743b8a19055f8,1.1384897437900352,5,패,2500
6a9bc3a25cde6149c85c6c22,aa15cff253ae91ae7ce743b8a19055f8,1.1373335450334106,4,패,2500
6a9ae22de6dd0ad2fd164426,aa15cff253ae91ae7ce743b8a19055f8,1.1384897437900352,5,승,2500
6a9adf6a59ff9b0b76895465,aa15cff253ae91ae7ce743b8a19055f8,1.1384897437900352,5,무,2500
6a9adcc94f57b11252bf1acf,aa15cff253ae91ae7ce743b8a19055f8,1.1384897437900352,5,무,2500
6a99778fb0ada30bbb20cafb,aa15cff253ae91ae7ce743b8a19055f8,1.1384897437900352,5,패,2500
6a9974ae1a65bca95cea0573,aa15cff253ae91ae7ce743b8a19055f8,1.1384897437900352,5,승,2500
6a98377591798551aaa2defd,aa15cff253ae91ae7ce743b8a19055f8,1.1384897437900352,5,패,2500
6a983432f5649762abf493d8,aa15cff253ae91ae7ce743b8a19055f8,1.1384897437900352,5,무,2500
6a96d8bbd48db1baaf3d3cd6,aa15cff253ae91ae7ce743b8a19055f8,1.1384897437900352,5,승,2100
6a9594e72c7160bd8f5fb0aa,aa15cff253ae91ae7ce743b8a19055f8,1.1384897437900352,5,무,2100
6a9591273eeda647ffe37539,aa15cff253ae91ae7ce743b8a19055f8,1.1384897437900352,5,패,2100
6a93f7385d674d08a9327d45,aa15cff253ae91ae7ce743b8a19055f8,1.1384897437900352,5,패,2100
6a93f42e1178fdf4829b1f17,aa15cff253ae91ae7ce743b8a19055f8,1.1384897437900352,5,패,2100
6a92ee9248acf018528b0e3b,aa15cff253ae91ae7ce743b8a19055f8,1.1384897437900352,5,무,2100
6a92eb7d3560596f0d6da746,aa15cff253ae91ae7ce743b8a19055f8,1.1384897437900352,5,승,2100
6a92e67e5d693c9d10166f4d,aa15cff253ae91ae7ce743b8a19055f8,1.1384897437900352,5,승,2500
6a91a2849e02a86863fed56c,aa15cff253ae91ae7ce743b8a19055f8,1.1384897437900352,5,승,2100
6a919fbe55c767169e50f63b,aa15cff253ae91ae7ce743b8a19055f8,1.1384897437900352,5,승,2100
6a919c0a48e7eb5e6cc07f6a,aa15cff253ae91ae7ce743b8a19055f8,1.1384897437900352,5,패,2100
6a9047979188a2facd68b0ce,aa15cff253ae91ae7ce743b8a19055f8,1.1384897437900352,5,패,2500
6a902b870327bd383d4c6fa6,aa15cff253ae91ae7ce743b8a19055f8,1.1384897437900352,5,승,2500
6a9028dbc2681c034e406ac5,aa15cff253ae91ae7ce743b8a19055f8,1.1384897437900352,5,패,2500
6a8f05e742f0132c570cc5cd,aa15cff253ae91ae7ce743b8a19055f8,1.1384897437900352,5,패,2100
6a8eff996821a36c0d94fed1,aa15cff253ae91ae7ce743b8a19055f8,1.1384897437900352,5,무,2200
6a8efcd53d112b7d8c6e785e,aa15cff253ae91ae7ce743b8a19055f8,1.1384897437900352,5,승,2200
6a8ed412d70b8a00455b15f3,aa15cff253ae91ae7ce743b8a19055f8,1.1384897437900352,5,승,2200
6a8da6cca7cf810aea18da0e,aa15cff253ae91ae7ce743b8a19055f8,1.1384897437900352,5,승,2200
6a8da23c47a4cca648227dc2,aa15cff253ae91ae7ce743b8a19055f8,1.1384897437900352,5,승,2200
6a8d9ec61e44ee2ab34b6924,aa15cff253ae91ae7ce743b8a19055f8,1.1384897437900352,5,승,2200
6a8d9a139906d47874df32f3,aa15cff253ae91ae7ce743b8a19055f8,1.1384897437900352,5,무,2200
6a8d94265db1ad49e0479bbd,aa15cff253ae91ae7ce743b8a19055f8,1.1384897437900352,5,패,2200
6a8c58f88f6782c6990f5239,aa15cff253ae91ae7ce743b8a19055f8,1.1384897437900352,5,패,2200
6a8c560fa50d4ce7f6494ec8,aa15cff253ae91ae7ce743b8a19055f8,1.1384897437900352,5,승,2200
6a8c38e4c822fe6f51674b05,aa15cff253ae91ae7ce743b8a19055f8,1.1384897437900352,5,패,2200
6a8c3636c5a90525e25bfb4b,aa15cff253ae91ae7ce743b8a19055f8,1.1384897437900352,5,승,2200
6a8b0ac687ff3f0986503009,aa15cff253ae91ae7ce743b8a19055f8,1.1384897437900352,5,패,2200
6a8b041233012b563b1cf0cb,aa15cff253ae91ae7ce743b8a19055f8,1.1384897437900352,5,승,2200
6a8abc2061a6189ba1dbffd8,aa15cff253ae91ae7ce743b8a19055f8,1.1384897437900352,5,승,2300
6a8ab4de2c72a346204d50a9,aa15cff253ae91ae7ce743b8a19055f8,1.1384897437900352,5,승,2300
6a89bdbe6d7922d6b97acbd8,aa15cff253ae91ae7ce743b8a19055f8,1.1384897437900352,5,패,2200
6a886d5d0ebb6a5485586b95,aa15cff253ae91ae7ce743b8a19055f8,1.1384897437900352,5,승,2300
6a8717c41bc4fb4defd8ce9c,aa15cff253ae91ae7ce743b8a19055f8,1.1384897437900352,5,무,2300
6a8714b640a68059aa97a714,aa15cff253ae91ae7ce743b8a19055f8,1.1384897437900352,5,무,2300
6a87119d885a4c40e1902dfa,aa15cff253ae91ae7ce743b8a19055f8,1.1384897437900352,5,패,2300
6a85bae9d7bd02050cffe0ff,aa15cff253ae91ae7ce743b8a19055f8,1.1384897437900352,5,승,2300
6a85ad47114ed84109f7c8fa,aa15cff253ae91ae7ce743b8a19055f8,1.1384897437900352,5,승,2300
6a859a9146edf07cc9899b26,aa15cff253ae91ae7ce743b8a19055f8,1.1384897437900352,5,승,2300
6a8597358e185467f56b2cee,aa15cff253ae91ae7ce743b8a19055f8,1.1384897437900352,5,패,2300
6a847299c5b92978aabe88f6,aa15cff253ae91ae7ce743b8a19055f8,1.1384897437900352,5,무,2300
6a8312e4dbe8da518551ea39,aa15cff253ae91ae7ce743b8a19055f8,1.1384897437900352,5,패,2300
6a830535ab28868d95064bb4,aa15cff253ae91ae7ce743b8a19055f8,1.1360058028760986,5,패,2300
6a83029ecaf49923726a2bdc,aa15cff253ae91ae7ce743b8a19055f8,1.1360058028760989,5,무,2300
6a828a6b367f787aeffb4202,aa15cff253ae91ae7ce743b8a19055f8,1.1360058028760989,5,패,2300
6a8273ef8c0e392409e1ab99,aa15cff253ae91ae7ce743b8a19055f8,1.1360058028760986,5,무,2300
6a827006c4e605469d60446c,aa15cff253ae91ae7ce743b8a19055f8,1.1360058028760989,5,승,2300
6a826d3fde23468078fbfba5,aa15cff253ae91ae7ce743b8a19055f8,1.1360058028760989,5,승,2300
6a826672c5d4d1bf29530d86,aa15cff253ae91ae7ce743b8a19055f8,1.1360058028760989,5,패,2300
6a826070566a0f0db3948971,aa15cff253ae91ae7ce743b8a19055f8,1.1360058028760986,5,무,2300
6a825da257400c42083e60a1,aa15cff253ae91ae7ce743b8a19055f8,1.1360058028760989,5,패,2300
6a81c3050c4948555edf21b6,aa15cff253ae91ae7ce743b8a19055f8,1.1360058028760989,5,무,2300
6a81bb1e9c629900493d10a8,aa15cff253ae91ae7ce743b8a19055f8,1.1360058028760989,5,승,2300
6a8178ac03a773b3f6c806b7,aa15cff253ae91ae7ce743b8a19055f8,1.1360058028760989,5,승,2300
6a806ac59ced9276a6def902,aa15cff253ae91ae7ce743b8a19055f8,1.1360058028760989,5,무,2300
6a8067b6306c1d458978c9b6,aa15cff253ae91ae7ce743b8a19055f8,1.1360058028760986,5,패,2300
6a9f5b4b403a3dd19f03b894,ab49c16bd6b2e517a6ed8246a49d621e,1.1529825918194814,6,승,2100
6a9f5842896a2dffc89f98da,ab49c16bd6b2e517a6ed8246a49d621e,1.1529825918194814,6,승,2100
6a9f5525930ef74bab988ada,ab49c16bd6b2e517a6ed8246a49d621e,1.1529825918194814,6,패,2100
6a9f52701102ad3094f6951e,ab49c16bd6b2e517a6ed8246a49d621e,1.1529825918194814,6,패,2100
6a9622a70e9742ab034da767,ab49c16bd6b2e517a6ed8246a49d621e,1.144394011285509,6,승,2100
6a96200f7c2964a92e907910,ab49c16bd6b2e517a6ed8246a49d621e,1.1443940112855093,6,무,2100
6a961d83982b53b723e2bfe0,ab49c16bd6b2e517a6ed8246a49d621e,1.1443940112855093,6,패,2100
6a94ce65bd053a468606fb73,ab49c16bd6b2e517a6ed8246a49d621e,1.1160405748472748,6,승,2100
6a94cb81cef4e17e120b1c46,ab49c16bd6b2e517a6ed8246a49d621e,1.144394011285509,6,무,2100
6a94c8e19b179c166da2f1d8,ab49c16bd6b2e517a6ed8246a49d621e,1.1302892526457682,8,무,2100
6a94c62313c2413f6476ecac,ab49c16bd6b2e517a6ed8246a49d621e,1.1443940112855093,6,승,2200
6a940ca0707e780c8492dfcd,ab49c16bd6b2e517a6ed8246a49d621e,1.1443940112855093,6,패,2200
6a9409d93560593e08773429,ab49c16bd6b2e517a6ed8246a49d621e,1.1443940112855093,6,승,2200
6a9406dcf02e42eb0e33504a,ab49c16bd6b2e517a6ed8246a49d621e,1.144394011285509,6,승,2200
6a9403fc5ba00173217b7dcd,ab49c16bd6b2e517a6ed8246a49d621e,1.1160843696406937,6,승,2200
6a94014810640b2b7c27c4be,ab49c16bd6b2e517a6ed8246a49d621e,1.1443940112855093,6,무,2200
6a93fed35b570be079f47136,ab49c16bd6b2e517a6ed8246a49d621e,1.144394011285509,6,승,2200
6a93fad0ec1318b92fc09ae7,ab49c16bd6b2e517a6ed8246a49d621e,1.1443940112855093,6,패,2200
6a93f83cad1e582405b7b610,ab49c16bd6b2e517a6ed8246a49d621e,1.144394011285509,6,승,2200
6a93f589607f9671ac67633b,ab49c16bd6b2e517a6ed8246a49d621e,1.130289252645768,8,패,2200
6a93f23f5c4d6a16378a8643,ab49c16bd6b2e517a6ed8246a49d621e,1.1443940112855093,6,패,2200
6a9377d840065a3e7d3946ae,ab49c16bd6b2e517a6ed8246a49d621e,1.130289252645768,8,패,2200
6a937531b02ab18ef7c61a95,ab49c16bd6b2e517a6ed8246a49d621e,1.1443940112855093,6,승,2200
6a9371ae020eb192aaa094bd,ab49c16bd6b2e517a6ed8246a49d621e,1.1443940112855093,6,승,2200
6a936f0dc01e4c4f8c17f193,ab49c16bd6b2e517a6ed8246a49d621e,1.1443940112855093,6,승,2200
6a936b8369076406860b03dc,ab49c16bd6b2e517a6ed8246a49d621e,1.1420733991481467,6,패,2200
6a9367a7448f90ae03731a41,ab49c16bd6b2e517a6ed8246a49d621e,1.144394011285509,6,승,2200
6a9364b587cf221b89516661,ab49c16bd6b2e517a6ed8246a49d621e,1.1420733991481467,6,무,2200
6a92e6641ded9064630d017e,ab49c16bd6b2e517a6ed8246a49d621e,1.1443940112855093,6,무,2200
6a92e3c150ec8dbec6f2558f,ab49c16bd6b2e517a6ed8246a49d621e,1.1443940112855093,6,패,2200
6a92e104345b033e73c9ce03,ab49c16bd6b2e517a6ed8246a49d621e,1.1252436248842956,8,패,2200
6a92de71e4ab980a99e30145,ab49c16bd6b2e517a6ed8246a49d621e,1.1443940112855093,6,승,2200
6a92dbdff39018c1b6e7b4d0,ab49c16bd6b2e517a6ed8246a49d621e,1.1302892526457682,8,패,2200
6a92d95c712764ecee46e9fa,ab49c16bd6b2e517a6ed8246a49d621e,1.144394011285509,6,승,2200
6a90dd4929af42109e6b5cef,ab49c16bd6b2e517a6ed8246a49d621e,1.1420733991481464,6,패,2200
6a90d9da07f37aacf7fa37df,ab49c16bd6b2e517a6ed8246a49d621e,1.1443940112855093,6,승,2200
6a90d5558757d9855a7f0153,ab49c16bd6b2e517a6ed8246a49d621e,1.1443940112855093,6,승,2200
6a8e2f209cfb52c331e167fe,ab49c16bd6b2e517a6ed8246a49d621e,1.1160405748472748,6,승,2300
6a8e2c67d0ba4a68b40c30bf,ab49c16bd6b2e517a6ed8246a49d621e,1.1420733991481464,6,패,2200
6a8ce762ced2a07bb0d54592,ab49c16bd6b2e517a6ed8246a49d621e,1.1443940112855093,6,패,2200
6a8ce3733ac747599652ece8,ab49c16bd6b2e517a6ed8246a49d621e,1.1108759123983207,6,패,2200
6a8ce0ac7610ea11d03050a0,ab49c16bd6b2e517a6ed8246a49d621e,1.1160405748472748,6,패,2200
6a8cde08792a105efea1fa9e,ab49c16bd6b2e517a6ed8246a49d621e,1.1161053538926409,6,승,2200
6a8cdb6cc2281b7d5cea425b,ab49c16bd6b2e517a6ed8246a49d621e,1.144394011285509,6,무,2200
6a8ad5aab5641f1421723974,ab49c16bd6b2e517a6ed8246a49d621e,1.1420733991481464,6,패,2100
6a8ad30199edcd9925e91fa1,ab49c16bd6b2e517a6ed8246a49d621e,1.1420733991481467,6,승,2200
6a8ad08180715eefb2f9b7e1,ab49c16bd6b2e517a6ed8246a49d621e,1.1420733991481464,6,패,2100
6a8acdd28c9941f6c58f31fb,ab49c16bd6b2e517a6ed8246a49d621e,1.1420733991481464,6,패,2100
6a8a38a7924469aa0eb98399,ab49c16bd6b2e517a6ed8246a49d621e,1.1420733991481467,6,패,2100
6a8a35c432d73680c7ea4c20,ab49c16bd6b2e517a6ed8246a49d621e,1.1420733991481467,6,무,2100
6a8a331e2ac5b4565ce565c3,ab49c16bd6b2e517a6ed8246a49d621e,1.1420733991481464,6,승,2200
6a8a3056edf2e79ab0df1121,ab49c16bd6b2e517a6ed8246a49d621e,1.137666507603546,6,패,2100
6a88616304b078c64aeb76bb,ab49c16bd6b2e517a6ed8246a49d621e,1.1302892526457682,8,패,2100
6a885ecc4fd63d7a42e7e248,ab49c16bd6b2e517a6ed8246a49d621e,1.144394011285509,6,패,2100
6a8853ae552d4555699f8c72,ab49c16bd6b2e517a6ed8246a49d621e,1.1443940112855093,6,무,2100
6a8850e70b3c09114494a45e,ab49c16bd6b2e517a6ed8246a49d621e,1.1443940112855093,6,승,2100
6a884e32144092f6071f243b,ab49c16bd6b2e517a6ed8246a49d621e,1.1443940112855093,6,패,2100
6a884b5908b1d1c619b55e6a,ab49c16bd6b2e517a6ed8246a49d621e,1.137666507603546,6,패,2100
6a87b362e4c4e986485d9049,ab49c16bd6b2e517a6ed8246a49d621e,1.1443940112855093,6,승,2100
6a87b01d44d6bb2d4c10be54,ab49c16bd6b2e517a6ed8246a49d621e,1.1443940112855093,6,패,2100
6a87ad29477fd867f12d1076,ab49c16bd6b2e517a6ed8246a49d621e,1.1443940112855093,6,패,2100
6a87aa69c326f037781791f6,ab49c16bd6b2e517a6ed8246a49d621e,1.1443940112855093,6,패,2100
6a87a5490b45b57b5f9ea8fc,ab49c16bd6b2e517a6ed8246a49d621e,1.144394011285509,6,무,2100
6a871bc4b60ec6f2b81b9aa0,ab49c16bd6b2e517a6ed8246a49d621e,1.1443940112855093,6,승,2100
6a8718f4be4e4b2a06a43b9d,ab49c16bd6b2e517a6ed8246a49d621e,1.1443940112855093,6,패,2100
6a86d571777e35808da09db2,ab49c16bd6b2e517a6ed8246a49d621e,1.144394011285509,6,승,2100
6a86d2b62ef5e88585e6bb29,ab49c16bd6b2e517a6ed8246a49d621e,1.1443940112855093,6,승,2100
6a86d002792a10e2e071560b,ab49c16bd6b2e517a6ed8246a49d621e,1.1420733991481467,6,패,2100
6a86cd168a2d6b16ee6f1b4e,ab49c16bd6b2e517a6ed8246a49d621e,1.1443940112855093,6,승,2100
6a86ca450e63f424d778e359,ab49c16bd6b2e517a6ed8246a49d621e,1.1302892526457682,8,패,2100
6a86c798d36c4c5e93bcfc2c,ab49c16bd6b2e517a6ed8246a49d621e,1.144394011285509,6,승,2100
6a85c8642dc6f501a85a0308,ab49c16bd6b2e517a6ed8246a49d621e,1.1420733991481467,6,패,2100
6a85c587bf52e05b864030d0,ab49c16bd6b2e517a6ed8246a49d621e,1.144394011285509,6,승,2100
6a85c2a27cf81d0e0525ac18,ab49c16bd6b2e517a6ed8246a49d621e,1.1252436248842956,8,패,2100
6a85c00e8db518bff49af3d3,ab49c16bd6b2e517a6ed8246a49d621e,1.144394011285509,6,무,2100
6a857d0ebf76afc60685dda8,ab49c16bd6b2e517a6ed8246a49d621e,1.1160405748472746,6,승,2100
6a857a8aaaa4e52b49647245,ab49c16bd6b2e517a6ed8246a49d621e,1.144394011285509,6,승,2100
6a8575b0a61cab42ec236305,ab49c16bd6b2e517a6ed8246a49d621e,1.1443940112855093,6,승,2200
6a8572f648c8a17a43887140,ab49c16bd6b2e517a6ed8246a49d621e,1.1207936590335335,6,패,2200
6a857069762d20f3afbedb68,ab49c16bd6b2e517a6ed8246a49d621e,1.144394011285509,6,패,2100
6a854f08802741a32ec99d0a,ab49c16bd6b2e517a6ed8246a49d621e,1.130289252645768,8,패,2100
6a854c1fd432d2afdafa1f21,ab49c16bd6b2e517a6ed8246a49d621e,1.1443940112855093,6,패,2100
6a83b29dfe10d913afad5fc1,ab49c16bd6b2e517a6ed8246a49d621e,1.1093233608414812,8,패,2100
6a83b00fbc0ce4893d38675c,ab49c16bd6b2e517a6ed8246a49d621e,1.1443940112855093,6,승,2100
6a83ad3bca03e6562e767384,ab49c16bd6b2e517a6ed8246a49d621e,1.1302892526457682,8,무,2100
6a83a99c2a02df6ac8e31f7b,ab49c16bd6b2e517a6ed8246a49d621e,1.1420733991481467,6,패,2100
6a8335967a246103677d6e8d,ab49c16bd6b2e517a6ed8246a49d621e,1.143266460625058,6,패,2100
6a9f0709504e2a0dede6ae0c,33eb672ac281df667c52ef5770a7d186,1.0598795288453904,6,승,2300
6a9f044a5d4e2646be965574,33eb672ac281df667c52ef5770a7d186,1.0598795288453904,6,패,2200
6a9f01d0f5896a85806d70dc,33eb672ac281df667c52ef5770a7d186,1.0598795288453904,6,패,2200
6a9eff5a7db4b634ab4915e5,33eb672ac281df667c52ef5770a7d186,1.0598795288453902,6,무,2200
6a9efca2e762b0b665b50773,33eb672ac281df667c52ef5770a7d186,1.0598795288453902,6,승,2200
6a9efa0b7f211a1ca8c9c850,33eb672ac281df667c52ef5770a7d186,1.0598795288453904,6,패,2200
6a9ef75b04fc3963447a57bc,33eb672ac281df667c52ef5770a7d186,1.0598795288453904,6,무,2200
6a9ef4ea4e2bca1c52cc6bb4,33eb672ac281df667c52ef5770a7d186,1.0598795288453904,6,승,2300
6a9ef227d98aa61420b12bb6,33eb672ac281df667c52ef5770a7d186,1.0598795288453904,6,무,2300
6a9eef6b7a3b64daa8d2c254,33eb672ac281df667c52ef5770a7d186,1.0598795288453902,6,패,2200
6a9eebabb5482c689f7fbae4,33eb672ac281df667c52ef5770a7d186,1.0598795288453904,6,승,2300
6a9ed422817a292f6f8aab78,33eb672ac281df667c52ef5770a7d186,1.0598795288453904,6,승,2300
6a9ed13b434c416ab6714e17,33eb672ac281df667c52ef5770a7d186,1.0598795288453904,6,패,2300
6a9ece3529c55b6c062942f7,33eb672ac281df667c52ef5770a7d186,1.0598795288453904,6,패,2200
6a9ecb757c95fc7008fcb299,33eb672ac281df667c52ef5770a7d186,1.0598795288453904,6,패,2200
6a9ec6b69fbdf1e01ab96dec,33eb672ac281df667c52ef5770a7d186,1.0598795288453904,6,패,2200
6a9ec4311cc878cd468ecc40,33eb672ac281df667c52ef5770a7d186,1.0598795288453904,6,무,2200
6a9ec198238c7fa0ef6d6edc,33eb672ac281df667c52ef5770a7d186,1.0598795288453904,6,승,2200
6a9ebeece5f9ad02d9c2c4d9,33eb672ac281df667c52ef5770a7d186,1.0598795288453904,6,승,2200
6a9d035a372f24634e167f59,33eb672ac281df667c52ef5770a7d186,1.0598795288453902,6,무,2300
6a9d009d381ba52b7c99db8a,33eb672ac281df667c52ef5770a7d186,1.0598795288453904,6,승,2300
6a9cfdb33d9a425c39f7d011,33eb672ac281df667c52ef5770a7d186,1.0598795288453902,6,패,2300
6a9cfb3580bc2e32061abd7d,33eb672ac281df667c52ef5770a7d186,1.0598795288453902,6,승,2300
6a9cf86c4ce63d7c519faaea,33eb672ac281df667c52ef5770a7d186,1.0598795288453902,6,무,2300
6a9cda7d3fe8d1c38e3f9edc,33eb672ac281df667c52ef5770a7d186,1.0598795288453902,6,패,2300
6a9cd8127344b0466a01c195,33eb672ac281df667c52ef5770a7d186,1.0598795288453904,6,패,2300
6a9cd56d1e5b7c4fada184b8,33eb672ac281df667c52ef5770a7d186,1.0598795288453904,6,승,2300
6a9cd2f0da14a23b46474d64,33eb672ac281df667c52ef5770a7d186,1.0598795288453902,6,패,2300
6a9cd02f997b4c98dd7fd398,33eb672ac281df667c52ef5770a7d186,1.0598795288453904,6,패,2200
6a9ccd7dd52e36badcc61d48,33eb672ac281df667c52ef5770a7d186,1.0598795288453902,6,패,2200
6a9ccb05d20f7cd50008b9b1,33eb672ac281df667c52ef5770a7d186,1.0598795288453904,6,승,2200
6a9bf618746415bb8059511c,33eb672ac281df667c52ef5770a7d186,1.0598795288453904,6,승,2300
6a9bf2d55a61622230aea749,33eb672ac281df667c52ef5770a7d186,1.0598795288453904,6,패,2200
6a9bf001286c84524c795162,33eb672ac281df667c52ef5770a7d186,1.0598795288453902,6,패,2200
6a9baf030b991b10ab2368fc,33eb672ac281df667c52ef5770a7d186,1.0598795288453904,6,패,2200
6a9babb2a108a05ad8290b6d,33eb672ac281df667c52ef5770a7d186,1.0598795288453904,6,승,2200
6a9ba956cc5f7bad263d011a,33eb672ac281df667c52ef5770a7d186,1.0598795288453904,6,패,2200
6a9b96514fd2c72e409c222b,33eb672ac281df667c52ef5770a7d186,1.0598795288453904,6,승,2200
6a9b939eafe9abb1986752de,33eb672ac281df667c52ef5770a7d186,1.0598795288453904,6,승,2200
6a9b910d15c29b52ab20f77a,33eb672ac281df667c52ef5770a7d186,1.0598795288453902,6,무,2200
6a9a9f4a1999e3a4b840dd69,33eb672ac281df667c52ef5770a7d186,1.0598795288453904,6,패,2200
6a9a9c88628ac0b8be455624,33eb672ac281df667c52ef5770a7d186,1.0598795288453904,6,무,2200
6a9a979029576a6e5a4445ea,33eb672ac281df667c52ef5770a7d186,1.0598795288453904,6,승,2200
6a9a94d4eec7cf4c2865404f,33eb672ac281df667c52ef5770a7d186,1.0598795288453904,6,승,2200
6a9a461af324fc6f3601f968,33eb672ac281df667c52ef5770a7d186,1.1093000638849357,6,승,2300
6a9a3437a0e01e1e20c92abd,33eb672ac281df667c52ef5770a7d186,1.1093000638849355,6,무,2300
6a9a3127bba74e3310e6a720,33eb672ac281df667c52ef5770a7d186,1.1093000638849357,6,승,2300
6a9a2ec8132498e47503e9c9,33eb672ac281df667c52ef5770a7d186,1.1093000638849357,6,패,2300
6a9a2c57ff596bd45b32c504,33eb672ac281df667c52ef5770a7d186,1.1093000638849357,6,패,2200
6a9a29ebfa2f3d24c32481f6,33eb672ac281df667c52ef5770a7d186,1.1093000638849357,6,패,2200
6a9a238cf398564e1232b5bd,33eb672ac281df667c52ef5770a7d186,1.1093000638849355,6,패,2200
6a9a20b020255b66d4d85953,33eb672ac281df667c52ef5770a7d186,1.1093000638849355,6,패,2200
6a9a1dc488c55474330d4b63,33eb672ac281df667c52ef5770a7d186,1.1093000638849355,6,승,2200
6a994b1665b536f939511b02,33eb672ac281df667c52ef5770a7d186,1.1093000638849355,6,패,2200
6a992761c42ea911b794621d,33eb672ac281df667c52ef5770a7d186,1.1093000638849355,6,승,2200
6a9920cfeaf94d28e4b38c56,33eb672ac281df667c52ef5770a7d186,1.1093000638849357,6,승,2200
6a991e407e4d8fb66d6c4fb9,33eb672ac281df667c52ef5770a7d186,1.1093000638849357,6,승,2200
6a991b9e555e5478af7f4199,33eb672ac281df667c52ef5770a7d186,1.1093000638849357,6,승,2200
6a98f9acd7233833f2c0aa90,33eb672ac281df667c52ef5770a7d186,1.1093000638849357,6,무,2200
6a98f6bcb7b4a22e8580a8e1,33eb672ac281df667c52ef5770a7d186,1.1093000638849357,6,패,2200
6a98e47d88df1b037a6c6857,33eb672ac281df667c52ef5770a7d186,1.1093000638849355,6,승,2200
6a98d858205345cad9b934a4,33eb672ac281df667c52ef5770a7d186,1.1093000638849357,6,승,2200
6a980b9fea822ef8651a0afa,33eb672ac281df667c52ef5770a7d186,1.1080763013019534,6,패,2200
6a98090a89a5e90a7b3a1540,33eb672ac281df667c52ef5770a7d186,1.1080763013019534,6,패,2200
6a97a9ca054d8f45f3579ab0,33eb672ac281df667c52ef5770a7d186,1.1080763013019534,6,패,2200
6a97a6cf48e7eb2b4eefb467,33eb672ac281df667c52ef5770a7d186,1.1080763013019534,6,패,2200
6a977e247ac3feb22724c96b,33eb672ac281df667c52ef5770a7d186,1.1080763013019534,6,무,2200
6a97768965f65a80846d8684,33eb672ac281df667c52ef5770a7d186,1.1136113080761563,6,승,2200
6a9773e8613ab733df017be7,33eb672ac281df667c52ef5770a7d186,1.116629664087295,6,승,2200
6a976ef928a7e33f4ff395d4,33eb672ac281df667c52ef5770a7d186,1.1166296640872952,6,패,2200
6a967caef4c474ef28a30749,33eb672ac281df667c52ef5770a7d186,1.10035429629344,6,승,2200
6a9679cd215f993f34e6fa78,33eb672ac281df667c52ef5770a7d186,1.10035429629344,6,승,2300
6a962446ec0f297ed3c714d5,33eb672ac281df667c52ef5770a7d186,1.10035429629344,6,패,2200
6a96215c5c58f724a9187da0,33eb672ac281df667c52ef5770a7d186,1.10035429629344,6,무,2200
6a961e47313f199c8b8817f6,33eb672ac281df667c52ef5770a7d186,1.10035429629344,6,무,2200
6a961b9c1204b27d651743e6,33eb672ac281df667c52ef5770a7d186,1.10035429629344,6,패,2200
6a961904005a4a672048e6ed,33eb672ac281df667c52ef5770a7d186,1.10035429629344,6,승,2200
6a9612bfa9930bb3e90fced5,33eb672ac281df667c52ef5770a7d186,1.10035429629344,6,무,2200
6a961024df12c4c60aa52b02,33eb672ac281df667c52ef5770a7d186,1.10035429629344,6,무,2200
6a94c16575533de3c5ff211f,33eb672ac281df667c52ef5770a7d186,1.10035429629344,6,무,2200
6a94be8c47059d845edcbf3f,33eb672ac281df667c52ef5770a7d186,1.10035429629344,6,패,2200
6a94badf5dc31ea99a80fe51,33eb672ac281df667c52ef5770a7d186,1.10035429629344,6,무,2200
6a94b804bd319cc890787533,33eb672ac281df667c52ef5770a7d186,1.10035429629344,6,패,2200
6a94b2b6a001b1073edfbfb0,33eb672ac281df667c52ef5770a7d186,1.10035429629344,6,패,2200
6a94b00fb6aa8baf5aba7890,33eb672ac281df667c52ef5770a7d186,1.10035429629344,6,무,2200
6a93a0f4fcf42050c5b4749d,33eb672ac281df667c52ef5770a7d186,1.10035429629344,6,승,2200
6a939bf56292da756e955ad2,33eb672ac281df667c52ef5770a7d186,1.0875440338241777,6,무,2200
6a9398f7327e9d6262756da5,33eb672ac281df667c52ef5770a7d186,1.0875440338241777,6,패,2200
6a9395ec08c4d0c4b0c5aa3f,33eb672ac281df667c52ef5770a7d186,1.0875440338241777,6,승,2200
6a9392f7020eb1793fa16f50,33eb672ac281df667c52ef5770a7d186,1.0875440338241777,6,패,2200
6a93905b5a97f028656146f1,33eb672ac281df667c52ef5770a7d186,1.0875440338241777,6,패,2200
6a938de32e6b0037768c82ae,33eb672ac281df667c52ef5770a7d186,1.0875440338241777,6,무,2200
6a938aa69a743f1323e9a93d,33eb672ac281df667c52ef5770a7d186,1.0875440338241777,6,승,2200
6a92741601052641e94aed28,33eb672ac281df667c52ef5770a7d186,1.087544033824178,6,무,2200
6a9e917e5dbcac81ec8c12a6,50c0b699f92567167f9e110f80472fc4,1.1176271495917582,6,무,1900
6a9d5ce4f6801d0cd3682a19,50c0b699f92567167f9e110f80472fc4,1.1232268626285666,6,패,1900
6a9d5a23afc0220a064dddaa,50c0b699f92567167f9e110f80472fc4,1.1232268626285666,6,패,1900
6a9d3e96719ffd4f5af80956,50c0b699f92567167f9e110f80472fc4,1.1232268626285666,6,패,1900
6a9d3bb51e1247ca3ecd5988,50c0b699f92567167f9e110f80472fc4,1.1232268626285669,6,무,1900
6a9d3865c3ba23241b16a7f0,50c0b699f92567167f9e110f80472fc4,1.1232268626285666,6,승,1900
6a9d35b84901af70ad7e6ace,50c0b699f92567167f9e110f80472fc4,1.1232268626285666,6,승,1900
6a9d30976809a55fb3afa4ec,50c0b699f92567167f9e110f80472fc4,1.1232268626285666,6,패,1900
6a9d2db9c09ba363bac0bddf,50c0b699f92567167f9e110f80472fc4,1.1232268626285666,6,승,1900
6a9cc5788484d68809f008dc,50c0b699f92567167f9e110f80472fc4,1.1232268626285666,6,패,1900
6a9cc1293f16221c68586a36,50c0b699f92567167f9e110f80472fc4,1.1232268626285669,6,승,1900
6a9cbe85e093385c895d51e7,50c0b699f92567167f9e110f80472fc4,1.1232268626285666,6,패,1900
6a9c0b1f74daba48af778dd0,50c0b699f92567167f9e110f80472fc4,1.1232268626285666,6,패,1900
6a9c0890749ab62dcd535d9a,50c0b699f92567167f9e110f80472fc4,1.1232268626285666,6,패,1900
6a9c060c932eed6c48603650,50c0b699f92567167f9e110f80472fc4,1.1232268626285666,6,승,1900
6a9c00231999e3431f4e5e63,50c0b699f92567167f9e110f80472fc4,1.1232268626285669,6,무,1900
6a9bdf821ce20d17918dceda,50c0b699f92567167f9e110f80472fc4,1.1232268626285666,6,패,1900
6a9bdcc608fb5b88341284a3,50c0b699f92567167f9e110f80472fc4,1.1232268626285666,6,승,1900
6a9bd91b992e04702c92e7d8,50c0b699f92567167f9e110f80472fc4,1.1232268626285666,6,승,1900
6a9bd67b3e3e4d029d62771e,50c0b699f92567167f9e110f80472fc4,1.1232268626285666,6,무,1900
6a9bd3a7f6801d1a4c592f1f,50c0b699f92567167f9e110f80472fc4,1.1232268626285669,6,승,1900
6a9bc9ae345b799336650d2c,50c0b699f92567167f9e110f80472fc4,1.1232268626285666,6,패,1900
6a9bc6e20c15a2de4206da26,50c0b699f92567167f9e110f80472fc4,1.1232268626285666,6,승,1900
6a9bc082c84f4c8721de0d59,50c0b699f92567167f9e110f80472fc4,1.1232268626285666,6,승,2000
6a9ba593a11d3be65310b345,50c0b699f92567167f9e110f80472fc4,1.1232268626285666,6,무,2000
6a9ba2d3684f1f496e631b06,50c0b699f92567167f9e110f80472fc4,1.1232268626285669,6,무,2000
6a9b9e691d81d17fadede01a,50c0b699f92567167f9e110f80472fc4,1.1232268626285666,6,승,2000
6a9b7e1dca089312c5051322,50c0b699f92567167f9e110f80472fc4,1.1232268626285666,6,패,2000
6a9b7b5bf7fda03a5807637f,50c0b699f92567167f9e110f80472fc4,1.1232268626285666,6,패,2000
6a9adc023537e17f2a264822,50c0b699f92567167f9e110f80472fc4,1.1232268626285666,6,무,2000
6a9abea1920e7006d0e73001,50c0b699f92567167f9e110f80472fc4,1.1191695440867393,6,패,1900
6a9abbe82cab242ba3a75a08,50c0b699f92567167f9e110f80472fc4,1.1191695440867393,6,패,1900
6a9a7ab4b57b0eb03dedd6dd,50c0b699f92567167f9e110f80472fc4,1.1191695440867393,6,패,1900
6a9a2a6ac133cc982c07b71e,50c0b699f92567167f9e110f80472fc4,1.1191695440867393,6,승,1900
6a9a23e520255b604ad86c5e,50c0b699f92567167f9e110f80472fc4,1.1191695440867393,6,패,1900
6a9a210e6ee22a97afb3fa8b,50c0b699f92567167f9e110f80472fc4,1.1191695440867393,6,무,1900
6a99af9a5f321fcd6f2fb624,50c0b699f92567167f9e110f80472fc4,1.1191695440867393,6,승,1900
6a99ad20459600eacc8eccb2,50c0b699f92567167f9e110f80472fc4,1.1191695440867393,6,승,2000
6a99a9c06962555ce5a17de4,50c0b699f92567167f9e110f80472fc4,1.1191695440867393,6,패,1900
6a99a660c19b264894f06d28,50c0b699f92567167f9e110f80472fc4,1.1191695440867393,6,승,2000
6a997aa399125c282283740f,50c0b699f92567167f9e110f80472fc4,1.1191695440867393,6,무,2000
6a9978027039da9aee6f8081,50c0b699f92567167f9e110f80472fc4,1.1191695440867393,6,패,1900
6a99755fe382e49aa4fd7f1d,50c0b699f92567167f9e110f80472fc4,1.1191695440867393,6,패,1900
6a9972a50fce3b83b0973ec0,50c0b699f92567167f9e110f80472fc4,1.1191695440867393,6,승,1900
6a994055c15e95825ad88b5b,50c0b699f92567167f9e110f80472fc4,1.1191695440867393,6,승,1900
6a993c86e48cbe6d5f924759,50c0b699f92567167f9e110f80472fc4,1.1191695440867393,6,무,2000
6a97ecf76da5fc64fe136222,50c0b699f92567167f9e110f80472fc4,1.1191695440867393,6,승,2000
6a97cf9a74d40f54dc553004,50c0b699f92567167f9e110f80472fc4,1.1191695440867393,6,무,2000
6a97b54c1a6549339aa39183,50c0b699f92567167f9e110f80472fc4,1.1191695440867393,6,승,2000
6a97b2b6c3ea496a96acbe4d,50c0b699f92567167f9e110f80472fc4,1.1191695440867393,6,무,2000
6a97a89e0c844c0624c3f180,50c0b699f92567167f9e110f80472fc4,1.1191695440867393,6,패,2000
6a97a5fe7b52ae738d9afd37,50c0b699f92567167f9e110f80472fc4,1.1191695440867393,6,승,2000
6a95348ae020b105e85943df,50c0b699f92567167f9e110f80472fc4,1.1191695440867393,6,패,2000
6a952fe6a3aeb718a53263e8,50c0b699f92567167f9e110f80472fc4,1.1191695440867393,6,승,2000
6a952d0c3a52309cad262c35,50c0b699f92567167f9e110f80472fc4,1.1191695440867393,6,패,2000
6a952a93a35aea61273355fc,50c0b699f92567167f9e110f80472fc4,1.1191695440867393,6,무,2000
6a9528158d11ce4ba64d2ecd,50c0b699f92567167f9e110f80472fc4,1.1191695440867393,6,무,2000
6a946604f836b328cbaf92fa,50c0b699f92567167f9e110f80472fc4,1.1008852054371694,6,승,2000
6a945ddfd3a9013ef4b19f09,50c0b699f92567167f9e110f80472fc4,1.1101645633875263,6,승,2000
6a9430978b1bd318be3bcabd,50c0b699f92567167f9e110f80472fc4,1.1101645633875263,6,무,2000
6a942cdc9a67e689a867853b,50c0b699f92567167f9e110f80472fc4,1.1101645633875266,6,승,2000
6a9427d1b17cbf9c09f982ac,50c0b699f92567167f9e110f80472fc4,1.1101645633875263,6,승,2000
6a94252877065c79091c60bb,50c0b699f92567167f9e110f80472fc4,1.1101645633875263,6,패,2000
6a941a8d69bf4359129f97e9,50c0b699f92567167f9e110f80472fc4,1.1141243033490893,6,무,2000
6a94161e99961136f147438d,50c0b699f92567167f9e110f80472fc4,1.1105936636374738,6,무,2000
6a940fe7b0b497277025b69f,50c0b699f92567167f9e110f80472fc4,1.106032771146037,6,패,1900
6a940d6220112e38ac75f31b,50c0b699f92567167f9e110f80472fc4,1.106032771146037,6,무,1900
6a940a84d95a903ce2f51559,50c0b699f92567167f9e110f80472fc4,1.1049246059759126,6,패,1900
6a93b4c8e2a829460c0f3b75,50c0b699f92567167f9e110f80472fc4,1.1049246059759128,6,패,1900
6a93b207e15acbb6f5387c11,50c0b699f92567167f9e110f80472fc4,1.1049246059759128,6,패,1900
6a93af5cc366bf7ed0eb8afe,50c0b699f92567167f9e110f80472fc4,1.1049246059759126,6,패,1800
6a93acc71859987d5d41ecea,50c0b699f92567167f9e110f80472fc4,1.1049246059759126,6,승,1900
6a9396c6325f207bf5deed0b,50c0b699f92567167f9e110f80472fc4,1.1049246059759128,6,무,1900
6a93942fb0a6f574177bc8c8,50c0b699f92567167f9e110f80472fc4,1.1049246059759128,6,패,1900
6a938fa1cfbe7667a1c2f7a9,50c0b699f92567167f9e110f80472fc4,1.1049246059759128,6,승,1900
6a938a3827c491f2e54e1dc3,50c0b699f92567167f9e110f80472fc4,1.1049246059759126,6,패,1800
6a9d24344c35862f404c3ae3,b6bad0a52f12aca424b9f22240e75fc7,1.1282419533312684,6,무,2200
6a9d1e042de71a6593211a45,b6bad0a52f12aca424b9f22240e75fc7,1.1282419533312684,6,무,2200
6a9d1b4cd2c46a77926c07c5,b6bad0a52f12aca424b9f22240e75fc7,1.1282419533312684,6,무,2200
6a9bcf6c7a8d4e4d8648cecd,b6bad0a52f12aca424b9f22240e75fc7,1.1282419533312684,6,무,2200
6a9bccee26ff60e2b895ccc0,b6bad0a52f12aca424b9f22240e75fc7,1.1282419533312684,6,패,2200
6a9bc2b2a82938c23d596648,b6bad0a52f12aca424b9f22240e75fc7,1.1282419533312684,6,무,2000
6a9bc03a2f607a7aca2d9dc4,b6bad0a52f12aca424b9f22240e75fc7,1.1282419533312684,6,패,2000
6a9bbbad4c67690c930d0b66,b6bad0a52f12aca424b9f22240e75fc7,1.1282419533312686,6,무,2000
6a9b9af253311cb6177774f9,b6bad0a52f12aca424b9f22240e75fc7,1.1282419533312684,6,패,2200
6a9a5ff9232a271f9e28f716,b6bad0a52f12aca424b9f22240e75fc7,1.132684783574153,6,승,2200
6a9686c38c120f149a21450e,b6bad0a52f12aca424b9f22240e75fc7,1.132684783574153,6,승,2000
6a96843a64d8f11d10910b5b,b6bad0a52f12aca424b9f22240e75fc7,1.1354151004695736,6,패,2000
6a953645ae49083dccc46711,b6bad0a52f12aca424b9f22240e75fc7,1.1262650021841625,6,승,2000
6a9402f904dbda5d4a7b0e38,b6bad0a52f12aca424b9f22240e75fc7,1.1262650021841623,6,승,2200
6a93ff9417979a314a94747c,b6bad0a52f12aca424b9f22240e75fc7,1.1262650021841625,6,승,2200
6a939791bccdffd8caf79264,b6bad0a52f12aca424b9f22240e75fc7,1.1262650021841625,6,승,2000
6a927d580a258051ff4babfb,b6bad0a52f12aca424b9f22240e75fc7,1.1262650021841625,6,무,2000
6a92610487cf22094a4835e6,b6bad0a52f12aca424b9f22240e75fc7,1.1271084489150518,6,무,2000
6a923e432d34abe1df184a08,b6bad0a52f12aca424b9f22240e75fc7,1.1170770507401915,6,무,2200
6a923baf051f9a548bf99a07,b6bad0a52f12aca424b9f22240e75fc7,1.1170770507401915,6,승,2200
6a9237715da1b06d81b9ef91,b6bad0a52f12aca424b9f22240e75fc7,1.1170770507401915,6,패,2200
6a9224c8c43d303531ceae9c,b6bad0a52f12aca424b9f22240e75fc7,1.1170770507401913,6,승,2000
6a921a1d66883424a68f99ab,b6bad0a52f12aca424b9f22240e75fc7,1.1170770507401915,6,무,2000
6a914507cd6c24ac4072b673,b6bad0a52f12aca424b9f22240e75fc7,1.1170770507401913,6,패,2000
6a912c8e4cfe3f0dc48ba01c,b6bad0a52f12aca424b9f22240e75fc7,1.1170770507401915,6,승,2000
6a8eae6fce57aa296183975f,b6bad0a52f12aca424b9f22240e75fc7,1.1170770507401915,6,승,2000
6a8e92746d333893d9c30b40,b6bad0a52f12aca424b9f22240e75fc7,1.1170770507401915,6,승,2100
6a8bf4a7a7095f7525f42a7c,b6bad0a52f12aca424b9f22240e75fc7,1.1436990431209892,6,무,2100
6a8a74a5cef4da9342c5ff1e,b6bad0a52f12aca424b9f22240e75fc7,1.1436990431209892,6,무,2100
6a8a4ebced87674f1720ed62,b6bad0a52f12aca424b9f22240e75fc7,1.1439038355031799,6,무,2500
6a8a4a0e99edcd8e45e3a9ec,b6bad0a52f12aca424b9f22240e75fc7,1.1439038355031796,6,무,2100
6a8a478accc3cf21ae6ee07d,b6bad0a52f12aca424b9f22240e75fc7,1.1439038355031799,6,승,2100
6a8a44ccdf23a24d4e0f9152,b6bad0a52f12aca424b9f22240e75fc7,1.1439038355031799,6,패,2100
6a8a4204d0279994c3b1a5ad,b6bad0a52f12aca424b9f22240e75fc7,1.1439038355031799,6,패,2500
6a8a3f7a23b35f9610e8330b,b6bad0a52f12aca424b9f22240e75fc7,1.1439038355031799,6,무,2500
6a895b2c00dd5a31b2b27256,b6bad0a52f12aca424b9f22240e75fc7,1.1472903655005802,6,패,2000
6a89583da3c2bff699b3cfd5,b6bad0a52f12aca424b9f22240e75fc7,1.1485919488839984,6,무,2000
6a8954faa6a0d2529907ef31,b6bad0a52f12aca424b9f22240e75fc7,1.1472903655005802,6,패,2000
6a894eb2a0f70216688408a1,b6bad0a52f12aca424b9f22240e75fc7,1.1485888317836583,6,패,2000
6a894bc13225701047b78126,b6bad0a52f12aca424b9f22240e75fc7,1.1485888317836583,6,패,2000
6a89480b61155435294c084c,b6bad0a52f12aca424b9f22240e75fc7,1.1485888317836583,6,패,2000
6a894546da9551121b9653f1,b6bad0a52f12aca424b9f22240e75fc7,1.1485888317836581,6,승,2500
6a8930eb6a94cc0631abefa6,b6bad0a52f12aca424b9f22240e75fc7,1.1485888317836583,6,무,2500
6a8928ba3f9122543dd3ecf6,b6bad0a52f12aca424b9f22240e75fc7,1.1485888317836583,6,승,2000
6a89210ecea34d1c33e1f351,b6bad0a52f12aca424b9f22240e75fc7,1.1485888317836581,6,승,2000
6a88177e4b06e32fcb3e1179,b6bad0a52f12aca424b9f22240e75fc7,1.1485888317836583,6,패,2000
6a87fa51cd103854c892e568,b6bad0a52f12aca424b9f22240e75fc7,1.1485888317836581,6,승,2000
6a87f70123f3cd3c67d198c6,b6bad0a52f12aca424b9f22240e75fc7,1.1485888317836583,6,승,2000
6a87f03ab87a7f46009909c9,b6bad0a52f12aca424b9f22240e75fc7,1.1485888317836581,6,패,2000
6a8566dfe058ea0b3815d40d,b6bad0a52f12aca424b9f22240e75fc7,1.1485888317836581,6,승,2000
6a85643ea2ccbd10d0a79ee7,b6bad0a52f12aca424b9f22240e75fc7,1.1485888317836583,6,패,2000
6a8524152173e3fbfaf02036,b6bad0a52f12aca424b9f22240e75fc7,1.1485888317836583,6,승,2100
6a851f74a0fb6b1036d2a9c0,b6bad0a52f12aca424b9f22240e75fc7,1.1485888317836583,6,승,2100
6a850d77ab3d2f13079e52c8,b6bad0a52f12aca424b9f22240e75fc7,1.1474259742060193,6,승,2100
6a8508f3cbbb550cd8864e7a,b6bad0a52f12aca424b9f22240e75fc7,1.1485888317836583,6,승,2100
6a8506658e9b5cf5eb836fe6,b6bad0a52f12aca424b9f22240e75fc7,1.1485888317836583,6,무,2100
6a81aabc62f59bf70332278b,b6bad0a52f12aca424b9f22240e75fc7,1.1444201989408203,6,패,2100
6a8187866f26dc6540fa176e,b6bad0a52f12aca424b9f22240e75fc7,1.1444201989408203,6,무,2100
6a814eebcb21f91ccab53eb7,b6bad0a52f12aca424b9f22240e75fc7,1.1444201989408203,6,승,2100
6a81332440344a13877132cd,b6bad0a52f12aca424b9f22240e75fc7,1.128660561688396,6,패,2100
6a812de0b9ac0cc3ce297dc5,b6bad0a52f12aca424b9f22240e75fc7,1.1286605616883958,6,무,2500
6a812b6e86a3f542940ec68a,b6bad0a52f12aca424b9f22240e75fc7,1.1286605616883958,6,무,2500
6a8102a5877695dab4fe8575,b6bad0a52f12aca424b9f22240e75fc7,1.128660561688396,6,승,2500
6a80136e357049233bfad51e,b6bad0a52f12aca424b9f22240e75fc7,1.128660561688396,6,패,2100
6a7ff93840607f0bbccdc751,b6bad0a52f12aca424b9f22240e75fc7,1.128660561688396,6,승,2100
6a7ff664d37e5e2aca43e06b,b6bad0a52f12aca424b9f22240e75fc7,1.128660561688396,6,패,2100
6a7ff3a2d2fdff16f975ddd5,b6bad0a52f12aca424b9f22240e75fc7,1.128660561688396,6,승,2500
6a7ff0ccafb1f638fa0093e9,b6bad0a52f12aca424b9f22240e75fc7,1.128660561688396,6,패,2100
6a7fee1eb43d1d2c25ba4721,b6bad0a52f12aca424b9f22240e75fc7,1.128660561688396,6,승,2100
6a7feba7ac1f5d5b5f41a17d,b6bad0a52f12aca424b9f22240e75fc7,1.128660561688396,6,승,2100
6a7fd80e539311f2a06a42a0,b6bad0a52f12aca424b9f22240e75fc7,1.128660561688396,6,패,2100
6a7fd4a5d904d3be2ee0187e,b6bad0a52f12aca424b9f22240e75fc7,1.128660561688396,6,패,2100
6a7fd20bc7071226f62c2ed9,b6bad0a52f12aca424b9f22240e75fc7,1.1286605616883958,6,승,2100
6a7fcf510cd2475e0b370c15,b6bad0a52f12aca424b9f22240e75fc7,1.128660561688396,6,승,2100
6a7ed116867fd0432f961bba,b6bad0a52f12aca424b9f22240e75fc7,1.128660561688396,6,승,2100
6a7ece5eb5593d233b4ea767,b6bad0a52f12aca424b9f22240e75fc7,1.1286605616883958,6,패,2100
6a7ecb03cf1953fe2d924f5a,b6bad0a52f12aca424b9f22240e75fc7,1.1310128546594138,6,패,2100
6a7ec83ff2509ce913d880cc,b6bad0a52f12aca424b9f22240e75fc7,1.1310128546594138,6,패,2500
